Episode	Accumulated Reward	Length	Steps
0	-9	11	11
1	-17	19	30
2	-5	7	37
3	-13	15	52
4	-22	24	76
5	-5	7	83
6	-2	4	87
7	-2	4	91
8	-2	4	95
9	-2	4	99
10	-2	4	103
11	-2	4	107
12	-2	4	111
13	-2	4	115
14	-2	4	119
15	-2	4	123
16	-8	10	133
17	-2	4	137
18	-2	4	141
19	-2	4	145
20	-2	4	149
21	-2	4	153
22	-2	4	157
23	-2	4	161
24	-2	4	165
25	-2	4	169
26	-2	4	173
27	-2	4	177
28	-2	4	181
29	-2	4	185
30	-2	4	189
31	-2	4	193
32	-2	4	197
33	-75	77	274
34	-2	4	278
35	-2	4	282
36	-2	4	286
37	-2	4	290
38	-2	4	294
39	-2	4	298
40	-2	4	302
41	-2	4	306
42	-2	4	310
43	-2	4	314
44	-2	4	318
45	-2	4	322
46	-2	4	326
47	-2	4	330
48	-2	4	334
49	-2	4	338
50	-2	4	342
51	-2	4	346
52	-2	4	350
53	-2	4	354
54	-2	4	358
55	-2	4	362
56	-2	4	366
57	-2	4	370
58	-2	4	374
59	-2	4	378
60	-2	4	382
61	-2	4	386
62	-2	4	390
63	-2	4	394
64	-2	4	398
65	-2	4	402
66	-2	4	406
67	-2	4	410
68	-2	4	414
69	-2	4	418
70	-2	4	422
71	-2	4	426
72	-2	4	430
73	-2	4	434
74	-2	4	438
75	-4	6	444
76	-4	6	450
77	-2	4	454
78	-2	4	458
79	-2	4	462
80	-2	4	466
81	-2	4	470
82	-2	4	474
83	-2	4	478
84	-3	5	483
85	-2	4	487
86	-3	5	492
87	-2	4	496
88	-2	4	500
89	-2	4	504
90	-2	4	508
91	-2	4	512
92	-2	4	516
93	-2	4	520
94	-2	4	524
95	-2	4	528
96	-8	10	538
97	-2	4	542
98	-2	4	546
99	-2	4	550
100	-2	4	554
101	-2	4	558
102	-2	4	562
103	-2	4	566
104	-2	4	570
105	-2	4	574
106	-2	4	578
107	-2	4	582
108	-2	4	586
109	-2	4	590
110	-2	4	594
111	-2	4	598
112	-2	4	602
113	-2	4	606
114	-2	4	610
115	-2	4	614
116	-2	4	618
117	-2	4	622
118	-3	5	627
119	-2	4	631
120	-2	4	635
121	-2	4	639
122	-2	4	643
123	-2	4	647
124	-2	4	651
125	-2	4	655
126	-2	4	659
127	-2	4	663
128	-2	4	667
129	-2	4	671
130	-2	4	675
131	-2	4	679
132	-2	4	683
133	-2	4	687
134	-2	4	691
135	-2	4	695
136	-3	5	700
137	-2	4	704
138	-2	4	708
139	-2	4	712
140	-2	4	716
141	-2	4	720
142	-2	4	724
143	-2	4	728
144	-2	4	732
145	-2	4	736
146	-2	4	740
147	-2	4	744
148	-2	4	748
149	-3	5	753
150	-2	4	757
151	-2	4	761
152	-12	14	775
153	-2	4	779
154	-2	4	783
155	-2	4	787
156	-2	4	791
157	-2	4	795
158	-2	4	799
159	-2	4	803
160	-2	4	807
161	-4	6	813
162	-2	4	817
163	-2	4	821
164	-2	4	825
165	-2	4	829
166	-2	4	833
167	-2	4	837
168	-2	4	841
169	-2	4	845
170	-2	4	849
171	-2	4	853
172	-2	4	857
173	-2	4	861
174	-2	4	865
175	-2	4	869
176	-2	4	873
177	-2	4	877
178	-2	4	881
179	-2	4	885
180	-2	4	889
181	-2	4	893
182	-2	4	897
183	-4	6	903
184	-2	4	907
185	-2	4	911
186	-2	4	915
187	-2	4	919
188	-2	4	923
189	-2	4	927
190	-2	4	931
191	-3	5	936
192	-4	6	942
193	-2	4	946
194	-2	4	950
195	-2	4	954
196	-2	4	958
197	-2	4	962
198	-2	4	966
199	-2	4	970
200	-2	4	974
201	-2	4	978
202	-2	4	982
203	-2	4	986
204	-3	5	991
205	-2	4	995
206	-2	4	999
207	-2	4	1003
208	-2	4	1007
209	-2	4	1011
210	-2	4	1015
211	-4	6	1021
212	-2	4	1025
213	-2	4	1029
214	-2	4	1033
215	-2	4	1037
216	-2	4	1041
217	-2	4	1045
218	-2	4	1049
219	-2	4	1053
220	-2	4	1057
221	-2	4	1061
222	-2	4	1065
223	-2	4	1069
224	-2	4	1073
225	-2	4	1077
226	-2	4	1081
227	-2	4	1085
228	-2	4	1089
229	-2	4	1093
230	-2	4	1097
231	-2	4	1101
232	-2	4	1105
233	-2	4	1109
234	-2	4	1113
235	-2	4	1117
236	-2	4	1121
237	-2	4	1125
238	-2	4	1129
239	-2	4	1133
240	-2	4	1137
241	-2	4	1141
242	-2	4	1145
243	-2	4	1149
244	-2	4	1153
245	-2	4	1157
246	-2	4	1161
247	-2	4	1165
248	-2	4	1169
249	-4	6	1175
250	-2	4	1179
251	-2	4	1183
252	-2	4	1187
253	-2	4	1191
254	-2	4	1195
255	-3	5	1200
256	-2	4	1204
257	-2	4	1208
258	-2	4	1212
259	-4	6	1218
260	-2	4	1222
261	-2	4	1226
262	-2	4	1230
263	-2	4	1234
264	-2	4	1238
265	-2	4	1242
266	-4	6	1248
267	-2	4	1252
268	-2	4	1256
269	-3	5	1261
270	-2	4	1265
271	-2	4	1269
272	-2	4	1273
273	-2	4	1277
274	-2	4	1281
275	-2	4	1285
276	-2	4	1289
277	-2	4	1293
278	-4	6	1299
279	-4	6	1305
280	-2	4	1309
281	-2	4	1313
282	-2	4	1317
283	-2	4	1321
284	-2	4	1325
285	-2	4	1329
286	-3	5	1334
287	-2	4	1338
288	-2	4	1342
289	-4	6	1348
290	-2	4	1352
291	-2	4	1356
292	-2	4	1360
293	-2	4	1364
294	-2	4	1368
295	-2	4	1372
296	-2	4	1376
297	-2	4	1380
298	-2	4	1384
299	-2	4	1388
300	-2	4	1392
301	-2	4	1396
302	-2	4	1400
303	-2	4	1404
304	-2	4	1408
305	-2	4	1412
306	-2	4	1416
307	-2	4	1420
308	-2	4	1424
309	-2	4	1428
310	-2	4	1432
311	-2	4	1436
312	-2	4	1440
313	-2	4	1444
314	-2	4	1448
315	-2	4	1452
316	-2	4	1456
317	-2	4	1460
318	-2	4	1464
319	-2	4	1468
320	-2	4	1472
321	-2	4	1476
322	-2	4	1480
323	-2	4	1484
324	-2	4	1488
325	-2	4	1492
326	-2	4	1496
327	-2	4	1500
328	-2	4	1504
329	-2	4	1508
330	-2	4	1512
331	-2	4	1516
332	-2	4	1520
333	-2	4	1524
334	-2	4	1528
335	-2	4	1532
336	-2	4	1536
337	-2	4	1540
338	-2	4	1544
339	-2	4	1548
340	-2	4	1552
341	-2	4	1556
342	-2	4	1560
343	-2	4	1564
344	-2	4	1568
345	-2	4	1572
346	-2	4	1576
347	-2	4	1580
348	-4	6	1586
349	-2	4	1590
350	-2	4	1594
351	-2	4	1598
352	-2	4	1602
353	-2	4	1606
354	-2	4	1610
355	-2	4	1614
356	-2	4	1618
357	-2	4	1622
358	-2	4	1626
359	-2	4	1630
360	-2	4	1634
361	-2	4	1638
362	-2	4	1642
363	-4	6	1648
364	-2	4	1652
365	-2	4	1656
366	-2	4	1660
367	-2	4	1664
368	-2	4	1668
369	-4	6	1674
370	-2	4	1678
371	-2	4	1682
372	-2	4	1686
373	-2	4	1690
374	-2	4	1694
375	-2	4	1698
376	-2	4	1702
377	-2	4	1706
378	-2	4	1710
379	-2	4	1714
380	-2	4	1718
381	-2	4	1722
382	-4	6	1728
383	-2	4	1732
384	-2	4	1736
385	-4	6	1742
386	-2	4	1746
387	-2	4	1750
388	-2	4	1754
389	-3	5	1759
390	-2	4	1763
391	-2	4	1767
392	-4	6	1773
393	-2	4	1777
394	-2	4	1781
395	-2	4	1785
396	-2	4	1789
397	-2	4	1793
398	-9	11	1804
399	-2	4	1808
400	-2	4	1812
401	-2	4	1816
402	-2	4	1820
403	-2	4	1824
404	-2	4	1828
405	-2	4	1832
406	-2	4	1836
407	-2	4	1840
408	-2	4	1844
409	-2	4	1848
410	-2	4	1852
411	-2	4	1856
412	-3	5	1861
413	-2	4	1865
414	-2	4	1869
415	-2	4	1873
416	-2	4	1877
417	-2	4	1881
418	-2	4	1885
419	-2	4	1889
420	-2	4	1893
421	-2	4	1897
422	-2	4	1901
423	-2	4	1905
424	-2	4	1909
425	-2	4	1913
426	-2	4	1917
427	-2	4	1921
428	-2	4	1925
429	-2	4	1929
430	-2	4	1933
431	-4	6	1939
432	-2	4	1943
433	-4	6	1949
434	-2	4	1953
435	-4	6	1959
436	-2	4	1963
437	-2	4	1967
438	-2	4	1971
439	-2	4	1975
440	-2	4	1979
441	-2	4	1983
442	-2	4	1987
443	-2	4	1991
444	-2	4	1995
445	-2	4	1999
446	-2	4	2003
447	-4	6	2009
448	-2	4	2013
449	-4	6	2019
450	-2	4	2023
451	-2	4	2027
452	-2	4	2031
453	-2	4	2035
454	-2	4	2039
455	-2	4	2043
456	-2	4	2047
457	-2	4	2051
458	-2	4	2055
459	-2	4	2059
460	-2	4	2063
461	-2	4	2067
462	-2	4	2071
463	-2	4	2075
464	-2	4	2079
465	-2	4	2083
466	-2	4	2087
467	-2	4	2091
468	-2	4	2095
469	-2	4	2099
470	-2	4	2103
471	-2	4	2107
472	-2	4	2111
473	-2	4	2115
474	-2	4	2119
475	-2	4	2123
476	-2	4	2127
477	-2	4	2131
478	-2	4	2135
479	-2	4	2139
480	-2	4	2143
481	-2	4	2147
482	-2	4	2151
483	-2	4	2155
484	-2	4	2159
485	-2	4	2163
486	-4	6	2169
487	-4	6	2175
488	-2	4	2179
489	-2	4	2183
490	-2	4	2187
491	-4	6	2193
492	-2	4	2197
493	-2	4	2201
494	-2	4	2205
495	-2	4	2209
496	-2	4	2213
497	-2	4	2217
498	-2	4	2221
499	-2	4	2225
500	-2	4	2229
501	-2	4	2233
502	-2	4	2237
503	-4	6	2243
504	-2	4	2247
505	-2	4	2251
506	-2	4	2255
507	-2	4	2259
508	-2	4	2263
509	-2	4	2267
510	-2	4	2271
511	-2	4	2275
512	-2	4	2279
513	-2	4	2283
514	-2	4	2287
515	-2	4	2291
516	-2	4	2295
517	-2	4	2299
518	-2	4	2303
519	-2	4	2307
520	-2	4	2311
521	-2	4	2315
522	-2	4	2319
523	-2	4	2323
524	-2	4	2327
525	-2	4	2331
526	-6	8	2339
527	-2	4	2343
528	-2	4	2347
529	-2	4	2351
530	-2	4	2355
531	-2	4	2359
532	-2	4	2363
533	-2	4	2367
534	-2	4	2371
535	-2	4	2375
536	-4	6	2381
537	-2	4	2385
538	-4	6	2391
539	-2	4	2395
540	-2	4	2399
541	-2	4	2403
542	-2	4	2407
543	-2	4	2411
544	-2	4	2415
545	-2	4	2419
546	-2	4	2423
547	-2	4	2427
548	-2	4	2431
549	-2	4	2435
550	-2	4	2439
551	-2	4	2443
552	-3	5	2448
553	-2	4	2452
554	-2	4	2456
555	-2	4	2460
556	-2	4	2464
557	-2	4	2468
558	-2	4	2472
559	-2	4	2476
560	-2	4	2480
561	-2	4	2484
562	-2	4	2488
563	-2	4	2492
564	-2	4	2496
565	-2	4	2500
566	-2	4	2504
567	-2	4	2508
568	-2	4	2512
569	-2	4	2516
570	-4	6	2522
571	-2	4	2526
572	-2	4	2530
573	-2	4	2534
574	-2	4	2538
575	-2	4	2542
576	-2	4	2546
577	-2	4	2550
578	-2	4	2554
579	-2	4	2558
580	-2	4	2562
581	-2	4	2566
582	-4	6	2572
583	-2	4	2576
584	-2	4	2580
585	-2	4	2584
586	-2	4	2588
587	-2	4	2592
588	-2	4	2596
589	-2	4	2600
590	-2	4	2604
591	-2	4	2608
592	-2	4	2612
593	-2	4	2616
594	-2	4	2620
595	-4	6	2626
596	-2	4	2630
597	-3	5	2635
598	-7	9	2644
599	-2	4	2648
600	-2	4	2652
601	-2	4	2656
602	-2	4	2660
603	-2	4	2664
604	-2	4	2668
605	-2	4	2672
606	-2	4	2676
607	-2	4	2680
608	-2	4	2684
609	-2	4	2688
610	-2	4	2692
611	-2	4	2696
612	-4	6	2702
613	-2	4	2706
614	-2	4	2710
615	-2	4	2714
616	-2	4	2718
617	-4	6	2724
618	-2	4	2728
619	-2	4	2732
620	-2	4	2736
621	-4	6	2742
622	-2	4	2746
623	-2	4	2750
624	-2	4	2754
625	-2	4	2758
626	-2	4	2762
627	-2	4	2766
628	-2	4	2770
629	-2	4	2774
630	-2	4	2778
631	-2	4	2782
632	-2	4	2786
633	-2	4	2790
634	-2	4	2794
635	-2	4	2798
636	-2	4	2802
637	-4	6	2808
638	-2	4	2812
639	-2	4	2816
640	-2	4	2820
641	-2	4	2824
642	-2	4	2828
643	-2	4	2832
644	-2	4	2836
645	-2	4	2840
646	-2	4	2844
647	-2	4	2848
648	-2	4	2852
649	-2	4	2856
650	-2	4	2860
651	-2	4	2864
652	-2	4	2868
653	-2	4	2872
654	-2	4	2876
655	-2	4	2880
656	-2	4	2884
657	-2	4	2888
658	-2	4	2892
659	-2	4	2896
660	-2	4	2900
661	-2	4	2904
662	-2	4	2908
663	-2	4	2912
664	-2	4	2916
665	-2	4	2920
666	-2	4	2924
667	-2	4	2928
668	-6	8	2936
669	-2	4	2940
670	-2	4	2944
671	-2	4	2948
672	-2	4	2952
673	-2	4	2956
674	-2	4	2960
675	-2	4	2964
676	-4	6	2970
677	-4	6	2976
678	-2	4	2980
679	-2	4	2984
680	-2	4	2988
681	-2	4	2992
682	-4	6	2998
683	-2	4	3002
684	-2	4	3006
685	-2	4	3010
686	-2	4	3014
687	-2	4	3018
688	-2	4	3022
689	-2	4	3026
690	-2	4	3030
691	-4	6	3036
692	-2	4	3040
693	-2	4	3044
694	-2	4	3048
695	-2	4	3052
696	-2	4	3056
697	-2	4	3060
698	-2	4	3064
699	-2	4	3068
700	-2	4	3072
701	-2	4	3076
702	-2	4	3080
703	-2	4	3084
704	-2	4	3088
705	-3	5	3093
706	-2	4	3097
707	-2	4	3101
708	-2	4	3105
709	-2	4	3109
710	-2	4	3113
711	-2	4	3117
712	-2	4	3121
713	-2	4	3125
714	-2	4	3129
715	-2	4	3133
716	-2	4	3137
717	-3	5	3142
718	-2	4	3146
719	-4	6	3152
720	-2	4	3156
721	-2	4	3160
722	-2	4	3164
723	-5	7	3171
724	-2	4	3175
725	-2	4	3179
726	-2	4	3183
727	-2	4	3187
728	-2	4	3191
729	-2	4	3195
730	-2	4	3199
731	-2	4	3203
732	-2	4	3207
733	-4	6	3213
734	-2	4	3217
735	-2	4	3221
736	-2	4	3225
737	-2	4	3229
738	-2	4	3233
739	-2	4	3237
740	-2	4	3241
741	-2	4	3245
742	-2	4	3249
743	-2	4	3253
744	-2	4	3257
745	-2	4	3261
746	-2	4	3265
747	-2	4	3269
748	-2	4	3273
749	-2	4	3277
750	-2	4	3281
751	-2	4	3285
752	-2	4	3289
753	-2	4	3293
754	-2	4	3297
755	-2	4	3301
756	-2	4	3305
757	-2	4	3309
758	-2	4	3313
759	-2	4	3317
760	-2	4	3321
761	-2	4	3325
762	-2	4	3329
763	-2	4	3333
764	-2	4	3337
765	-2	4	3341
766	-4	6	3347
767	-2	4	3351
768	-2	4	3355
769	-2	4	3359
770	-2	4	3363
771	-2	4	3367
772	-2	4	3371
773	-2	4	3375
774	-2	4	3379
775	-2	4	3383
776	-2	4	3387
777	-2	4	3391
778	-2	4	3395
779	-2	4	3399
780	-2	4	3403
781	-2	4	3407
782	-2	4	3411
783	-2	4	3415
784	-4	6	3421
785	-2	4	3425
786	-2	4	3429
787	-4	6	3435
788	-2	4	3439
789	-2	4	3443
790	-2	4	3447
791	-2	4	3451
792	-2	4	3455
793	-2	4	3459
794	-4	6	3465
795	-2	4	3469
796	-2	4	3473
797	-2	4	3477
798	-2	4	3481
799	-2	4	3485
800	-2	4	3489
801	-2	4	3493
802	-2	4	3497
803	-4	6	3503
804	-2	4	3507
805	-2	4	3511
806	-2	4	3515
807	-2	4	3519
808	-2	4	3523
809	-2	4	3527
810	-2	4	3531
811	-2	4	3535
812	-2	4	3539
813	-2	4	3543
814	-2	4	3547
815	-2	4	3551
816	-2	4	3555
817	-2	4	3559
818	-2	4	3563
819	-2	4	3567
820	-2	4	3571
821	-2	4	3575
822	-3	5	3580
823	-2	4	3584
824	-2	4	3588
825	-2	4	3592
826	-2	4	3596
827	-2	4	3600
828	-2	4	3604
829	-2	4	3608
830	-2	4	3612
831	-2	4	3616
832	-2	4	3620
833	-2	4	3624
834	-2	4	3628
835	-2	4	3632
836	-2	4	3636
837	-2	4	3640
838	-2	4	3644
839	-2	4	3648
840	-4	6	3654
841	-2	4	3658
842	-2	4	3662
843	-2	4	3666
844	-2	4	3670
845	-2	4	3674
846	-2	4	3678
847	-2	4	3682
848	-2	4	3686
849	-2	4	3690
850	-4	6	3696
851	-2	4	3700
852	-2	4	3704
853	-2	4	3708
854	-4	6	3714
855	-2	4	3718
856	-2	4	3722
857	-2	4	3726
858	-2	4	3730
859	-2	4	3734
860	-2	4	3738
861	-2	4	3742
862	-2	4	3746
863	-2	4	3750
864	-2	4	3754
865	-2	4	3758
866	-2	4	3762
867	-2	4	3766
868	-2	4	3770
869	-2	4	3774
870	-3	5	3779
871	-2	4	3783
872	-4	6	3789
873	-2	4	3793
874	-2	4	3797
875	-2	4	3801
876	-2	4	3805
877	-4	6	3811
878	-2	4	3815
879	-2	4	3819
880	-2	4	3823
881	-2	4	3827
882	-2	4	3831
883	-2	4	3835
884	-2	4	3839
885	-2	4	3843
886	-2	4	3847
887	-2	4	3851
888	-4	6	3857
889	-4	6	3863
890	-2	4	3867
891	-2	4	3871
892	-2	4	3875
893	-4	6	3881
894	-2	4	3885
895	-2	4	3889
896	-2	4	3893
897	-2	4	3897
898	-2	4	3901
899	-2	4	3905
900	-2	4	3909
901	-2	4	3913
902	-2	4	3917
903	-3	5	3922
904	-2	4	3926
905	-2	4	3930
906	-2	4	3934
907	-2	4	3938
908	-2	4	3942
909	-2	4	3946
910	-2	4	3950
911	-4	6	3956
912	-2	4	3960
913	-2	4	3964
914	-2	4	3968
915	-2	4	3972
916	-2	4	3976
917	-2	4	3980
918	-2	4	3984
919	-2	4	3988
920	-2	4	3992
921	-2	4	3996
922	-2	4	4000
923	-2	4	4004
924	-2	4	4008
925	-2	4	4012
926	-2	4	4016
927	-4	6	4022
928	-2	4	4026
929	-2	4	4030
930	-2	4	4034
931	-2	4	4038
932	-2	4	4042
933	-2	4	4046
934	-2	4	4050
935	-2	4	4054
936	-4	6	4060
937	-2	4	4064
938	-2	4	4068
939	-2	4	4072
940	-2	4	4076
941	-2	4	4080
942	-2	4	4084
943	-2	4	4088
944	-2	4	4092
945	-2	4	4096
946	-2	4	4100
947	-2	4	4104
948	-2	4	4108
949	-2	4	4112
950	-2	4	4116
951	-4	6	4122
952	-2	4	4126
953	-2	4	4130
954	-3	5	4135
955	-2	4	4139
956	-2	4	4143
957	-2	4	4147
958	-2	4	4151
959	-2	4	4155
960	-2	4	4159
961	-2	4	4163
962	-2	4	4167
963	-2	4	4171
964	-2	4	4175
965	-2	4	4179
966	-2	4	4183
967	-2	4	4187
968	-2	4	4191
969	-2	4	4195
970	-2	4	4199
971	-2	4	4203
972	-2	4	4207
973	-2	4	4211
974	-3	5	4216
975	-2	4	4220
976	-2	4	4224
977	-2	4	4228
978	-2	4	4232
979	-2	4	4236
980	-2	4	4240
981	-2	4	4244
982	-2	4	4248
983	-2	4	4252
984	-2	4	4256
985	-2	4	4260
986	-2	4	4264
987	-2	4	4268
988	-2	4	4272
989	-2	4	4276
990	-2	4	4280
991	-2	4	4284
992	-2	4	4288
993	-2	4	4292
994	-2	4	4296
995	-4	6	4302
996	-2	4	4306
997	-2	4	4310
998	-2	4	4314
999	-2	4	4318
1000	-2	4	4322
1001	-4	6	4328
1002	-2	4	4332
1003	-2	4	4336
1004	-2	4	4340
1005	-2	4	4344
1006	-2	4	4348
1007	-2	4	4352
1008	-2	4	4356
1009	-2	4	4360
1010	-2	4	4364
1011	-2	4	4368
1012	-2	4	4372
1013	-2	4	4376
1014	-2	4	4380
1015	-4	6	4386
1016	-2	4	4390
1017	-2	4	4394
1018	-2	4	4398
1019	-2	4	4402
1020	-3	5	4407
1021	-2	4	4411
1022	-2	4	4415
1023	-2	4	4419
1024	-2	4	4423
1025	-2	4	4427
1026	-2	4	4431
1027	-2	4	4435
1028	-2	4	4439
1029	-6	8	4447
1030	-2	4	4451
1031	-2	4	4455
1032	-2	4	4459
1033	-2	4	4463
1034	-2	4	4467
1035	-4	6	4473
1036	-3	5	4478
1037	-2	4	4482
1038	-2	4	4486
1039	-2	4	4490
1040	-2	4	4494
1041	-2	4	4498
1042	-2	4	4502
1043	-2	4	4506
1044	-2	4	4510
1045	-2	4	4514
1046	-4	6	4520
1047	-2	4	4524
1048	-2	4	4528
1049	-2	4	4532
1050	-2	4	4536
1051	-2	4	4540
1052	-2	4	4544
1053	-2	4	4548
1054	-2	4	4552
1055	-2	4	4556
1056	-2	4	4560
1057	-2	4	4564
1058	-2	4	4568
1059	-2	4	4572
1060	-2	4	4576
1061	-2	4	4580
1062	-2	4	4584
1063	-2	4	4588
1064	-2	4	4592
1065	-2	4	4596
1066	-2	4	4600
1067	-2	4	4604
1068	-2	4	4608
1069	-2	4	4612
1070	-2	4	4616
1071	-2	4	4620
1072	-2	4	4624
1073	-4	6	4630
1074	-2	4	4634
1075	-2	4	4638
1076	-2	4	4642
1077	-4	6	4648
1078	-2	4	4652
1079	-2	4	4656
1080	-2	4	4660
1081	-2	4	4664
1082	-2	4	4668
1083	-2	4	4672
1084	-2	4	4676
1085	-2	4	4680
1086	-2	4	4684
1087	-3	5	4689
1088	-2	4	4693
1089	-2	4	4697
1090	-2	4	4701
1091	-2	4	4705
1092	-2	4	4709
1093	-2	4	4713
1094	-2	4	4717
1095	-2	4	4721
1096	-2	4	4725
1097	-2	4	4729
1098	-2	4	4733
1099	-4	6	4739
1100	-2	4	4743
1101	-4	6	4749
1102	-2	4	4753
1103	-2	4	4757
1104	-2	4	4761
1105	-2	4	4765
1106	-2	4	4769
1107	-2	4	4773
1108	-2	4	4777
1109	-2	4	4781
1110	-2	4	4785
1111	-4	6	4791
1112	-2	4	4795
1113	-2	4	4799
1114	-2	4	4803
1115	-2	4	4807
1116	-2	4	4811
1117	-2	4	4815
1118	-2	4	4819
1119	-2	4	4823
1120	-2	4	4827
1121	-2	4	4831
1122	-2	4	4835
1123	-2	4	4839
1124	-4	6	4845
1125	-2	4	4849
1126	-2	4	4853
1127	-2	4	4857
1128	-2	4	4861
1129	-2	4	4865
1130	-2	4	4869
1131	-2	4	4873
1132	-4	6	4879
1133	-2	4	4883
1134	-2	4	4887
1135	-2	4	4891
1136	-2	4	4895
1137	-2	4	4899
1138	-2	4	4903
1139	-2	4	4907
1140	-2	4	4911
1141	-4	6	4917
1142	-4	6	4923
1143	-2	4	4927
1144	-2	4	4931
1145	-2	4	4935
1146	-2	4	4939
1147	-2	4	4943
1148	-2	4	4947
1149	-4	6	4953
1150	-2	4	4957
1151	-2	4	4961
1152	-2	4	4965
1153	-2	4	4969
1154	-2	4	4973
1155	-3	5	4978
1156	-2	4	4982
1157	-2	4	4986
1158	-2	4	4990
1159	-2	4	4994
1160	-2	4	4998
1161	-2	4	5002
1162	-2	4	5006
1163	-2	4	5010
1164	-2	4	5014
1165	-4	6	5020
1166	-2	4	5024
1167	-2	4	5028
1168	-2	4	5032
1169	-2	4	5036
1170	-2	4	5040
1171	-3	5	5045
1172	-2	4	5049
1173	-2	4	5053
1174	-2	4	5057
1175	-2	4	5061
1176	-2	4	5065
1177	-2	4	5069
1178	-2	4	5073
1179	-2	4	5077
1180	-2	4	5081
1181	-2	4	5085
1182	-2	4	5089
1183	-2	4	5093
1184	-2	4	5097
1185	-4	6	5103
1186	-2	4	5107
1187	-3	5	5112
1188	-2	4	5116
1189	-2	4	5120
1190	-2	4	5124
1191	-2	4	5128
1192	-2	4	5132
1193	-2	4	5136
1194	-2	4	5140
1195	-2	4	5144
1196	-2	4	5148
1197	-2	4	5152
1198	-2	4	5156
1199	-2	4	5160
1200	-2	4	5164
1201	-2	4	5168
1202	-4	6	5174
1203	-2	4	5178
1204	-2	4	5182
1205	-2	4	5186
1206	-2	4	5190
1207	-2	4	5194
1208	-2	4	5198
1209	-2	4	5202
1210	-2	4	5206
1211	-2	4	5210
1212	-2	4	5214
1213	-2	4	5218
1214	-2	4	5222
1215	-2	4	5226
1216	-2	4	5230
1217	-2	4	5234
1218	-2	4	5238
1219	-2	4	5242
1220	-2	4	5246
1221	-2	4	5250
1222	-3	5	5255
1223	-2	4	5259
1224	-2	4	5263
1225	-2	4	5267
1226	-4	6	5273
1227	-6	8	5281
1228	-2	4	5285
1229	-2	4	5289
1230	-2	4	5293
1231	-2	4	5297
1232	-2	4	5301
1233	-2	4	5305
1234	-2	4	5309
1235	-2	4	5313
1236	-2	4	5317
1237	-2	4	5321
1238	-2	4	5325
1239	-2	4	5329
1240	-2	4	5333
1241	-2	4	5337
1242	-2	4	5341
1243	-4	6	5347
1244	-2	4	5351
1245	-2	4	5355
1246	-4	6	5361
1247	-2	4	5365
1248	-2	4	5369
1249	-2	4	5373
1250	-2	4	5377
1251	-2	4	5381
1252	-2	4	5385
1253	-2	4	5389
1254	-2	4	5393
1255	-2	4	5397
1256	-4	6	5403
1257	-2	4	5407
1258	-6	8	5415
1259	-2	4	5419
1260	-2	4	5423
1261	-2	4	5427
1262	-2	4	5431
1263	-2	4	5435
1264	-2	4	5439
1265	-2	4	5443
1266	-2	4	5447
1267	-2	4	5451
1268	-2	4	5455
1269	-2	4	5459
1270	-2	4	5463
1271	-2	4	5467
1272	-2	4	5471
1273	-2	4	5475
1274	-4	6	5481
1275	-2	4	5485
1276	-2	4	5489
1277	-3	5	5494
1278	-2	4	5498
1279	-2	4	5502
1280	-2	4	5506
1281	-2	4	5510
1282	-2	4	5514
1283	-2	4	5518
1284	-2	4	5522
1285	-2	4	5526
1286	-4	6	5532
1287	-2	4	5536
1288	-2	4	5540
1289	-2	4	5544
1290	-2	4	5548
1291	-2	4	5552
1292	-2	4	5556
1293	-2	4	5560
1294	-2	4	5564
1295	-2	4	5568
1296	-2	4	5572
1297	-2	4	5576
1298	-2	4	5580
1299	-2	4	5584
1300	-2	4	5588
1301	-2	4	5592
1302	-2	4	5596
1303	-2	4	5600
1304	-2	4	5604
1305	-2	4	5608
1306	-2	4	5612
1307	-2	4	5616
1308	-2	4	5620
1309	-2	4	5624
1310	-2	4	5628
1311	-2	4	5632
1312	-2	4	5636
1313	-2	4	5640
1314	-2	4	5644
1315	-3	5	5649
1316	-4	6	5655
1317	-2	4	5659
1318	-2	4	5663
1319	-2	4	5667
1320	-6	8	5675
1321	-2	4	5679
1322	-2	4	5683
1323	-2	4	5687
1324	-2	4	5691
1325	-6	8	5699
1326	-2	4	5703
1327	-2	4	5707
1328	-2	4	5711
1329	-2	4	5715
1330	-2	4	5719
1331	-2	4	5723
1332	-2	4	5727
1333	-2	4	5731
1334	-2	4	5735
1335	-2	4	5739
1336	-2	4	5743
1337	-2	4	5747
1338	-2	4	5751
1339	-2	4	5755
1340	-2	4	5759
1341	-2	4	5763
1342	-3	5	5768
1343	-2	4	5772
1344	-2	4	5776
1345	-2	4	5780
1346	-2	4	5784
1347	-2	4	5788
1348	-2	4	5792
1349	-2	4	5796
1350	-3	5	5801
1351	-2	4	5805
1352	-2	4	5809
1353	-2	4	5813
1354	-2	4	5817
1355	-2	4	5821
1356	-2	4	5825
1357	-2	4	5829
1358	-2	4	5833
1359	-4	6	5839
1360	-2	4	5843
1361	-2	4	5847
1362	-2	4	5851
1363	-2	4	5855
1364	-2	4	5859
1365	-2	4	5863
1366	-6	8	5871
1367	-2	4	5875
1368	-2	4	5879
1369	-2	4	5883
1370	-2	4	5887
1371	-2	4	5891
1372	-2	4	5895
1373	-2	4	5899
1374	-2	4	5903
1375	-2	4	5907
1376	-2	4	5911
1377	-4	6	5917
1378	-2	4	5921
1379	-2	4	5925
1380	-2	4	5929
1381	-2	4	5933
1382	-4	6	5939
1383	-2	4	5943
1384	-3	5	5948
1385	-2	4	5952
1386	-2	4	5956
1387	-2	4	5960
1388	-2	4	5964
1389	-2	4	5968
1390	-2	4	5972
1391	-2	4	5976
1392	-2	4	5980
1393	-2	4	5984
1394	-2	4	5988
1395	-2	4	5992
1396	-2	4	5996
1397	-2	4	6000
1398	-2	4	6004
1399	-2	4	6008
1400	-2	4	6012
1401	-2	4	6016
1402	-2	4	6020
1403	-2	4	6024
1404	-2	4	6028
1405	-4	6	6034
1406	-2	4	6038
1407	-2	4	6042
1408	-2	4	6046
1409	-2	4	6050
1410	-2	4	6054
1411	-2	4	6058
1412	-2	4	6062
1413	-2	4	6066
1414	-2	4	6070
1415	-6	8	6078
1416	-8	10	6088
1417	-2	4	6092
1418	-2	4	6096
1419	-2	4	6100
1420	-2	4	6104
1421	-2	4	6108
1422	-2	4	6112
1423	-2	4	6116
1424	-2	4	6120
1425	-2	4	6124
1426	-2	4	6128
1427	-4	6	6134
1428	-2	4	6138
1429	-2	4	6142
1430	-2	4	6146
1431	-2	4	6150
1432	-2	4	6154
1433	-2	4	6158
1434	-2	4	6162
1435	-2	4	6166
1436	-2	4	6170
1437	-2	4	6174
1438	-4	6	6180
1439	-2	4	6184
1440	-2	4	6188
1441	-2	4	6192
1442	-3	5	6197
1443	-2	4	6201
1444	-2	4	6205
1445	-2	4	6209
1446	-2	4	6213
1447	-2	4	6217
1448	-2	4	6221
1449	-2	4	6225
1450	-2	4	6229
1451	-2	4	6233
1452	-2	4	6237
1453	-2	4	6241
1454	-2	4	6245
1455	-2	4	6249
1456	-2	4	6253
1457	-2	4	6257
1458	-2	4	6261
1459	-2	4	6265
1460	-2	4	6269
1461	-2	4	6273
1462	-2	4	6277
1463	-2	4	6281
1464	-2	4	6285
1465	-2	4	6289
1466	-2	4	6293
1467	-2	4	6297
1468	-2	4	6301
1469	-2	4	6305
1470	-2	4	6309
1471	-2	4	6313
1472	-2	4	6317
1473	-2	4	6321
1474	-2	4	6325
1475	-2	4	6329
1476	-2	4	6333
1477	-2	4	6337
1478	-2	4	6341
1479	-2	4	6345
1480	-2	4	6349
1481	-2	4	6353
1482	-2	4	6357
1483	-2	4	6361
1484	-2	4	6365
1485	-2	4	6369
1486	-3	5	6374
1487	-2	4	6378
1488	-2	4	6382
1489	-2	4	6386
1490	-2	4	6390
1491	-2	4	6394
1492	-2	4	6398
1493	-2	4	6402
1494	-2	4	6406
1495	-6	8	6414
1496	-2	4	6418
1497	-2	4	6422
1498	-2	4	6426
1499	-2	4	6430
1500	-2	4	6434
1501	-2	4	6438
1502	-2	4	6442
1503	-2	4	6446
1504	-4	6	6452
1505	-2	4	6456
1506	-2	4	6460
1507	-3	5	6465
1508	-2	4	6469
1509	-2	4	6473
1510	-2	4	6477
1511	-2	4	6481
1512	-2	4	6485
1513	-2	4	6489
1514	-2	4	6493
1515	-2	4	6497
1516	-2	4	6501
1517	-2	4	6505
1518	-2	4	6509
1519	-2	4	6513
1520	-2	4	6517
1521	-2	4	6521
1522	-2	4	6525
1523	-2	4	6529
1524	-4	6	6535
1525	-2	4	6539
1526	-2	4	6543
1527	-2	4	6547
1528	-2	4	6551
1529	-2	4	6555
1530	-2	4	6559
1531	-3	5	6564
1532	-2	4	6568
1533	-2	4	6572
1534	-2	4	6576
1535	-2	4	6580
1536	-2	4	6584
1537	-2	4	6588
1538	-4	6	6594
1539	-2	4	6598
1540	-2	4	6602
1541	-2	4	6606
1542	-2	4	6610
1543	-2	4	6614
1544	-2	4	6618
1545	-2	4	6622
1546	-4	6	6628
1547	-2	4	6632
1548	-2	4	6636
1549	-2	4	6640
1550	-2	4	6644
1551	-2	4	6648
1552	-2	4	6652
1553	-2	4	6656
1554	-2	4	6660
1555	-2	4	6664
1556	-2	4	6668
1557	-2	4	6672
1558	-2	4	6676
1559	-2	4	6680
1560	-2	4	6684
1561	-2	4	6688
1562	-2	4	6692
1563	-2	4	6696
1564	-2	4	6700
1565	-2	4	6704
1566	-4	6	6710
1567	-6	8	6718
1568	-2	4	6722
1569	-2	4	6726
1570	-2	4	6730
1571	-2	4	6734
1572	-2	4	6738
1573	-2	4	6742
1574	-2	4	6746
1575	-2	4	6750
1576	-2	4	6754
1577	-2	4	6758
1578	-2	4	6762
1579	-2	4	6766
1580	-2	4	6770
1581	-2	4	6774
1582	-2	4	6778
1583	-2	4	6782
1584	-2	4	6786
1585	-2	4	6790
1586	-2	4	6794
1587	-2	4	6798
1588	-2	4	6802
1589	-2	4	6806
1590	-2	4	6810
1591	-2	4	6814
1592	-2	4	6818
1593	-2	4	6822
1594	-4	6	6828
1595	-2	4	6832
1596	-2	4	6836
1597	-2	4	6840
1598	-2	4	6844
1599	-2	4	6848
1600	-2	4	6852
1601	-4	6	6858
1602	-2	4	6862
1603	-2	4	6866
1604	-2	4	6870
1605	-2	4	6874
1606	-4	6	6880
1607	-8	10	6890
1608	-2	4	6894
1609	-2	4	6898
1610	-4	6	6904
1611	-2	4	6908
1612	-2	4	6912
1613	-2	4	6916
1614	-2	4	6920
1615	-4	6	6926
1616	-3	5	6931
1617	-2	4	6935
1618	-2	4	6939
1619	-3	5	6944
1620	-2	4	6948
1621	-2	4	6952
1622	-2	4	6956
1623	-2	4	6960
1624	-2	4	6964
1625	-2	4	6968
1626	-2	4	6972
1627	-2	4	6976
1628	-2	4	6980
1629	-2	4	6984
1630	-4	6	6990
1631	-2	4	6994
1632	-2	4	6998
1633	-2	4	7002
1634	-3	5	7007
1635	-2	4	7011
1636	-2	4	7015
1637	-2	4	7019
1638	-2	4	7023
1639	-2	4	7027
1640	-4	6	7033
1641	-2	4	7037
1642	-2	4	7041
1643	-2	4	7045
1644	-2	4	7049
1645	-2	4	7053
1646	-2	4	7057
1647	-2	4	7061
1648	-2	4	7065
1649	-4	6	7071
1650	-4	6	7077
1651	-2	4	7081
1652	-2	4	7085
1653	-2	4	7089
1654	-2	4	7093
1655	-2	4	7097
1656	-2	4	7101
1657	-2	4	7105
1658	-2	4	7109
1659	-2	4	7113
1660	-2	4	7117
1661	-2	4	7121
1662	-2	4	7125
1663	-4	6	7131
1664	-2	4	7135
1665	-2	4	7139
1666	-4	6	7145
1667	-2	4	7149
1668	-2	4	7153
1669	-2	4	7157
1670	-2	4	7161
1671	-2	4	7165
1672	-2	4	7169
1673	-4	6	7175
1674	-2	4	7179
1675	-2	4	7183
1676	-2	4	7187
1677	-2	4	7191
1678	-2	4	7195
1679	-2	4	7199
1680	-2	4	7203
1681	-2	4	7207
1682	-2	4	7211
1683	-2	4	7215
1684	-2	4	7219
1685	-2	4	7223
1686	-2	4	7227
1687	-2	4	7231
1688	-2	4	7235
1689	-2	4	7239
1690	-2	4	7243
1691	-2	4	7247
1692	-2	4	7251
1693	-2	4	7255
1694	-2	4	7259
1695	-2	4	7263
1696	-2	4	7267
1697	-2	4	7271
1698	-2	4	7275
1699	-2	4	7279
1700	-2	4	7283
1701	-2	4	7287
1702	-2	4	7291
1703	-2	4	7295
1704	-2	4	7299
1705	-2	4	7303
1706	-2	4	7307
1707	-2	4	7311
1708	-2	4	7315
1709	-2	4	7319
1710	-2	4	7323
1711	-2	4	7327
1712	-2	4	7331
1713	-2	4	7335
1714	-2	4	7339
1715	-2	4	7343
1716	-2	4	7347
1717	-2	4	7351
1718	-2	4	7355
1719	-2	4	7359
1720	-2	4	7363
1721	-4	6	7369
1722	-2	4	7373
1723	-2	4	7377
1724	-2	4	7381
1725	-2	4	7385
1726	-2	4	7389
1727	-2	4	7393
1728	-2	4	7397
1729	-2	4	7401
1730	-2	4	7405
1731	-4	6	7411
1732	-2	4	7415
1733	-2	4	7419
1734	-2	4	7423
1735	-2	4	7427
1736	-2	4	7431
1737	-2	4	7435
1738	-2	4	7439
1739	-2	4	7443
1740	-2	4	7447
1741	-2	4	7451
1742	-2	4	7455
1743	-2	4	7459
1744	-2	4	7463
1745	-2	4	7467
1746	-2	4	7471
1747	-2	4	7475
1748	-2	4	7479
1749	-2	4	7483
1750	-2	4	7487
1751	-4	6	7493
1752	-2	4	7497
1753	-2	4	7501
1754	-2	4	7505
1755	-2	4	7509
1756	-2	4	7513
1757	-2	4	7517
1758	-2	4	7521
1759	-2	4	7525
1760	-2	4	7529
1761	-6	8	7537
1762	-2	4	7541
1763	-2	4	7545
1764	-2	4	7549
1765	-2	4	7553
1766	-2	4	7557
1767	-2	4	7561
1768	-2	4	7565
1769	-2	4	7569
1770	-2	4	7573
1771	-2	4	7577
1772	-2	4	7581
1773	-2	4	7585
1774	-2	4	7589
1775	-2	4	7593
1776	-2	4	7597
1777	-4	6	7603
1778	-2	4	7607
1779	-2	4	7611
1780	-2	4	7615
1781	-2	4	7619
1782	-2	4	7623
1783	-2	4	7627
1784	-2	4	7631
1785	-2	4	7635
1786	-2	4	7639
1787	-2	4	7643
1788	-2	4	7647
1789	-2	4	7651
1790	-2	4	7655
1791	-2	4	7659
1792	-4	6	7665
1793	-2	4	7669
1794	-2	4	7673
1795	-2	4	7677
1796	-2	4	7681
1797	-4	6	7687
1798	-2	4	7691
1799	-2	4	7695
1800	-4	6	7701
1801	-2	4	7705
1802	-2	4	7709
1803	-4	6	7715
1804	-2	4	7719
1805	-2	4	7723
1806	-2	4	7727
1807	-2	4	7731
1808	-2	4	7735
1809	-2	4	7739
1810	-2	4	7743
1811	-2	4	7747
1812	-2	4	7751
1813	-2	4	7755
1814	-2	4	7759
1815	-2	4	7763
1816	-2	4	7767
1817	-2	4	7771
1818	-2	4	7775
1819	-2	4	7779
1820	-2	4	7783
1821	-2	4	7787
1822	-2	4	7791
1823	-2	4	7795
1824	-2	4	7799
1825	-2	4	7803
1826	-2	4	7807
1827	-2	4	7811
1828	-2	4	7815
1829	-2	4	7819
1830	-2	4	7823
1831	-2	4	7827
1832	-2	4	7831
1833	-2	4	7835
1834	-2	4	7839
1835	-2	4	7843
1836	-4	6	7849
1837	-4	6	7855
1838	-4	6	7861
1839	-2	4	7865
1840	-4	6	7871
1841	-2	4	7875
1842	-4	6	7881
1843	-2	4	7885
1844	-2	4	7889
1845	-2	4	7893
1846	-2	4	7897
1847	-2	4	7901
1848	-2	4	7905
1849	-2	4	7909
1850	-2	4	7913
1851	-2	4	7917
1852	-2	4	7921
1853	-2	4	7925
1854	-2	4	7929
1855	-2	4	7933
1856	-2	4	7937
1857	-2	4	7941
1858	-2	4	7945
1859	-2	4	7949
1860	-2	4	7953
1861	-2	4	7957
1862	-2	4	7961
1863	-2	4	7965
1864	-4	6	7971
1865	-2	4	7975
1866	-2	4	7979
1867	-2	4	7983
1868	-2	4	7987
1869	-3	5	7992
1870	-2	4	7996
1871	-2	4	8000
1872	-2	4	8004
1873	-2	4	8008
1874	-4	6	8014
1875	-2	4	8018
1876	-2	4	8022
1877	-2	4	8026
1878	-2	4	8030
1879	-2	4	8034
1880	-2	4	8038
1881	-2	4	8042
1882	-2	4	8046
1883	-2	4	8050
1884	-2	4	8054
1885	-2	4	8058
1886	-2	4	8062
1887	-3	5	8067
1888	-2	4	8071
1889	-2	4	8075
1890	-2	4	8079
1891	-2	4	8083
1892	-4	6	8089
1893	-2	4	8093
1894	-2	4	8097
1895	-4	6	8103
1896	-2	4	8107
1897	-2	4	8111
1898	-2	4	8115
1899	-2	4	8119
1900	-2	4	8123
1901	-2	4	8127
1902	-2	4	8131
1903	-2	4	8135
1904	-2	4	8139
1905	-2	4	8143
1906	-2	4	8147
1907	-2	4	8151
1908	-2	4	8155
1909	-2	4	8159
1910	-2	4	8163
1911	-2	4	8167
1912	-2	4	8171
1913	-4	6	8177
1914	-2	4	8181
1915	-2	4	8185
1916	-2	4	8189
1917	-2	4	8193
1918	-2	4	8197
1919	-2	4	8201
1920	-2	4	8205
1921	-4	6	8211
1922	-2	4	8215
1923	-2	4	8219
1924	-2	4	8223
1925	-2	4	8227
1926	-2	4	8231
1927	-2	4	8235
1928	-2	4	8239
1929	-2	4	8243
1930	-2	4	8247
1931	-2	4	8251
1932	-2	4	8255
1933	-2	4	8259
1934	-2	4	8263
1935	-2	4	8267
1936	-2	4	8271
1937	-2	4	8275
1938	-2	4	8279
1939	-2	4	8283
1940	-2	4	8287
1941	-2	4	8291
1942	-2	4	8295
1943	-2	4	8299
1944	-2	4	8303
1945	-5	7	8310
1946	-2	4	8314
1947	-2	4	8318
1948	-2	4	8322
1949	-4	6	8328
1950	-2	4	8332
1951	-4	6	8338
1952	-2	4	8342
1953	-2	4	8346
1954	-2	4	8350
1955	-3	5	8355
1956	-2	4	8359
1957	-2	4	8363
1958	-2	4	8367
1959	-2	4	8371
1960	-2	4	8375
1961	-2	4	8379
1962	-2	4	8383
1963	-2	4	8387
1964	-2	4	8391
1965	-2	4	8395
1966	-2	4	8399
1967	-2	4	8403
1968	-2	4	8407
1969	-2	4	8411
1970	-2	4	8415
1971	-2	4	8419
1972	-2	4	8423
1973	-2	4	8427
1974	-2	4	8431
1975	-2	4	8435
1976	-2	4	8439
1977	-2	4	8443
1978	-2	4	8447
1979	-2	4	8451
1980	-2	4	8455
1981	-2	4	8459
1982	-2	4	8463
1983	-2	4	8467
1984	-4	6	8473
1985	-2	4	8477
1986	-2	4	8481
1987	-2	4	8485
1988	-2	4	8489
1989	-2	4	8493
1990	-2	4	8497
1991	-4	6	8503
1992	-2	4	8507
1993	-2	4	8511
1994	-2	4	8515
1995	-2	4	8519
1996	-2	4	8523
1997	-2	4	8527
1998	-2	4	8531
1999	-2	4	8535
2000	-2	4	8539
2001	-2	4	8543
2002	-2	4	8547
2003	-4	6	8553
2004	-2	4	8557
2005	-2	4	8561
2006	-2	4	8565
2007	-2	4	8569
2008	-4	6	8575
2009	-2	4	8579
2010	-2	4	8583
2011	-2	4	8587
2012	-2	4	8591
2013	-4	6	8597
2014	-2	4	8601
2015	-2	4	8605
2016	-2	4	8609
2017	-2	4	8613
2018	-2	4	8617
2019	-2	4	8621
2020	-2	4	8625
2021	-2	4	8629
2022	-2	4	8633
2023	-2	4	8637
2024	-2	4	8641
2025	-2	4	8645
2026	-2	4	8649
2027	-2	4	8653
2028	-2	4	8657
2029	-3	5	8662
2030	-2	4	8666
2031	-2	4	8670
2032	-2	4	8674
2033	-2	4	8678
2034	-2	4	8682
2035	-2	4	8686
2036	-2	4	8690
2037	-2	4	8694
2038	-2	4	8698
2039	-2	4	8702
2040	-2	4	8706
2041	-2	4	8710
2042	-2	4	8714
2043	-2	4	8718
2044	-2	4	8722
2045	-2	4	8726
2046	-2	4	8730
2047	-2	4	8734
2048	-2	4	8738
2049	-2	4	8742
2050	-2	4	8746
2051	-3	5	8751
2052	-2	4	8755
2053	-2	4	8759
2054	-2	4	8763
2055	-2	4	8767
2056	-2	4	8771
2057	-2	4	8775
2058	-2	4	8779
2059	-2	4	8783
2060	-2	4	8787
2061	-2	4	8791
2062	-2	4	8795
2063	-2	4	8799
2064	-2	4	8803
2065	-2	4	8807
2066	-2	4	8811
2067	-2	4	8815
2068	-2	4	8819
2069	-2	4	8823
2070	-2	4	8827
2071	-2	4	8831
2072	-2	4	8835
2073	-2	4	8839
2074	-2	4	8843
2075	-2	4	8847
2076	-2	4	8851
2077	-4	6	8857
2078	-2	4	8861
2079	-2	4	8865
2080	-2	4	8869
2081	-4	6	8875
2082	-2	4	8879
2083	-2	4	8883
2084	-2	4	8887
2085	-2	4	8891
2086	-2	4	8895
2087	-2	4	8899
2088	-2	4	8903
2089	-2	4	8907
2090	-2	4	8911
2091	-2	4	8915
2092	-2	4	8919
2093	-2	4	8923
2094	-2	4	8927
2095	-2	4	8931
2096	-2	4	8935
2097	-2	4	8939
2098	-2	4	8943
2099	-2	4	8947
2100	-2	4	8951
2101	-2	4	8955
2102	-2	4	8959
2103	-2	4	8963
2104	-4	6	8969
2105	-3	5	8974
2106	-2	4	8978
2107	-2	4	8982
2108	-2	4	8986
2109	-2	4	8990
2110	-4	6	8996
2111	-2	4	9000
2112	-2	4	9004
2113	-2	4	9008
2114	-2	4	9012
2115	-2	4	9016
2116	-2	4	9020
2117	-2	4	9024
2118	-2	4	9028
2119	-2	4	9032
2120	-4	6	9038
2121	-2	4	9042
2122	-2	4	9046
2123	-4	6	9052
2124	-2	4	9056
2125	-2	4	9060
2126	-2	4	9064
2127	-2	4	9068
2128	-2	4	9072
2129	-2	4	9076
2130	-2	4	9080
2131	-4	6	9086
2132	-2	4	9090
2133	-2	4	9094
2134	-5	7	9101
2135	-2	4	9105
2136	-2	4	9109
2137	-2	4	9113
2138	-2	4	9117
2139	-2	4	9121
2140	-2	4	9125
2141	-2	4	9129
2142	-2	4	9133
2143	-2	4	9137
2144	-2	4	9141
2145	-2	4	9145
2146	-2	4	9149
2147	-2	4	9153
2148	-4	6	9159
2149	-2	4	9163
2150	-4	6	9169
2151	-4	6	9175
2152	-2	4	9179
2153	-2	4	9183
2154	-4	6	9189
2155	-2	4	9193
2156	-2	4	9197
2157	-2	4	9201
2158	-2	4	9205
2159	-2	4	9209
2160	-2	4	9213
2161	-2	4	9217
2162	-4	6	9223
2163	-2	4	9227
2164	-2	4	9231
2165	-2	4	9235
2166	-6	8	9243
2167	-2	4	9247
2168	-2	4	9251
2169	-2	4	9255
2170	-2	4	9259
2171	-4	6	9265
2172	-2	4	9269
2173	-2	4	9273
2174	-2	4	9277
2175	-2	4	9281
2176	-2	4	9285
2177	-6	8	9293
2178	-4	6	9299
2179	-2	4	9303
2180	-2	4	9307
2181	-4	6	9313
2182	-2	4	9317
2183	-2	4	9321
2184	-2	4	9325
2185	-2	4	9329
2186	-2	4	9333
2187	-2	4	9337
2188	-2	4	9341
2189	-2	4	9345
2190	-2	4	9349
2191	-2	4	9353
2192	-2	4	9357
2193	-4	6	9363
2194	-2	4	9367
2195	-2	4	9371
2196	-2	4	9375
2197	-2	4	9379
2198	-2	4	9383
2199	-2	4	9387
2200	-2	4	9391
2201	-2	4	9395
2202	-2	4	9399
2203	-2	4	9403
2204	-2	4	9407
2205	-2	4	9411
2206	-4	6	9417
2207	-2	4	9421
2208	-2	4	9425
2209	-2	4	9429
2210	-2	4	9433
2211	-2	4	9437
2212	-2	4	9441
2213	-2	4	9445
2214	-2	4	9449
2215	-2	4	9453
2216	-2	4	9457
2217	-2	4	9461
2218	-2	4	9465
2219	-2	4	9469
2220	-2	4	9473
2221	-2	4	9477
2222	-2	4	9481
2223	-2	4	9485
2224	-2	4	9489
2225	-2	4	9493
2226	-2	4	9497
2227	-2	4	9501
2228	-2	4	9505
2229	-2	4	9509
2230	-2	4	9513
2231	-2	4	9517
2232	-2	4	9521
2233	-2	4	9525
2234	-2	4	9529
2235	-2	4	9533
2236	-2	4	9537
2237	-2	4	9541
2238	-2	4	9545
2239	-2	4	9549
2240	-2	4	9553
2241	-2	4	9557
2242	-2	4	9561
2243	-2	4	9565
2244	-2	4	9569
2245	-2	4	9573
2246	-2	4	9577
2247	-2	4	9581
2248	-2	4	9585
2249	-2	4	9589
2250	-2	4	9593
2251	-2	4	9597
2252	-2	4	9601
2253	-2	4	9605
2254	-2	4	9609
2255	-2	4	9613
2256	-4	6	9619
2257	-2	4	9623
2258	-2	4	9627
2259	-2	4	9631
2260	-2	4	9635
2261	-2	4	9639
2262	-2	4	9643
2263	-2	4	9647
2264	-2	4	9651
2265	-2	4	9655
2266	-2	4	9659
2267	-2	4	9663
2268	-2	4	9667
2269	-2	4	9671
2270	-2	4	9675
2271	-2	4	9679
2272	-2	4	9683
2273	-2	4	9687
2274	-2	4	9691
2275	-2	4	9695
2276	-2	4	9699
2277	-2	4	9703
2278	-4	6	9709
2279	-2	4	9713
2280	-2	4	9717
2281	-2	4	9721
2282	-2	4	9725
2283	-2	4	9729
2284	-2	4	9733
2285	-2	4	9737
2286	-2	4	9741
2287	-2	4	9745
2288	-2	4	9749
2289	-2	4	9753
2290	-2	4	9757
2291	-2	4	9761
2292	-2	4	9765
2293	-2	4	9769
2294	-2	4	9773
2295	-2	4	9777
2296	-2	4	9781
2297	-2	4	9785
2298	-2	4	9789
2299	-2	4	9793
2300	-2	4	9797
2301	-2	4	9801
2302	-2	4	9805
2303	-2	4	9809
2304	-2	4	9813
2305	-2	4	9817
2306	-2	4	9821
2307	-2	4	9825
2308	-2	4	9829
2309	-4	6	9835
2310	-2	4	9839
2311	-2	4	9843
2312	-2	4	9847
2313	-2	4	9851
2314	-4	6	9857
2315	-4	6	9863
2316	-2	4	9867
2317	-2	4	9871
2318	-2	4	9875
2319	-2	4	9879
2320	-2	4	9883
2321	-2	4	9887
2322	-2	4	9891
2323	-2	4	9895
2324	-2	4	9899
2325	-2	4	9903
2326	-2	4	9907
2327	-2	4	9911
2328	-4	6	9917
2329	-4	6	9923
2330	-2	4	9927
2331	-2	4	9931
2332	-2	4	9935
2333	-2	4	9939
2334	-2	4	9943
2335	-2	4	9947
2336	-2	4	9951
2337	-3	5	9956
2338	-2	4	9960
2339	-2	4	9964
2340	-2	4	9968
2341	-2	4	9972
2342	-2	4	9976
2343	-2	4	9980
2344	-2	4	9984
2345	-2	4	9988
2346	-2	4	9992
2347	-2	4	9996
2348	-2	4	10000
2349	-2	4	10004
2350	-2	4	10008
2351	-2	4	10012
2352	-2	4	10016
2353	-2	4	10020
2354	-2	4	10024
2355	-2	4	10028
2356	-2	4	10032
2357	-4	6	10038
2358	-2	4	10042
2359	-2	4	10046
2360	-2	4	10050
2361	-2	4	10054
2362	-2	4	10058
2363	-2	4	10062
2364	-2	4	10066
2365	-4	6	10072
2366	-2	4	10076
2367	-2	4	10080
2368	-2	4	10084
2369	-2	4	10088
2370	-3	5	10093
2371	-2	4	10097
2372	-2	4	10101
2373	-2	4	10105
2374	-2	4	10109
2375	-2	4	10113
2376	-2	4	10117
2377	-2	4	10121
2378	-2	4	10125
2379	-2	4	10129
2380	-2	4	10133
2381	-2	4	10137
2382	-2	4	10141
2383	-2	4	10145
2384	-2	4	10149
2385	-2	4	10153
2386	-2	4	10157
2387	-2	4	10161
2388	-4	6	10167
2389	-2	4	10171
2390	-2	4	10175
2391	-2	4	10179
2392	-2	4	10183
2393	-2	4	10187
2394	-2	4	10191
2395	-2	4	10195
2396	-2	4	10199
2397	-2	4	10203
2398	-2	4	10207
2399	-2	4	10211
2400	-2	4	10215
2401	-3	5	10220
2402	-2	4	10224
2403	-2	4	10228
2404	-2	4	10232
2405	-2	4	10236
2406	-2	4	10240
2407	-2	4	10244
2408	-2	4	10248
2409	-2	4	10252
2410	-3	5	10257
2411	-2	4	10261
2412	-2	4	10265
2413	-2	4	10269
2414	-2	4	10273
2415	-2	4	10277
2416	-2	4	10281
2417	-3	5	10286
2418	-2	4	10290
2419	-2	4	10294
2420	-2	4	10298
2421	-2	4	10302
2422	-2	4	10306
2423	-2	4	10310
2424	-2	4	10314
2425	-2	4	10318
2426	-2	4	10322
2427	-4	6	10328
2428	-2	4	10332
2429	-2	4	10336
2430	-2	4	10340
2431	-2	4	10344
2432	-2	4	10348
2433	-2	4	10352
2434	-4	6	10358
2435	-2	4	10362
2436	-2	4	10366
2437	-2	4	10370
2438	-2	4	10374
2439	-2	4	10378
2440	-2	4	10382
2441	-2	4	10386
2442	-2	4	10390
2443	-2	4	10394
2444	-2	4	10398
2445	-2	4	10402
2446	-2	4	10406
2447	-2	4	10410
2448	-2	4	10414
2449	-2	4	10418
2450	-2	4	10422
2451	-2	4	10426
2452	-2	4	10430
2453	-2	4	10434
2454	-2	4	10438
2455	-2	4	10442
2456	-2	4	10446
2457	-2	4	10450
2458	-2	4	10454
2459	-2	4	10458
2460	-2	4	10462
2461	-2	4	10466
2462	-2	4	10470
2463	-2	4	10474
2464	-2	4	10478
2465	-2	4	10482
2466	-2	4	10486
2467	-2	4	10490
2468	-2	4	10494
2469	-2	4	10498
2470	-2	4	10502
2471	-2	4	10506
2472	-2	4	10510
2473	-2	4	10514
2474	-2	4	10518
2475	-2	4	10522
2476	-2	4	10526
2477	-2	4	10530
2478	-2	4	10534
2479	-2	4	10538
2480	-2	4	10542
2481	-2	4	10546
2482	-2	4	10550
2483	-2	4	10554
2484	-2	4	10558
2485	-2	4	10562
2486	-2	4	10566
2487	-2	4	10570
2488	-2	4	10574
2489	-2	4	10578
2490	-2	4	10582
2491	-2	4	10586
2492	-2	4	10590
2493	-2	4	10594
2494	-2	4	10598
2495	-2	4	10602
2496	-2	4	10606
2497	-2	4	10610
2498	-2	4	10614
2499	-2	4	10618
2500	-2	4	10622
2501	-2	4	10626
2502	-2	4	10630
2503	-2	4	10634
2504	-2	4	10638
2505	-2	4	10642
2506	-2	4	10646
2507	-2	4	10650
2508	-4	6	10656
2509	-2	4	10660
2510	-2	4	10664
2511	-2	4	10668
2512	-2	4	10672
2513	-2	4	10676
2514	-2	4	10680
2515	-2	4	10684
2516	-2	4	10688
2517	-2	4	10692
2518	-2	4	10696
2519	-2	4	10700
2520	-2	4	10704
2521	-2	4	10708
2522	-2	4	10712
2523	-2	4	10716
2524	-2	4	10720
2525	-2	4	10724
2526	-2	4	10728
2527	-2	4	10732
2528	-2	4	10736
2529	-2	4	10740
2530	-2	4	10744
2531	-2	4	10748
2532	-2	4	10752
2533	-2	4	10756
2534	-2	4	10760
2535	-2	4	10764
2536	-2	4	10768
2537	-2	4	10772
2538	-2	4	10776
2539	-3	5	10781
2540	-2	4	10785
2541	-2	4	10789
2542	-2	4	10793
2543	-2	4	10797
2544	-4	6	10803
2545	-2	4	10807
2546	-4	6	10813
2547	-2	4	10817
2548	-2	4	10821
2549	-2	4	10825
2550	-2	4	10829
2551	-2	4	10833
2552	-2	4	10837
2553	-2	4	10841
2554	-2	4	10845
2555	-2	4	10849
2556	-2	4	10853
2557	-2	4	10857
2558	-2	4	10861
2559	-2	4	10865
2560	-2	4	10869
2561	-2	4	10873
2562	-2	4	10877
2563	-2	4	10881
2564	-2	4	10885
2565	-2	4	10889
2566	-2	4	10893
2567	-2	4	10897
2568	-2	4	10901
2569	-2	4	10905
2570	-2	4	10909
2571	-4	6	10915
2572	-2	4	10919
2573	-2	4	10923
2574	-2	4	10927
2575	-2	4	10931
2576	-2	4	10935
2577	-2	4	10939
2578	-2	4	10943
2579	-2	4	10947
2580	-2	4	10951
2581	-2	4	10955
2582	-2	4	10959
2583	-4	6	10965
2584	-4	6	10971
2585	-2	4	10975
2586	-2	4	10979
2587	-2	4	10983
2588	-2	4	10987
2589	-4	6	10993
2590	-2	4	10997
2591	-2	4	11001
2592	-2	4	11005
2593	-4	6	11011
2594	-2	4	11015
2595	-2	4	11019
2596	-2	4	11023
2597	-2	4	11027
2598	-2	4	11031
2599	-2	4	11035
2600	-2	4	11039
2601	-2	4	11043
2602	-2	4	11047
2603	-2	4	11051
2604	-2	4	11055
2605	-2	4	11059
2606	-2	4	11063
2607	-2	4	11067
2608	-2	4	11071
2609	-2	4	11075
2610	-2	4	11079
2611	-2	4	11083
2612	-2	4	11087
2613	-2	4	11091
2614	-2	4	11095
2615	-2	4	11099
2616	-2	4	11103
2617	-2	4	11107
2618	-2	4	11111
2619	-2	4	11115
2620	-2	4	11119
2621	-2	4	11123
2622	-2	4	11127
2623	-2	4	11131
2624	-2	4	11135
2625	-2	4	11139
2626	-2	4	11143
2627	-2	4	11147
2628	-2	4	11151
2629	-2	4	11155
2630	-2	4	11159
2631	-2	4	11163
2632	-4	6	11169
2633	-2	4	11173
2634	-2	4	11177
2635	-2	4	11181
2636	-2	4	11185
2637	-4	6	11191
2638	-2	4	11195
2639	-2	4	11199
2640	-2	4	11203
2641	-3	5	11208
2642	-2	4	11212
2643	-2	4	11216
2644	-2	4	11220
2645	-2	4	11224
2646	-2	4	11228
2647	-2	4	11232
2648	-2	4	11236
2649	-2	4	11240
2650	-2	4	11244
2651	-2	4	11248
2652	-2	4	11252
2653	-2	4	11256
2654	-2	4	11260
2655	-2	4	11264
2656	-2	4	11268
2657	-2	4	11272
2658	-2	4	11276
2659	-2	4	11280
2660	-2	4	11284
2661	-2	4	11288
2662	-2	4	11292
2663	-2	4	11296
2664	-2	4	11300
2665	-2	4	11304
2666	-2	4	11308
2667	-2	4	11312
2668	-2	4	11316
2669	-2	4	11320
2670	-2	4	11324
2671	-2	4	11328
2672	-2	4	11332
2673	-2	4	11336
2674	-4	6	11342
2675	-2	4	11346
2676	-2	4	11350
2677	-2	4	11354
2678	-2	4	11358
2679	-2	4	11362
2680	-2	4	11366
2681	-2	4	11370
2682	-2	4	11374
2683	-2	4	11378
2684	-2	4	11382
2685	-2	4	11386
2686	-2	4	11390
2687	-2	4	11394
2688	-2	4	11398
2689	-2	4	11402
2690	-2	4	11406
2691	-4	6	11412
2692	-2	4	11416
2693	-3	5	11421
2694	-2	4	11425
2695	-2	4	11429
2696	-4	6	11435
2697	-2	4	11439
2698	-2	4	11443
2699	-4	6	11449
2700	-2	4	11453
2701	-2	4	11457
2702	-3	5	11462
2703	-4	6	11468
2704	-2	4	11472
2705	-3	5	11477
2706	-2	4	11481
2707	-2	4	11485
2708	-2	4	11489
2709	-2	4	11493
2710	-2	4	11497
2711	-2	4	11501
2712	-2	4	11505
2713	-2	4	11509
2714	-2	4	11513
2715	-2	4	11517
2716	-2	4	11521
2717	-2	4	11525
2718	-2	4	11529
2719	-2	4	11533
2720	-2	4	11537
2721	-2	4	11541
2722	-2	4	11545
2723	-2	4	11549
2724	-2	4	11553
2725	-2	4	11557
2726	-2	4	11561
2727	-2	4	11565
2728	-2	4	11569
2729	-2	4	11573
2730	-2	4	11577
2731	-4	6	11583
2732	-2	4	11587
2733	-4	6	11593
2734	-2	4	11597
2735	-2	4	11601
2736	-2	4	11605
2737	-2	4	11609
2738	-2	4	11613
2739	-2	4	11617
2740	-2	4	11621
2741	-2	4	11625
2742	-2	4	11629
2743	-2	4	11633
2744	-2	4	11637
2745	-2	4	11641
2746	-2	4	11645
2747	-2	4	11649
2748	-2	4	11653
2749	-2	4	11657
2750	-2	4	11661
2751	-2	4	11665
2752	-2	4	11669
2753	-2	4	11673
2754	-2	4	11677
2755	-2	4	11681
2756	-2	4	11685
2757	-2	4	11689
2758	-2	4	11693
2759	-2	4	11697
2760	-2	4	11701
2761	-2	4	11705
2762	-2	4	11709
2763	-2	4	11713
2764	-2	4	11717
2765	-2	4	11721
2766	-2	4	11725
2767	-2	4	11729
2768	-2	4	11733
2769	-2	4	11737
2770	-2	4	11741
2771	-2	4	11745
2772	-2	4	11749
2773	-2	4	11753
2774	-4	6	11759
2775	-2	4	11763
2776	-2	4	11767
2777	-2	4	11771
2778	-2	4	11775
2779	-2	4	11779
2780	-2	4	11783
2781	-3	5	11788
2782	-2	4	11792
2783	-2	4	11796
2784	-2	4	11800
2785	-3	5	11805
2786	-2	4	11809
2787	-2	4	11813
2788	-2	4	11817
2789	-2	4	11821
2790	-2	4	11825
2791	-2	4	11829
2792	-2	4	11833
2793	-2	4	11837
2794	-2	4	11841
2795	-2	4	11845
2796	-4	6	11851
2797	-2	4	11855
2798	-2	4	11859
2799	-2	4	11863
2800	-2	4	11867
2801	-2	4	11871
2802	-2	4	11875
2803	-2	4	11879
2804	-2	4	11883
2805	-2	4	11887
2806	-3	5	11892
2807	-2	4	11896
2808	-2	4	11900
2809	-2	4	11904
2810	-2	4	11908
2811	-2	4	11912
2812	-2	4	11916
2813	-2	4	11920
2814	-2	4	11924
2815	-2	4	11928
2816	-3	5	11933
2817	-2	4	11937
2818	-2	4	11941
2819	-2	4	11945
2820	-2	4	11949
2821	-2	4	11953
2822	-2	4	11957
2823	-2	4	11961
2824	-2	4	11965
2825	-2	4	11969
2826	-2	4	11973
2827	-2	4	11977
2828	-2	4	11981
2829	-2	4	11985
2830	-4	6	11991
2831	-4	6	11997
2832	-2	4	12001
2833	-2	4	12005
2834	-2	4	12009
2835	-2	4	12013
2836	-2	4	12017
2837	-2	4	12021
2838	-2	4	12025
2839	-2	4	12029
2840	-2	4	12033
2841	-2	4	12037
2842	-2	4	12041
2843	-2	4	12045
2844	-2	4	12049
2845	-2	4	12053
2846	-2	4	12057
2847	-2	4	12061
2848	-2	4	12065
2849	-2	4	12069
2850	-2	4	12073
2851	-2	4	12077
2852	-2	4	12081
2853	-2	4	12085
2854	-2	4	12089
2855	-2	4	12093
2856	-2	4	12097
2857	-2	4	12101
2858	-2	4	12105
2859	-2	4	12109
2860	-4	6	12115
2861	-2	4	12119
2862	-2	4	12123
2863	-2	4	12127
2864	-2	4	12131
2865	-2	4	12135
2866	-2	4	12139
2867	-2	4	12143
2868	-2	4	12147
2869	-2	4	12151
2870	-2	4	12155
2871	-2	4	12159
2872	-2	4	12163
2873	-2	4	12167
2874	-2	4	12171
2875	-2	4	12175
2876	-2	4	12179
2877	-2	4	12183
2878	-2	4	12187
2879	-2	4	12191
2880	-2	4	12195
2881	-2	4	12199
2882	-2	4	12203
2883	-2	4	12207
2884	-2	4	12211
2885	-4	6	12217
2886	-2	4	12221
2887	-2	4	12225
2888	-3	5	12230
2889	-2	4	12234
2890	-2	4	12238
2891	-5	7	12245
2892	-2	4	12249
2893	-2	4	12253
2894	-2	4	12257
2895	-2	4	12261
2896	-2	4	12265
2897	-2	4	12269
2898	-6	8	12277
2899	-2	4	12281
2900	-4	6	12287
2901	-2	4	12291
2902	-2	4	12295
2903	-2	4	12299
2904	-2	4	12303
2905	-2	4	12307
2906	-2	4	12311
2907	-2	4	12315
2908	-4	6	12321
2909	-2	4	12325
2910	-2	4	12329
2911	-2	4	12333
2912	-2	4	12337
2913	-2	4	12341
2914	-2	4	12345
2915	-2	4	12349
2916	-2	4	12353
2917	-2	4	12357
2918	-2	4	12361
2919	-2	4	12365
2920	-2	4	12369
2921	-2	4	12373
2922	-2	4	12377
2923	-2	4	12381
2924	-2	4	12385
2925	-2	4	12389
2926	-2	4	12393
2927	-2	4	12397
2928	-2	4	12401
2929	-2	4	12405
2930	-2	4	12409
2931	-2	4	12413
2932	-2	4	12417
2933	-2	4	12421
2934	-2	4	12425
2935	-2	4	12429
2936	-2	4	12433
2937	-2	4	12437
2938	-2	4	12441
2939	-2	4	12445
2940	-2	4	12449
2941	-2	4	12453
2942	-2	4	12457
2943	-2	4	12461
2944	-2	4	12465
2945	-2	4	12469
2946	-2	4	12473
2947	-2	4	12477
2948	-2	4	12481
2949	-2	4	12485
2950	-2	4	12489
2951	-2	4	12493
2952	-2	4	12497
2953	-2	4	12501
2954	-2	4	12505
2955	-7	9	12514
2956	-2	4	12518
2957	-2	4	12522
2958	-4	6	12528
2959	-2	4	12532
2960	-2	4	12536
2961	-2	4	12540
2962	-2	4	12544
2963	-2	4	12548
2964	-2	4	12552
2965	-2	4	12556
2966	-2	4	12560
2967	-2	4	12564
2968	-2	4	12568
2969	-2	4	12572
2970	-2	4	12576
2971	-2	4	12580
2972	-2	4	12584
2973	-2	4	12588
2974	-2	4	12592
2975	-2	4	12596
2976	-2	4	12600
2977	-2	4	12604
2978	-2	4	12608
2979	-2	4	12612
2980	-2	4	12616
2981	-2	4	12620
2982	-2	4	12624
2983	-2	4	12628
2984	-2	4	12632
2985	-2	4	12636
2986	-2	4	12640
2987	-4	6	12646
2988	-2	4	12650
2989	-2	4	12654
2990	-2	4	12658
2991	-6	8	12666
2992	-2	4	12670
2993	-2	4	12674
2994	-2	4	12678
2995	-2	4	12682
2996	-2	4	12686
2997	-2	4	12690
2998	-2	4	12694
2999	-2	4	12698
3000	-4	6	12704
3001	-2	4	12708
3002	-2	4	12712
3003	-2	4	12716
3004	-2	4	12720
3005	-7	9	12729
3006	-2	4	12733
3007	-2	4	12737
3008	-2	4	12741
3009	-2	4	12745
3010	-2	4	12749
3011	-2	4	12753
3012	-2	4	12757
3013	-2	4	12761
3014	-2	4	12765
3015	-2	4	12769
3016	-2	4	12773
3017	-2	4	12777
3018	-2	4	12781
3019	-2	4	12785
3020	-2	4	12789
3021	-2	4	12793
3022	-2	4	12797
3023	-2	4	12801
3024	-2	4	12805
3025	-2	4	12809
3026	-2	4	12813
3027	-2	4	12817
3028	-2	4	12821
3029	-2	4	12825
3030	-2	4	12829
3031	-2	4	12833
3032	-2	4	12837
3033	-2	4	12841
3034	-2	4	12845
3035	-4	6	12851
3036	-2	4	12855
3037	-2	4	12859
3038	-4	6	12865
3039	-2	4	12869
3040	-4	6	12875
3041	-2	4	12879
3042	-2	4	12883
3043	-2	4	12887
3044	-2	4	12891
3045	-2	4	12895
3046	-2	4	12899
3047	-2	4	12903
3048	-2	4	12907
3049	-2	4	12911
3050	-2	4	12915
3051	-2	4	12919
3052	-2	4	12923
3053	-2	4	12927
3054	-2	4	12931
3055	-2	4	12935
3056	-2	4	12939
3057	-2	4	12943
3058	-2	4	12947
3059	-2	4	12951
3060	-2	4	12955
3061	-2	4	12959
3062	-2	4	12963
3063	-2	4	12967
3064	-4	6	12973
3065	-2	4	12977
3066	-2	4	12981
3067	-2	4	12985
3068	-2	4	12989
3069	-4	6	12995
3070	-4	6	13001
3071	-2	4	13005
3072	-2	4	13009
3073	-2	4	13013
3074	-2	4	13017
3075	-2	4	13021
3076	-2	4	13025
3077	-2	4	13029
3078	-2	4	13033
3079	-4	6	13039
3080	-2	4	13043
3081	-2	4	13047
3082	-2	4	13051
3083	-2	4	13055
3084	-2	4	13059
3085	-2	4	13063
3086	-2	4	13067
3087	-2	4	13071
3088	-2	4	13075
3089	-2	4	13079
3090	-2	4	13083
3091	-2	4	13087
3092	-2	4	13091
3093	-3	5	13096
3094	-2	4	13100
3095	-2	4	13104
3096	-2	4	13108
3097	-2	4	13112
3098	-2	4	13116
3099	-2	4	13120
3100	-2	4	13124
3101	-2	4	13128
3102	-2	4	13132
3103	-2	4	13136
3104	-2	4	13140
3105	-2	4	13144
3106	-2	4	13148
3107	-2	4	13152
3108	-2	4	13156
3109	-2	4	13160
3110	-2	4	13164
3111	-2	4	13168
3112	-2	4	13172
3113	-2	4	13176
3114	-4	6	13182
3115	-2	4	13186
3116	-4	6	13192
3117	-3	5	13197
3118	-2	4	13201
3119	-2	4	13205
3120	-2	4	13209
3121	-4	6	13215
3122	-2	4	13219
3123	-4	6	13225
3124	-2	4	13229
3125	-2	4	13233
3126	-2	4	13237
3127	-2	4	13241
3128	-2	4	13245
3129	-2	4	13249
3130	-2	4	13253
3131	-5	7	13260
3132	-2	4	13264
3133	-2	4	13268
3134	-2	4	13272
3135	-2	4	13276
3136	-2	4	13280
3137	-2	4	13284
3138	-2	4	13288
3139	-2	4	13292
3140	-2	4	13296
3141	-2	4	13300
3142	-2	4	13304
3143	-2	4	13308
3144	-2	4	13312
3145	-2	4	13316
3146	-2	4	13320
3147	-4	6	13326
3148	-2	4	13330
3149	-2	4	13334
3150	-2	4	13338
3151	-2	4	13342
3152	-2	4	13346
3153	-2	4	13350
3154	-2	4	13354
3155	-4	6	13360
3156	-2	4	13364
3157	-2	4	13368
3158	-2	4	13372
3159	-2	4	13376
3160	-2	4	13380
3161	-2	4	13384
3162	-2	4	13388
3163	-2	4	13392
3164	-2	4	13396
3165	-2	4	13400
3166	-2	4	13404
3167	-2	4	13408
3168	-2	4	13412
3169	-2	4	13416
3170	-2	4	13420
3171	-2	4	13424
3172	-2	4	13428
3173	-2	4	13432
3174	-2	4	13436
3175	-2	4	13440
3176	-2	4	13444
3177	-2	4	13448
3178	-2	4	13452
3179	-2	4	13456
3180	-4	6	13462
3181	-2	4	13466
3182	-2	4	13470
3183	-2	4	13474
3184	-2	4	13478
3185	-2	4	13482
3186	-4	6	13488
3187	-2	4	13492
3188	-2	4	13496
3189	-4	6	13502
3190	-2	4	13506
3191	-2	4	13510
3192	-2	4	13514
3193	-2	4	13518
3194	-2	4	13522
3195	-2	4	13526
3196	-2	4	13530
3197	-2	4	13534
3198	-2	4	13538
3199	-2	4	13542
3200	-4	6	13548
3201	-2	4	13552
3202	-2	4	13556
3203	-2	4	13560
3204	-2	4	13564
3205	-2	4	13568
3206	-2	4	13572
3207	-2	4	13576
3208	-2	4	13580
3209	-2	4	13584
3210	-4	6	13590
3211	-2	4	13594
3212	-2	4	13598
3213	-2	4	13602
3214	-2	4	13606
3215	-2	4	13610
3216	-2	4	13614
3217	-2	4	13618
3218	-4	6	13624
3219	-2	4	13628
3220	-2	4	13632
3221	-2	4	13636
3222	-2	4	13640
3223	-2	4	13644
3224	-4	6	13650
3225	-2	4	13654
3226	-2	4	13658
3227	-2	4	13662
3228	-2	4	13666
3229	-2	4	13670
3230	-2	4	13674
3231	-2	4	13678
3232	-2	4	13682
3233	-2	4	13686
3234	-2	4	13690
3235	-2	4	13694
3236	-2	4	13698
3237	-2	4	13702
3238	-2	4	13706
3239	-2	4	13710
3240	-2	4	13714
3241	-2	4	13718
3242	-2	4	13722
3243	-2	4	13726
3244	-2	4	13730
3245	-2	4	13734
3246	-2	4	13738
3247	-2	4	13742
3248	-2	4	13746
3249	-2	4	13750
3250	-4	6	13756
3251	-2	4	13760
3252	-2	4	13764
3253	-2	4	13768
3254	-4	6	13774
3255	-2	4	13778
3256	-2	4	13782
3257	-2	4	13786
3258	-2	4	13790
3259	-2	4	13794
3260	-2	4	13798
3261	-2	4	13802
3262	-2	4	13806
3263	-2	4	13810
3264	-4	6	13816
3265	-2	4	13820
3266	-2	4	13824
3267	-2	4	13828
3268	-2	4	13832
3269	-2	4	13836
3270	-2	4	13840
3271	-4	6	13846
3272	-2	4	13850
3273	-2	4	13854
3274	-2	4	13858
3275	-4	6	13864
3276	-2	4	13868
3277	-2	4	13872
3278	-4	6	13878
3279	-2	4	13882
3280	-2	4	13886
3281	-2	4	13890
3282	-2	4	13894
3283	-2	4	13898
3284	-2	4	13902
3285	-2	4	13906
3286	-4	6	13912
3287	-2	4	13916
3288	-2	4	13920
3289	-6	8	13928
3290	-4	6	13934
3291	-2	4	13938
3292	-2	4	13942
3293	-2	4	13946
3294	-2	4	13950
3295	-2	4	13954
3296	-2	4	13958
3297	-2	4	13962
3298	-2	4	13966
3299	-2	4	13970
3300	-2	4	13974
3301	-2	4	13978
3302	-2	4	13982
3303	-2	4	13986
3304	-2	4	13990
3305	-4	6	13996
3306	-2	4	14000
3307	-2	4	14004
3308	-2	4	14008
3309	-2	4	14012
3310	-2	4	14016
3311	-2	4	14020
3312	-2	4	14024
3313	-2	4	14028
3314	-2	4	14032
3315	-2	4	14036
3316	-2	4	14040
3317	-2	4	14044
3318	-2	4	14048
3319	-2	4	14052
3320	-2	4	14056
3321	-2	4	14060
3322	-2	4	14064
3323	-2	4	14068
3324	-2	4	14072
3325	-2	4	14076
3326	-2	4	14080
3327	-2	4	14084
3328	-2	4	14088
3329	-3	5	14093
3330	-2	4	14097
3331	-2	4	14101
3332	-2	4	14105
3333	-2	4	14109
3334	-2	4	14113
3335	-2	4	14117
3336	-2	4	14121
3337	-2	4	14125
3338	-2	4	14129
3339	-2	4	14133
3340	-4	6	14139
3341	-2	4	14143
3342	-2	4	14147
3343	-2	4	14151
3344	-4	6	14157
3345	-2	4	14161
3346	-2	4	14165
3347	-2	4	14169
3348	-2	4	14173
3349	-2	4	14177
3350	-2	4	14181
3351	-2	4	14185
3352	-2	4	14189
3353	-2	4	14193
3354	-2	4	14197
3355	-2	4	14201
3356	-4	6	14207
3357	-2	4	14211
3358	-2	4	14215
3359	-2	4	14219
3360	-2	4	14223
3361	-2	4	14227
3362	-2	4	14231
3363	-2	4	14235
3364	-2	4	14239
3365	-2	4	14243
3366	-2	4	14247
3367	-2	4	14251
3368	-4	6	14257
3369	-2	4	14261
3370	-2	4	14265
3371	-2	4	14269
3372	-2	4	14273
3373	-2	4	14277
3374	-2	4	14281
3375	-2	4	14285
3376	-2	4	14289
3377	-2	4	14293
3378	-2	4	14297
3379	-2	4	14301
3380	-2	4	14305
3381	-2	4	14309
3382	-6	8	14317
3383	-2	4	14321
3384	-2	4	14325
3385	-2	4	14329
3386	-2	4	14333
3387	-2	4	14337
3388	-2	4	14341
3389	-2	4	14345
3390	-2	4	14349
3391	-2	4	14353
3392	-4	6	14359
3393	-2	4	14363
3394	-2	4	14367
3395	-2	4	14371
3396	-2	4	14375
3397	-2	4	14379
3398	-2	4	14383
3399	-2	4	14387
3400	-2	4	14391
3401	-2	4	14395
3402	-2	4	14399
3403	-2	4	14403
3404	-2	4	14407
3405	-2	4	14411
3406	-4	6	14417
3407	-2	4	14421
3408	-2	4	14425
3409	-3	5	14430
3410	-3	5	14435
3411	-2	4	14439
3412	-4	6	14445
3413	-2	4	14449
3414	-2	4	14453
3415	-2	4	14457
3416	-4	6	14463
3417	-4	6	14469
3418	-2	4	14473
3419	-2	4	14477
3420	-2	4	14481
3421	-4	6	14487
3422	-2	4	14491
3423	-2	4	14495
3424	-2	4	14499
3425	-2	4	14503
3426	-2	4	14507
3427	-2	4	14511
3428	-2	4	14515
3429	-2	4	14519
3430	-2	4	14523
3431	-2	4	14527
3432	-2	4	14531
3433	-4	6	14537
3434	-3	5	14542
3435	-2	4	14546
3436	-2	4	14550
3437	-4	6	14556
3438	-4	6	14562
3439	-2	4	14566
3440	-4	6	14572
3441	-2	4	14576
3442	-2	4	14580
3443	-2	4	14584
3444	-2	4	14588
3445	-2	4	14592
3446	-2	4	14596
3447	-2	4	14600
3448	-2	4	14604
3449	-2	4	14608
3450	-2	4	14612
3451	-2	4	14616
3452	-2	4	14620
3453	-2	4	14624
3454	-2	4	14628
3455	-2	4	14632
3456	-2	4	14636
3457	-2	4	14640
3458	-2	4	14644
3459	-2	4	14648
3460	-2	4	14652
3461	-2	4	14656
3462	-2	4	14660
3463	-2	4	14664
3464	-2	4	14668
3465	-2	4	14672
3466	-2	4	14676
3467	-2	4	14680
3468	-2	4	14684
3469	-2	4	14688
3470	-2	4	14692
3471	-2	4	14696
3472	-2	4	14700
3473	-2	4	14704
3474	-2	4	14708
3475	-2	4	14712
3476	-2	4	14716
3477	-2	4	14720
3478	-2	4	14724
3479	-2	4	14728
3480	-2	4	14732
3481	-2	4	14736
3482	-2	4	14740
3483	-2	4	14744
3484	-2	4	14748
3485	-2	4	14752
3486	-2	4	14756
3487	-2	4	14760
3488	-2	4	14764
3489	-2	4	14768
3490	-2	4	14772
3491	-2	4	14776
3492	-2	4	14780
3493	-2	4	14784
3494	-2	4	14788
3495	-3	5	14793
3496	-2	4	14797
3497	-2	4	14801
3498	-2	4	14805
3499	-2	4	14809
3500	-2	4	14813
3501	-2	4	14817
3502	-2	4	14821
3503	-4	6	14827
3504	-2	4	14831
3505	-2	4	14835
3506	-2	4	14839
3507	-2	4	14843
3508	-2	4	14847
3509	-2	4	14851
3510	-2	4	14855
3511	-2	4	14859
3512	-2	4	14863
3513	-2	4	14867
3514	-2	4	14871
3515	-2	4	14875
3516	-2	4	14879
3517	-2	4	14883
3518	-2	4	14887
3519	-2	4	14891
3520	-2	4	14895
3521	-2	4	14899
3522	-2	4	14903
3523	-2	4	14907
3524	-2	4	14911
3525	-2	4	14915
3526	-4	6	14921
3527	-2	4	14925
3528	-2	4	14929
3529	-2	4	14933
3530	-4	6	14939
3531	-2	4	14943
3532	-2	4	14947
3533	-4	6	14953
3534	-2	4	14957
3535	-2	4	14961
3536	-4	6	14967
3537	-2	4	14971
3538	-2	4	14975
3539	-2	4	14979
3540	-2	4	14983
3541	-2	4	14987
3542	-2	4	14991
3543	-2	4	14995
3544	-2	4	14999
3545	-2	4	15003
3546	-2	4	15007
3547	-2	4	15011
3548	-2	4	15015
3549	-2	4	15019
3550	-2	4	15023
3551	-2	4	15027
3552	-2	4	15031
3553	-2	4	15035
3554	-2	4	15039
3555	-4	6	15045
3556	-2	4	15049
3557	-2	4	15053
3558	-2	4	15057
3559	-2	4	15061
3560	-2	4	15065
3561	-2	4	15069
3562	-2	4	15073
3563	-2	4	15077
3564	-2	4	15081
3565	-2	4	15085
3566	-2	4	15089
3567	-2	4	15093
3568	-2	4	15097
3569	-2	4	15101
3570	-4	6	15107
3571	-2	4	15111
3572	-2	4	15115
3573	-2	4	15119
3574	-2	4	15123
3575	-2	4	15127
3576	-2	4	15131
3577	-2	4	15135
3578	-2	4	15139
3579	-2	4	15143
3580	-3	5	15148
3581	-2	4	15152
3582	-2	4	15156
3583	-4	6	15162
3584	-3	5	15167
3585	-2	4	15171
3586	-2	4	15175
3587	-2	4	15179
3588	-2	4	15183
3589	-2	4	15187
3590	-2	4	15191
3591	-2	4	15195
3592	-2	4	15199
3593	-2	4	15203
3594	-2	4	15207
3595	-3	5	15212
3596	-2	4	15216
3597	-2	4	15220
3598	-2	4	15224
3599	-2	4	15228
3600	-2	4	15232
3601	-2	4	15236
3602	-2	4	15240
3603	-2	4	15244
3604	-2	4	15248
3605	-2	4	15252
3606	-2	4	15256
3607	-2	4	15260
3608	-2	4	15264
3609	-2	4	15268
3610	-2	4	15272
3611	-2	4	15276
3612	-2	4	15280
3613	-2	4	15284
3614	-2	4	15288
3615	-2	4	15292
3616	-2	4	15296
3617	-4	6	15302
3618	-4	6	15308
3619	-2	4	15312
3620	-2	4	15316
3621	-2	4	15320
3622	-2	4	15324
3623	-2	4	15328
3624	-2	4	15332
3625	-4	6	15338
3626	-2	4	15342
3627	-2	4	15346
3628	-2	4	15350
3629	-2	4	15354
3630	-2	4	15358
3631	-2	4	15362
3632	-2	4	15366
3633	-4	6	15372
3634	-2	4	15376
3635	-4	6	15382
3636	-2	4	15386
3637	-2	4	15390
3638	-4	6	15396
3639	-2	4	15400
3640	-2	4	15404
3641	-2	4	15408
3642	-2	4	15412
3643	-4	6	15418
3644	-2	4	15422
3645	-2	4	15426
3646	-2	4	15430
3647	-2	4	15434
3648	-2	4	15438
3649	-2	4	15442
3650	-2	4	15446
3651	-4	6	15452
3652	-2	4	15456
3653	-4	6	15462
3654	-2	4	15466
3655	-2	4	15470
3656	-3	5	15475
3657	-2	4	15479
3658	-2	4	15483
3659	-2	4	15487
3660	-2	4	15491
3661	-2	4	15495
3662	-2	4	15499
3663	-4	6	15505
3664	-2	4	15509
3665	-2	4	15513
3666	-2	4	15517
3667	-2	4	15521
3668	-2	4	15525
3669	-2	4	15529
3670	-2	4	15533
3671	-2	4	15537
3672	-2	4	15541
3673	-2	4	15545
3674	-2	4	15549
3675	-2	4	15553
3676	-2	4	15557
3677	-2	4	15561
3678	-2	4	15565
3679	-2	4	15569
3680	-2	4	15573
3681	-2	4	15577
3682	-2	4	15581
3683	-2	4	15585
3684	-2	4	15589
3685	-2	4	15593
3686	-2	4	15597
3687	-2	4	15601
3688	-2	4	15605
3689	-2	4	15609
3690	-2	4	15613
3691	-2	4	15617
3692	-2	4	15621
3693	-2	4	15625
3694	-2	4	15629
3695	-2	4	15633
3696	-4	6	15639
3697	-2	4	15643
3698	-4	6	15649
3699	-2	4	15653
3700	-2	4	15657
3701	-2	4	15661
3702	-2	4	15665
3703	-2	4	15669
3704	-2	4	15673
3705	-2	4	15677
3706	-2	4	15681
3707	-2	4	15685
3708	-4	6	15691
3709	-2	4	15695
3710	-2	4	15699
3711	-2	4	15703
3712	-2	4	15707
3713	-2	4	15711
3714	-2	4	15715
3715	-2	4	15719
3716	-2	4	15723
3717	-2	4	15727
3718	-2	4	15731
3719	-2	4	15735
3720	-2	4	15739
3721	-2	4	15743
3722	-2	4	15747
3723	-2	4	15751
3724	-2	4	15755
3725	-2	4	15759
3726	-2	4	15763
3727	-2	4	15767
3728	-4	6	15773
3729	-2	4	15777
3730	-2	4	15781
3731	-2	4	15785
3732	-2	4	15789
3733	-2	4	15793
3734	-2	4	15797
3735	-2	4	15801
3736	-2	4	15805
3737	-2	4	15809
3738	-2	4	15813
3739	-2	4	15817
3740	-2	4	15821
3741	-2	4	15825
3742	-2	4	15829
3743	-2	4	15833
3744	-2	4	15837
3745	-4	6	15843
3746	-3	5	15848
3747	-2	4	15852
3748	-2	4	15856
3749	-2	4	15860
3750	-2	4	15864
3751	-2	4	15868
3752	-2	4	15872
3753	-2	4	15876
3754	-2	4	15880
3755	-2	4	15884
3756	-2	4	15888
3757	-2	4	15892
3758	-2	4	15896
3759	-2	4	15900
3760	-2	4	15904
3761	-2	4	15908
3762	-2	4	15912
3763	-2	4	15916
3764	-2	4	15920
3765	-2	4	15924
3766	-2	4	15928
3767	-2	4	15932
3768	-2	4	15936
3769	-2	4	15940
3770	-4	6	15946
3771	-2	4	15950
3772	-2	4	15954
3773	-2	4	15958
3774	-2	4	15962
3775	-2	4	15966
3776	-2	4	15970
3777	-2	4	15974
3778	-2	4	15978
3779	-2	4	15982
3780	-2	4	15986
3781	-2	4	15990
3782	-2	4	15994
3783	-4	6	16000
3784	-2	4	16004
3785	-2	4	16008
3786	-2	4	16012
3787	-2	4	16016
3788	-2	4	16020
3789	-2	4	16024
3790	-2	4	16028
3791	-2	4	16032
3792	-2	4	16036
3793	-2	4	16040
3794	-2	4	16044
3795	-2	4	16048
3796	-2	4	16052
3797	-2	4	16056
3798	-2	4	16060
3799	-2	4	16064
3800	-2	4	16068
3801	-2	4	16072
3802	-2	4	16076
3803	-2	4	16080
3804	-2	4	16084
3805	-2	4	16088
3806	-4	6	16094
3807	-2	4	16098
3808	-2	4	16102
3809	-2	4	16106
3810	-2	4	16110
3811	-2	4	16114
3812	-2	4	16118
3813	-2	4	16122
3814	-2	4	16126
3815	-2	4	16130
3816	-2	4	16134
3817	-2	4	16138
3818	-2	4	16142
3819	-2	4	16146
3820	-2	4	16150
3821	-2	4	16154
3822	-2	4	16158
3823	-2	4	16162
3824	-2	4	16166
3825	-2	4	16170
3826	-2	4	16174
3827	-2	4	16178
3828	-2	4	16182
3829	-2	4	16186
3830	-2	4	16190
3831	-2	4	16194
3832	-2	4	16198
3833	-2	4	16202
3834	-2	4	16206
3835	-2	4	16210
3836	-2	4	16214
3837	-2	4	16218
3838	-2	4	16222
3839	-2	4	16226
3840	-2	4	16230
3841	-2	4	16234
3842	-2	4	16238
3843	-2	4	16242
3844	-2	4	16246
3845	-2	4	16250
3846	-2	4	16254
3847	-2	4	16258
3848	-2	4	16262
3849	-2	4	16266
3850	-2	4	16270
3851	-2	4	16274
3852	-2	4	16278
3853	-2	4	16282
3854	-2	4	16286
3855	-2	4	16290
3856	-2	4	16294
3857	-2	4	16298
3858	-3	5	16303
3859	-2	4	16307
3860	-2	4	16311
3861	-2	4	16315
3862	-2	4	16319
3863	-2	4	16323
3864	-2	4	16327
3865	-2	4	16331
3866	-2	4	16335
3867	-2	4	16339
3868	-2	4	16343
3869	-2	4	16347
3870	-2	4	16351
3871	-2	4	16355
3872	-2	4	16359
3873	-4	6	16365
3874	-2	4	16369
3875	-2	4	16373
3876	-2	4	16377
3877	-2	4	16381
3878	-2	4	16385
3879	-2	4	16389
3880	-2	4	16393
3881	-2	4	16397
3882	-2	4	16401
3883	-2	4	16405
3884	-2	4	16409
3885	-2	4	16413
3886	-2	4	16417
3887	-2	4	16421
3888	-2	4	16425
3889	-2	4	16429
3890	-2	4	16433
3891	-2	4	16437
3892	-3	5	16442
3893	-2	4	16446
3894	-2	4	16450
3895	-2	4	16454
3896	-2	4	16458
3897	-2	4	16462
3898	-2	4	16466
3899	-2	4	16470
3900	-2	4	16474
3901	-2	4	16478
3902	-2	4	16482
3903	-2	4	16486
3904	-2	4	16490
3905	-2	4	16494
3906	-2	4	16498
3907	-2	4	16502
3908	-2	4	16506
3909	-2	4	16510
3910	-2	4	16514
3911	-2	4	16518
3912	-2	4	16522
3913	-2	4	16526
3914	-2	4	16530
3915	-2	4	16534
3916	-2	4	16538
3917	-2	4	16542
3918	-2	4	16546
3919	-2	4	16550
3920	-2	4	16554
3921	-2	4	16558
3922	-2	4	16562
3923	-2	4	16566
3924	-2	4	16570
3925	-2	4	16574
3926	-2	4	16578
3927	-2	4	16582
3928	-2	4	16586
3929	-2	4	16590
3930	-2	4	16594
3931	-2	4	16598
3932	-2	4	16602
3933	-2	4	16606
3934	-2	4	16610
3935	-6	8	16618
3936	-2	4	16622
3937	-2	4	16626
3938	-2	4	16630
3939	-2	4	16634
3940	-2	4	16638
3941	-2	4	16642
3942	-2	4	16646
3943	-2	4	16650
3944	-2	4	16654
3945	-2	4	16658
3946	-2	4	16662
3947	-2	4	16666
3948	-2	4	16670
3949	-2	4	16674
3950	-2	4	16678
3951	-2	4	16682
3952	-2	4	16686
3953	-2	4	16690
3954	-2	4	16694
3955	-2	4	16698
3956	-2	4	16702
3957	-2	4	16706
3958	-2	4	16710
3959	-2	4	16714
3960	-2	4	16718
3961	-4	6	16724
3962	-2	4	16728
3963	-2	4	16732
3964	-2	4	16736
3965	-2	4	16740
3966	-2	4	16744
3967	-2	4	16748
3968	-2	4	16752
3969	-2	4	16756
3970	-2	4	16760
3971	-2	4	16764
3972	-2	4	16768
3973	-2	4	16772
3974	-2	4	16776
3975	-4	6	16782
3976	-2	4	16786
3977	-2	4	16790
3978	-2	4	16794
3979	-2	4	16798
3980	-2	4	16802
3981	-2	4	16806
3982	-2	4	16810
3983	-5	7	16817
3984	-2	4	16821
3985	-2	4	16825
3986	-2	4	16829
3987	-2	4	16833
3988	-2	4	16837
3989	-2	4	16841
3990	-2	4	16845
3991	-4	6	16851
3992	-3	5	16856
3993	-2	4	16860
3994	-2	4	16864
3995	-2	4	16868
3996	-2	4	16872
3997	-2	4	16876
3998	-4	6	16882
3999	-2	4	16886
4000	-2	4	16890
4001	-2	4	16894
4002	-2	4	16898
4003	-2	4	16902
4004	-2	4	16906
4005	-2	4	16910
4006	-2	4	16914
4007	-4	6	16920
4008	-2	4	16924
4009	-4	6	16930
4010	-2	4	16934
4011	-2	4	16938
4012	-2	4	16942
4013	-2	4	16946
4014	-2	4	16950
4015	-8	10	16960
4016	-2	4	16964
4017	-2	4	16968
4018	-2	4	16972
4019	-2	4	16976
4020	-2	4	16980
4021	-2	4	16984
4022	-2	4	16988
4023	-2	4	16992
4024	-2	4	16996
4025	-2	4	17000
4026	-2	4	17004
4027	-2	4	17008
4028	-2	4	17012
4029	-4	6	17018
4030	-2	4	17022
4031	-2	4	17026
4032	-2	4	17030
4033	-4	6	17036
4034	-2	4	17040
4035	-2	4	17044
4036	-4	6	17050
4037	-2	4	17054
4038	-3	5	17059
4039	-7	9	17068
4040	-2	4	17072
4041	-2	4	17076
4042	-2	4	17080
4043	-2	4	17084
4044	-2	4	17088
4045	-2	4	17092
4046	-2	4	17096
4047	-4	6	17102
4048	-2	4	17106
4049	-2	4	17110
4050	-2	4	17114
4051	-2	4	17118
4052	-2	4	17122
4053	-4	6	17128
4054	-2	4	17132
4055	-2	4	17136
4056	-2	4	17140
4057	-2	4	17144
4058	-2	4	17148
4059	-2	4	17152
4060	-2	4	17156
4061	-2	4	17160
4062	-2	4	17164
4063	-2	4	17168
4064	-2	4	17172
4065	-2	4	17176
4066	-2	4	17180
4067	-2	4	17184
4068	-2	4	17188
4069	-2	4	17192
4070	-2	4	17196
4071	-2	4	17200
4072	-2	4	17204
4073	-2	4	17208
4074	-2	4	17212
4075	-2	4	17216
4076	-2	4	17220
4077	-2	4	17224
4078	-2	4	17228
4079	-2	4	17232
4080	-2	4	17236
4081	-2	4	17240
4082	-2	4	17244
4083	-2	4	17248
4084	-2	4	17252
4085	-2	4	17256
4086	-2	4	17260
4087	-2	4	17264
4088	-2	4	17268
4089	-2	4	17272
4090	-2	4	17276
4091	-2	4	17280
4092	-2	4	17284
4093	-2	4	17288
4094	-2	4	17292
4095	-2	4	17296
4096	-2	4	17300
4097	-2	4	17304
4098	-2	4	17308
4099	-2	4	17312
4100	-2	4	17316
4101	-2	4	17320
4102	-5	7	17327
4103	-2	4	17331
4104	-2	4	17335
4105	-2	4	17339
4106	-4	6	17345
4107	-2	4	17349
4108	-2	4	17353
4109	-2	4	17357
4110	-2	4	17361
4111	-2	4	17365
4112	-4	6	17371
4113	-2	4	17375
4114	-2	4	17379
4115	-2	4	17383
4116	-2	4	17387
4117	-2	4	17391
4118	-2	4	17395
4119	-2	4	17399
4120	-2	4	17403
4121	-2	4	17407
4122	-2	4	17411
4123	-2	4	17415
4124	-2	4	17419
4125	-2	4	17423
4126	-2	4	17427
4127	-2	4	17431
4128	-2	4	17435
4129	-2	4	17439
4130	-2	4	17443
4131	-2	4	17447
4132	-2	4	17451
4133	-2	4	17455
4134	-2	4	17459
4135	-2	4	17463
4136	-2	4	17467
4137	-2	4	17471
4138	-2	4	17475
4139	-2	4	17479
4140	-2	4	17483
4141	-2	4	17487
4142	-2	4	17491
4143	-2	4	17495
4144	-2	4	17499
4145	-2	4	17503
4146	-4	6	17509
4147	-2	4	17513
4148	-2	4	17517
4149	-2	4	17521
4150	-2	4	17525
4151	-3	5	17530
4152	-2	4	17534
4153	-2	4	17538
4154	-4	6	17544
4155	-2	4	17548
4156	-2	4	17552
4157	-2	4	17556
4158	-2	4	17560
4159	-2	4	17564
4160	-2	4	17568
4161	-2	4	17572
4162	-2	4	17576
4163	-4	6	17582
4164	-2	4	17586
4165	-2	4	17590
4166	-2	4	17594
4167	-2	4	17598
4168	-2	4	17602
4169	-2	4	17606
4170	-2	4	17610
4171	-2	4	17614
4172	-2	4	17618
4173	-4	6	17624
4174	-2	4	17628
4175	-3	5	17633
4176	-2	4	17637
4177	-2	4	17641
4178	-2	4	17645
4179	-2	4	17649
4180	-2	4	17653
4181	-2	4	17657
4182	-2	4	17661
4183	-2	4	17665
4184	-2	4	17669
4185	-2	4	17673
4186	-2	4	17677
4187	-2	4	17681
4188	-2	4	17685
4189	-2	4	17689
4190	-2	4	17693
4191	-2	4	17697
4192	-3	5	17702
4193	-2	4	17706
4194	-2	4	17710
4195	-2	4	17714
4196	-2	4	17718
4197	-2	4	17722
4198	-2	4	17726
4199	-2	4	17730
4200	-2	4	17734
4201	-4	6	17740
4202	-2	4	17744
4203	-2	4	17748
4204	-2	4	17752
4205	-2	4	17756
4206	-2	4	17760
4207	-2	4	17764
4208	-2	4	17768
4209	-2	4	17772
4210	-2	4	17776
4211	-2	4	17780
4212	-4	6	17786
4213	-2	4	17790
4214	-2	4	17794
4215	-2	4	17798
4216	-2	4	17802
4217	-2	4	17806
4218	-2	4	17810
4219	-2	4	17814
4220	-2	4	17818
4221	-2	4	17822
4222	-2	4	17826
4223	-2	4	17830
4224	-2	4	17834
4225	-2	4	17838
4226	-2	4	17842
4227	-4	6	17848
4228	-2	4	17852
4229	-2	4	17856
4230	-4	6	17862
4231	-2	4	17866
4232	-2	4	17870
4233	-2	4	17874
4234	-2	4	17878
4235	-2	4	17882
4236	-2	4	17886
4237	-2	4	17890
4238	-2	4	17894
4239	-2	4	17898
4240	-2	4	17902
4241	-2	4	17906
4242	-2	4	17910
4243	-2	4	17914
4244	-2	4	17918
4245	-2	4	17922
4246	-2	4	17926
4247	-2	4	17930
4248	-2	4	17934
4249	-2	4	17938
4250	-2	4	17942
4251	-2	4	17946
4252	-2	4	17950
4253	-3	5	17955
4254	-2	4	17959
4255	-2	4	17963
4256	-2	4	17967
4257	-2	4	17971
4258	-2	4	17975
4259	-2	4	17979
4260	-2	4	17983
4261	-2	4	17987
4262	-2	4	17991
4263	-2	4	17995
4264	-2	4	17999
4265	-2	4	18003
4266	-2	4	18007
4267	-2	4	18011
4268	-2	4	18015
4269	-4	6	18021
4270	-2	4	18025
4271	-2	4	18029
4272	-2	4	18033
4273	-4	6	18039
4274	-2	4	18043
4275	-2	4	18047
4276	-2	4	18051
4277	-2	4	18055
4278	-4	6	18061
4279	-2	4	18065
4280	-2	4	18069
4281	-2	4	18073
4282	-2	4	18077
4283	-2	4	18081
4284	-2	4	18085
4285	-2	4	18089
4286	-4	6	18095
4287	-2	4	18099
4288	-2	4	18103
4289	-2	4	18107
4290	-2	4	18111
4291	-2	4	18115
4292	-2	4	18119
4293	-2	4	18123
4294	-2	4	18127
4295	-2	4	18131
4296	-2	4	18135
4297	-2	4	18139
4298	-2	4	18143
4299	-2	4	18147
4300	-2	4	18151
4301	-2	4	18155
4302	-2	4	18159
4303	-4	6	18165
4304	-2	4	18169
4305	-2	4	18173
4306	-4	6	18179
4307	-2	4	18183
4308	-2	4	18187
4309	-2	4	18191
4310	-2	4	18195
4311	-2	4	18199
4312	-2	4	18203
4313	-2	4	18207
4314	-2	4	18211
4315	-2	4	18215
4316	-2	4	18219
4317	-2	4	18223
4318	-2	4	18227
4319	-2	4	18231
4320	-2	4	18235
4321	-2	4	18239
4322	-2	4	18243
4323	-2	4	18247
4324	-2	4	18251
4325	-2	4	18255
4326	-2	4	18259
4327	-2	4	18263
4328	-2	4	18267
4329	-2	4	18271
4330	-2	4	18275
4331	-2	4	18279
4332	-2	4	18283
4333	-2	4	18287
4334	-3	5	18292
4335	-2	4	18296
4336	-2	4	18300
4337	-2	4	18304
4338	-2	4	18308
4339	-2	4	18312
4340	-2	4	18316
4341	-2	4	18320
4342	-2	4	18324
4343	-2	4	18328
4344	-2	4	18332
4345	-2	4	18336
4346	-2	4	18340
4347	-4	6	18346
4348	-2	4	18350
4349	-2	4	18354
4350	-2	4	18358
4351	-4	6	18364
4352	-2	4	18368
4353	-2	4	18372
4354	-4	6	18378
4355	-2	4	18382
4356	-2	4	18386
4357	-2	4	18390
4358	-2	4	18394
4359	-2	4	18398
4360	-2	4	18402
4361	-2	4	18406
4362	-2	4	18410
4363	-2	4	18414
4364	-2	4	18418
4365	-2	4	18422
4366	-2	4	18426
4367	-2	4	18430
4368	-2	4	18434
4369	-2	4	18438
4370	-2	4	18442
4371	-2	4	18446
4372	-2	4	18450
4373	-2	4	18454
4374	-2	4	18458
4375	-2	4	18462
4376	-2	4	18466
4377	-2	4	18470
4378	-2	4	18474
4379	-2	4	18478
4380	-2	4	18482
4381	-2	4	18486
4382	-2	4	18490
4383	-3	5	18495
4384	-2	4	18499
4385	-2	4	18503
4386	-2	4	18507
4387	-2	4	18511
4388	-2	4	18515
4389	-2	4	18519
4390	-2	4	18523
4391	-2	4	18527
4392	-2	4	18531
4393	-2	4	18535
4394	-2	4	18539
4395	-2	4	18543
4396	-4	6	18549
4397	-2	4	18553
4398	-2	4	18557
4399	-2	4	18561
4400	-4	6	18567
4401	-2	4	18571
4402	-2	4	18575
4403	-2	4	18579
4404	-2	4	18583
4405	-2	4	18587
4406	-2	4	18591
4407	-2	4	18595
4408	-2	4	18599
4409	-2	4	18603
4410	-2	4	18607
4411	-2	4	18611
4412	-2	4	18615
4413	-2	4	18619
4414	-2	4	18623
4415	-4	6	18629
4416	-2	4	18633
4417	-2	4	18637
4418	-2	4	18641
4419	-2	4	18645
4420	-2	4	18649
4421	-2	4	18653
4422	-4	6	18659
4423	-2	4	18663
4424	-2	4	18667
4425	-2	4	18671
4426	-3	5	18676
4427	-2	4	18680
4428	-2	4	18684
4429	-2	4	18688
4430	-3	5	18693
4431	-2	4	18697
4432	-2	4	18701
4433	-2	4	18705
4434	-2	4	18709
4435	-2	4	18713
4436	-2	4	18717
4437	-2	4	18721
4438	-3	5	18726
4439	-2	4	18730
4440	-2	4	18734
4441	-2	4	18738
4442	-2	4	18742
4443	-2	4	18746
4444	-2	4	18750
4445	-2	4	18754
4446	-2	4	18758
4447	-2	4	18762
4448	-2	4	18766
4449	-2	4	18770
4450	-2	4	18774
4451	-2	4	18778
4452	-2	4	18782
4453	-2	4	18786
4454	-2	4	18790
4455	-2	4	18794
4456	-2	4	18798
4457	-2	4	18802
4458	-2	4	18806
4459	-2	4	18810
4460	-2	4	18814
4461	-2	4	18818
4462	-4	6	18824
4463	-2	4	18828
4464	-2	4	18832
4465	-2	4	18836
4466	-2	4	18840
4467	-2	4	18844
4468	-2	4	18848
4469	-2	4	18852
4470	-2	4	18856
4471	-2	4	18860
4472	-4	6	18866
4473	-2	4	18870
4474	-2	4	18874
4475	-2	4	18878
4476	-2	4	18882
4477	-2	4	18886
4478	-2	4	18890
4479	-2	4	18894
4480	-2	4	18898
4481	-2	4	18902
4482	-2	4	18906
4483	-2	4	18910
4484	-2	4	18914
4485	-2	4	18918
4486	-2	4	18922
4487	-2	4	18926
4488	-2	4	18930
4489	-2	4	18934
4490	-4	6	18940
4491	-2	4	18944
4492	-2	4	18948
4493	-4	6	18954
4494	-2	4	18958
4495	-2	4	18962
4496	-2	4	18966
4497	-6	8	18974
4498	-2	4	18978
4499	-2	4	18982
4500	-2	4	18986
4501	-2	4	18990
4502	-2	4	18994
4503	-2	4	18998
4504	-2	4	19002
4505	-2	4	19006
4506	-4	6	19012
4507	-2	4	19016
4508	-2	4	19020
4509	-2	4	19024
4510	-2	4	19028
4511	-2	4	19032
4512	-3	5	19037
4513	-2	4	19041
4514	-2	4	19045
4515	-2	4	19049
4516	-2	4	19053
4517	-2	4	19057
4518	-2	4	19061
4519	-2	4	19065
4520	-2	4	19069
4521	-2	4	19073
4522	-2	4	19077
4523	-2	4	19081
4524	-2	4	19085
4525	-2	4	19089
4526	-2	4	19093
4527	-2	4	19097
4528	-2	4	19101
4529	-2	4	19105
4530	-2	4	19109
4531	-3	5	19114
4532	-2	4	19118
4533	-2	4	19122
4534	-2	4	19126
4535	-2	4	19130
4536	-2	4	19134
4537	-2	4	19138
4538	-2	4	19142
4539	-2	4	19146
4540	-2	4	19150
4541	-2	4	19154
4542	-2	4	19158
4543	-2	4	19162
4544	-4	6	19168
4545	-2	4	19172
4546	-2	4	19176
4547	-2	4	19180
4548	-2	4	19184
4549	-2	4	19188
4550	-2	4	19192
4551	-2	4	19196
4552	-2	4	19200
4553	-2	4	19204
4554	-2	4	19208
4555	-2	4	19212
4556	-2	4	19216
4557	-2	4	19220
4558	-2	4	19224
4559	-2	4	19228
4560	-2	4	19232
4561	-6	8	19240
4562	-2	4	19244
4563	-2	4	19248
4564	-2	4	19252
4565	-2	4	19256
4566	-2	4	19260
4567	-2	4	19264
4568	-2	4	19268
4569	-2	4	19272
4570	-2	4	19276
4571	-2	4	19280
4572	-2	4	19284
4573	-2	4	19288
4574	-2	4	19292
4575	-2	4	19296
4576	-2	4	19300
4577	-2	4	19304
4578	-2	4	19308
4579	-2	4	19312
4580	-2	4	19316
4581	-2	4	19320
4582	-2	4	19324
4583	-2	4	19328
4584	-2	4	19332
4585	-2	4	19336
4586	-2	4	19340
4587	-2	4	19344
4588	-2	4	19348
4589	-2	4	19352
4590	-2	4	19356
4591	-2	4	19360
4592	-2	4	19364
4593	-2	4	19368
4594	-2	4	19372
4595	-2	4	19376
4596	-2	4	19380
4597	-2	4	19384
4598	-2	4	19388
4599	-4	6	19394
4600	-2	4	19398
4601	-2	4	19402
4602	-2	4	19406
4603	-2	4	19410
4604	-2	4	19414
4605	-2	4	19418
4606	-4	6	19424
4607	-2	4	19428
4608	-2	4	19432
4609	-2	4	19436
4610	-2	4	19440
4611	-2	4	19444
4612	-2	4	19448
4613	-2	4	19452
4614	-2	4	19456
4615	-2	4	19460
4616	-2	4	19464
4617	-2	4	19468
4618	-2	4	19472
4619	-2	4	19476
4620	-2	4	19480
4621	-2	4	19484
4622	-4	6	19490
4623	-2	4	19494
4624	-2	4	19498
4625	-2	4	19502
4626	-2	4	19506
4627	-2	4	19510
4628	-2	4	19514
4629	-2	4	19518
4630	-2	4	19522
4631	-2	4	19526
4632	-2	4	19530
4633	-2	4	19534
4634	-2	4	19538
4635	-2	4	19542
4636	-2	4	19546
4637	-2	4	19550
4638	-2	4	19554
4639	-2	4	19558
4640	-2	4	19562
4641	-4	6	19568
4642	-2	4	19572
4643	-2	4	19576
4644	-2	4	19580
4645	-2	4	19584
4646	-2	4	19588
4647	-2	4	19592
4648	-2	4	19596
4649	-2	4	19600
4650	-2	4	19604
4651	-6	8	19612
4652	-2	4	19616
4653	-2	4	19620
4654	-2	4	19624
4655	-2	4	19628
4656	-2	4	19632
4657	-2	4	19636
4658	-2	4	19640
4659	-2	4	19644
4660	-2	4	19648
4661	-4	6	19654
4662	-2	4	19658
4663	-2	4	19662
4664	-2	4	19666
4665	-3	5	19671
4666	-2	4	19675
4667	-2	4	19679
4668	-2	4	19683
4669	-2	4	19687
4670	-2	4	19691
4671	-2	4	19695
4672	-2	4	19699
4673	-2	4	19703
4674	-2	4	19707
4675	-2	4	19711
4676	-2	4	19715
4677	-2	4	19719
4678	-2	4	19723
4679	-2	4	19727
4680	-2	4	19731
4681	-2	4	19735
4682	-2	4	19739
4683	-2	4	19743
4684	-2	4	19747
4685	-4	6	19753
4686	-2	4	19757
4687	-2	4	19761
4688	-2	4	19765
4689	-2	4	19769
4690	-2	4	19773
4691	-2	4	19777
4692	-2	4	19781
4693	-2	4	19785
4694	-4	6	19791
4695	-2	4	19795
4696	-2	4	19799
4697	-2	4	19803
4698	-2	4	19807
4699	-2	4	19811
4700	-2	4	19815
4701	-2	4	19819
4702	-2	4	19823
4703	-2	4	19827
4704	-2	4	19831
4705	-2	4	19835
4706	-3	5	19840
4707	-6	8	19848
4708	-2	4	19852
4709	-2	4	19856
4710	-2	4	19860
4711	-2	4	19864
4712	-2	4	19868
4713	-2	4	19872
4714	-2	4	19876
4715	-2	4	19880
4716	-2	4	19884
4717	-2	4	19888
4718	-2	4	19892
4719	-2	4	19896
4720	-2	4	19900
4721	-2	4	19904
4722	-2	4	19908
4723	-2	4	19912
4724	-2	4	19916
4725	-3	5	19921
4726	-4	6	19927
4727	-2	4	19931
4728	-2	4	19935
4729	-2	4	19939
4730	-2	4	19943
4731	-2	4	19947
4732	-2	4	19951
4733	-2	4	19955
4734	-2	4	19959
4735	-2	4	19963
4736	-4	6	19969
4737	-2	4	19973
4738	-2	4	19977
4739	-2	4	19981
4740	-2	4	19985
4741	-2	4	19989
4742	-2	4	19993
4743	-2	4	19997
4744	-2	4	20001
4745	-2	4	20005
4746	-2	4	20009
4747	-2	4	20013
4748	-2	4	20017
4749	-2	4	20021
4750	-2	4	20025
4751	-3	5	20030
4752	-2	4	20034
4753	-2	4	20038
4754	-4	6	20044
4755	-2	4	20048
4756	-2	4	20052
4757	-2	4	20056
4758	-2	4	20060
4759	-2	4	20064
4760	-2	4	20068
4761	-4	6	20074
4762	-2	4	20078
4763	-2	4	20082
4764	-2	4	20086
4765	-3	5	20091
4766	-2	4	20095
4767	-2	4	20099
4768	-2	4	20103
4769	-2	4	20107
4770	-2	4	20111
4771	-2	4	20115
4772	-2	4	20119
4773	-2	4	20123
4774	-2	4	20127
4775	-2	4	20131
4776	-2	4	20135
4777	-2	4	20139
4778	-2	4	20143
4779	-2	4	20147
4780	-4	6	20153
4781	-2	4	20157
4782	-2	4	20161
4783	-2	4	20165
4784	-2	4	20169
4785	-2	4	20173
4786	-2	4	20177
4787	-2	4	20181
4788	-2	4	20185
4789	-2	4	20189
4790	-2	4	20193
4791	-2	4	20197
4792	-2	4	20201
4793	-2	4	20205
4794	-2	4	20209
4795	-2	4	20213
4796	-2	4	20217
4797	-5	7	20224
4798	-4	6	20230
4799	-4	6	20236
4800	-2	4	20240
4801	-2	4	20244
4802	-2	4	20248
4803	-2	4	20252
4804	-2	4	20256
4805	-2	4	20260
4806	-2	4	20264
4807	-2	4	20268
4808	-2	4	20272
4809	-2	4	20276
4810	-2	4	20280
4811	-2	4	20284
4812	-2	4	20288
4813	-2	4	20292
4814	-2	4	20296
4815	-2	4	20300
4816	-2	4	20304
4817	-2	4	20308
4818	-2	4	20312
4819	-2	4	20316
4820	-4	6	20322
4821	-2	4	20326
4822	-2	4	20330
4823	-2	4	20334
4824	-2	4	20338
4825	-2	4	20342
4826	-4	6	20348
4827	-2	4	20352
4828	-2	4	20356
4829	-2	4	20360
4830	-2	4	20364
4831	-2	4	20368
4832	-2	4	20372
4833	-2	4	20376
4834	-2	4	20380
4835	-2	4	20384
4836	-2	4	20388
4837	-2	4	20392
4838	-2	4	20396
4839	-2	4	20400
4840	-2	4	20404
4841	-2	4	20408
4842	-4	6	20414
4843	-2	4	20418
4844	-2	4	20422
4845	-2	4	20426
4846	-2	4	20430
4847	-2	4	20434
4848	-2	4	20438
4849	-2	4	20442
4850	-2	4	20446
4851	-2	4	20450
4852	-2	4	20454
4853	-2	4	20458
4854	-2	4	20462
4855	-2	4	20466
4856	-4	6	20472
4857	-2	4	20476
4858	-2	4	20480
4859	-2	4	20484
4860	-2	4	20488
4861	-2	4	20492
4862	-2	4	20496
4863	-2	4	20500
4864	-2	4	20504
4865	-2	4	20508
4866	-2	4	20512
4867	-2	4	20516
4868	-2	4	20520
4869	-2	4	20524
4870	-2	4	20528
4871	-2	4	20532
4872	-2	4	20536
4873	-2	4	20540
4874	-2	4	20544
4875	-2	4	20548
4876	-2	4	20552
4877	-2	4	20556
4878	-2	4	20560
4879	-2	4	20564
4880	-2	4	20568
4881	-2	4	20572
4882	-2	4	20576
4883	-2	4	20580
4884	-2	4	20584
4885	-2	4	20588
4886	-2	4	20592
4887	-2	4	20596
4888	-2	4	20600
4889	-2	4	20604
4890	-2	4	20608
4891	-2	4	20612
4892	-2	4	20616
4893	-2	4	20620
4894	-2	4	20624
4895	-2	4	20628
4896	-2	4	20632
4897	-2	4	20636
4898	-2	4	20640
4899	-2	4	20644
4900	-2	4	20648
4901	-2	4	20652
4902	-4	6	20658
4903	-2	4	20662
4904	-2	4	20666
4905	-2	4	20670
4906	-2	4	20674
4907	-2	4	20678
4908	-2	4	20682
4909	-2	4	20686
4910	-2	4	20690
4911	-2	4	20694
4912	-2	4	20698
4913	-2	4	20702
4914	-2	4	20706
4915	-2	4	20710
4916	-3	5	20715
4917	-2	4	20719
4918	-2	4	20723
4919	-2	4	20727
4920	-2	4	20731
4921	-2	4	20735
4922	-2	4	20739
4923	-2	4	20743
4924	-2	4	20747
4925	-2	4	20751
4926	-2	4	20755
4927	-4	6	20761
4928	-2	4	20765
4929	-2	4	20769
4930	-2	4	20773
4931	-2	4	20777
4932	-2	4	20781
4933	-2	4	20785
4934	-2	4	20789
4935	-2	4	20793
4936	-2	4	20797
4937	-2	4	20801
4938	-2	4	20805
4939	-6	8	20813
4940	-2	4	20817
4941	-2	4	20821
4942	-2	4	20825
4943	-2	4	20829
4944	-2	4	20833
4945	-2	4	20837
4946	-2	4	20841
4947	-2	4	20845
4948	-2	4	20849
4949	-2	4	20853
4950	-2	4	20857
4951	-2	4	20861
4952	-2	4	20865
4953	-2	4	20869
4954	-2	4	20873
4955	-3	5	20878
4956	-2	4	20882
4957	-2	4	20886
4958	-2	4	20890
4959	-2	4	20894
4960	-2	4	20898
4961	-2	4	20902
4962	-2	4	20906
4963	-2	4	20910
4964	-2	4	20914
4965	-2	4	20918
4966	-4	6	20924
4967	-2	4	20928
4968	-2	4	20932
4969	-4	6	20938
4970	-2	4	20942
4971	-2	4	20946
4972	-3	5	20951
4973	-2	4	20955
4974	-2	4	20959
4975	-2	4	20963
4976	-2	4	20967
4977	-2	4	20971
4978	-2	4	20975
4979	-2	4	20979
4980	-2	4	20983
4981	-2	4	20987
4982	-2	4	20991
4983	-2	4	20995
4984	-2	4	20999
4985	-2	4	21003
4986	-2	4	21007
4987	-2	4	21011
4988	-2	4	21015
4989	-2	4	21019
4990	-2	4	21023
4991	-2	4	21027
4992	-2	4	21031
4993	-2	4	21035
4994	-2	4	21039
4995	-2	4	21043
4996	-2	4	21047
4997	-2	4	21051
4998	-4	6	21057
4999	-2	4	21061
5000	-2	4	21065
5001	-2	4	21069
5002	-2	4	21073
5003	-2	4	21077
5004	-2	4	21081
5005	-2	4	21085
5006	-2	4	21089
5007	-3	5	21094
5008	-2	4	21098
5009	-2	4	21102
5010	-2	4	21106
5011	-2	4	21110
5012	-2	4	21114
5013	-2	4	21118
5014	-3	5	21123
5015	-2	4	21127
5016	-2	4	21131
5017	-4	6	21137
5018	-6	8	21145
5019	-4	6	21151
5020	-2	4	21155
5021	-2	4	21159
5022	-2	4	21163
5023	-2	4	21167
5024	-2	4	21171
5025	-2	4	21175
5026	-2	4	21179
5027	-2	4	21183
5028	-2	4	21187
5029	-2	4	21191
5030	-2	4	21195
5031	-2	4	21199
5032	-2	4	21203
5033	-2	4	21207
5034	-2	4	21211
5035	-2	4	21215
5036	-2	4	21219
5037	-2	4	21223
5038	-2	4	21227
5039	-2	4	21231
5040	-2	4	21235
5041	-2	4	21239
5042	-2	4	21243
5043	-2	4	21247
5044	-2	4	21251
5045	-2	4	21255
5046	-4	6	21261
5047	-2	4	21265
5048	-6	8	21273
5049	-2	4	21277
5050	-2	4	21281
5051	-2	4	21285
5052	-2	4	21289
5053	-2	4	21293
5054	-2	4	21297
5055	-2	4	21301
5056	-2	4	21305
5057	-2	4	21309
5058	-2	4	21313
5059	-2	4	21317
5060	-2	4	21321
5061	-2	4	21325
5062	-2	4	21329
5063	-2	4	21333
5064	-2	4	21337
5065	-2	4	21341
5066	-2	4	21345
5067	-2	4	21349
5068	-2	4	21353
5069	-2	4	21357
5070	-2	4	21361
5071	-2	4	21365
5072	-2	4	21369
5073	-2	4	21373
5074	-2	4	21377
5075	-2	4	21381
5076	-2	4	21385
5077	-5	7	21392
5078	-4	6	21398
5079	-2	4	21402
5080	-2	4	21406
5081	-2	4	21410
5082	-2	4	21414
5083	-2	4	21418
5084	-2	4	21422
5085	-2	4	21426
5086	-2	4	21430
5087	-2	4	21434
5088	-2	4	21438
5089	-2	4	21442
5090	-2	4	21446
5091	-2	4	21450
5092	-2	4	21454
5093	-2	4	21458
5094	-6	8	21466
5095	-2	4	21470
5096	-2	4	21474
5097	-2	4	21478
5098	-2	4	21482
5099	-2	4	21486
5100	-2	4	21490
5101	-2	4	21494
5102	-2	4	21498
5103	-2	4	21502
5104	-4	6	21508
5105	-2	4	21512
5106	-2	4	21516
5107	-2	4	21520
5108	-2	4	21524
5109	-2	4	21528
5110	-2	4	21532
5111	-2	4	21536
5112	-2	4	21540
5113	-2	4	21544
5114	-2	4	21548
5115	-2	4	21552
5116	-2	4	21556
5117	-2	4	21560
5118	-2	4	21564
5119	-2	4	21568
5120	-2	4	21572
5121	-2	4	21576
5122	-2	4	21580
5123	-2	4	21584
5124	-2	4	21588
5125	-2	4	21592
5126	-2	4	21596
5127	-2	4	21600
5128	-2	4	21604
5129	-4	6	21610
5130	-2	4	21614
5131	-2	4	21618
5132	-2	4	21622
5133	-2	4	21626
5134	-2	4	21630
5135	-2	4	21634
5136	-2	4	21638
5137	-2	4	21642
5138	-2	4	21646
5139	-2	4	21650
5140	-3	5	21655
5141	-2	4	21659
5142	-2	4	21663
5143	-2	4	21667
5144	-2	4	21671
5145	-2	4	21675
5146	-2	4	21679
5147	-2	4	21683
5148	-2	4	21687
5149	-2	4	21691
5150	-4	6	21697
5151	-4	6	21703
5152	-2	4	21707
5153	-2	4	21711
5154	-2	4	21715
5155	-2	4	21719
5156	-3	5	21724
5157	-2	4	21728
5158	-2	4	21732
5159	-2	4	21736
5160	-2	4	21740
5161	-2	4	21744
5162	-2	4	21748
5163	-2	4	21752
5164	-2	4	21756
5165	-2	4	21760
5166	-2	4	21764
5167	-2	4	21768
5168	-2	4	21772
5169	-2	4	21776
5170	-3	5	21781
5171	-2	4	21785
5172	-2	4	21789
5173	-2	4	21793
5174	-2	4	21797
5175	-2	4	21801
5176	-2	4	21805
5177	-2	4	21809
5178	-2	4	21813
5179	-2	4	21817
5180	-2	4	21821
5181	-2	4	21825
5182	-2	4	21829
5183	-2	4	21833
5184	-2	4	21837
5185	-2	4	21841
5186	-2	4	21845
5187	-2	4	21849
5188	-2	4	21853
5189	-2	4	21857
5190	-2	4	21861
5191	-2	4	21865
5192	-2	4	21869
5193	-2	4	21873
5194	-2	4	21877
5195	-2	4	21881
5196	-2	4	21885
5197	-2	4	21889
5198	-2	4	21893
5199	-2	4	21897
5200	-2	4	21901
5201	-2	4	21905
5202	-2	4	21909
5203	-2	4	21913
5204	-4	6	21919
5205	-2	4	21923
5206	-2	4	21927
5207	-2	4	21931
5208	-2	4	21935
5209	-2	4	21939
5210	-2	4	21943
5211	-2	4	21947
5212	-2	4	21951
5213	-2	4	21955
5214	-2	4	21959
5215	-2	4	21963
5216	-2	4	21967
5217	-2	4	21971
5218	-2	4	21975
5219	-2	4	21979
5220	-2	4	21983
5221	-2	4	21987
5222	-2	4	21991
5223	-2	4	21995
5224	-2	4	21999
5225	-2	4	22003
5226	-2	4	22007
5227	-2	4	22011
5228	-2	4	22015
5229	-2	4	22019
5230	-2	4	22023
5231	-2	4	22027
5232	-2	4	22031
5233	-2	4	22035
5234	-2	4	22039
5235	-2	4	22043
5236	-2	4	22047
5237	-2	4	22051
5238	-2	4	22055
5239	-2	4	22059
5240	-2	4	22063
5241	-2	4	22067
5242	-2	4	22071
5243	-2	4	22075
5244	-2	4	22079
5245	-2	4	22083
5246	-4	6	22089
5247	-2	4	22093
5248	-4	6	22099
5249	-2	4	22103
5250	-2	4	22107
5251	-2	4	22111
5252	-2	4	22115
5253	-2	4	22119
5254	-2	4	22123
5255	-2	4	22127
5256	-2	4	22131
5257	-2	4	22135
5258	-2	4	22139
5259	-2	4	22143
5260	-2	4	22147
5261	-2	4	22151
5262	-2	4	22155
5263	-3	5	22160
5264	-2	4	22164
5265	-2	4	22168
5266	-2	4	22172
5267	-2	4	22176
5268	-2	4	22180
5269	-2	4	22184
5270	-2	4	22188
5271	-4	6	22194
5272	-2	4	22198
5273	-2	4	22202
5274	-2	4	22206
5275	-3	5	22211
5276	-4	6	22217
5277	-2	4	22221
5278	-2	4	22225
5279	-4	6	22231
5280	-2	4	22235
5281	-2	4	22239
5282	-4	6	22245
5283	-2	4	22249
5284	-2	4	22253
5285	-2	4	22257
5286	-4	6	22263
5287	-2	4	22267
5288	-2	4	22271
5289	-2	4	22275
5290	-2	4	22279
5291	-2	4	22283
5292	-2	4	22287
5293	-2	4	22291
5294	-2	4	22295
5295	-2	4	22299
5296	-2	4	22303
5297	-2	4	22307
5298	-2	4	22311
5299	-2	4	22315
5300	-2	4	22319
5301	-2	4	22323
5302	-2	4	22327
5303	-2	4	22331
5304	-2	4	22335
5305	-2	4	22339
5306	-2	4	22343
5307	-2	4	22347
5308	-2	4	22351
5309	-2	4	22355
5310	-2	4	22359
5311	-2	4	22363
5312	-2	4	22367
5313	-2	4	22371
5314	-2	4	22375
5315	-2	4	22379
5316	-2	4	22383
5317	-2	4	22387
5318	-2	4	22391
5319	-2	4	22395
5320	-2	4	22399
5321	-2	4	22403
5322	-2	4	22407
5323	-2	4	22411
5324	-2	4	22415
5325	-2	4	22419
5326	-2	4	22423
5327	-2	4	22427
5328	-2	4	22431
5329	-2	4	22435
5330	-2	4	22439
5331	-2	4	22443
5332	-2	4	22447
5333	-2	4	22451
5334	-2	4	22455
5335	-2	4	22459
5336	-2	4	22463
5337	-2	4	22467
5338	-2	4	22471
5339	-2	4	22475
5340	-2	4	22479
5341	-2	4	22483
5342	-2	4	22487
5343	-2	4	22491
5344	-2	4	22495
5345	-2	4	22499
5346	-2	4	22503
5347	-4	6	22509
5348	-2	4	22513
5349	-2	4	22517
5350	-2	4	22521
5351	-2	4	22525
5352	-2	4	22529
5353	-4	6	22535
5354	-4	6	22541
5355	-2	4	22545
5356	-2	4	22549
5357	-2	4	22553
5358	-2	4	22557
5359	-4	6	22563
5360	-2	4	22567
5361	-2	4	22571
5362	-4	6	22577
5363	-2	4	22581
5364	-2	4	22585
5365	-2	4	22589
5366	-2	4	22593
5367	-4	6	22599
5368	-2	4	22603
5369	-2	4	22607
5370	-2	4	22611
5371	-2	4	22615
5372	-2	4	22619
5373	-2	4	22623
5374	-2	4	22627
5375	-4	6	22633
5376	-2	4	22637
5377	-2	4	22641
5378	-2	4	22645
5379	-2	4	22649
5380	-2	4	22653
5381	-2	4	22657
5382	-2	4	22661
5383	-2	4	22665
5384	-4	6	22671
5385	-2	4	22675
5386	-4	6	22681
5387	-2	4	22685
5388	-2	4	22689
5389	-2	4	22693
5390	-2	4	22697
5391	-2	4	22701
5392	-2	4	22705
5393	-2	4	22709
5394	-2	4	22713
5395	-2	4	22717
5396	-2	4	22721
5397	-4	6	22727
5398	-4	6	22733
5399	-2	4	22737
5400	-2	4	22741
5401	-2	4	22745
5402	-2	4	22749
5403	-4	6	22755
5404	-2	4	22759
5405	-2	4	22763
5406	-2	4	22767
5407	-2	4	22771
5408	-2	4	22775
5409	-2	4	22779
5410	-2	4	22783
5411	-4	6	22789
5412	-2	4	22793
5413	-2	4	22797
5414	-2	4	22801
5415	-2	4	22805
5416	-2	4	22809
5417	-2	4	22813
5418	-2	4	22817
5419	-4	6	22823
5420	-2	4	22827
5421	-2	4	22831
5422	-2	4	22835
5423	-2	4	22839
5424	-2	4	22843
5425	-2	4	22847
5426	-2	4	22851
5427	-2	4	22855
5428	-2	4	22859
5429	-2	4	22863
5430	-4	6	22869
5431	-2	4	22873
5432	-2	4	22877
5433	-2	4	22881
5434	-2	4	22885
5435	-2	4	22889
5436	-2	4	22893
5437	-2	4	22897
5438	-2	4	22901
5439	-2	4	22905
5440	-2	4	22909
5441	-2	4	22913
5442	-2	4	22917
5443	-2	4	22921
5444	-2	4	22925
5445	-2	4	22929
5446	-2	4	22933
5447	-2	4	22937
5448	-4	6	22943
5449	-2	4	22947
5450	-4	6	22953
5451	-2	4	22957
5452	-4	6	22963
5453	-4	6	22969
5454	-2	4	22973
5455	-2	4	22977
5456	-2	4	22981
5457	-2	4	22985
5458	-2	4	22989
5459	-2	4	22993
5460	-2	4	22997
5461	-6	8	23005
5462	-2	4	23009
5463	-2	4	23013
5464	-2	4	23017
5465	-2	4	23021
5466	-2	4	23025
5467	-2	4	23029
5468	-2	4	23033
5469	-2	4	23037
5470	-2	4	23041
5471	-2	4	23045
5472	-2	4	23049
5473	-2	4	23053
5474	-2	4	23057
5475	-2	4	23061
5476	-4	6	23067
5477	-2	4	23071
5478	-2	4	23075
5479	-2	4	23079
5480	-2	4	23083
5481	-2	4	23087
5482	-2	4	23091
5483	-2	4	23095
5484	-2	4	23099
5485	-2	4	23103
5486	-2	4	23107
5487	-2	4	23111
5488	-2	4	23115
5489	-2	4	23119
5490	-2	4	23123
5491	-2	4	23127
5492	-2	4	23131
5493	-2	4	23135
5494	-2	4	23139
5495	-2	4	23143
5496	-2	4	23147
5497	-2	4	23151
5498	-2	4	23155
5499	-2	4	23159
5500	-2	4	23163
5501	-4	6	23169
5502	-2	4	23173
5503	-2	4	23177
5504	-2	4	23181
5505	-2	4	23185
5506	-2	4	23189
5507	-2	4	23193
5508	-2	4	23197
5509	-2	4	23201
5510	-2	4	23205
5511	-3	5	23210
5512	-2	4	23214
5513	-2	4	23218
5514	-2	4	23222
5515	-2	4	23226
5516	-4	6	23232
5517	-2	4	23236
5518	-2	4	23240
5519	-2	4	23244
5520	-3	5	23249
5521	-2	4	23253
5522	-2	4	23257
5523	-2	4	23261
5524	-4	6	23267
5525	-2	4	23271
5526	-3	5	23276
5527	-2	4	23280
5528	-2	4	23284
5529	-2	4	23288
5530	-2	4	23292
5531	-2	4	23296
5532	-4	6	23302
5533	-2	4	23306
5534	-2	4	23310
5535	-2	4	23314
5536	-2	4	23318
5537	-4	6	23324
5538	-2	4	23328
5539	-2	4	23332
5540	-2	4	23336
5541	-2	4	23340
5542	-2	4	23344
5543	-2	4	23348
5544	-2	4	23352
5545	-2	4	23356
5546	-2	4	23360
5547	-2	4	23364
5548	-2	4	23368
5549	-2	4	23372
5550	-2	4	23376
5551	-2	4	23380
5552	-2	4	23384
5553	-2	4	23388
5554	-2	4	23392
5555	-2	4	23396
5556	-2	4	23400
5557	-2	4	23404
5558	-2	4	23408
5559	-2	4	23412
5560	-2	4	23416
5561	-2	4	23420
5562	-2	4	23424
5563	-2	4	23428
5564	-2	4	23432
5565	-5	7	23439
5566	-2	4	23443
5567	-2	4	23447
5568	-2	4	23451
5569	-3	5	23456
5570	-3	5	23461
5571	-2	4	23465
5572	-2	4	23469
5573	-2	4	23473
5574	-2	4	23477
5575	-2	4	23481
5576	-2	4	23485
5577	-2	4	23489
5578	-2	4	23493
5579	-2	4	23497
5580	-2	4	23501
5581	-2	4	23505
5582	-2	4	23509
5583	-2	4	23513
5584	-2	4	23517
5585	-2	4	23521
5586	-2	4	23525
5587	-4	6	23531
5588	-2	4	23535
5589	-2	4	23539
5590	-2	4	23543
5591	-2	4	23547
5592	-2	4	23551
5593	-2	4	23555
5594	-2	4	23559
5595	-2	4	23563
5596	-2	4	23567
5597	-2	4	23571
5598	-2	4	23575
5599	-2	4	23579
5600	-2	4	23583
5601	-2	4	23587
5602	-2	4	23591
5603	-2	4	23595
5604	-2	4	23599
5605	-2	4	23603
5606	-2	4	23607
5607	-2	4	23611
5608	-2	4	23615
5609	-2	4	23619
5610	-2	4	23623
5611	-2	4	23627
5612	-2	4	23631
5613	-4	6	23637
5614	-2	4	23641
5615	-2	4	23645
5616	-2	4	23649
5617	-2	4	23653
5618	-2	4	23657
5619	-2	4	23661
5620	-2	4	23665
5621	-2	4	23669
5622	-2	4	23673
5623	-3	5	23678
5624	-2	4	23682
5625	-2	4	23686
5626	-2	4	23690
5627	-2	4	23694
5628	-2	4	23698
5629	-2	4	23702
5630	-2	4	23706
5631	-2	4	23710
5632	-2	4	23714
5633	-2	4	23718
5634	-2	4	23722
5635	-2	4	23726
5636	-2	4	23730
5637	-4	6	23736
5638	-2	4	23740
5639	-2	4	23744
5640	-2	4	23748
5641	-2	4	23752
5642	-2	4	23756
5643	-2	4	23760
5644	-2	4	23764
5645	-4	6	23770
5646	-2	4	23774
5647	-2	4	23778
5648	-2	4	23782
5649	-2	4	23786
5650	-2	4	23790
5651	-2	4	23794
5652	-2	4	23798
5653	-2	4	23802
5654	-2	4	23806
5655	-2	4	23810
5656	-2	4	23814
5657	-2	4	23818
5658	-2	4	23822
5659	-2	4	23826
5660	-2	4	23830
5661	-2	4	23834
5662	-2	4	23838
5663	-2	4	23842
5664	-2	4	23846
5665	-2	4	23850
5666	-2	4	23854
5667	-2	4	23858
5668	-2	4	23862
5669	-2	4	23866
5670	-2	4	23870
5671	-2	4	23874
5672	-2	4	23878
5673	-2	4	23882
5674	-3	5	23887
5675	-2	4	23891
5676	-2	4	23895
5677	-2	4	23899
5678	-2	4	23903
5679	-2	4	23907
5680	-2	4	23911
5681	-2	4	23915
5682	-4	6	23921
5683	-2	4	23925
5684	-4	6	23931
5685	-2	4	23935
5686	-2	4	23939
5687	-2	4	23943
5688	-2	4	23947
5689	-2	4	23951
5690	-5	7	23958
5691	-2	4	23962
5692	-2	4	23966
5693	-2	4	23970
5694	-4	6	23976
5695	-2	4	23980
5696	-2	4	23984
5697	-2	4	23988
5698	-2	4	23992
5699	-4	6	23998
5700	-2	4	24002
5701	-2	4	24006
5702	-2	4	24010
5703	-2	4	24014
5704	-2	4	24018
5705	-2	4	24022
5706	-2	4	24026
5707	-2	4	24030
5708	-2	4	24034
5709	-2	4	24038
5710	-2	4	24042
5711	-2	4	24046
5712	-2	4	24050
5713	-2	4	24054
5714	-2	4	24058
5715	-2	4	24062
5716	-2	4	24066
5717	-2	4	24070
5718	-2	4	24074
5719	-2	4	24078
5720	-2	4	24082
5721	-2	4	24086
5722	-2	4	24090
5723	-2	4	24094
5724	-2	4	24098
5725	-2	4	24102
5726	-2	4	24106
5727	-2	4	24110
5728	-2	4	24114
5729	-2	4	24118
5730	-2	4	24122
5731	-2	4	24126
5732	-3	5	24131
5733	-2	4	24135
5734	-2	4	24139
5735	-2	4	24143
5736	-2	4	24147
5737	-2	4	24151
5738	-2	4	24155
5739	-4	6	24161
5740	-2	4	24165
5741	-2	4	24169
5742	-2	4	24173
5743	-2	4	24177
5744	-2	4	24181
5745	-2	4	24185
5746	-2	4	24189
5747	-2	4	24193
5748	-2	4	24197
5749	-4	6	24203
5750	-2	4	24207
5751	-2	4	24211
5752	-2	4	24215
5753	-2	4	24219
5754	-2	4	24223
5755	-2	4	24227
5756	-2	4	24231
5757	-2	4	24235
5758	-4	6	24241
5759	-2	4	24245
5760	-2	4	24249
5761	-2	4	24253
5762	-2	4	24257
5763	-2	4	24261
5764	-2	4	24265
5765	-2	4	24269
5766	-2	4	24273
5767	-2	4	24277
5768	-2	4	24281
5769	-2	4	24285
5770	-2	4	24289
5771	-2	4	24293
5772	-2	4	24297
5773	-2	4	24301
5774	-4	6	24307
5775	-2	4	24311
5776	-2	4	24315
5777	-2	4	24319
5778	-2	4	24323
5779	-2	4	24327
5780	-2	4	24331
5781	-2	4	24335
5782	-2	4	24339
5783	-4	6	24345
5784	-2	4	24349
5785	-2	4	24353
5786	-2	4	24357
5787	-2	4	24361
5788	-2	4	24365
5789	-2	4	24369
5790	-2	4	24373
5791	-2	4	24377
5792	-2	4	24381
5793	-2	4	24385
5794	-2	4	24389
5795	-2	4	24393
5796	-4	6	24399
5797	-2	4	24403
5798	-2	4	24407
5799	-2	4	24411
5800	-2	4	24415
5801	-2	4	24419
5802	-2	4	24423
5803	-2	4	24427
5804	-2	4	24431
5805	-2	4	24435
5806	-4	6	24441
5807	-2	4	24445
5808	-2	4	24449
5809	-2	4	24453
5810	-2	4	24457
5811	-2	4	24461
5812	-2	4	24465
5813	-2	4	24469
5814	-2	4	24473
5815	-2	4	24477
5816	-2	4	24481
5817	-2	4	24485
5818	-2	4	24489
5819	-2	4	24493
5820	-2	4	24497
5821	-2	4	24501
5822	-2	4	24505
5823	-2	4	24509
5824	-2	4	24513
5825	-2	4	24517
5826	-2	4	24521
5827	-2	4	24525
5828	-2	4	24529
5829	-2	4	24533
5830	-2	4	24537
5831	-3	5	24542
5832	-2	4	24546
5833	-2	4	24550
5834	-2	4	24554
5835	-2	4	24558
5836	-2	4	24562
5837	-2	4	24566
5838	-2	4	24570
5839	-2	4	24574
5840	-2	4	24578
5841	-2	4	24582
5842	-2	4	24586
5843	-2	4	24590
5844	-2	4	24594
5845	-2	4	24598
5846	-2	4	24602
5847	-3	5	24607
5848	-2	4	24611
5849	-2	4	24615
5850	-2	4	24619
5851	-2	4	24623
5852	-2	4	24627
5853	-2	4	24631
5854	-2	4	24635
5855	-2	4	24639
5856	-2	4	24643
5857	-2	4	24647
5858	-2	4	24651
5859	-2	4	24655
5860	-2	4	24659
5861	-2	4	24663
5862	-2	4	24667
5863	-4	6	24673
5864	-2	4	24677
5865	-2	4	24681
5866	-2	4	24685
5867	-2	4	24689
5868	-2	4	24693
5869	-2	4	24697
5870	-2	4	24701
5871	-2	4	24705
5872	-2	4	24709
5873	-2	4	24713
5874	-2	4	24717
5875	-2	4	24721
5876	-2	4	24725
5877	-2	4	24729
5878	-2	4	24733
5879	-2	4	24737
5880	-2	4	24741
5881	-4	6	24747
5882	-2	4	24751
5883	-4	6	24757
5884	-2	4	24761
5885	-4	6	24767
5886	-2	4	24771
5887	-2	4	24775
5888	-2	4	24779
5889	-2	4	24783
5890	-2	4	24787
5891	-2	4	24791
5892	-2	4	24795
5893	-2	4	24799
5894	-2	4	24803
5895	-2	4	24807
5896	-2	4	24811
5897	-2	4	24815
5898	-2	4	24819
5899	-3	5	24824
5900	-2	4	24828
5901	-2	4	24832
5902	-2	4	24836
5903	-2	4	24840
5904	-2	4	24844
5905	-2	4	24848
5906	-2	4	24852
5907	-2	4	24856
5908	-4	6	24862
5909	-2	4	24866
5910	-2	4	24870
5911	-2	4	24874
5912	-2	4	24878
5913	-2	4	24882
5914	-4	6	24888
5915	-2	4	24892
5916	-2	4	24896
5917	-2	4	24900
5918	-2	4	24904
5919	-2	4	24908
5920	-2	4	24912
5921	-2	4	24916
5922	-2	4	24920
5923	-2	4	24924
5924	-2	4	24928
5925	-2	4	24932
5926	-2	4	24936
5927	-2	4	24940
5928	-2	4	24944
5929	-2	4	24948
5930	-2	4	24952
5931	-2	4	24956
5932	-2	4	24960
5933	-2	4	24964
5934	-2	4	24968
5935	-2	4	24972
5936	-2	4	24976
5937	-2	4	24980
5938	-2	4	24984
5939	-2	4	24988
5940	-2	4	24992
5941	-2	4	24996
5942	-2	4	25000
5943	-2	4	25004
5944	-3	5	25009
5945	-2	4	25013
5946	-2	4	25017
5947	-2	4	25021
5948	-2	4	25025
5949	-2	4	25029
5950	-2	4	25033
5951	-2	4	25037
5952	-2	4	25041
5953	-2	4	25045
5954	-2	4	25049
5955	-2	4	25053
5956	-2	4	25057
5957	-2	4	25061
5958	-2	4	25065
5959	-2	4	25069
5960	-2	4	25073
5961	-2	4	25077
5962	-2	4	25081
5963	-2	4	25085
5964	-2	4	25089
5965	-2	4	25093
5966	-2	4	25097
5967	-4	6	25103
5968	-2	4	25107
5969	-3	5	25112
5970	-2	4	25116
5971	-2	4	25120
5972	-2	4	25124
5973	-2	4	25128
5974	-2	4	25132
5975	-2	4	25136
5976	-2	4	25140
5977	-2	4	25144
5978	-2	4	25148
5979	-2	4	25152
5980	-2	4	25156
5981	-2	4	25160
5982	-2	4	25164
5983	-2	4	25168
5984	-2	4	25172
5985	-2	4	25176
5986	-2	4	25180
5987	-2	4	25184
5988	-2	4	25188
5989	-2	4	25192
5990	-2	4	25196
5991	-3	5	25201
5992	-2	4	25205
5993	-2	4	25209
5994	-2	4	25213
5995	-2	4	25217
5996	-2	4	25221
5997	-2	4	25225
5998	-2	4	25229
5999	-2	4	25233
6000	-2	4	25237
6001	-2	4	25241
6002	-2	4	25245
6003	-2	4	25249
6004	-2	4	25253
6005	-2	4	25257
6006	-4	6	25263
6007	-2	4	25267
6008	-2	4	25271
6009	-2	4	25275
6010	-2	4	25279
6011	-2	4	25283
6012	-2	4	25287
6013	-2	4	25291
6014	-2	4	25295
6015	-2	4	25299
6016	-2	4	25303
6017	-2	4	25307
6018	-2	4	25311
6019	-2	4	25315
6020	-2	4	25319
6021	-2	4	25323
6022	-2	4	25327
6023	-2	4	25331
6024	-2	4	25335
6025	-2	4	25339
6026	-2	4	25343
6027	-2	4	25347
6028	-2	4	25351
6029	-2	4	25355
6030	-2	4	25359
6031	-2	4	25363
6032	-2	4	25367
6033	-2	4	25371
6034	-2	4	25375
6035	-2	4	25379
6036	-2	4	25383
6037	-2	4	25387
6038	-2	4	25391
6039	-2	4	25395
6040	-2	4	25399
6041	-2	4	25403
6042	-2	4	25407
6043	-2	4	25411
6044	-2	4	25415
6045	-2	4	25419
6046	-2	4	25423
6047	-2	4	25427
6048	-2	4	25431
6049	-2	4	25435
6050	-2	4	25439
6051	-2	4	25443
6052	-2	4	25447
6053	-2	4	25451
6054	-2	4	25455
6055	-2	4	25459
6056	-2	4	25463
6057	-2	4	25467
6058	-2	4	25471
6059	-2	4	25475
6060	-2	4	25479
6061	-2	4	25483
6062	-2	4	25487
6063	-2	4	25491
6064	-2	4	25495
6065	-2	4	25499
6066	-2	4	25503
6067	-2	4	25507
6068	-2	4	25511
6069	-2	4	25515
6070	-2	4	25519
6071	-2	4	25523
6072	-2	4	25527
6073	-3	5	25532
6074	-2	4	25536
6075	-2	4	25540
6076	-2	4	25544
6077	-2	4	25548
6078	-2	4	25552
6079	-3	5	25557
6080	-2	4	25561
6081	-2	4	25565
6082	-2	4	25569
6083	-2	4	25573
6084	-2	4	25577
6085	-4	6	25583
6086	-2	4	25587
6087	-2	4	25591
6088	-2	4	25595
6089	-2	4	25599
6090	-2	4	25603
6091	-2	4	25607
6092	-2	4	25611
6093	-2	4	25615
6094	-2	4	25619
6095	-2	4	25623
6096	-2	4	25627
6097	-2	4	25631
6098	-2	4	25635
6099	-2	4	25639
6100	-2	4	25643
6101	-2	4	25647
6102	-2	4	25651
6103	-2	4	25655
6104	-2	4	25659
6105	-2	4	25663
6106	-2	4	25667
6107	-2	4	25671
6108	-4	6	25677
6109	-2	4	25681
6110	-2	4	25685
6111	-2	4	25689
6112	-2	4	25693
6113	-2	4	25697
6114	-2	4	25701
6115	-2	4	25705
6116	-2	4	25709
6117	-4	6	25715
6118	-2	4	25719
6119	-2	4	25723
6120	-3	5	25728
6121	-3	5	25733
6122	-2	4	25737
6123	-2	4	25741
6124	-2	4	25745
6125	-2	4	25749
6126	-2	4	25753
6127	-2	4	25757
6128	-2	4	25761
6129	-2	4	25765
6130	-2	4	25769
6131	-2	4	25773
6132	-2	4	25777
6133	-2	4	25781
6134	-2	4	25785
6135	-2	4	25789
6136	-2	4	25793
6137	-2	4	25797
6138	-2	4	25801
6139	-2	4	25805
6140	-2	4	25809
6141	-3	5	25814
6142	-2	4	25818
6143	-2	4	25822
6144	-2	4	25826
6145	-2	4	25830
6146	-2	4	25834
6147	-2	4	25838
6148	-2	4	25842
6149	-2	4	25846
6150	-4	6	25852
6151	-2	4	25856
6152	-2	4	25860
6153	-2	4	25864
6154	-2	4	25868
6155	-2	4	25872
6156	-2	4	25876
6157	-2	4	25880
6158	-2	4	25884
6159	-2	4	25888
6160	-2	4	25892
6161	-2	4	25896
6162	-2	4	25900
6163	-2	4	25904
6164	-2	4	25908
6165	-2	4	25912
6166	-2	4	25916
6167	-2	4	25920
6168	-2	4	25924
6169	-2	4	25928
6170	-2	4	25932
6171	-2	4	25936
6172	-2	4	25940
6173	-2	4	25944
6174	-2	4	25948
6175	-2	4	25952
6176	-2	4	25956
6177	-2	4	25960
6178	-3	5	25965
6179	-2	4	25969
6180	-2	4	25973
6181	-2	4	25977
6182	-2	4	25981
6183	-2	4	25985
6184	-2	4	25989
6185	-2	4	25993
6186	-2	4	25997
6187	-2	4	26001
6188	-2	4	26005
6189	-2	4	26009
6190	-2	4	26013
6191	-2	4	26017
6192	-2	4	26021
6193	-2	4	26025
6194	-2	4	26029
6195	-2	4	26033
6196	-2	4	26037
6197	-2	4	26041
6198	-2	4	26045
6199	-2	4	26049
6200	-2	4	26053
6201	-2	4	26057
6202	-4	6	26063
6203	-2	4	26067
6204	-2	4	26071
6205	-2	4	26075
6206	-2	4	26079
6207	-2	4	26083
6208	-2	4	26087
6209	-2	4	26091
6210	-4	6	26097
6211	-2	4	26101
6212	-2	4	26105
6213	-2	4	26109
6214	-2	4	26113
6215	-2	4	26117
6216	-2	4	26121
6217	-2	4	26125
6218	-2	4	26129
6219	-2	4	26133
6220	-2	4	26137
6221	-2	4	26141
6222	-2	4	26145
6223	-2	4	26149
6224	-4	6	26155
6225	-2	4	26159
6226	-2	4	26163
6227	-2	4	26167
6228	-4	6	26173
6229	-2	4	26177
6230	-2	4	26181
6231	-2	4	26185
6232	-2	4	26189
6233	-4	6	26195
6234	-2	4	26199
6235	-2	4	26203
6236	-2	4	26207
6237	-2	4	26211
6238	-2	4	26215
6239	-2	4	26219
6240	-2	4	26223
6241	-2	4	26227
6242	-2	4	26231
6243	-2	4	26235
6244	-3	5	26240
6245	-2	4	26244
6246	-2	4	26248
6247	-2	4	26252
6248	-2	4	26256
6249	-2	4	26260
6250	-2	4	26264
6251	-2	4	26268
6252	-2	4	26272
6253	-2	4	26276
6254	-2	4	26280
6255	-2	4	26284
6256	-2	4	26288
6257	-2	4	26292
6258	-2	4	26296
6259	-2	4	26300
6260	-2	4	26304
6261	-2	4	26308
6262	-2	4	26312
6263	-2	4	26316
6264	-2	4	26320
6265	-2	4	26324
6266	-2	4	26328
6267	-2	4	26332
6268	-4	6	26338
6269	-2	4	26342
6270	-2	4	26346
6271	-2	4	26350
6272	-3	5	26355
6273	-2	4	26359
6274	-2	4	26363
6275	-2	4	26367
6276	-2	4	26371
6277	-2	4	26375
6278	-2	4	26379
6279	-2	4	26383
6280	-2	4	26387
6281	-2	4	26391
6282	-2	4	26395
6283	-2	4	26399
6284	-2	4	26403
6285	-2	4	26407
6286	-2	4	26411
6287	-2	4	26415
6288	-2	4	26419
6289	-2	4	26423
6290	-2	4	26427
6291	-2	4	26431
6292	-2	4	26435
6293	-2	4	26439
6294	-2	4	26443
6295	-2	4	26447
6296	-2	4	26451
6297	-2	4	26455
6298	-2	4	26459
6299	-2	4	26463
6300	-2	4	26467
6301	-2	4	26471
6302	-4	6	26477
6303	-2	4	26481
6304	-2	4	26485
6305	-2	4	26489
6306	-2	4	26493
6307	-2	4	26497
6308	-2	4	26501
6309	-2	4	26505
6310	-2	4	26509
6311	-2	4	26513
6312	-2	4	26517
6313	-2	4	26521
6314	-2	4	26525
6315	-2	4	26529
6316	-2	4	26533
6317	-2	4	26537
6318	-2	4	26541
6319	-2	4	26545
6320	-2	4	26549
6321	-2	4	26553
6322	-2	4	26557
6323	-2	4	26561
6324	-2	4	26565
6325	-2	4	26569
6326	-2	4	26573
6327	-2	4	26577
6328	-2	4	26581
6329	-2	4	26585
6330	-2	4	26589
6331	-2	4	26593
6332	-2	4	26597
6333	-2	4	26601
6334	-2	4	26605
6335	-2	4	26609
6336	-2	4	26613
6337	-2	4	26617
6338	-2	4	26621
6339	-2	4	26625
6340	-2	4	26629
6341	-2	4	26633
6342	-2	4	26637
6343	-2	4	26641
6344	-2	4	26645
6345	-2	4	26649
6346	-2	4	26653
6347	-2	4	26657
6348	-2	4	26661
6349	-2	4	26665
6350	-4	6	26671
6351	-2	4	26675
6352	-2	4	26679
6353	-2	4	26683
6354	-2	4	26687
6355	-2	4	26691
6356	-2	4	26695
6357	-2	4	26699
6358	-2	4	26703
6359	-2	4	26707
6360	-4	6	26713
6361	-3	5	26718
6362	-2	4	26722
6363	-2	4	26726
6364	-2	4	26730
6365	-2	4	26734
6366	-2	4	26738
6367	-2	4	26742
6368	-3	5	26747
6369	-2	4	26751
6370	-2	4	26755
6371	-2	4	26759
6372	-2	4	26763
6373	-2	4	26767
6374	-4	6	26773
6375	-2	4	26777
6376	-2	4	26781
6377	-2	4	26785
6378	-2	4	26789
6379	-4	6	26795
6380	-2	4	26799
6381	-2	4	26803
6382	-2	4	26807
6383	-2	4	26811
6384	-4	6	26817
6385	-2	4	26821
6386	-2	4	26825
6387	-2	4	26829
6388	-2	4	26833
6389	-2	4	26837
6390	-2	4	26841
6391	-2	4	26845
6392	-2	4	26849
6393	-2	4	26853
6394	-2	4	26857
6395	-2	4	26861
6396	-2	4	26865
6397	-2	4	26869
6398	-2	4	26873
6399	-2	4	26877
6400	-2	4	26881
6401	-2	4	26885
6402	-2	4	26889
6403	-2	4	26893
6404	-2	4	26897
6405	-2	4	26901
6406	-2	4	26905
6407	-2	4	26909
6408	-2	4	26913
6409	-2	4	26917
6410	-2	4	26921
6411	-2	4	26925
6412	-2	4	26929
6413	-2	4	26933
6414	-2	4	26937
6415	-2	4	26941
6416	-2	4	26945
6417	-2	4	26949
6418	-2	4	26953
6419	-2	4	26957
6420	-2	4	26961
6421	-2	4	26965
6422	-3	5	26970
6423	-2	4	26974
6424	-2	4	26978
6425	-2	4	26982
6426	-2	4	26986
6427	-4	6	26992
6428	-2	4	26996
6429	-2	4	27000
6430	-2	4	27004
6431	-2	4	27008
6432	-4	6	27014
6433	-2	4	27018
6434	-2	4	27022
6435	-2	4	27026
6436	-2	4	27030
6437	-2	4	27034
6438	-2	4	27038
6439	-2	4	27042
6440	-2	4	27046
6441	-2	4	27050
6442	-2	4	27054
6443	-2	4	27058
6444	-2	4	27062
6445	-2	4	27066
6446	-2	4	27070
6447	-2	4	27074
6448	-2	4	27078
6449	-2	4	27082
6450	-2	4	27086
6451	-2	4	27090
6452	-3	5	27095
6453	-3	5	27100
6454	-2	4	27104
6455	-2	4	27108
6456	-2	4	27112
6457	-2	4	27116
6458	-2	4	27120
6459	-2	4	27124
6460	-2	4	27128
6461	-2	4	27132
6462	-2	4	27136
6463	-2	4	27140
6464	-2	4	27144
6465	-2	4	27148
6466	-2	4	27152
6467	-2	4	27156
6468	-2	4	27160
6469	-2	4	27164
6470	-4	6	27170
6471	-2	4	27174
6472	-2	4	27178
6473	-2	4	27182
6474	-2	4	27186
6475	-2	4	27190
6476	-2	4	27194
6477	-2	4	27198
6478	-2	4	27202
6479	-2	4	27206
6480	-2	4	27210
6481	-2	4	27214
6482	-2	4	27218
6483	-2	4	27222
6484	-2	4	27226
6485	-2	4	27230
6486	-2	4	27234
6487	-2	4	27238
6488	-2	4	27242
6489	-2	4	27246
6490	-2	4	27250
6491	-2	4	27254
6492	-2	4	27258
6493	-2	4	27262
6494	-2	4	27266
6495	-2	4	27270
6496	-6	8	27278
6497	-2	4	27282
6498	-2	4	27286
6499	-2	4	27290
6500	-2	4	27294
6501	-2	4	27298
6502	-2	4	27302
6503	-3	5	27307
6504	-2	4	27311
6505	-2	4	27315
6506	-2	4	27319
6507	-2	4	27323
6508	-2	4	27327
6509	-2	4	27331
6510	-2	4	27335
6511	-2	4	27339
6512	-2	4	27343
6513	-2	4	27347
6514	-2	4	27351
6515	-2	4	27355
6516	-2	4	27359
6517	-4	6	27365
6518	-2	4	27369
6519	-2	4	27373
6520	-2	4	27377
6521	-2	4	27381
6522	-2	4	27385
6523	-2	4	27389
6524	-2	4	27393
6525	-2	4	27397
6526	-2	4	27401
6527	-2	4	27405
6528	-2	4	27409
6529	-2	4	27413
6530	-2	4	27417
6531	-2	4	27421
6532	-3	5	27426
6533	-2	4	27430
6534	-2	4	27434
6535	-2	4	27438
6536	-2	4	27442
6537	-2	4	27446
6538	-2	4	27450
6539	-2	4	27454
6540	-2	4	27458
6541	-2	4	27462
6542	-2	4	27466
6543	-2	4	27470
6544	-2	4	27474
6545	-2	4	27478
6546	-2	4	27482
6547	-2	4	27486
6548	-2	4	27490
6549	-2	4	27494
6550	-2	4	27498
6551	-4	6	27504
6552	-2	4	27508
6553	-2	4	27512
6554	-2	4	27516
6555	-2	4	27520
6556	-2	4	27524
6557	-2	4	27528
6558	-2	4	27532
6559	-2	4	27536
6560	-2	4	27540
6561	-5	7	27547
6562	-2	4	27551
6563	-2	4	27555
6564	-2	4	27559
6565	-2	4	27563
6566	-2	4	27567
6567	-2	4	27571
6568	-2	4	27575
6569	-2	4	27579
6570	-2	4	27583
6571	-2	4	27587
6572	-2	4	27591
6573	-2	4	27595
6574	-2	4	27599
6575	-2	4	27603
6576	-2	4	27607
6577	-2	4	27611
6578	-2	4	27615
6579	-2	4	27619
6580	-2	4	27623
6581	-2	4	27627
6582	-2	4	27631
6583	-2	4	27635
6584	-2	4	27639
6585	-2	4	27643
6586	-2	4	27647
6587	-2	4	27651
6588	-2	4	27655
6589	-4	6	27661
6590	-2	4	27665
6591	-2	4	27669
6592	-2	4	27673
6593	-2	4	27677
6594	-2	4	27681
6595	-2	4	27685
6596	-2	4	27689
6597	-2	4	27693
6598	-2	4	27697
6599	-2	4	27701
6600	-2	4	27705
6601	-2	4	27709
6602	-2	4	27713
6603	-2	4	27717
6604	-2	4	27721
6605	-2	4	27725
6606	-2	4	27729
6607	-2	4	27733
6608	-2	4	27737
6609	-2	4	27741
6610	-2	4	27745
6611	-2	4	27749
6612	-4	6	27755
6613	-2	4	27759
6614	-2	4	27763
6615	-2	4	27767
6616	-2	4	27771
6617	-2	4	27775
6618	-2	4	27779
6619	-2	4	27783
6620	-2	4	27787
6621	-2	4	27791
6622	-2	4	27795
6623	-2	4	27799
6624	-2	4	27803
6625	-2	4	27807
6626	-2	4	27811
6627	-2	4	27815
6628	-2	4	27819
6629	-2	4	27823
6630	-2	4	27827
6631	-2	4	27831
6632	-2	4	27835
6633	-2	4	27839
6634	-2	4	27843
6635	-2	4	27847
6636	-3	5	27852
6637	-2	4	27856
6638	-2	4	27860
6639	-4	6	27866
6640	-2	4	27870
6641	-2	4	27874
6642	-4	6	27880
6643	-2	4	27884
6644	-2	4	27888
6645	-2	4	27892
6646	-2	4	27896
6647	-2	4	27900
6648	-2	4	27904
6649	-2	4	27908
6650	-2	4	27912
6651	-2	4	27916
6652	-2	4	27920
6653	-2	4	27924
6654	-2	4	27928
6655	-2	4	27932
6656	-2	4	27936
6657	-2	4	27940
6658	-2	4	27944
6659	-2	4	27948
6660	-2	4	27952
6661	-2	4	27956
6662	-3	5	27961
6663	-2	4	27965
6664	-2	4	27969
6665	-2	4	27973
6666	-2	4	27977
6667	-2	4	27981
6668	-2	4	27985
6669	-4	6	27991
6670	-2	4	27995
6671	-2	4	27999
6672	-2	4	28003
6673	-2	4	28007
6674	-2	4	28011
6675	-2	4	28015
6676	-2	4	28019
6677	-2	4	28023
6678	-2	4	28027
6679	-2	4	28031
6680	-2	4	28035
6681	-4	6	28041
6682	-2	4	28045
6683	-2	4	28049
6684	-2	4	28053
6685	-2	4	28057
6686	-2	4	28061
6687	-2	4	28065
6688	-2	4	28069
6689	-2	4	28073
6690	-2	4	28077
6691	-2	4	28081
6692	-2	4	28085
6693	-2	4	28089
6694	-2	4	28093
6695	-2	4	28097
6696	-5	7	28104
6697	-2	4	28108
6698	-2	4	28112
6699	-2	4	28116
6700	-2	4	28120
6701	-2	4	28124
6702	-4	6	28130
6703	-2	4	28134
6704	-3	5	28139
6705	-2	4	28143
6706	-2	4	28147
6707	-2	4	28151
6708	-2	4	28155
6709	-4	6	28161
6710	-2	4	28165
6711	-2	4	28169
6712	-2	4	28173
6713	-2	4	28177
6714	-2	4	28181
6715	-2	4	28185
6716	-2	4	28189
6717	-3	5	28194
6718	-2	4	28198
6719	-2	4	28202
6720	-2	4	28206
6721	-2	4	28210
6722	-2	4	28214
6723	-2	4	28218
6724	-2	4	28222
6725	-2	4	28226
6726	-2	4	28230
6727	-2	4	28234
6728	-2	4	28238
6729	-2	4	28242
6730	-2	4	28246
6731	-2	4	28250
6732	-4	6	28256
6733	-3	5	28261
6734	-2	4	28265
6735	-2	4	28269
6736	-2	4	28273
6737	-3	5	28278
6738	-2	4	28282
6739	-2	4	28286
6740	-2	4	28290
6741	-2	4	28294
6742	-2	4	28298
6743	-2	4	28302
6744	-2	4	28306
6745	-2	4	28310
6746	-2	4	28314
6747	-2	4	28318
6748	-2	4	28322
6749	-2	4	28326
6750	-2	4	28330
6751	-2	4	28334
6752	-2	4	28338
6753	-2	4	28342
6754	-2	4	28346
6755	-2	4	28350
6756	-2	4	28354
6757	-2	4	28358
6758	-2	4	28362
6759	-2	4	28366
6760	-2	4	28370
6761	-2	4	28374
6762	-2	4	28378
6763	-2	4	28382
6764	-2	4	28386
6765	-2	4	28390
6766	-2	4	28394
6767	-2	4	28398
6768	-2	4	28402
6769	-2	4	28406
6770	-2	4	28410
6771	-2	4	28414
6772	-2	4	28418
6773	-2	4	28422
6774	-2	4	28426
6775	-2	4	28430
6776	-2	4	28434
6777	-2	4	28438
6778	-2	4	28442
6779	-2	4	28446
6780	-2	4	28450
6781	-2	4	28454
6782	-2	4	28458
6783	-2	4	28462
6784	-2	4	28466
6785	-2	4	28470
6786	-2	4	28474
6787	-2	4	28478
6788	-2	4	28482
6789	-2	4	28486
6790	-2	4	28490
6791	-2	4	28494
6792	-4	6	28500
6793	-2	4	28504
6794	-2	4	28508
6795	-2	4	28512
6796	-2	4	28516
6797	-2	4	28520
6798	-2	4	28524
6799	-2	4	28528
6800	-2	4	28532
6801	-2	4	28536
6802	-2	4	28540
6803	-2	4	28544
6804	-2	4	28548
6805	-2	4	28552
6806	-4	6	28558
6807	-2	4	28562
6808	-2	4	28566
6809	-4	6	28572
6810	-2	4	28576
6811	-2	4	28580
6812	-2	4	28584
6813	-2	4	28588
6814	-4	6	28594
6815	-2	4	28598
6816	-2	4	28602
6817	-2	4	28606
6818	-2	4	28610
6819	-4	6	28616
6820	-2	4	28620
6821	-2	4	28624
6822	-2	4	28628
6823	-2	4	28632
6824	-2	4	28636
6825	-2	4	28640
6826	-2	4	28644
6827	-2	4	28648
6828	-2	4	28652
6829	-2	4	28656
6830	-2	4	28660
6831	-2	4	28664
6832	-2	4	28668
6833	-4	6	28674
6834	-2	4	28678
6835	-2	4	28682
6836	-6	8	28690
6837	-3	5	28695
6838	-2	4	28699
6839	-3	5	28704
6840	-2	4	28708
6841	-2	4	28712
6842	-2	4	28716
6843	-2	4	28720
6844	-2	4	28724
6845	-2	4	28728
6846	-2	4	28732
6847	-2	4	28736
6848	-4	6	28742
6849	-2	4	28746
6850	-2	4	28750
6851	-2	4	28754
6852	-2	4	28758
6853	-2	4	28762
6854	-4	6	28768
6855	-2	4	28772
6856	-2	4	28776
6857	-2	4	28780
6858	-2	4	28784
6859	-2	4	28788
6860	-2	4	28792
6861	-2	4	28796
6862	-2	4	28800
6863	-2	4	28804
6864	-2	4	28808
6865	-2	4	28812
6866	-2	4	28816
6867	-2	4	28820
6868	-2	4	28824
6869	-2	4	28828
6870	-2	4	28832
6871	-2	4	28836
6872	-2	4	28840
6873	-2	4	28844
6874	-4	6	28850
6875	-2	4	28854
6876	-2	4	28858
6877	-2	4	28862
6878	-2	4	28866
6879	-2	4	28870
6880	-2	4	28874
6881	-2	4	28878
6882	-2	4	28882
6883	-2	4	28886
6884	-2	4	28890
6885	-2	4	28894
6886	-2	4	28898
6887	-2	4	28902
6888	-2	4	28906
6889	-2	4	28910
6890	-2	4	28914
6891	-2	4	28918
6892	-2	4	28922
6893	-2	4	28926
6894	-2	4	28930
6895	-4	6	28936
6896	-2	4	28940
6897	-2	4	28944
6898	-4	6	28950
6899	-2	4	28954
6900	-2	4	28958
6901	-2	4	28962
6902	-2	4	28966
6903	-2	4	28970
6904	-2	4	28974
6905	-2	4	28978
6906	-2	4	28982
6907	-2	4	28986
6908	-2	4	28990
6909	-2	4	28994
6910	-2	4	28998
6911	-2	4	29002
6912	-2	4	29006
6913	-2	4	29010
6914	-2	4	29014
6915	-2	4	29018
6916	-2	4	29022
6917	-2	4	29026
6918	-2	4	29030
6919	-2	4	29034
6920	-2	4	29038
6921	-2	4	29042
6922	-2	4	29046
6923	-2	4	29050
6924	-2	4	29054
6925	-2	4	29058
6926	-2	4	29062
6927	-2	4	29066
6928	-2	4	29070
6929	-2	4	29074
6930	-2	4	29078
6931	-4	6	29084
6932	-2	4	29088
6933	-4	6	29094
6934	-2	4	29098
6935	-2	4	29102
6936	-2	4	29106
6937	-2	4	29110
6938	-2	4	29114
6939	-2	4	29118
6940	-2	4	29122
6941	-2	4	29126
6942	-2	4	29130
6943	-2	4	29134
6944	-2	4	29138
6945	-2	4	29142
6946	-2	4	29146
6947	-2	4	29150
6948	-2	4	29154
6949	-2	4	29158
6950	-2	4	29162
6951	-2	4	29166
6952	-2	4	29170
6953	-2	4	29174
6954	-2	4	29178
6955	-2	4	29182
6956	-2	4	29186
6957	-2	4	29190
6958	-2	4	29194
6959	-2	4	29198
6960	-2	4	29202
6961	-2	4	29206
6962	-2	4	29210
6963	-2	4	29214
6964	-2	4	29218
6965	-2	4	29222
6966	-2	4	29226
6967	-2	4	29230
6968	-2	4	29234
6969	-2	4	29238
6970	-2	4	29242
6971	-2	4	29246
6972	-2	4	29250
6973	-2	4	29254
6974	-2	4	29258
6975	-2	4	29262
6976	-2	4	29266
6977	-2	4	29270
6978	-2	4	29274
6979	-2	4	29278
6980	-2	4	29282
6981	-2	4	29286
6982	-2	4	29290
6983	-5	7	29297
6984	-2	4	29301
6985	-2	4	29305
6986	-2	4	29309
6987	-3	5	29314
6988	-2	4	29318
6989	-2	4	29322
6990	-2	4	29326
6991	-2	4	29330
6992	-2	4	29334
6993	-3	5	29339
6994	-2	4	29343
6995	-2	4	29347
6996	-2	4	29351
6997	-2	4	29355
6998	-2	4	29359
6999	-2	4	29363
7000	-3	5	29368
7001	-2	4	29372
7002	-2	4	29376
7003	-2	4	29380
7004	-2	4	29384
7005	-2	4	29388
7006	-2	4	29392
7007	-2	4	29396
7008	-2	4	29400
7009	-2	4	29404
7010	-2	4	29408
7011	-2	4	29412
7012	-3	5	29417
7013	-2	4	29421
7014	-2	4	29425
7015	-2	4	29429
7016	-2	4	29433
7017	-4	6	29439
7018	-2	4	29443
7019	-2	4	29447
7020	-2	4	29451
7021	-2	4	29455
7022	-2	4	29459
7023	-2	4	29463
7024	-2	4	29467
7025	-2	4	29471
7026	-2	4	29475
7027	-2	4	29479
7028	-2	4	29483
7029	-2	4	29487
7030	-2	4	29491
7031	-2	4	29495
7032	-2	4	29499
7033	-2	4	29503
7034	-2	4	29507
7035	-2	4	29511
7036	-4	6	29517
7037	-2	4	29521
7038	-2	4	29525
7039	-2	4	29529
7040	-2	4	29533
7041	-2	4	29537
7042	-2	4	29541
7043	-2	4	29545
7044	-2	4	29549
7045	-4	6	29555
7046	-2	4	29559
7047	-3	5	29564
7048	-2	4	29568
7049	-2	4	29572
7050	-2	4	29576
7051	-2	4	29580
7052	-4	6	29586
7053	-2	4	29590
7054	-2	4	29594
7055	-2	4	29598
7056	-2	4	29602
7057	-4	6	29608
7058	-2	4	29612
7059	-2	4	29616
7060	-2	4	29620
7061	-2	4	29624
7062	-2	4	29628
7063	-2	4	29632
7064	-2	4	29636
7065	-2	4	29640
7066	-2	4	29644
7067	-2	4	29648
7068	-2	4	29652
7069	-2	4	29656
7070	-2	4	29660
7071	-2	4	29664
7072	-2	4	29668
7073	-2	4	29672
7074	-2	4	29676
7075	-2	4	29680
7076	-2	4	29684
7077	-2	4	29688
7078	-2	4	29692
7079	-2	4	29696
7080	-2	4	29700
7081	-2	4	29704
7082	-2	4	29708
7083	-2	4	29712
7084	-2	4	29716
7085	-2	4	29720
7086	-2	4	29724
7087	-2	4	29728
7088	-2	4	29732
7089	-2	4	29736
7090	-2	4	29740
7091	-2	4	29744
7092	-2	4	29748
7093	-2	4	29752
7094	-2	4	29756
7095	-4	6	29762
7096	-2	4	29766
7097	-2	4	29770
7098	-2	4	29774
7099	-2	4	29778
7100	-2	4	29782
7101	-2	4	29786
7102	-2	4	29790
7103	-2	4	29794
7104	-3	5	29799
7105	-2	4	29803
7106	-2	4	29807
7107	-4	6	29813
7108	-2	4	29817
7109	-2	4	29821
7110	-2	4	29825
7111	-2	4	29829
7112	-2	4	29833
7113	-2	4	29837
7114	-2	4	29841
7115	-2	4	29845
7116	-2	4	29849
7117	-2	4	29853
7118	-3	5	29858
7119	-2	4	29862
7120	-2	4	29866
7121	-2	4	29870
7122	-2	4	29874
7123	-4	6	29880
7124	-2	4	29884
7125	-4	6	29890
7126	-2	4	29894
7127	-2	4	29898
7128	-2	4	29902
7129	-2	4	29906
7130	-2	4	29910
7131	-2	4	29914
7132	-2	4	29918
7133	-4	6	29924
7134	-2	4	29928
7135	-2	4	29932
7136	-2	4	29936
7137	-2	4	29940
7138	-2	4	29944
7139	-2	4	29948
7140	-2	4	29952
7141	-2	4	29956
7142	-2	4	29960
7143	-2	4	29964
7144	-2	4	29968
7145	-2	4	29972
7146	-2	4	29976
7147	-2	4	29980
7148	-2	4	29984
7149	-2	4	29988
7150	-2	4	29992
7151	-2	4	29996
7152	-2	4	30000
7153	-4	6	30006
7154	-2	4	30010
7155	-2	4	30014
7156	-2	4	30018
7157	-2	4	30022
7158	-2	4	30026
7159	-2	4	30030
7160	-2	4	30034
7161	-2	4	30038
7162	-2	4	30042
7163	-2	4	30046
7164	-2	4	30050
7165	-2	4	30054
7166	-2	4	30058
7167	-2	4	30062
7168	-2	4	30066
7169	-2	4	30070
7170	-2	4	30074
7171	-2	4	30078
7172	-2	4	30082
7173	-2	4	30086
7174	-2	4	30090
7175	-2	4	30094
7176	-2	4	30098
7177	-2	4	30102
7178	-2	4	30106
7179	-2	4	30110
7180	-3	5	30115
7181	-2	4	30119
7182	-2	4	30123
7183	-2	4	30127
7184	-2	4	30131
7185	-2	4	30135
7186	-2	4	30139
7187	-2	4	30143
7188	-2	4	30147
7189	-2	4	30151
7190	-2	4	30155
7191	-4	6	30161
7192	-2	4	30165
7193	-2	4	30169
7194	-2	4	30173
7195	-4	6	30179
7196	-2	4	30183
7197	-2	4	30187
7198	-2	4	30191
7199	-2	4	30195
7200	-2	4	30199
7201	-2	4	30203
7202	-2	4	30207
7203	-2	4	30211
7204	-2	4	30215
7205	-2	4	30219
7206	-2	4	30223
7207	-2	4	30227
7208	-2	4	30231
7209	-4	6	30237
7210	-2	4	30241
7211	-2	4	30245
7212	-2	4	30249
7213	-2	4	30253
7214	-2	4	30257
7215	-2	4	30261
7216	-2	4	30265
7217	-2	4	30269
7218	-2	4	30273
7219	-3	5	30278
7220	-2	4	30282
7221	-2	4	30286
7222	-2	4	30290
7223	-2	4	30294
7224	-2	4	30298
7225	-2	4	30302
7226	-2	4	30306
7227	-2	4	30310
7228	-4	6	30316
7229	-2	4	30320
7230	-2	4	30324
7231	-2	4	30328
7232	-2	4	30332
7233	-2	4	30336
7234	-2	4	30340
7235	-2	4	30344
7236	-2	4	30348
7237	-2	4	30352
7238	-2	4	30356
7239	-2	4	30360
7240	-2	4	30364
7241	-2	4	30368
7242	-2	4	30372
7243	-2	4	30376
7244	-2	4	30380
7245	-2	4	30384
7246	-4	6	30390
7247	-2	4	30394
7248	-2	4	30398
7249	-2	4	30402
7250	-2	4	30406
7251	-2	4	30410
7252	-2	4	30414
7253	-2	4	30418
7254	-2	4	30422
7255	-2	4	30426
7256	-2	4	30430
7257	-2	4	30434
7258	-2	4	30438
7259	-2	4	30442
7260	-2	4	30446
7261	-2	4	30450
7262	-2	4	30454
7263	-2	4	30458
7264	-2	4	30462
7265	-2	4	30466
7266	-3	5	30471
7267	-2	4	30475
7268	-2	4	30479
7269	-2	4	30483
7270	-2	4	30487
7271	-4	6	30493
7272	-2	4	30497
7273	-2	4	30501
7274	-2	4	30505
7275	-2	4	30509
7276	-2	4	30513
7277	-2	4	30517
7278	-2	4	30521
7279	-2	4	30525
7280	-2	4	30529
7281	-2	4	30533
7282	-2	4	30537
7283	-2	4	30541
7284	-2	4	30545
7285	-2	4	30549
7286	-4	6	30555
7287	-2	4	30559
7288	-2	4	30563
7289	-2	4	30567
7290	-2	4	30571
7291	-2	4	30575
7292	-4	6	30581
7293	-2	4	30585
7294	-2	4	30589
7295	-2	4	30593
7296	-2	4	30597
7297	-3	5	30602
7298	-2	4	30606
7299	-2	4	30610
7300	-2	4	30614
7301	-2	4	30618
7302	-2	4	30622
7303	-2	4	30626
7304	-2	4	30630
7305	-2	4	30634
7306	-2	4	30638
7307	-3	5	30643
7308	-2	4	30647
7309	-2	4	30651
7310	-2	4	30655
7311	-2	4	30659
7312	-2	4	30663
7313	-2	4	30667
7314	-3	5	30672
7315	-2	4	30676
7316	-2	4	30680
7317	-4	6	30686
7318	-2	4	30690
7319	-2	4	30694
7320	-2	4	30698
7321	-2	4	30702
7322	-2	4	30706
7323	-2	4	30710
7324	-2	4	30714
7325	-2	4	30718
7326	-4	6	30724
7327	-2	4	30728
7328	-2	4	30732
7329	-2	4	30736
7330	-2	4	30740
7331	-2	4	30744
7332	-2	4	30748
7333	-2	4	30752
7334	-2	4	30756
7335	-2	4	30760
7336	-4	6	30766
7337	-2	4	30770
7338	-2	4	30774
7339	-4	6	30780
7340	-2	4	30784
7341	-2	4	30788
7342	-2	4	30792
7343	-2	4	30796
7344	-2	4	30800
7345	-2	4	30804
7346	-2	4	30808
7347	-2	4	30812
7348	-2	4	30816
7349	-2	4	30820
7350	-2	4	30824
7351	-2	4	30828
7352	-2	4	30832
7353	-2	4	30836
7354	-2	4	30840
7355	-4	6	30846
7356	-2	4	30850
7357	-2	4	30854
7358	-2	4	30858
7359	-2	4	30862
7360	-2	4	30866
7361	-2	4	30870
7362	-2	4	30874
7363	-4	6	30880
7364	-2	4	30884
7365	-2	4	30888
7366	-2	4	30892
7367	-2	4	30896
7368	-2	4	30900
7369	-2	4	30904
7370	-2	4	30908
7371	-2	4	30912
7372	-2	4	30916
7373	-2	4	30920
7374	-2	4	30924
7375	-2	4	30928
7376	-2	4	30932
7377	-2	4	30936
7378	-2	4	30940
7379	-2	4	30944
7380	-2	4	30948
7381	-2	4	30952
7382	-2	4	30956
7383	-2	4	30960
7384	-2	4	30964
7385	-2	4	30968
7386	-2	4	30972
7387	-2	4	30976
7388	-2	4	30980
7389	-2	4	30984
7390	-2	4	30988
7391	-2	4	30992
7392	-2	4	30996
7393	-2	4	31000
7394	-2	4	31004
7395	-2	4	31008
7396	-2	4	31012
7397	-2	4	31016
7398	-4	6	31022
7399	-2	4	31026
7400	-2	4	31030
7401	-4	6	31036
7402	-2	4	31040
7403	-2	4	31044
7404	-2	4	31048
7405	-2	4	31052
7406	-2	4	31056
7407	-2	4	31060
7408	-2	4	31064
7409	-2	4	31068
7410	-2	4	31072
7411	-2	4	31076
7412	-2	4	31080
7413	-2	4	31084
7414	-2	4	31088
7415	-2	4	31092
7416	-2	4	31096
7417	-2	4	31100
7418	-2	4	31104
7419	-2	4	31108
7420	-2	4	31112
7421	-2	4	31116
7422	-2	4	31120
7423	-2	4	31124
7424	-2	4	31128
7425	-4	6	31134
7426	-2	4	31138
7427	-2	4	31142
7428	-2	4	31146
7429	-2	4	31150
7430	-2	4	31154
7431	-2	4	31158
7432	-2	4	31162
7433	-2	4	31166
7434	-2	4	31170
7435	-2	4	31174
7436	-2	4	31178
7437	-2	4	31182
7438	-2	4	31186
7439	-2	4	31190
7440	-2	4	31194
7441	-2	4	31198
7442	-2	4	31202
7443	-2	4	31206
7444	-2	4	31210
7445	-2	4	31214
7446	-2	4	31218
7447	-2	4	31222
7448	-2	4	31226
7449	-2	4	31230
7450	-2	4	31234
7451	-2	4	31238
7452	-2	4	31242
7453	-2	4	31246
7454	-2	4	31250
7455	-2	4	31254
7456	-4	6	31260
7457	-2	4	31264
7458	-2	4	31268
7459	-2	4	31272
7460	-2	4	31276
7461	-2	4	31280
7462	-2	4	31284
7463	-2	4	31288
7464	-2	4	31292
7465	-2	4	31296
7466	-2	4	31300
7467	-2	4	31304
7468	-2	4	31308
7469	-2	4	31312
7470	-2	4	31316
7471	-2	4	31320
7472	-2	4	31324
7473	-2	4	31328
7474	-2	4	31332
7475	-2	4	31336
7476	-2	4	31340
7477	-4	6	31346
7478	-4	6	31352
7479	-2	4	31356
7480	-2	4	31360
7481	-2	4	31364
7482	-2	4	31368
7483	-2	4	31372
7484	-2	4	31376
7485	-2	4	31380
7486	-2	4	31384
7487	-2	4	31388
7488	-2	4	31392
7489	-2	4	31396
7490	-2	4	31400
7491	-2	4	31404
7492	-2	4	31408
7493	-2	4	31412
7494	-2	4	31416
7495	-2	4	31420
7496	-2	4	31424
7497	-2	4	31428
7498	-2	4	31432
7499	-2	4	31436
7500	-2	4	31440
7501	-2	4	31444
7502	-2	4	31448
7503	-2	4	31452
7504	-2	4	31456
7505	-2	4	31460
7506	-2	4	31464
7507	-2	4	31468
7508	-2	4	31472
7509	-2	4	31476
7510	-2	4	31480
7511	-4	6	31486
7512	-2	4	31490
7513	-2	4	31494
7514	-2	4	31498
7515	-2	4	31502
7516	-2	4	31506
7517	-2	4	31510
7518	-2	4	31514
7519	-2	4	31518
7520	-2	4	31522
7521	-2	4	31526
7522	-2	4	31530
7523	-2	4	31534
7524	-2	4	31538
7525	-2	4	31542
7526	-2	4	31546
7527	-2	4	31550
7528	-2	4	31554
7529	-2	4	31558
7530	-2	4	31562
7531	-2	4	31566
7532	-2	4	31570
7533	-2	4	31574
7534	-2	4	31578
7535	-2	4	31582
7536	-2	4	31586
7537	-2	4	31590
7538	-2	4	31594
7539	-2	4	31598
7540	-2	4	31602
7541	-2	4	31606
7542	-2	4	31610
7543	-4	6	31616
7544	-2	4	31620
7545	-2	4	31624
7546	-2	4	31628
7547	-2	4	31632
7548	-2	4	31636
7549	-2	4	31640
7550	-2	4	31644
7551	-6	8	31652
7552	-2	4	31656
7553	-2	4	31660
7554	-2	4	31664
7555	-2	4	31668
7556	-2	4	31672
7557	-2	4	31676
7558	-2	4	31680
7559	-2	4	31684
7560	-2	4	31688
7561	-2	4	31692
7562	-2	4	31696
7563	-2	4	31700
7564	-2	4	31704
7565	-2	4	31708
7566	-2	4	31712
7567	-2	4	31716
7568	-2	4	31720
7569	-2	4	31724
7570	-2	4	31728
7571	-2	4	31732
7572	-2	4	31736
7573	-2	4	31740
7574	-2	4	31744
7575	-4	6	31750
7576	-2	4	31754
7577	-4	6	31760
7578	-2	4	31764
7579	-2	4	31768
7580	-2	4	31772
7581	-2	4	31776
7582	-2	4	31780
7583	-2	4	31784
7584	-2	4	31788
7585	-2	4	31792
7586	-2	4	31796
7587	-2	4	31800
7588	-2	4	31804
7589	-2	4	31808
7590	-2	4	31812
7591	-2	4	31816
7592	-4	6	31822
7593	-2	4	31826
7594	-2	4	31830
7595	-2	4	31834
7596	-2	4	31838
7597	-2	4	31842
7598	-2	4	31846
7599	-2	4	31850
7600	-2	4	31854
7601	-2	4	31858
7602	-2	4	31862
7603	-6	8	31870
7604	-2	4	31874
7605	-2	4	31878
7606	-2	4	31882
7607	-2	4	31886
7608	-2	4	31890
7609	-2	4	31894
7610	-2	4	31898
7611	-4	6	31904
7612	-2	4	31908
7613	-2	4	31912
7614	-2	4	31916
7615	-2	4	31920
7616	-2	4	31924
7617	-4	6	31930
7618	-2	4	31934
7619	-2	4	31938
7620	-2	4	31942
7621	-4	6	31948
7622	-2	4	31952
7623	-2	4	31956
7624	-2	4	31960
7625	-4	6	31966
7626	-2	4	31970
7627	-2	4	31974
7628	-2	4	31978
7629	-2	4	31982
7630	-2	4	31986
7631	-2	4	31990
7632	-2	4	31994
7633	-2	4	31998
7634	-2	4	32002
7635	-2	4	32006
7636	-2	4	32010
7637	-2	4	32014
7638	-2	4	32018
7639	-2	4	32022
7640	-2	4	32026
7641	-2	4	32030
7642	-4	6	32036
7643	-2	4	32040
7644	-2	4	32044
7645	-2	4	32048
7646	-2	4	32052
7647	-2	4	32056
7648	-2	4	32060
7649	-2	4	32064
7650	-2	4	32068
7651	-2	4	32072
7652	-2	4	32076
7653	-2	4	32080
7654	-2	4	32084
7655	-2	4	32088
7656	-2	4	32092
7657	-2	4	32096
7658	-2	4	32100
7659	-4	6	32106
7660	-2	4	32110
7661	-2	4	32114
7662	-2	4	32118
7663	-2	4	32122
7664	-2	4	32126
7665	-2	4	32130
7666	-2	4	32134
7667	-2	4	32138
7668	-2	4	32142
7669	-2	4	32146
7670	-2	4	32150
7671	-2	4	32154
7672	-2	4	32158
7673	-3	5	32163
7674	-2	4	32167
7675	-4	6	32173
7676	-2	4	32177
7677	-2	4	32181
7678	-2	4	32185
7679	-2	4	32189
7680	-2	4	32193
7681	-2	4	32197
7682	-2	4	32201
7683	-2	4	32205
7684	-4	6	32211
7685	-2	4	32215
7686	-2	4	32219
7687	-2	4	32223
7688	-3	5	32228
7689	-2	4	32232
7690	-2	4	32236
7691	-2	4	32240
7692	-2	4	32244
7693	-2	4	32248
7694	-2	4	32252
7695	-2	4	32256
7696	-2	4	32260
7697	-2	4	32264
7698	-2	4	32268
7699	-2	4	32272
7700	-2	4	32276
7701	-2	4	32280
7702	-2	4	32284
7703	-2	4	32288
7704	-2	4	32292
7705	-2	4	32296
7706	-2	4	32300
7707	-2	4	32304
7708	-2	4	32308
7709	-2	4	32312
7710	-4	6	32318
7711	-2	4	32322
7712	-2	4	32326
7713	-2	4	32330
7714	-2	4	32334
7715	-2	4	32338
7716	-2	4	32342
7717	-2	4	32346
7718	-3	5	32351
7719	-2	4	32355
7720	-2	4	32359
7721	-2	4	32363
7722	-2	4	32367
7723	-2	4	32371
7724	-2	4	32375
7725	-2	4	32379
7726	-2	4	32383
7727	-2	4	32387
7728	-2	4	32391
7729	-2	4	32395
7730	-2	4	32399
7731	-2	4	32403
7732	-2	4	32407
7733	-2	4	32411
7734	-2	4	32415
7735	-2	4	32419
7736	-2	4	32423
7737	-2	4	32427
7738	-2	4	32431
7739	-2	4	32435
7740	-2	4	32439
7741	-2	4	32443
7742	-2	4	32447
7743	-2	4	32451
7744	-2	4	32455
7745	-2	4	32459
7746	-2	4	32463
7747	-2	4	32467
7748	-2	4	32471
7749	-2	4	32475
7750	-2	4	32479
7751	-2	4	32483
7752	-2	4	32487
7753	-3	5	32492
7754	-2	4	32496
7755	-2	4	32500
7756	-2	4	32504
7757	-2	4	32508
7758	-2	4	32512
7759	-2	4	32516
7760	-2	4	32520
7761	-2	4	32524
7762	-2	4	32528
7763	-2	4	32532
7764	-2	4	32536
7765	-2	4	32540
7766	-2	4	32544
7767	-2	4	32548
7768	-2	4	32552
7769	-2	4	32556
7770	-2	4	32560
7771	-2	4	32564
7772	-2	4	32568
7773	-2	4	32572
7774	-2	4	32576
7775	-2	4	32580
7776	-2	4	32584
7777	-2	4	32588
7778	-2	4	32592
7779	-2	4	32596
7780	-2	4	32600
7781	-2	4	32604
7782	-2	4	32608
7783	-2	4	32612
7784	-2	4	32616
7785	-2	4	32620
7786	-2	4	32624
7787	-2	4	32628
7788	-2	4	32632
7789	-2	4	32636
7790	-2	4	32640
7791	-2	4	32644
7792	-2	4	32648
7793	-2	4	32652
7794	-2	4	32656
7795	-2	4	32660
7796	-2	4	32664
7797	-2	4	32668
7798	-2	4	32672
7799	-2	4	32676
7800	-2	4	32680
7801	-2	4	32684
7802	-2	4	32688
7803	-2	4	32692
7804	-2	4	32696
7805	-2	4	32700
7806	-2	4	32704
7807	-2	4	32708
7808	-2	4	32712
7809	-2	4	32716
7810	-2	4	32720
7811	-2	4	32724
7812	-4	6	32730
7813	-2	4	32734
7814	-2	4	32738
7815	-2	4	32742
7816	-4	6	32748
7817	-2	4	32752
7818	-2	4	32756
7819	-2	4	32760
7820	-2	4	32764
7821	-2	4	32768
7822	-2	4	32772
7823	-2	4	32776
7824	-2	4	32780
7825	-2	4	32784
7826	-2	4	32788
7827	-2	4	32792
7828	-3	5	32797
7829	-2	4	32801
7830	-2	4	32805
7831	-2	4	32809
7832	-2	4	32813
7833	-2	4	32817
7834	-2	4	32821
7835	-4	6	32827
7836	-2	4	32831
7837	-2	4	32835
7838	-2	4	32839
7839	-2	4	32843
7840	-2	4	32847
7841	-2	4	32851
7842	-2	4	32855
7843	-2	4	32859
7844	-2	4	32863
7845	-2	4	32867
7846	-2	4	32871
7847	-4	6	32877
7848	-8	10	32887
7849	-2	4	32891
7850	-3	5	32896
7851	-2	4	32900
7852	-2	4	32904
7853	-2	4	32908
7854	-2	4	32912
7855	-2	4	32916
7856	-3	5	32921
7857	-2	4	32925
7858	-2	4	32929
7859	-2	4	32933
7860	-4	6	32939
7861	-2	4	32943
7862	-2	4	32947
7863	-2	4	32951
7864	-4	6	32957
7865	-3	5	32962
7866	-2	4	32966
7867	-2	4	32970
7868	-2	4	32974
7869	-2	4	32978
7870	-2	4	32982
7871	-2	4	32986
7872	-2	4	32990
7873	-2	4	32994
7874	-2	4	32998
7875	-2	4	33002
7876	-2	4	33006
7877	-2	4	33010
7878	-2	4	33014
7879	-2	4	33018
7880	-2	4	33022
7881	-2	4	33026
7882	-2	4	33030
7883	-2	4	33034
7884	-2	4	33038
7885	-2	4	33042
7886	-2	4	33046
7887	-2	4	33050
7888	-2	4	33054
7889	-2	4	33058
7890	-2	4	33062
7891	-2	4	33066
7892	-2	4	33070
7893	-2	4	33074
7894	-2	4	33078
7895	-2	4	33082
7896	-2	4	33086
7897	-2	4	33090
7898	-2	4	33094
7899	-4	6	33100
7900	-2	4	33104
7901	-2	4	33108
7902	-2	4	33112
7903	-2	4	33116
7904	-2	4	33120
7905	-2	4	33124
7906	-2	4	33128
7907	-2	4	33132
7908	-2	4	33136
7909	-4	6	33142
7910	-2	4	33146
7911	-2	4	33150
7912	-6	8	33158
7913	-2	4	33162
7914	-2	4	33166
7915	-2	4	33170
7916	-4	6	33176
7917	-2	4	33180
7918	-2	4	33184
7919	-2	4	33188
7920	-2	4	33192
7921	-2	4	33196
7922	-2	4	33200
7923	-2	4	33204
7924	-4	6	33210
7925	-2	4	33214
7926	-2	4	33218
7927	-2	4	33222
7928	-2	4	33226
7929	-2	4	33230
7930	-2	4	33234
7931	-3	5	33239
7932	-2	4	33243
7933	-2	4	33247
7934	-2	4	33251
7935	-2	4	33255
7936	-2	4	33259
7937	-2	4	33263
7938	-2	4	33267
7939	-2	4	33271
7940	-2	4	33275
7941	-2	4	33279
7942	-2	4	33283
7943	-2	4	33287
7944	-2	4	33291
7945	-2	4	33295
7946	-2	4	33299
7947	-2	4	33303
7948	-2	4	33307
7949	-2	4	33311
7950	-2	4	33315
7951	-2	4	33319
7952	-2	4	33323
7953	-2	4	33327
7954	-2	4	33331
7955	-2	4	33335
7956	-2	4	33339
7957	-2	4	33343
7958	-2	4	33347
7959	-4	6	33353
7960	-2	4	33357
7961	-2	4	33361
7962	-2	4	33365
7963	-2	4	33369
7964	-2	4	33373
7965	-4	6	33379
7966	-2	4	33383
7967	-4	6	33389
7968	-2	4	33393
7969	-4	6	33399
7970	-2	4	33403
7971	-2	4	33407
7972	-2	4	33411
7973	-2	4	33415
7974	-2	4	33419
7975	-2	4	33423
7976	-2	4	33427
7977	-2	4	33431
7978	-4	6	33437
7979	-2	4	33441
7980	-4	6	33447
7981	-2	4	33451
7982	-2	4	33455
7983	-2	4	33459
7984	-2	4	33463
7985	-2	4	33467
7986	-2	4	33471
7987	-2	4	33475
7988	-2	4	33479
7989	-2	4	33483
7990	-4	6	33489
7991	-2	4	33493
7992	-2	4	33497
7993	-2	4	33501
7994	-2	4	33505
7995	-2	4	33509
7996	-4	6	33515
7997	-2	4	33519
7998	-2	4	33523
7999	-2	4	33527
8000	-2	4	33531
8001	-2	4	33535
8002	-2	4	33539
8003	-2	4	33543
8004	-2	4	33547
8005	-2	4	33551
8006	-2	4	33555
8007	-2	4	33559
8008	-2	4	33563
8009	-2	4	33567
8010	-2	4	33571
8011	-2	4	33575
8012	-2	4	33579
8013	-2	4	33583
8014	-2	4	33587
8015	-2	4	33591
8016	-2	4	33595
8017	-2	4	33599
8018	-2	4	33603
8019	-2	4	33607
8020	-2	4	33611
8021	-2	4	33615
8022	-2	4	33619
8023	-2	4	33623
8024	-2	4	33627
8025	-6	8	33635
8026	-2	4	33639
8027	-2	4	33643
8028	-2	4	33647
8029	-2	4	33651
8030	-2	4	33655
8031	-2	4	33659
8032	-2	4	33663
8033	-2	4	33667
8034	-2	4	33671
8035	-2	4	33675
8036	-2	4	33679
8037	-2	4	33683
8038	-2	4	33687
8039	-2	4	33691
8040	-2	4	33695
8041	-2	4	33699
8042	-2	4	33703
8043	-2	4	33707
8044	-2	4	33711
8045	-2	4	33715
8046	-2	4	33719
8047	-2	4	33723
8048	-2	4	33727
8049	-2	4	33731
8050	-2	4	33735
8051	-2	4	33739
8052	-2	4	33743
8053	-2	4	33747
8054	-2	4	33751
8055	-2	4	33755
8056	-2	4	33759
8057	-2	4	33763
8058	-2	4	33767
8059	-2	4	33771
8060	-2	4	33775
8061	-2	4	33779
8062	-2	4	33783
8063	-2	4	33787
8064	-2	4	33791
8065	-2	4	33795
8066	-2	4	33799
8067	-2	4	33803
8068	-2	4	33807
8069	-2	4	33811
8070	-2	4	33815
8071	-2	4	33819
8072	-2	4	33823
8073	-2	4	33827
8074	-2	4	33831
8075	-2	4	33835
8076	-2	4	33839
8077	-2	4	33843
8078	-2	4	33847
8079	-2	4	33851
8080	-2	4	33855
8081	-2	4	33859
8082	-2	4	33863
8083	-2	4	33867
8084	-2	4	33871
8085	-2	4	33875
8086	-2	4	33879
8087	-2	4	33883
8088	-2	4	33887
8089	-2	4	33891
8090	-2	4	33895
8091	-2	4	33899
8092	-2	4	33903
8093	-2	4	33907
8094	-2	4	33911
8095	-4	6	33917
8096	-2	4	33921
8097	-2	4	33925
8098	-2	4	33929
8099	-5	7	33936
8100	-2	4	33940
8101	-4	6	33946
8102	-2	4	33950
8103	-2	4	33954
8104	-2	4	33958
8105	-2	4	33962
8106	-2	4	33966
8107	-2	4	33970
8108	-2	4	33974
8109	-2	4	33978
8110	-4	6	33984
8111	-2	4	33988
8112	-6	8	33996
8113	-4	6	34002
8114	-2	4	34006
8115	-2	4	34010
8116	-2	4	34014
8117	-2	4	34018
8118	-2	4	34022
8119	-2	4	34026
8120	-2	4	34030
8121	-4	6	34036
8122	-2	4	34040
8123	-2	4	34044
8124	-3	5	34049
8125	-2	4	34053
8126	-2	4	34057
8127	-2	4	34061
8128	-2	4	34065
8129	-2	4	34069
8130	-2	4	34073
8131	-2	4	34077
8132	-2	4	34081
8133	-2	4	34085
8134	-2	4	34089
8135	-2	4	34093
8136	-5	7	34100
8137	-2	4	34104
8138	-2	4	34108
8139	-2	4	34112
8140	-2	4	34116
8141	-2	4	34120
8142	-2	4	34124
8143	-2	4	34128
8144	-2	4	34132
8145	-2	4	34136
8146	-2	4	34140
8147	-2	4	34144
8148	-4	6	34150
8149	-2	4	34154
8150	-2	4	34158
8151	-2	4	34162
8152	-2	4	34166
8153	-2	4	34170
8154	-2	4	34174
8155	-2	4	34178
8156	-2	4	34182
8157	-2	4	34186
8158	-2	4	34190
8159	-2	4	34194
8160	-6	8	34202
8161	-2	4	34206
8162	-2	4	34210
8163	-4	6	34216
8164	-2	4	34220
8165	-4	6	34226
8166	-2	4	34230
8167	-2	4	34234
8168	-2	4	34238
8169	-2	4	34242
8170	-2	4	34246
8171	-2	4	34250
8172	-2	4	34254
8173	-2	4	34258
8174	-2	4	34262
8175	-2	4	34266
8176	-2	4	34270
8177	-2	4	34274
8178	-2	4	34278
8179	-2	4	34282
8180	-2	4	34286
8181	-2	4	34290
8182	-2	4	34294
8183	-2	4	34298
8184	-2	4	34302
8185	-2	4	34306
8186	-2	4	34310
8187	-2	4	34314
8188	-2	4	34318
8189	-2	4	34322
8190	-2	4	34326
8191	-2	4	34330
8192	-3	5	34335
8193	-2	4	34339
8194	-2	4	34343
8195	-2	4	34347
8196	-2	4	34351
8197	-2	4	34355
8198	-2	4	34359
8199	-2	4	34363
8200	-2	4	34367
8201	-2	4	34371
8202	-2	4	34375
8203	-2	4	34379
8204	-2	4	34383
8205	-2	4	34387
8206	-2	4	34391
8207	-2	4	34395
8208	-2	4	34399
8209	-2	4	34403
8210	-2	4	34407
8211	-2	4	34411
8212	-4	6	34417
8213	-3	5	34422
8214	-2	4	34426
8215	-2	4	34430
8216	-2	4	34434
8217	-2	4	34438
8218	-3	5	34443
8219	-2	4	34447
8220	-2	4	34451
8221	-2	4	34455
8222	-2	4	34459
8223	-2	4	34463
8224	-2	4	34467
8225	-2	4	34471
8226	-2	4	34475
8227	-2	4	34479
8228	-2	4	34483
8229	-3	5	34488
8230	-4	6	34494
8231	-2	4	34498
8232	-2	4	34502
8233	-2	4	34506
8234	-2	4	34510
8235	-2	4	34514
8236	-4	6	34520
8237	-3	5	34525
8238	-2	4	34529
8239	-2	4	34533
8240	-4	6	34539
8241	-2	4	34543
8242	-2	4	34547
8243	-2	4	34551
8244	-2	4	34555
8245	-3	5	34560
8246	-2	4	34564
8247	-2	4	34568
8248	-2	4	34572
8249	-2	4	34576
8250	-2	4	34580
8251	-4	6	34586
8252	-2	4	34590
8253	-2	4	34594
8254	-2	4	34598
8255	-2	4	34602
8256	-2	4	34606
8257	-2	4	34610
8258	-2	4	34614
8259	-2	4	34618
8260	-2	4	34622
8261	-2	4	34626
8262	-2	4	34630
8263	-2	4	34634
8264	-2	4	34638
8265	-2	4	34642
8266	-2	4	34646
8267	-2	4	34650
8268	-2	4	34654
8269	-2	4	34658
8270	-2	4	34662
8271	-2	4	34666
8272	-2	4	34670
8273	-2	4	34674
8274	-2	4	34678
8275	-2	4	34682
8276	-2	4	34686
8277	-4	6	34692
8278	-2	4	34696
8279	-2	4	34700
8280	-2	4	34704
8281	-2	4	34708
8282	-2	4	34712
8283	-2	4	34716
8284	-2	4	34720
8285	-2	4	34724
8286	-2	4	34728
8287	-2	4	34732
8288	-2	4	34736
8289	-4	6	34742
8290	-2	4	34746
8291	-2	4	34750
8292	-2	4	34754
8293	-2	4	34758
8294	-2	4	34762
8295	-2	4	34766
8296	-2	4	34770
8297	-2	4	34774
8298	-2	4	34778
8299	-2	4	34782
8300	-2	4	34786
8301	-2	4	34790
8302	-2	4	34794
8303	-2	4	34798
8304	-2	4	34802
8305	-2	4	34806
8306	-4	6	34812
8307	-2	4	34816
8308	-2	4	34820
8309	-2	4	34824
8310	-2	4	34828
8311	-2	4	34832
8312	-2	4	34836
8313	-2	4	34840
8314	-2	4	34844
8315	-2	4	34848
8316	-2	4	34852
8317	-2	4	34856
8318	-2	4	34860
8319	-2	4	34864
8320	-2	4	34868
8321	-4	6	34874
8322	-2	4	34878
8323	-4	6	34884
8324	-2	4	34888
8325	-2	4	34892
8326	-2	4	34896
8327	-2	4	34900
8328	-2	4	34904
8329	-4	6	34910
8330	-2	4	34914
8331	-2	4	34918
8332	-2	4	34922
8333	-2	4	34926
8334	-2	4	34930
8335	-2	4	34934
8336	-2	4	34938
8337	-4	6	34944
8338	-3	5	34949
8339	-2	4	34953
8340	-2	4	34957
8341	-2	4	34961
8342	-2	4	34965
8343	-2	4	34969
8344	-2	4	34973
8345	-2	4	34977
8346	-2	4	34981
8347	-2	4	34985
8348	-2	4	34989
8349	-2	4	34993
8350	-2	4	34997
8351	-2	4	35001
8352	-2	4	35005
8353	-2	4	35009
8354	-2	4	35013
8355	-2	4	35017
8356	-2	4	35021
8357	-2	4	35025
8358	-2	4	35029
8359	-2	4	35033
8360	-4	6	35039
8361	-2	4	35043
8362	-2	4	35047
8363	-2	4	35051
8364	-2	4	35055
8365	-2	4	35059
8366	-2	4	35063
8367	-2	4	35067
8368	-2	4	35071
8369	-2	4	35075
8370	-2	4	35079
8371	-2	4	35083
8372	-2	4	35087
8373	-2	4	35091
8374	-2	4	35095
8375	-2	4	35099
8376	-2	4	35103
8377	-2	4	35107
8378	-2	4	35111
8379	-2	4	35115
8380	-2	4	35119
8381	-2	4	35123
8382	-2	4	35127
8383	-2	4	35131
8384	-2	4	35135
8385	-2	4	35139
8386	-2	4	35143
8387	-2	4	35147
8388	-2	4	35151
8389	-2	4	35155
8390	-2	4	35159
8391	-2	4	35163
8392	-2	4	35167
8393	-4	6	35173
8394	-2	4	35177
8395	-4	6	35183
8396	-2	4	35187
8397	-4	6	35193
8398	-2	4	35197
8399	-2	4	35201
8400	-2	4	35205
8401	-2	4	35209
8402	-2	4	35213
8403	-4	6	35219
8404	-2	4	35223
8405	-2	4	35227
8406	-2	4	35231
8407	-2	4	35235
8408	-2	4	35239
8409	-2	4	35243
8410	-2	4	35247
8411	-2	4	35251
8412	-2	4	35255
8413	-2	4	35259
8414	-2	4	35263
8415	-2	4	35267
8416	-2	4	35271
8417	-2	4	35275
8418	-2	4	35279
8419	-2	4	35283
8420	-2	4	35287
8421	-2	4	35291
8422	-2	4	35295
8423	-2	4	35299
8424	-4	6	35305
8425	-2	4	35309
8426	-2	4	35313
8427	-2	4	35317
8428	-2	4	35321
8429	-2	4	35325
8430	-4	6	35331
8431	-2	4	35335
8432	-2	4	35339
8433	-2	4	35343
8434	-2	4	35347
8435	-3	5	35352
8436	-2	4	35356
8437	-2	4	35360
8438	-2	4	35364
8439	-2	4	35368
8440	-2	4	35372
8441	-2	4	35376
8442	-2	4	35380
8443	-2	4	35384
8444	-2	4	35388
8445	-2	4	35392
8446	-2	4	35396
8447	-2	4	35400
8448	-2	4	35404
8449	-2	4	35408
8450	-2	4	35412
8451	-2	4	35416
8452	-2	4	35420
8453	-2	4	35424
8454	-2	4	35428
8455	-2	4	35432
8456	-2	4	35436
8457	-2	4	35440
8458	-2	4	35444
8459	-2	4	35448
8460	-2	4	35452
8461	-2	4	35456
8462	-2	4	35460
8463	-2	4	35464
8464	-2	4	35468
8465	-2	4	35472
8466	-2	4	35476
8467	-2	4	35480
8468	-2	4	35484
8469	-2	4	35488
8470	-2	4	35492
8471	-2	4	35496
8472	-2	4	35500
8473	-2	4	35504
8474	-2	4	35508
8475	-2	4	35512
8476	-2	4	35516
8477	-2	4	35520
8478	-2	4	35524
8479	-2	4	35528
8480	-2	4	35532
8481	-2	4	35536
8482	-2	4	35540
8483	-2	4	35544
8484	-2	4	35548
8485	-2	4	35552
8486	-2	4	35556
8487	-2	4	35560
8488	-3	5	35565
8489	-2	4	35569
8490	-2	4	35573
8491	-2	4	35577
8492	-2	4	35581
8493	-4	6	35587
8494	-2	4	35591
8495	-2	4	35595
8496	-2	4	35599
8497	-2	4	35603
8498	-2	4	35607
8499	-2	4	35611
8500	-3	5	35616
8501	-2	4	35620
8502	-2	4	35624
8503	-2	4	35628
8504	-2	4	35632
8505	-2	4	35636
8506	-2	4	35640
8507	-3	5	35645
8508	-2	4	35649
8509	-2	4	35653
8510	-2	4	35657
8511	-2	4	35661
8512	-2	4	35665
8513	-2	4	35669
8514	-2	4	35673
8515	-2	4	35677
8516	-2	4	35681
8517	-2	4	35685
8518	-2	4	35689
8519	-2	4	35693
8520	-4	6	35699
8521	-2	4	35703
8522	-2	4	35707
8523	-2	4	35711
8524	-2	4	35715
8525	-2	4	35719
8526	-2	4	35723
8527	-2	4	35727
8528	-2	4	35731
8529	-2	4	35735
8530	-2	4	35739
8531	-2	4	35743
8532	-2	4	35747
8533	-2	4	35751
8534	-2	4	35755
8535	-2	4	35759
8536	-2	4	35763
8537	-2	4	35767
8538	-2	4	35771
8539	-2	4	35775
8540	-2	4	35779
8541	-2	4	35783
8542	-2	4	35787
8543	-2	4	35791
8544	-3	5	35796
8545	-2	4	35800
8546	-2	4	35804
8547	-2	4	35808
8548	-2	4	35812
8549	-2	4	35816
8550	-2	4	35820
8551	-2	4	35824
8552	-2	4	35828
8553	-2	4	35832
8554	-2	4	35836
8555	-4	6	35842
8556	-2	4	35846
8557	-2	4	35850
8558	-2	4	35854
8559	-2	4	35858
8560	-2	4	35862
8561	-2	4	35866
8562	-2	4	35870
8563	-2	4	35874
8564	-2	4	35878
8565	-2	4	35882
8566	-2	4	35886
8567	-2	4	35890
8568	-2	4	35894
8569	-2	4	35898
8570	-2	4	35902
8571	-2	4	35906
8572	-2	4	35910
8573	-2	4	35914
8574	-2	4	35918
8575	-4	6	35924
8576	-2	4	35928
8577	-2	4	35932
8578	-2	4	35936
8579	-2	4	35940
8580	-4	6	35946
8581	-2	4	35950
8582	-2	4	35954
8583	-2	4	35958
8584	-2	4	35962
8585	-2	4	35966
8586	-4	6	35972
8587	-2	4	35976
8588	-2	4	35980
8589	-2	4	35984
8590	-2	4	35988
8591	-2	4	35992
8592	-2	4	35996
8593	-2	4	36000
8594	-2	4	36004
8595	-2	4	36008
8596	-2	4	36012
8597	-2	4	36016
8598	-2	4	36020
8599	-2	4	36024
8600	-2	4	36028
8601	-2	4	36032
8602	-2	4	36036
8603	-2	4	36040
8604	-2	4	36044
8605	-2	4	36048
8606	-2	4	36052
8607	-2	4	36056
8608	-2	4	36060
8609	-2	4	36064
8610	-2	4	36068
8611	-2	4	36072
8612	-2	4	36076
8613	-4	6	36082
8614	-2	4	36086
8615	-2	4	36090
8616	-4	6	36096
8617	-2	4	36100
8618	-2	4	36104
8619	-2	4	36108
8620	-2	4	36112
8621	-2	4	36116
8622	-2	4	36120
8623	-2	4	36124
8624	-2	4	36128
8625	-2	4	36132
8626	-2	4	36136
8627	-4	6	36142
8628	-2	4	36146
8629	-2	4	36150
8630	-2	4	36154
8631	-2	4	36158
8632	-2	4	36162
8633	-2	4	36166
8634	-2	4	36170
8635	-4	6	36176
8636	-2	4	36180
8637	-4	6	36186
8638	-2	4	36190
8639	-2	4	36194
8640	-4	6	36200
8641	-2	4	36204
8642	-2	4	36208
8643	-2	4	36212
8644	-2	4	36216
8645	-2	4	36220
8646	-4	6	36226
8647	-2	4	36230
8648	-2	4	36234
8649	-2	4	36238
8650	-2	4	36242
8651	-2	4	36246
8652	-2	4	36250
8653	-2	4	36254
8654	-2	4	36258
8655	-2	4	36262
8656	-2	4	36266
8657	-2	4	36270
8658	-2	4	36274
8659	-2	4	36278
8660	-2	4	36282
8661	-2	4	36286
8662	-2	4	36290
8663	-2	4	36294
8664	-4	6	36300
8665	-2	4	36304
8666	-2	4	36308
8667	-2	4	36312
8668	-2	4	36316
8669	-2	4	36320
8670	-2	4	36324
8671	-2	4	36328
8672	-5	7	36335
8673	-2	4	36339
8674	-4	6	36345
8675	-2	4	36349
8676	-2	4	36353
8677	-4	6	36359
8678	-2	4	36363
8679	-2	4	36367
8680	-2	4	36371
8681	-2	4	36375
8682	-2	4	36379
8683	-2	4	36383
8684	-2	4	36387
8685	-2	4	36391
8686	-2	4	36395
8687	-2	4	36399
8688	-2	4	36403
8689	-4	6	36409
8690	-2	4	36413
8691	-2	4	36417
8692	-2	4	36421
8693	-2	4	36425
8694	-2	4	36429
8695	-2	4	36433
8696	-2	4	36437
8697	-2	4	36441
8698	-2	4	36445
8699	-2	4	36449
8700	-2	4	36453
8701	-4	6	36459
8702	-6	8	36467
8703	-2	4	36471
8704	-2	4	36475
8705	-2	4	36479
8706	-2	4	36483
8707	-2	4	36487
8708	-2	4	36491
8709	-2	4	36495
8710	-2	4	36499
8711	-2	4	36503
8712	-2	4	36507
8713	-2	4	36511
8714	-2	4	36515
8715	-2	4	36519
8716	-2	4	36523
8717	-2	4	36527
8718	-2	4	36531
8719	-2	4	36535
8720	-2	4	36539
8721	-2	4	36543
8722	-2	4	36547
8723	-2	4	36551
8724	-2	4	36555
8725	-4	6	36561
8726	-2	4	36565
8727	-2	4	36569
8728	-2	4	36573
8729	-2	4	36577
8730	-2	4	36581
8731	-2	4	36585
8732	-2	4	36589
8733	-2	4	36593
8734	-2	4	36597
8735	-2	4	36601
8736	-2	4	36605
8737	-2	4	36609
8738	-2	4	36613
8739	-2	4	36617
8740	-2	4	36621
8741	-2	4	36625
8742	-2	4	36629
8743	-2	4	36633
8744	-2	4	36637
8745	-2	4	36641
8746	-2	4	36645
8747	-2	4	36649
8748	-2	4	36653
8749	-2	4	36657
8750	-2	4	36661
8751	-2	4	36665
8752	-2	4	36669
8753	-2	4	36673
8754	-2	4	36677
8755	-2	4	36681
8756	-2	4	36685
8757	-2	4	36689
8758	-2	4	36693
8759	-2	4	36697
8760	-4	6	36703
8761	-2	4	36707
8762	-2	4	36711
8763	-2	4	36715
8764	-2	4	36719
8765	-2	4	36723
8766	-2	4	36727
8767	-2	4	36731
8768	-2	4	36735
8769	-2	4	36739
8770	-2	4	36743
8771	-2	4	36747
8772	-2	4	36751
8773	-2	4	36755
8774	-2	4	36759
8775	-2	4	36763
8776	-2	4	36767
8777	-2	4	36771
8778	-2	4	36775
8779	-2	4	36779
8780	-2	4	36783
8781	-2	4	36787
8782	-2	4	36791
8783	-2	4	36795
8784	-2	4	36799
8785	-2	4	36803
8786	-2	4	36807
8787	-3	5	36812
8788	-2	4	36816
8789	-2	4	36820
8790	-2	4	36824
8791	-2	4	36828
8792	-2	4	36832
8793	-2	4	36836
8794	-2	4	36840
8795	-2	4	36844
8796	-2	4	36848
8797	-2	4	36852
8798	-2	4	36856
8799	-2	4	36860
8800	-2	4	36864
8801	-2	4	36868
8802	-2	4	36872
8803	-2	4	36876
8804	-2	4	36880
8805	-2	4	36884
8806	-2	4	36888
8807	-2	4	36892
8808	-2	4	36896
8809	-4	6	36902
8810	-2	4	36906
8811	-2	4	36910
8812	-4	6	36916
8813	-2	4	36920
8814	-2	4	36924
8815	-2	4	36928
8816	-2	4	36932
8817	-4	6	36938
8818	-4	6	36944
8819	-2	4	36948
8820	-2	4	36952
8821	-4	6	36958
8822	-2	4	36962
8823	-2	4	36966
8824	-2	4	36970
8825	-2	4	36974
8826	-2	4	36978
8827	-2	4	36982
8828	-2	4	36986
8829	-2	4	36990
8830	-2	4	36994
8831	-2	4	36998
8832	-2	4	37002
8833	-2	4	37006
8834	-2	4	37010
8835	-2	4	37014
8836	-2	4	37018
8837	-2	4	37022
8838	-2	4	37026
8839	-2	4	37030
8840	-2	4	37034
8841	-2	4	37038
8842	-2	4	37042
8843	-2	4	37046
8844	-2	4	37050
8845	-2	4	37054
8846	-2	4	37058
8847	-2	4	37062
8848	-2	4	37066
8849	-2	4	37070
8850	-2	4	37074
8851	-2	4	37078
8852	-2	4	37082
8853	-2	4	37086
8854	-2	4	37090
8855	-3	5	37095
8856	-4	6	37101
8857	-2	4	37105
8858	-2	4	37109
8859	-2	4	37113
8860	-2	4	37117
8861	-2	4	37121
8862	-2	4	37125
8863	-2	4	37129
8864	-2	4	37133
8865	-2	4	37137
8866	-2	4	37141
8867	-2	4	37145
8868	-2	4	37149
8869	-2	4	37153
8870	-2	4	37157
8871	-2	4	37161
8872	-2	4	37165
8873	-2	4	37169
8874	-2	4	37173
8875	-2	4	37177
8876	-2	4	37181
8877	-2	4	37185
8878	-2	4	37189
8879	-2	4	37193
8880	-2	4	37197
8881	-2	4	37201
8882	-2	4	37205
8883	-2	4	37209
8884	-2	4	37213
8885	-2	4	37217
8886	-2	4	37221
8887	-2	4	37225
8888	-2	4	37229
8889	-2	4	37233
8890	-2	4	37237
8891	-2	4	37241
8892	-2	4	37245
8893	-2	4	37249
8894	-2	4	37253
8895	-2	4	37257
8896	-4	6	37263
8897	-2	4	37267
8898	-2	4	37271
8899	-2	4	37275
8900	-2	4	37279
8901	-2	4	37283
8902	-2	4	37287
8903	-2	4	37291
8904	-2	4	37295
8905	-2	4	37299
8906	-4	6	37305
8907	-2	4	37309
8908	-2	4	37313
8909	-2	4	37317
8910	-2	4	37321
8911	-2	4	37325
8912	-2	4	37329
8913	-2	4	37333
8914	-2	4	37337
8915	-2	4	37341
8916	-4	6	37347
8917	-2	4	37351
8918	-2	4	37355
8919	-2	4	37359
8920	-2	4	37363
8921	-2	4	37367
8922	-2	4	37371
8923	-2	4	37375
8924	-2	4	37379
8925	-2	4	37383
8926	-2	4	37387
8927	-2	4	37391
8928	-2	4	37395
8929	-2	4	37399
8930	-2	4	37403
8931	-2	4	37407
8932	-2	4	37411
8933	-2	4	37415
8934	-2	4	37419
8935	-2	4	37423
8936	-4	6	37429
8937	-2	4	37433
8938	-2	4	37437
8939	-2	4	37441
8940	-2	4	37445
8941	-2	4	37449
8942	-2	4	37453
8943	-2	4	37457
8944	-4	6	37463
8945	-2	4	37467
8946	-2	4	37471
8947	-2	4	37475
8948	-2	4	37479
8949	-2	4	37483
8950	-2	4	37487
8951	-4	6	37493
8952	-2	4	37497
8953	-2	4	37501
8954	-8	10	37511
8955	-2	4	37515
8956	-2	4	37519
8957	-2	4	37523
8958	-2	4	37527
8959	-2	4	37531
8960	-2	4	37535
8961	-2	4	37539
8962	-2	4	37543
8963	-2	4	37547
8964	-2	4	37551
8965	-4	6	37557
8966	-2	4	37561
8967	-2	4	37565
8968	-4	6	37571
8969	-2	4	37575
8970	-2	4	37579
8971	-3	5	37584
8972	-2	4	37588
8973	-2	4	37592
8974	-2	4	37596
8975	-2	4	37600
8976	-2	4	37604
8977	-2	4	37608
8978	-2	4	37612
8979	-2	4	37616
8980	-2	4	37620
8981	-2	4	37624
8982	-2	4	37628
8983	-2	4	37632
8984	-2	4	37636
8985	-2	4	37640
8986	-2	4	37644
8987	-2	4	37648
8988	-2	4	37652
8989	-2	4	37656
8990	-2	4	37660
8991	-2	4	37664
8992	-2	4	37668
8993	-2	4	37672
8994	-2	4	37676
8995	-2	4	37680
8996	-2	4	37684
8997	-2	4	37688
8998	-2	4	37692
8999	-2	4	37696
9000	-4	6	37702
9001	-2	4	37706
9002	-2	4	37710
9003	-2	4	37714
9004	-2	4	37718
9005	-4	6	37724
9006	-2	4	37728
9007	-2	4	37732
9008	-2	4	37736
9009	-3	5	37741
9010	-2	4	37745
9011	-2	4	37749
9012	-2	4	37753
9013	-2	4	37757
9014	-2	4	37761
9015	-2	4	37765
9016	-2	4	37769
9017	-2	4	37773
9018	-2	4	37777
9019	-2	4	37781
9020	-2	4	37785
9021	-2	4	37789
9022	-2	4	37793
9023	-2	4	37797
9024	-3	5	37802
9025	-2	4	37806
9026	-2	4	37810
9027	-4	6	37816
9028	-2	4	37820
9029	-2	4	37824
9030	-3	5	37829
9031	-2	4	37833
9032	-2	4	37837
9033	-2	4	37841
9034	-2	4	37845
9035	-2	4	37849
9036	-2	4	37853
9037	-2	4	37857
9038	-2	4	37861
9039	-2	4	37865
9040	-2	4	37869
9041	-2	4	37873
9042	-2	4	37877
9043	-2	4	37881
9044	-4	6	37887
9045	-2	4	37891
9046	-2	4	37895
9047	-2	4	37899
9048	-2	4	37903
9049	-2	4	37907
9050	-2	4	37911
9051	-2	4	37915
9052	-2	4	37919
9053	-2	4	37923
9054	-2	4	37927
9055	-2	4	37931
9056	-2	4	37935
9057	-2	4	37939
9058	-2	4	37943
9059	-2	4	37947
9060	-2	4	37951
9061	-2	4	37955
9062	-3	5	37960
9063	-2	4	37964
9064	-2	4	37968
9065	-2	4	37972
9066	-2	4	37976
9067	-2	4	37980
9068	-2	4	37984
9069	-2	4	37988
9070	-2	4	37992
9071	-3	5	37997
9072	-2	4	38001
9073	-2	4	38005
9074	-2	4	38009
9075	-2	4	38013
9076	-2	4	38017
9077	-2	4	38021
9078	-2	4	38025
9079	-2	4	38029
9080	-2	4	38033
9081	-2	4	38037
9082	-2	4	38041
9083	-2	4	38045
9084	-2	4	38049
9085	-2	4	38053
9086	-2	4	38057
9087	-2	4	38061
9088	-2	4	38065
9089	-2	4	38069
9090	-2	4	38073
9091	-2	4	38077
9092	-2	4	38081
9093	-2	4	38085
9094	-2	4	38089
9095	-2	4	38093
9096	-2	4	38097
9097	-2	4	38101
9098	-2	4	38105
9099	-2	4	38109
9100	-3	5	38114
9101	-2	4	38118
9102	-2	4	38122
9103	-2	4	38126
9104	-2	4	38130
9105	-2	4	38134
9106	-2	4	38138
9107	-2	4	38142
9108	-2	4	38146
9109	-2	4	38150
9110	-2	4	38154
9111	-2	4	38158
9112	-2	4	38162
9113	-2	4	38166
9114	-2	4	38170
9115	-2	4	38174
9116	-2	4	38178
9117	-2	4	38182
9118	-2	4	38186
9119	-2	4	38190
9120	-2	4	38194
9121	-2	4	38198
9122	-4	6	38204
9123	-2	4	38208
9124	-2	4	38212
9125	-2	4	38216
9126	-3	5	38221
9127	-2	4	38225
9128	-2	4	38229
9129	-2	4	38233
9130	-4	6	38239
9131	-2	4	38243
9132	-2	4	38247
9133	-2	4	38251
9134	-2	4	38255
9135	-2	4	38259
9136	-2	4	38263
9137	-2	4	38267
9138	-2	4	38271
9139	-2	4	38275
9140	-2	4	38279
9141	-2	4	38283
9142	-2	4	38287
9143	-2	4	38291
9144	-2	4	38295
9145	-2	4	38299
9146	-2	4	38303
9147	-2	4	38307
9148	-2	4	38311
9149	-2	4	38315
9150	-2	4	38319
9151	-2	4	38323
9152	-2	4	38327
9153	-2	4	38331
9154	-2	4	38335
9155	-2	4	38339
9156	-2	4	38343
9157	-2	4	38347
9158	-3	5	38352
9159	-2	4	38356
9160	-2	4	38360
9161	-2	4	38364
9162	-2	4	38368
9163	-2	4	38372
9164	-2	4	38376
9165	-2	4	38380
9166	-2	4	38384
9167	-2	4	38388
9168	-2	4	38392
9169	-2	4	38396
9170	-2	4	38400
9171	-2	4	38404
9172	-2	4	38408
9173	-2	4	38412
9174	-2	4	38416
9175	-2	4	38420
9176	-2	4	38424
9177	-2	4	38428
9178	-2	4	38432
9179	-2	4	38436
9180	-2	4	38440
9181	-2	4	38444
9182	-2	4	38448
9183	-2	4	38452
9184	-2	4	38456
9185	-2	4	38460
9186	-2	4	38464
9187	-2	4	38468
9188	-2	4	38472
9189	-2	4	38476
9190	-2	4	38480
9191	-2	4	38484
9192	-2	4	38488
9193	-2	4	38492
9194	-2	4	38496
9195	-2	4	38500
9196	-2	4	38504
9197	-2	4	38508
9198	-2	4	38512
9199	-2	4	38516
9200	-2	4	38520
9201	-2	4	38524
9202	-2	4	38528
9203	-2	4	38532
9204	-2	4	38536
9205	-2	4	38540
9206	-2	4	38544
9207	-2	4	38548
9208	-2	4	38552
9209	-2	4	38556
9210	-2	4	38560
9211	-2	4	38564
9212	-2	4	38568
9213	-2	4	38572
9214	-4	6	38578
9215	-2	4	38582
9216	-2	4	38586
9217	-4	6	38592
9218	-2	4	38596
9219	-2	4	38600
9220	-2	4	38604
9221	-2	4	38608
9222	-2	4	38612
9223	-2	4	38616
9224	-2	4	38620
9225	-2	4	38624
9226	-2	4	38628
9227	-2	4	38632
9228	-4	6	38638
9229	-2	4	38642
9230	-2	4	38646
9231	-2	4	38650
9232	-2	4	38654
9233	-2	4	38658
9234	-2	4	38662
9235	-2	4	38666
9236	-2	4	38670
9237	-2	4	38674
9238	-2	4	38678
9239	-2	4	38682
9240	-2	4	38686
9241	-2	4	38690
9242	-2	4	38694
9243	-2	4	38698
9244	-4	6	38704
9245	-2	4	38708
9246	-2	4	38712
9247	-3	5	38717
9248	-2	4	38721
9249	-2	4	38725
9250	-2	4	38729
9251	-2	4	38733
9252	-2	4	38737
9253	-2	4	38741
9254	-2	4	38745
9255	-2	4	38749
9256	-2	4	38753
9257	-6	8	38761
9258	-2	4	38765
9259	-2	4	38769
9260	-2	4	38773
9261	-2	4	38777
9262	-2	4	38781
9263	-2	4	38785
9264	-2	4	38789
9265	-2	4	38793
9266	-2	4	38797
9267	-2	4	38801
9268	-2	4	38805
9269	-2	4	38809
9270	-2	4	38813
9271	-2	4	38817
9272	-4	6	38823
9273	-2	4	38827
9274	-2	4	38831
9275	-2	4	38835
9276	-2	4	38839
9277	-2	4	38843
9278	-2	4	38847
9279	-4	6	38853
9280	-2	4	38857
9281	-2	4	38861
9282	-4	6	38867
9283	-3	5	38872
9284	-2	4	38876
9285	-2	4	38880
9286	-2	4	38884
9287	-2	4	38888
9288	-2	4	38892
9289	-2	4	38896
9290	-2	4	38900
9291	-2	4	38904
9292	-2	4	38908
9293	-2	4	38912
9294	-2	4	38916
9295	-2	4	38920
9296	-2	4	38924
9297	-2	4	38928
9298	-2	4	38932
9299	-2	4	38936
9300	-2	4	38940
9301	-2	4	38944
9302	-2	4	38948
9303	-2	4	38952
9304	-2	4	38956
9305	-2	4	38960
9306	-2	4	38964
9307	-3	5	38969
9308	-2	4	38973
9309	-2	4	38977
9310	-2	4	38981
9311	-2	4	38985
9312	-2	4	38989
9313	-2	4	38993
9314	-2	4	38997
9315	-4	6	39003
9316	-2	4	39007
9317	-2	4	39011
9318	-2	4	39015
9319	-2	4	39019
9320	-4	6	39025
9321	-2	4	39029
9322	-4	6	39035
9323	-2	4	39039
9324	-2	4	39043
9325	-2	4	39047
9326	-2	4	39051
9327	-2	4	39055
9328	-3	5	39060
9329	-2	4	39064
9330	-2	4	39068
9331	-2	4	39072
9332	-2	4	39076
9333	-2	4	39080
9334	-2	4	39084
9335	-2	4	39088
9336	-2	4	39092
9337	-3	5	39097
9338	-2	4	39101
9339	-2	4	39105
9340	-2	4	39109
9341	-2	4	39113
9342	-2	4	39117
9343	-2	4	39121
9344	-2	4	39125
9345	-2	4	39129
9346	-2	4	39133
9347	-2	4	39137
9348	-2	4	39141
9349	-2	4	39145
9350	-2	4	39149
9351	-2	4	39153
9352	-2	4	39157
9353	-2	4	39161
9354	-4	6	39167
9355	-2	4	39171
9356	-2	4	39175
9357	-2	4	39179
9358	-4	6	39185
9359	-2	4	39189
9360	-2	4	39193
9361	-2	4	39197
9362	-2	4	39201
9363	-2	4	39205
9364	-2	4	39209
9365	-2	4	39213
9366	-2	4	39217
9367	-2	4	39221
9368	-2	4	39225
9369	-2	4	39229
9370	-2	4	39233
9371	-2	4	39237
9372	-2	4	39241
9373	-2	4	39245
9374	-2	4	39249
9375	-2	4	39253
9376	-2	4	39257
9377	-2	4	39261
9378	-2	4	39265
9379	-2	4	39269
9380	-2	4	39273
9381	-2	4	39277
9382	-2	4	39281
9383	-2	4	39285
9384	-2	4	39289
9385	-2	4	39293
9386	-2	4	39297
9387	-4	6	39303
9388	-2	4	39307
9389	-2	4	39311
9390	-2	4	39315
9391	-2	4	39319
9392	-2	4	39323
9393	-2	4	39327
9394	-2	4	39331
9395	-2	4	39335
9396	-3	5	39340
9397	-2	4	39344
9398	-2	4	39348
9399	-2	4	39352
9400	-4	6	39358
9401	-2	4	39362
9402	-2	4	39366
9403	-2	4	39370
9404	-2	4	39374
9405	-3	5	39379
9406	-2	4	39383
9407	-2	4	39387
9408	-2	4	39391
9409	-2	4	39395
9410	-2	4	39399
9411	-2	4	39403
9412	-4	6	39409
9413	-2	4	39413
9414	-2	4	39417
9415	-2	4	39421
9416	-2	4	39425
9417	-6	8	39433
9418	-2	4	39437
9419	-2	4	39441
9420	-2	4	39445
9421	-2	4	39449
9422	-2	4	39453
9423	-2	4	39457
9424	-2	4	39461
9425	-2	4	39465
9426	-2	4	39469
9427	-2	4	39473
9428	-2	4	39477
9429	-2	4	39481
9430	-2	4	39485
9431	-2	4	39489
9432	-2	4	39493
9433	-2	4	39497
9434	-2	4	39501
9435	-2	4	39505
9436	-2	4	39509
9437	-2	4	39513
9438	-2	4	39517
9439	-2	4	39521
9440	-2	4	39525
9441	-2	4	39529
9442	-4	6	39535
9443	-2	4	39539
9444	-2	4	39543
9445	-4	6	39549
9446	-2	4	39553
9447	-3	5	39558
9448	-3	5	39563
9449	-4	6	39569
9450	-2	4	39573
9451	-2	4	39577
9452	-2	4	39581
9453	-2	4	39585
9454	-2	4	39589
9455	-2	4	39593
9456	-4	6	39599
9457	-2	4	39603
9458	-2	4	39607
9459	-2	4	39611
9460	-2	4	39615
9461	-2	4	39619
9462	-2	4	39623
9463	-2	4	39627
9464	-2	4	39631
9465	-2	4	39635
9466	-2	4	39639
9467	-2	4	39643
9468	-3	5	39648
9469	-2	4	39652
9470	-2	4	39656
9471	-2	4	39660
9472	-2	4	39664
9473	-2	4	39668
9474	-2	4	39672
9475	-2	4	39676
9476	-2	4	39680
9477	-2	4	39684
9478	-2	4	39688
9479	-2	4	39692
9480	-2	4	39696
9481	-2	4	39700
9482	-2	4	39704
9483	-2	4	39708
9484	-4	6	39714
9485	-2	4	39718
9486	-2	4	39722
9487	-2	4	39726
9488	-2	4	39730
9489	-2	4	39734
9490	-2	4	39738
9491	-2	4	39742
9492	-2	4	39746
9493	-2	4	39750
9494	-2	4	39754
9495	-2	4	39758
9496	-2	4	39762
9497	-4	6	39768
9498	-2	4	39772
9499	-2	4	39776
9500	-2	4	39780
9501	-2	4	39784
9502	-2	4	39788
9503	-2	4	39792
9504	-2	4	39796
9505	-2	4	39800
9506	-2	4	39804
9507	-2	4	39808
9508	-2	4	39812
9509	-2	4	39816
9510	-2	4	39820
9511	-2	4	39824
9512	-2	4	39828
9513	-2	4	39832
9514	-2	4	39836
9515	-2	4	39840
9516	-2	4	39844
9517	-2	4	39848
9518	-2	4	39852
9519	-2	4	39856
9520	-2	4	39860
9521	-2	4	39864
9522	-2	4	39868
9523	-2	4	39872
9524	-2	4	39876
9525	-2	4	39880
9526	-2	4	39884
9527	-2	4	39888
9528	-2	4	39892
9529	-2	4	39896
9530	-2	4	39900
9531	-2	4	39904
9532	-2	4	39908
9533	-2	4	39912
9534	-2	4	39916
9535	-2	4	39920
9536	-2	4	39924
9537	-2	4	39928
9538	-2	4	39932
9539	-2	4	39936
9540	-2	4	39940
9541	-2	4	39944
9542	-2	4	39948
9543	-2	4	39952
9544	-2	4	39956
9545	-2	4	39960
9546	-3	5	39965
9547	-2	4	39969
9548	-2	4	39973
9549	-2	4	39977
9550	-2	4	39981
9551	-2	4	39985
9552	-2	4	39989
9553	-2	4	39993
9554	-2	4	39997
9555	-4	6	40003
9556	-2	4	40007
9557	-2	4	40011
9558	-4	6	40017
9559	-2	4	40021
9560	-2	4	40025
9561	-2	4	40029
9562	-2	4	40033
9563	-2	4	40037
9564	-2	4	40041
9565	-2	4	40045
9566	-2	4	40049
9567	-2	4	40053
9568	-2	4	40057
9569	-2	4	40061
9570	-2	4	40065
9571	-2	4	40069
9572	-4	6	40075
9573	-2	4	40079
9574	-2	4	40083
9575	-4	6	40089
9576	-2	4	40093
9577	-2	4	40097
9578	-2	4	40101
9579	-2	4	40105
9580	-2	4	40109
9581	-2	4	40113
9582	-2	4	40117
9583	-2	4	40121
9584	-4	6	40127
9585	-2	4	40131
9586	-2	4	40135
9587	-2	4	40139
9588	-2	4	40143
9589	-4	6	40149
9590	-2	4	40153
9591	-2	4	40157
9592	-2	4	40161
9593	-2	4	40165
9594	-2	4	40169
9595	-2	4	40173
9596	-2	4	40177
9597	-2	4	40181
9598	-2	4	40185
9599	-2	4	40189
9600	-2	4	40193
9601	-2	4	40197
9602	-2	4	40201
9603	-4	6	40207
9604	-2	4	40211
9605	-2	4	40215
9606	-2	4	40219
9607	-3	5	40224
9608	-4	6	40230
9609	-2	4	40234
9610	-2	4	40238
9611	-2	4	40242
9612	-2	4	40246
9613	-2	4	40250
9614	-2	4	40254
9615	-2	4	40258
9616	-2	4	40262
9617	-2	4	40266
9618	-2	4	40270
9619	-4	6	40276
9620	-2	4	40280
9621	-2	4	40284
9622	-2	4	40288
9623	-2	4	40292
9624	-2	4	40296
9625	-2	4	40300
9626	-2	4	40304
9627	-2	4	40308
9628	-2	4	40312
9629	-2	4	40316
9630	-2	4	40320
9631	-2	4	40324
9632	-2	4	40328
9633	-2	4	40332
9634	-2	4	40336
9635	-2	4	40340
9636	-2	4	40344
9637	-2	4	40348
9638	-2	4	40352
9639	-2	4	40356
9640	-2	4	40360
9641	-2	4	40364
9642	-2	4	40368
9643	-2	4	40372
9644	-2	4	40376
9645	-2	4	40380
9646	-2	4	40384
9647	-2	4	40388
9648	-2	4	40392
9649	-2	4	40396
9650	-2	4	40400
9651	-2	4	40404
9652	-2	4	40408
9653	-2	4	40412
9654	-2	4	40416
9655	-2	4	40420
9656	-2	4	40424
9657	-4	6	40430
9658	-2	4	40434
9659	-2	4	40438
9660	-2	4	40442
9661	-2	4	40446
9662	-2	4	40450
9663	-2	4	40454
9664	-2	4	40458
9665	-2	4	40462
9666	-2	4	40466
9667	-2	4	40470
9668	-2	4	40474
9669	-2	4	40478
9670	-2	4	40482
9671	-2	4	40486
9672	-2	4	40490
9673	-2	4	40494
9674	-2	4	40498
9675	-2	4	40502
9676	-4	6	40508
9677	-2	4	40512
9678	-2	4	40516
9679	-2	4	40520
9680	-2	4	40524
9681	-2	4	40528
9682	-2	4	40532
9683	-2	4	40536
9684	-2	4	40540
9685	-2	4	40544
9686	-2	4	40548
9687	-2	4	40552
9688	-2	4	40556
9689	-2	4	40560
9690	-2	4	40564
9691	-2	4	40568
9692	-2	4	40572
9693	-2	4	40576
9694	-2	4	40580
9695	-2	4	40584
9696	-2	4	40588
9697	-2	4	40592
9698	-2	4	40596
9699	-4	6	40602
9700	-2	4	40606
9701	-2	4	40610
9702	-2	4	40614
9703	-2	4	40618
9704	-3	5	40623
9705	-2	4	40627
9706	-2	4	40631
9707	-2	4	40635
9708	-2	4	40639
9709	-4	6	40645
9710	-2	4	40649
9711	-2	4	40653
9712	-2	4	40657
9713	-2	4	40661
9714	-2	4	40665
9715	-2	4	40669
9716	-2	4	40673
9717	-2	4	40677
9718	-2	4	40681
9719	-4	6	40687
9720	-2	4	40691
9721	-2	4	40695
9722	-2	4	40699
9723	-2	4	40703
9724	-2	4	40707
9725	-2	4	40711
9726	-2	4	40715
9727	-2	4	40719
9728	-2	4	40723
9729	-2	4	40727
9730	-2	4	40731
9731	-2	4	40735
9732	-2	4	40739
9733	-2	4	40743
9734	-2	4	40747
9735	-3	5	40752
9736	-2	4	40756
9737	-2	4	40760
9738	-2	4	40764
9739	-2	4	40768
9740	-2	4	40772
9741	-2	4	40776
9742	-2	4	40780
9743	-2	4	40784
9744	-4	6	40790
9745	-2	4	40794
9746	-2	4	40798
9747	-2	4	40802
9748	-2	4	40806
9749	-2	4	40810
9750	-2	4	40814
9751	-2	4	40818
9752	-2	4	40822
9753	-2	4	40826
9754	-2	4	40830
9755	-2	4	40834
9756	-2	4	40838
9757	-2	4	40842
9758	-2	4	40846
9759	-2	4	40850
9760	-2	4	40854
9761	-2	4	40858
9762	-2	4	40862
9763	-2	4	40866
9764	-2	4	40870
9765	-2	4	40874
9766	-2	4	40878
9767	-2	4	40882
9768	-2	4	40886
9769	-2	4	40890
9770	-2	4	40894
9771	-2	4	40898
9772	-4	6	40904
9773	-2	4	40908
9774	-2	4	40912
9775	-2	4	40916
9776	-2	4	40920
9777	-2	4	40924
9778	-2	4	40928
9779	-2	4	40932
9780	-2	4	40936
9781	-2	4	40940
9782	-2	4	40944
9783	-2	4	40948
9784	-2	4	40952
9785	-2	4	40956
9786	-2	4	40960
9787	-2	4	40964
9788	-2	4	40968
9789	-2	4	40972
9790	-2	4	40976
9791	-2	4	40980
9792	-2	4	40984
9793	-2	4	40988
9794	-2	4	40992
9795	-2	4	40996
9796	-2	4	41000
9797	-4	6	41006
9798	-2	4	41010
9799	-2	4	41014
9800	-2	4	41018
9801	-2	4	41022
9802	-2	4	41026
9803	-2	4	41030
9804	-2	4	41034
9805	-4	6	41040
9806	-2	4	41044
9807	-2	4	41048
9808	-2	4	41052
9809	-2	4	41056
9810	-2	4	41060
9811	-2	4	41064
9812	-2	4	41068
9813	-2	4	41072
9814	-2	4	41076
9815	-2	4	41080
9816	-2	4	41084
9817	-2	4	41088
9818	-2	4	41092
9819	-2	4	41096
9820	-2	4	41100
9821	-2	4	41104
9822	-2	4	41108
9823	-2	4	41112
9824	-2	4	41116
9825	-2	4	41120
9826	-2	4	41124
9827	-2	4	41128
9828	-2	4	41132
9829	-2	4	41136
9830	-2	4	41140
9831	-2	4	41144
9832	-2	4	41148
9833	-2	4	41152
9834	-2	4	41156
9835	-2	4	41160
9836	-4	6	41166
9837	-2	4	41170
9838	-2	4	41174
9839	-2	4	41178
9840	-2	4	41182
9841	-6	8	41190
9842	-2	4	41194
9843	-2	4	41198
9844	-2	4	41202
9845	-2	4	41206
9846	-2	4	41210
9847	-2	4	41214
9848	-2	4	41218
9849	-2	4	41222
9850	-2	4	41226
9851	-2	4	41230
9852	-2	4	41234
9853	-2	4	41238
9854	-2	4	41242
9855	-2	4	41246
9856	-2	4	41250
9857	-2	4	41254
9858	-2	4	41258
9859	-2	4	41262
9860	-2	4	41266
9861	-2	4	41270
9862	-2	4	41274
9863	-3	5	41279
9864	-2	4	41283
9865	-2	4	41287
9866	-2	4	41291
9867	-2	4	41295
9868	-2	4	41299
9869	-2	4	41303
9870	-2	4	41307
9871	-2	4	41311
9872	-2	4	41315
9873	-2	4	41319
9874	-2	4	41323
9875	-2	4	41327
9876	-4	6	41333
9877	-2	4	41337
9878	-2	4	41341
9879	-2	4	41345
9880	-2	4	41349
9881	-2	4	41353
9882	-2	4	41357
9883	-2	4	41361
9884	-2	4	41365
9885	-2	4	41369
9886	-2	4	41373
9887	-2	4	41377
9888	-2	4	41381
9889	-4	6	41387
9890	-2	4	41391
9891	-2	4	41395
9892	-2	4	41399
9893	-2	4	41403
9894	-2	4	41407
9895	-2	4	41411
9896	-2	4	41415
9897	-2	4	41419
9898	-2	4	41423
9899	-2	4	41427
9900	-2	4	41431
9901	-2	4	41435
9902	-2	4	41439
9903	-2	4	41443
9904	-2	4	41447
9905	-3	5	41452
9906	-2	4	41456
9907	-2	4	41460
9908	-2	4	41464
9909	-2	4	41468
9910	-2	4	41472
9911	-2	4	41476
9912	-2	4	41480
9913	-2	4	41484
9914	-4	6	41490
9915	-2	4	41494
9916	-2	4	41498
9917	-2	4	41502
9918	-2	4	41506
9919	-4	6	41512
9920	-2	4	41516
9921	-2	4	41520
9922	-2	4	41524
9923	-2	4	41528
9924	-2	4	41532
9925	-2	4	41536
9926	-2	4	41540
9927	-2	4	41544
9928	-2	4	41548
9929	-2	4	41552
9930	-2	4	41556
9931	-4	6	41562
9932	-2	4	41566
9933	-2	4	41570
9934	-2	4	41574
9935	-3	5	41579
9936	-2	4	41583
9937	-2	4	41587
9938	-8	10	41597
9939	-2	4	41601
9940	-2	4	41605
9941	-4	6	41611
9942	-2	4	41615
9943	-3	5	41620
9944	-2	4	41624
9945	-2	4	41628
9946	-2	4	41632
9947	-2	4	41636
9948	-2	4	41640
9949	-4	6	41646
9950	-2	4	41650
9951	-2	4	41654
9952	-2	4	41658
9953	-3	5	41663
9954	-2	4	41667
9955	-2	4	41671
9956	-2	4	41675
9957	-2	4	41679
9958	-2	4	41683
9959	-2	4	41687
9960	-2	4	41691
9961	-2	4	41695
9962	-3	5	41700
9963	-2	4	41704
9964	-2	4	41708
9965	-2	4	41712
9966	-2	4	41716
9967	-2	4	41720
9968	-4	6	41726
9969	-2	4	41730
9970	-2	4	41734
9971	-2	4	41738
9972	-4	6	41744
9973	-3	5	41749
9974	-2	4	41753
9975	-6	8	41761
9976	-4	6	41767
9977	-2	4	41771
9978	-2	4	41775
9979	-4	6	41781
9980	-2	4	41785
9981	-2	4	41789
9982	-2	4	41793
9983	-2	4	41797
9984	-2	4	41801
9985	-2	4	41805
9986	-3	5	41810
9987	-2	4	41814
9988	-2	4	41818
9989	-2	4	41822
9990	-2	4	41826
9991	-2	4	41830
9992	-2	4	41834
9993	-2	4	41838
9994	-2	4	41842
9995	-2	4	41846
9996	-2	4	41850
9997	-2	4	41854
9998	-2	4	41858
9999	-2	4	41862
10000	-2	4	41866
10001	-2	4	41870
10002	-4	6	41876
10003	-2	4	41880
10004	-2	4	41884
10005	-2	4	41888
10006	-2	4	41892
10007	-2	4	41896
10008	-2	4	41900
10009	-2	4	41904
10010	-2	4	41908
10011	-2	4	41912
10012	-2	4	41916
10013	-2	4	41920
10014	-4	6	41926
10015	-2	4	41930
10016	-2	4	41934
10017	-2	4	41938
10018	-2	4	41942
10019	-2	4	41946
10020	-2	4	41950
10021	-5	7	41957
10022	-2	4	41961
10023	-2	4	41965
10024	-2	4	41969
10025	-2	4	41973
10026	-2	4	41977
10027	-3	5	41982
10028	-2	4	41986
10029	-2	4	41990
10030	-2	4	41994
10031	-2	4	41998
10032	-2	4	42002
10033	-4	6	42008
10034	-3	5	42013
10035	-2	4	42017
10036	-2	4	42021
10037	-2	4	42025
10038	-2	4	42029
10039	-2	4	42033
10040	-2	4	42037
10041	-2	4	42041
10042	-2	4	42045
10043	-2	4	42049
10044	-2	4	42053
10045	-2	4	42057
10046	-2	4	42061
10047	-2	4	42065
10048	-2	4	42069
10049	-2	4	42073
10050	-2	4	42077
10051	-2	4	42081
10052	-2	4	42085
10053	-2	4	42089
10054	-2	4	42093
10055	-2	4	42097
10056	-2	4	42101
10057	-2	4	42105
10058	-2	4	42109
10059	-4	6	42115
10060	-2	4	42119
10061	-2	4	42123
10062	-2	4	42127
10063	-2	4	42131
10064	-2	4	42135
10065	-2	4	42139
10066	-2	4	42143
10067	-2	4	42147
10068	-2	4	42151
10069	-2	4	42155
10070	-2	4	42159
10071	-4	6	42165
10072	-3	5	42170
10073	-2	4	42174
10074	-2	4	42178
10075	-2	4	42182
10076	-2	4	42186
10077	-2	4	42190
10078	-2	4	42194
10079	-2	4	42198
10080	-3	5	42203
10081	-2	4	42207
10082	-2	4	42211
10083	-2	4	42215
10084	-3	5	42220
10085	-2	4	42224
10086	-2	4	42228
10087	-2	4	42232
10088	-2	4	42236
10089	-2	4	42240
10090	-2	4	42244
10091	-2	4	42248
10092	-2	4	42252
10093	-2	4	42256
10094	-2	4	42260
10095	-2	4	42264
10096	-2	4	42268
10097	-2	4	42272
10098	-2	4	42276
10099	-2	4	42280
10100	-2	4	42284
10101	-4	6	42290
10102	-2	4	42294
10103	-2	4	42298
10104	-2	4	42302
10105	-2	4	42306
10106	-2	4	42310
10107	-2	4	42314
10108	-2	4	42318
10109	-4	6	42324
10110	-2	4	42328
10111	-2	4	42332
10112	-2	4	42336
10113	-2	4	42340
10114	-4	6	42346
10115	-2	4	42350
10116	-2	4	42354
10117	-4	6	42360
10118	-2	4	42364
10119	-2	4	42368
10120	-2	4	42372
10121	-2	4	42376
10122	-2	4	42380
10123	-2	4	42384
10124	-2	4	42388
10125	-2	4	42392
10126	-2	4	42396
10127	-2	4	42400
10128	-2	4	42404
10129	-2	4	42408
10130	-2	4	42412
10131	-4	6	42418
10132	-2	4	42422
10133	-2	4	42426
10134	-2	4	42430
10135	-2	4	42434
10136	-2	4	42438
10137	-2	4	42442
10138	-2	4	42446
10139	-2	4	42450
10140	-2	4	42454
10141	-2	4	42458
10142	-2	4	42462
10143	-4	6	42468
10144	-2	4	42472
10145	-2	4	42476
10146	-2	4	42480
10147	-2	4	42484
10148	-2	4	42488
10149	-2	4	42492
10150	-2	4	42496
10151	-2	4	42500
10152	-2	4	42504
10153	-2	4	42508
10154	-4	6	42514
10155	-2	4	42518
10156	-2	4	42522
10157	-2	4	42526
10158	-2	4	42530
10159	-2	4	42534
10160	-2	4	42538
10161	-2	4	42542
10162	-4	6	42548
10163	-2	4	42552
10164	-2	4	42556
10165	-2	4	42560
10166	-2	4	42564
10167	-4	6	42570
10168	-2	4	42574
10169	-2	4	42578
10170	-2	4	42582
10171	-4	6	42588
10172	-2	4	42592
10173	-2	4	42596
10174	-2	4	42600
10175	-2	4	42604
10176	-2	4	42608
10177	-2	4	42612
10178	-2	4	42616
10179	-2	4	42620
10180	-2	4	42624
10181	-3	5	42629
10182	-4	6	42635
10183	-2	4	42639
10184	-2	4	42643
10185	-2	4	42647
10186	-2	4	42651
10187	-2	4	42655
10188	-2	4	42659
10189	-2	4	42663
10190	-2	4	42667
10191	-2	4	42671
10192	-2	4	42675
10193	-2	4	42679
10194	-2	4	42683
10195	-2	4	42687
10196	-2	4	42691
10197	-2	4	42695
10198	-2	4	42699
10199	-2	4	42703
10200	-2	4	42707
10201	-2	4	42711
10202	-2	4	42715
10203	-2	4	42719
10204	-2	4	42723
10205	-2	4	42727
10206	-4	6	42733
10207	-2	4	42737
10208	-2	4	42741
10209	-2	4	42745
10210	-2	4	42749
10211	-2	4	42753
10212	-2	4	42757
10213	-2	4	42761
10214	-2	4	42765
10215	-2	4	42769
10216	-2	4	42773
10217	-2	4	42777
10218	-2	4	42781
10219	-4	6	42787
10220	-2	4	42791
10221	-2	4	42795
10222	-2	4	42799
10223	-4	6	42805
10224	-2	4	42809
10225	-2	4	42813
10226	-2	4	42817
10227	-2	4	42821
10228	-4	6	42827
10229	-2	4	42831
10230	-2	4	42835
10231	-2	4	42839
10232	-2	4	42843
10233	-2	4	42847
10234	-2	4	42851
10235	-2	4	42855
10236	-2	4	42859
10237	-2	4	42863
10238	-2	4	42867
10239	-2	4	42871
10240	-4	6	42877
10241	-2	4	42881
10242	-2	4	42885
10243	-2	4	42889
10244	-2	4	42893
10245	-2	4	42897
10246	-2	4	42901
10247	-2	4	42905
10248	-2	4	42909
10249	-2	4	42913
10250	-2	4	42917
10251	-2	4	42921
10252	-2	4	42925
10253	-2	4	42929
10254	-2	4	42933
10255	-2	4	42937
10256	-2	4	42941
10257	-2	4	42945
10258	-2	4	42949
10259	-2	4	42953
10260	-2	4	42957
10261	-2	4	42961
10262	-4	6	42967
10263	-2	4	42971
10264	-2	4	42975
10265	-2	4	42979
10266	-2	4	42983
10267	-2	4	42987
10268	-2	4	42991
10269	-2	4	42995
10270	-2	4	42999
10271	-2	4	43003
10272	-2	4	43007
10273	-2	4	43011
10274	-2	4	43015
10275	-2	4	43019
10276	-2	4	43023
10277	-2	4	43027
10278	-2	4	43031
10279	-2	4	43035
10280	-2	4	43039
10281	-2	4	43043
10282	-2	4	43047
10283	-2	4	43051
10284	-2	4	43055
10285	-2	4	43059
10286	-2	4	43063
10287	-2	4	43067
10288	-2	4	43071
10289	-2	4	43075
10290	-2	4	43079
10291	-2	4	43083
10292	-4	6	43089
10293	-2	4	43093
10294	-2	4	43097
10295	-2	4	43101
10296	-2	4	43105
10297	-2	4	43109
10298	-3	5	43114
10299	-2	4	43118
10300	-6	8	43126
10301	-2	4	43130
10302	-2	4	43134
10303	-2	4	43138
10304	-2	4	43142
10305	-2	4	43146
10306	-2	4	43150
10307	-2	4	43154
10308	-2	4	43158
10309	-2	4	43162
10310	-2	4	43166
10311	-2	4	43170
10312	-2	4	43174
10313	-2	4	43178
10314	-2	4	43182
10315	-4	6	43188
10316	-2	4	43192
10317	-2	4	43196
10318	-2	4	43200
10319	-2	4	43204
10320	-2	4	43208
10321	-2	4	43212
10322	-2	4	43216
10323	-2	4	43220
10324	-2	4	43224
10325	-2	4	43228
10326	-2	4	43232
10327	-2	4	43236
10328	-2	4	43240
10329	-2	4	43244
10330	-2	4	43248
10331	-2	4	43252
10332	-2	4	43256
10333	-2	4	43260
10334	-2	4	43264
10335	-2	4	43268
10336	-4	6	43274
10337	-2	4	43278
10338	-2	4	43282
10339	-2	4	43286
10340	-2	4	43290
10341	-2	4	43294
10342	-2	4	43298
10343	-2	4	43302
10344	-2	4	43306
10345	-2	4	43310
10346	-2	4	43314
10347	-2	4	43318
10348	-2	4	43322
10349	-2	4	43326
10350	-2	4	43330
10351	-2	4	43334
10352	-2	4	43338
10353	-2	4	43342
10354	-2	4	43346
10355	-2	4	43350
10356	-2	4	43354
10357	-2	4	43358
10358	-2	4	43362
10359	-4	6	43368
10360	-2	4	43372
10361	-2	4	43376
10362	-4	6	43382
10363	-2	4	43386
10364	-2	4	43390
10365	-2	4	43394
10366	-2	4	43398
10367	-2	4	43402
10368	-2	4	43406
10369	-2	4	43410
10370	-2	4	43414
10371	-2	4	43418
10372	-2	4	43422
10373	-2	4	43426
10374	-2	4	43430
10375	-2	4	43434
10376	-2	4	43438
10377	-2	4	43442
10378	-4	6	43448
10379	-2	4	43452
10380	-4	6	43458
10381	-2	4	43462
10382	-2	4	43466
10383	-2	4	43470
10384	-2	4	43474
10385	-2	4	43478
10386	-2	4	43482
10387	-2	4	43486
10388	-2	4	43490
10389	-2	4	43494
10390	-2	4	43498
10391	-2	4	43502
10392	-2	4	43506
10393	-2	4	43510
10394	-2	4	43514
10395	-2	4	43518
10396	-2	4	43522
10397	-2	4	43526
10398	-2	4	43530
10399	-2	4	43534
10400	-2	4	43538
10401	-2	4	43542
10402	-2	4	43546
10403	-2	4	43550
10404	-3	5	43555
10405	-2	4	43559
10406	-2	4	43563
10407	-2	4	43567
10408	-2	4	43571
10409	-2	4	43575
10410	-2	4	43579
10411	-2	4	43583
10412	-2	4	43587
10413	-2	4	43591
10414	-2	4	43595
10415	-2	4	43599
10416	-3	5	43604
10417	-2	4	43608
10418	-2	4	43612
10419	-2	4	43616
10420	-2	4	43620
10421	-2	4	43624
10422	-4	6	43630
10423	-2	4	43634
10424	-4	6	43640
10425	-2	4	43644
10426	-2	4	43648
10427	-2	4	43652
10428	-2	4	43656
10429	-2	4	43660
10430	-2	4	43664
10431	-2	4	43668
10432	-2	4	43672
10433	-2	4	43676
10434	-2	4	43680
10435	-4	6	43686
10436	-2	4	43690
10437	-2	4	43694
10438	-4	6	43700
10439	-2	4	43704
10440	-2	4	43708
10441	-2	4	43712
10442	-2	4	43716
10443	-2	4	43720
10444	-4	6	43726
10445	-2	4	43730
10446	-2	4	43734
10447	-2	4	43738
10448	-2	4	43742
10449	-2	4	43746
10450	-2	4	43750
10451	-2	4	43754
10452	-2	4	43758
10453	-2	4	43762
10454	-2	4	43766
10455	-2	4	43770
10456	-2	4	43774
10457	-2	4	43778
10458	-2	4	43782
10459	-2	4	43786
10460	-4	6	43792
10461	-2	4	43796
10462	-2	4	43800
10463	-2	4	43804
10464	-2	4	43808
10465	-2	4	43812
10466	-2	4	43816
10467	-2	4	43820
10468	-2	4	43824
10469	-2	4	43828
10470	-2	4	43832
10471	-2	4	43836
10472	-2	4	43840
10473	-2	4	43844
10474	-2	4	43848
10475	-2	4	43852
10476	-2	4	43856
10477	-6	8	43864
10478	-2	4	43868
10479	-2	4	43872
10480	-2	4	43876
10481	-2	4	43880
10482	-2	4	43884
10483	-2	4	43888
10484	-2	4	43892
10485	-2	4	43896
10486	-2	4	43900
10487	-2	4	43904
10488	-2	4	43908
10489	-2	4	43912
10490	-5	7	43919
10491	-2	4	43923
10492	-2	4	43927
10493	-2	4	43931
10494	-2	4	43935
10495	-2	4	43939
10496	-2	4	43943
10497	-2	4	43947
10498	-2	4	43951
10499	-2	4	43955
10500	-2	4	43959
10501	-6	8	43967
10502	-2	4	43971
10503	-2	4	43975
10504	-2	4	43979
10505	-2	4	43983
10506	-2	4	43987
10507	-2	4	43991
10508	-2	4	43995
10509	-2	4	43999
10510	-2	4	44003
10511	-2	4	44007
10512	-2	4	44011
10513	-2	4	44015
10514	-2	4	44019
10515	-2	4	44023
10516	-2	4	44027
10517	-2	4	44031
10518	-2	4	44035
10519	-2	4	44039
10520	-2	4	44043
10521	-2	4	44047
10522	-2	4	44051
10523	-2	4	44055
10524	-2	4	44059
10525	-2	4	44063
10526	-2	4	44067
10527	-2	4	44071
10528	-2	4	44075
10529	-2	4	44079
10530	-2	4	44083
10531	-2	4	44087
10532	-2	4	44091
10533	-2	4	44095
10534	-2	4	44099
10535	-2	4	44103
10536	-2	4	44107
10537	-2	4	44111
10538	-2	4	44115
10539	-2	4	44119
10540	-2	4	44123
10541	-2	4	44127
10542	-2	4	44131
10543	-2	4	44135
10544	-2	4	44139
10545	-2	4	44143
10546	-2	4	44147
10547	-2	4	44151
10548	-2	4	44155
10549	-2	4	44159
10550	-2	4	44163
10551	-6	8	44171
10552	-2	4	44175
10553	-2	4	44179
10554	-2	4	44183
10555	-2	4	44187
10556	-2	4	44191
10557	-2	4	44195
10558	-2	4	44199
10559	-2	4	44203
10560	-2	4	44207
10561	-3	5	44212
10562	-2	4	44216
10563	-2	4	44220
10564	-2	4	44224
10565	-2	4	44228
10566	-2	4	44232
10567	-4	6	44238
10568	-2	4	44242
10569	-2	4	44246
10570	-2	4	44250
10571	-2	4	44254
10572	-2	4	44258
10573	-2	4	44262
10574	-2	4	44266
10575	-2	4	44270
10576	-3	5	44275
10577	-2	4	44279
10578	-2	4	44283
10579	-2	4	44287
10580	-2	4	44291
10581	-2	4	44295
10582	-2	4	44299
10583	-2	4	44303
10584	-2	4	44307
10585	-2	4	44311
10586	-2	4	44315
10587	-3	5	44320
10588	-2	4	44324
10589	-2	4	44328
10590	-2	4	44332
10591	-2	4	44336
10592	-2	4	44340
10593	-2	4	44344
10594	-2	4	44348
10595	-2	4	44352
10596	-2	4	44356
10597	-2	4	44360
10598	-2	4	44364
10599	-2	4	44368
10600	-4	6	44374
10601	-2	4	44378
10602	-2	4	44382
10603	-2	4	44386
10604	-2	4	44390
10605	-2	4	44394
10606	-2	4	44398
10607	-2	4	44402
10608	-2	4	44406
10609	-2	4	44410
10610	-2	4	44414
10611	-4	6	44420
10612	-2	4	44424
10613	-2	4	44428
10614	-2	4	44432
10615	-2	4	44436
10616	-2	4	44440
10617	-2	4	44444
10618	-2	4	44448
10619	-2	4	44452
10620	-2	4	44456
10621	-2	4	44460
10622	-2	4	44464
10623	-2	4	44468
10624	-2	4	44472
10625	-3	5	44477
10626	-2	4	44481
10627	-2	4	44485
10628	-2	4	44489
10629	-2	4	44493
10630	-2	4	44497
10631	-4	6	44503
10632	-2	4	44507
10633	-2	4	44511
10634	-2	4	44515
10635	-2	4	44519
10636	-2	4	44523
10637	-2	4	44527
10638	-2	4	44531
10639	-2	4	44535
10640	-2	4	44539
10641	-2	4	44543
10642	-2	4	44547
10643	-2	4	44551
10644	-2	4	44555
10645	-2	4	44559
10646	-2	4	44563
10647	-2	4	44567
10648	-2	4	44571
10649	-2	4	44575
10650	-2	4	44579
10651	-4	6	44585
10652	-2	4	44589
10653	-2	4	44593
10654	-2	4	44597
10655	-2	4	44601
10656	-2	4	44605
10657	-2	4	44609
10658	-3	5	44614
10659	-2	4	44618
10660	-2	4	44622
10661	-2	4	44626
10662	-2	4	44630
10663	-2	4	44634
10664	-2	4	44638
10665	-2	4	44642
10666	-2	4	44646
10667	-2	4	44650
10668	-2	4	44654
10669	-2	4	44658
10670	-2	4	44662
10671	-2	4	44666
10672	-2	4	44670
10673	-2	4	44674
10674	-2	4	44678
10675	-2	4	44682
10676	-2	4	44686
10677	-2	4	44690
10678	-2	4	44694
10679	-2	4	44698
10680	-4	6	44704
10681	-2	4	44708
10682	-2	4	44712
10683	-2	4	44716
10684	-2	4	44720
10685	-2	4	44724
10686	-2	4	44728
10687	-2	4	44732
10688	-2	4	44736
10689	-2	4	44740
10690	-2	4	44744
10691	-2	4	44748
10692	-2	4	44752
10693	-2	4	44756
10694	-2	4	44760
10695	-2	4	44764
10696	-2	4	44768
10697	-2	4	44772
10698	-4	6	44778
10699	-2	4	44782
10700	-2	4	44786
10701	-2	4	44790
10702	-2	4	44794
10703	-2	4	44798
10704	-2	4	44802
10705	-2	4	44806
10706	-2	4	44810
10707	-2	4	44814
10708	-2	4	44818
10709	-2	4	44822
10710	-2	4	44826
10711	-2	4	44830
10712	-2	4	44834
10713	-2	4	44838
10714	-2	4	44842
10715	-3	5	44847
10716	-2	4	44851
10717	-2	4	44855
10718	-2	4	44859
10719	-2	4	44863
10720	-2	4	44867
10721	-2	4	44871
10722	-3	5	44876
10723	-2	4	44880
10724	-2	4	44884
10725	-2	4	44888
10726	-2	4	44892
10727	-3	5	44897
10728	-2	4	44901
10729	-3	5	44906
10730	-2	4	44910
10731	-2	4	44914
10732	-4	6	44920
10733	-4	6	44926
10734	-2	4	44930
10735	-2	4	44934
10736	-2	4	44938
10737	-2	4	44942
10738	-2	4	44946
10739	-2	4	44950
10740	-2	4	44954
10741	-2	4	44958
10742	-2	4	44962
10743	-2	4	44966
10744	-2	4	44970
10745	-2	4	44974
10746	-2	4	44978
10747	-2	4	44982
10748	-2	4	44986
10749	-2	4	44990
10750	-2	4	44994
10751	-2	4	44998
10752	-2	4	45002
10753	-2	4	45006
10754	-2	4	45010
10755	-2	4	45014
10756	-2	4	45018
10757	-2	4	45022
10758	-2	4	45026
10759	-2	4	45030
10760	-2	4	45034
10761	-2	4	45038
10762	-4	6	45044
10763	-2	4	45048
10764	-2	4	45052
10765	-2	4	45056
10766	-2	4	45060
10767	-2	4	45064
10768	-3	5	45069
10769	-2	4	45073
10770	-4	6	45079
10771	-2	4	45083
10772	-2	4	45087
10773	-2	4	45091
10774	-2	4	45095
10775	-2	4	45099
10776	-4	6	45105
10777	-2	4	45109
10778	-2	4	45113
10779	-2	4	45117
10780	-2	4	45121
10781	-2	4	45125
10782	-2	4	45129
10783	-2	4	45133
10784	-2	4	45137
10785	-4	6	45143
10786	-2	4	45147
10787	-2	4	45151
10788	-2	4	45155
10789	-2	4	45159
10790	-2	4	45163
10791	-4	6	45169
10792	-2	4	45173
10793	-2	4	45177
10794	-2	4	45181
10795	-2	4	45185
10796	-2	4	45189
10797	-2	4	45193
10798	-2	4	45197
10799	-2	4	45201
10800	-2	4	45205
10801	-2	4	45209
10802	-2	4	45213
10803	-2	4	45217
10804	-2	4	45221
10805	-2	4	45225
10806	-2	4	45229
10807	-2	4	45233
10808	-2	4	45237
10809	-2	4	45241
10810	-2	4	45245
10811	-2	4	45249
10812	-2	4	45253
10813	-2	4	45257
10814	-2	4	45261
10815	-2	4	45265
10816	-2	4	45269
10817	-2	4	45273
10818	-2	4	45277
10819	-4	6	45283
10820	-2	4	45287
10821	-2	4	45291
10822	-2	4	45295
10823	-2	4	45299
10824	-2	4	45303
10825	-2	4	45307
10826	-2	4	45311
10827	-2	4	45315
10828	-2	4	45319
10829	-2	4	45323
10830	-2	4	45327
10831	-2	4	45331
10832	-2	4	45335
10833	-2	4	45339
10834	-4	6	45345
10835	-2	4	45349
10836	-2	4	45353
10837	-4	6	45359
10838	-2	4	45363
10839	-2	4	45367
10840	-2	4	45371
10841	-2	4	45375
10842	-2	4	45379
10843	-2	4	45383
10844	-2	4	45387
10845	-3	5	45392
10846	-2	4	45396
10847	-4	6	45402
10848	-2	4	45406
10849	-2	4	45410
10850	-2	4	45414
10851	-2	4	45418
10852	-2	4	45422
10853	-2	4	45426
10854	-2	4	45430
10855	-2	4	45434
10856	-2	4	45438
10857	-2	4	45442
10858	-2	4	45446
10859	-2	4	45450
10860	-2	4	45454
10861	-2	4	45458
10862	-2	4	45462
10863	-2	4	45466
10864	-2	4	45470
10865	-2	4	45474
10866	-2	4	45478
10867	-4	6	45484
10868	-2	4	45488
10869	-2	4	45492
10870	-2	4	45496
10871	-2	4	45500
10872	-2	4	45504
10873	-2	4	45508
10874	-2	4	45512
10875	-2	4	45516
10876	-2	4	45520
10877	-2	4	45524
10878	-2	4	45528
10879	-2	4	45532
10880	-2	4	45536
10881	-2	4	45540
10882	-2	4	45544
10883	-2	4	45548
10884	-2	4	45552
10885	-4	6	45558
10886	-2	4	45562
10887	-2	4	45566
10888	-2	4	45570
10889	-2	4	45574
10890	-2	4	45578
10891	-4	6	45584
10892	-2	4	45588
10893	-2	4	45592
10894	-3	5	45597
10895	-2	4	45601
10896	-2	4	45605
10897	-2	4	45609
10898	-2	4	45613
10899	-2	4	45617
10900	-2	4	45621
10901	-2	4	45625
10902	-2	4	45629
10903	-2	4	45633
10904	-2	4	45637
10905	-2	4	45641
10906	-2	4	45645
10907	-2	4	45649
10908	-2	4	45653
10909	-2	4	45657
10910	-2	4	45661
10911	-2	4	45665
10912	-2	4	45669
10913	-2	4	45673
10914	-2	4	45677
10915	-2	4	45681
10916	-2	4	45685
10917	-2	4	45689
10918	-2	4	45693
10919	-4	6	45699
10920	-2	4	45703
10921	-2	4	45707
10922	-2	4	45711
10923	-2	4	45715
10924	-2	4	45719
10925	-2	4	45723
10926	-2	4	45727
10927	-2	4	45731
10928	-4	6	45737
10929	-2	4	45741
10930	-2	4	45745
10931	-2	4	45749
10932	-2	4	45753
10933	-2	4	45757
10934	-2	4	45761
10935	-2	4	45765
10936	-2	4	45769
10937	-5	7	45776
10938	-2	4	45780
10939	-2	4	45784
10940	-2	4	45788
10941	-2	4	45792
10942	-2	4	45796
10943	-2	4	45800
10944	-2	4	45804
10945	-2	4	45808
10946	-2	4	45812
10947	-2	4	45816
10948	-2	4	45820
10949	-2	4	45824
10950	-2	4	45828
10951	-2	4	45832
10952	-2	4	45836
10953	-2	4	45840
10954	-2	4	45844
10955	-2	4	45848
10956	-2	4	45852
10957	-2	4	45856
10958	-2	4	45860
10959	-2	4	45864
10960	-2	4	45868
10961	-2	4	45872
10962	-2	4	45876
10963	-2	4	45880
10964	-2	4	45884
10965	-2	4	45888
10966	-2	4	45892
10967	-2	4	45896
10968	-2	4	45900
10969	-2	4	45904
10970	-2	4	45908
10971	-2	4	45912
10972	-2	4	45916
10973	-2	4	45920
10974	-2	4	45924
10975	-2	4	45928
10976	-2	4	45932
10977	-2	4	45936
10978	-2	4	45940
10979	-2	4	45944
10980	-2	4	45948
10981	-2	4	45952
10982	-2	4	45956
10983	-4	6	45962
10984	-2	4	45966
10985	-2	4	45970
10986	-2	4	45974
10987	-2	4	45978
10988	-2	4	45982
10989	-2	4	45986
10990	-2	4	45990
10991	-2	4	45994
10992	-2	4	45998
10993	-2	4	46002
10994	-3	5	46007
10995	-2	4	46011
10996	-2	4	46015
10997	-2	4	46019
10998	-2	4	46023
10999	-2	4	46027
11000	-2	4	46031
11001	-2	4	46035
11002	-2	4	46039
11003	-2	4	46043
11004	-2	4	46047
11005	-2	4	46051
11006	-4	6	46057
11007	-2	4	46061
11008	-2	4	46065
11009	-2	4	46069
11010	-2	4	46073
11011	-2	4	46077
11012	-2	4	46081
11013	-2	4	46085
11014	-2	4	46089
11015	-4	6	46095
11016	-4	6	46101
11017	-2	4	46105
11018	-2	4	46109
11019	-2	4	46113
11020	-2	4	46117
11021	-4	6	46123
11022	-2	4	46127
11023	-2	4	46131
11024	-2	4	46135
11025	-2	4	46139
11026	-2	4	46143
11027	-2	4	46147
11028	-2	4	46151
11029	-2	4	46155
11030	-2	4	46159
11031	-2	4	46163
11032	-2	4	46167
11033	-2	4	46171
11034	-2	4	46175
11035	-2	4	46179
11036	-2	4	46183
11037	-2	4	46187
11038	-2	4	46191
11039	-2	4	46195
11040	-2	4	46199
11041	-2	4	46203
11042	-2	4	46207
11043	-2	4	46211
11044	-2	4	46215
11045	-2	4	46219
11046	-4	6	46225
11047	-2	4	46229
11048	-2	4	46233
11049	-2	4	46237
11050	-4	6	46243
11051	-2	4	46247
11052	-2	4	46251
11053	-2	4	46255
11054	-2	4	46259
11055	-2	4	46263
11056	-2	4	46267
11057	-2	4	46271
11058	-2	4	46275
11059	-2	4	46279
11060	-2	4	46283
11061	-2	4	46287
11062	-2	4	46291
11063	-2	4	46295
11064	-2	4	46299
11065	-2	4	46303
11066	-2	4	46307
11067	-2	4	46311
11068	-2	4	46315
11069	-2	4	46319
11070	-2	4	46323
11071	-4	6	46329
11072	-2	4	46333
11073	-2	4	46337
11074	-2	4	46341
11075	-4	6	46347
11076	-2	4	46351
11077	-2	4	46355
11078	-2	4	46359
11079	-2	4	46363
11080	-2	4	46367
11081	-2	4	46371
11082	-2	4	46375
11083	-2	4	46379
11084	-2	4	46383
11085	-2	4	46387
11086	-2	4	46391
11087	-2	4	46395
11088	-2	4	46399
11089	-4	6	46405
11090	-2	4	46409
11091	-2	4	46413
11092	-2	4	46417
11093	-2	4	46421
11094	-2	4	46425
11095	-2	4	46429
11096	-2	4	46433
11097	-2	4	46437
11098	-2	4	46441
11099	-2	4	46445
11100	-2	4	46449
11101	-2	4	46453
11102	-2	4	46457
11103	-2	4	46461
11104	-2	4	46465
11105	-2	4	46469
11106	-3	5	46474
11107	-4	6	46480
11108	-2	4	46484
11109	-2	4	46488
11110	-4	6	46494
11111	-2	4	46498
11112	-2	4	46502
11113	-2	4	46506
11114	-2	4	46510
11115	-2	4	46514
11116	-2	4	46518
11117	-2	4	46522
11118	-2	4	46526
11119	-4	6	46532
11120	-2	4	46536
11121	-2	4	46540
11122	-4	6	46546
11123	-2	4	46550
11124	-2	4	46554
11125	-2	4	46558
11126	-2	4	46562
11127	-2	4	46566
11128	-2	4	46570
11129	-2	4	46574
11130	-2	4	46578
11131	-3	5	46583
11132	-2	4	46587
11133	-2	4	46591
11134	-2	4	46595
11135	-4	6	46601
11136	-2	4	46605
11137	-2	4	46609
11138	-2	4	46613
11139	-2	4	46617
11140	-2	4	46621
11141	-2	4	46625
11142	-2	4	46629
11143	-2	4	46633
11144	-3	5	46638
11145	-2	4	46642
11146	-2	4	46646
11147	-2	4	46650
11148	-2	4	46654
11149	-2	4	46658
11150	-2	4	46662
11151	-2	4	46666
11152	-2	4	46670
11153	-2	4	46674
11154	-2	4	46678
11155	-2	4	46682
11156	-2	4	46686
11157	-2	4	46690
11158	-2	4	46694
11159	-2	4	46698
11160	-2	4	46702
11161	-2	4	46706
11162	-2	4	46710
11163	-2	4	46714
11164	-6	8	46722
11165	-2	4	46726
11166	-2	4	46730
11167	-2	4	46734
11168	-2	4	46738
11169	-5	7	46745
11170	-2	4	46749
11171	-2	4	46753
11172	-2	4	46757
11173	-2	4	46761
11174	-2	4	46765
11175	-2	4	46769
11176	-2	4	46773
11177	-2	4	46777
11178	-2	4	46781
11179	-2	4	46785
11180	-2	4	46789
11181	-2	4	46793
11182	-3	5	46798
11183	-2	4	46802
11184	-2	4	46806
11185	-2	4	46810
11186	-2	4	46814
11187	-2	4	46818
11188	-2	4	46822
11189	-2	4	46826
11190	-2	4	46830
11191	-2	4	46834
11192	-4	6	46840
11193	-2	4	46844
11194	-2	4	46848
11195	-2	4	46852
11196	-2	4	46856
11197	-2	4	46860
11198	-2	4	46864
11199	-2	4	46868
11200	-2	4	46872
11201	-2	4	46876
11202	-2	4	46880
11203	-2	4	46884
11204	-2	4	46888
11205	-2	4	46892
11206	-2	4	46896
11207	-2	4	46900
11208	-2	4	46904
11209	-2	4	46908
11210	-8	10	46918
11211	-2	4	46922
11212	-2	4	46926
11213	-2	4	46930
11214	-2	4	46934
11215	-2	4	46938
11216	-2	4	46942
11217	-2	4	46946
11218	-2	4	46950
11219	-4	6	46956
11220	-2	4	46960
11221	-2	4	46964
11222	-2	4	46968
11223	-2	4	46972
11224	-2	4	46976
11225	-2	4	46980
11226	-2	4	46984
11227	-4	6	46990
11228	-2	4	46994
11229	-2	4	46998
11230	-2	4	47002
11231	-2	4	47006
11232	-3	5	47011
11233	-2	4	47015
11234	-2	4	47019
11235	-2	4	47023
11236	-2	4	47027
11237	-2	4	47031
11238	-2	4	47035
11239	-2	4	47039
11240	-3	5	47044
11241	-2	4	47048
11242	-6	8	47056
11243	-2	4	47060
11244	-2	4	47064
11245	-4	6	47070
11246	-2	4	47074
11247	-2	4	47078
11248	-2	4	47082
11249	-2	4	47086
11250	-2	4	47090
11251	-2	4	47094
11252	-2	4	47098
11253	-2	4	47102
11254	-2	4	47106
11255	-2	4	47110
11256	-2	4	47114
11257	-2	4	47118
11258	-2	4	47122
11259	-2	4	47126
11260	-2	4	47130
11261	-2	4	47134
11262	-2	4	47138
11263	-3	5	47143
11264	-2	4	47147
11265	-5	7	47154
11266	-2	4	47158
11267	-2	4	47162
11268	-4	6	47168
11269	-4	6	47174
11270	-2	4	47178
11271	-2	4	47182
11272	-2	4	47186
11273	-2	4	47190
11274	-2	4	47194
11275	-4	6	47200
11276	-2	4	47204
11277	-4	6	47210
11278	-2	4	47214
11279	-2	4	47218
11280	-2	4	47222
11281	-2	4	47226
11282	-2	4	47230
11283	-2	4	47234
11284	-4	6	47240
11285	-2	4	47244
11286	-2	4	47248
11287	-4	6	47254
11288	-4	6	47260
11289	-2	4	47264
11290	-2	4	47268
11291	-2	4	47272
11292	-2	4	47276
11293	-2	4	47280
11294	-2	4	47284
11295	-4	6	47290
11296	-2	4	47294
11297	-2	4	47298
11298	-2	4	47302
11299	-2	4	47306
11300	-2	4	47310
11301	-2	4	47314
11302	-2	4	47318
11303	-2	4	47322
11304	-2	4	47326
11305	-2	4	47330
11306	-2	4	47334
11307	-2	4	47338
11308	-2	4	47342
11309	-2	4	47346
11310	-2	4	47350
11311	-2	4	47354
11312	-2	4	47358
11313	-2	4	47362
11314	-2	4	47366
11315	-4	6	47372
11316	-2	4	47376
11317	-2	4	47380
11318	-2	4	47384
11319	-2	4	47388
11320	-2	4	47392
11321	-2	4	47396
11322	-2	4	47400
11323	-2	4	47404
11324	-2	4	47408
11325	-2	4	47412
11326	-2	4	47416
11327	-2	4	47420
11328	-2	4	47424
11329	-2	4	47428
11330	-2	4	47432
11331	-2	4	47436
11332	-2	4	47440
11333	-2	4	47444
11334	-2	4	47448
11335	-2	4	47452
11336	-2	4	47456
11337	-2	4	47460
11338	-2	4	47464
11339	-2	4	47468
11340	-3	5	47473
11341	-2	4	47477
11342	-2	4	47481
11343	-2	4	47485
11344	-2	4	47489
11345	-2	4	47493
11346	-2	4	47497
11347	-2	4	47501
11348	-2	4	47505
11349	-2	4	47509
11350	-2	4	47513
11351	-2	4	47517
11352	-2	4	47521
11353	-2	4	47525
11354	-2	4	47529
11355	-2	4	47533
11356	-2	4	47537
11357	-2	4	47541
11358	-2	4	47545
11359	-4	6	47551
11360	-2	4	47555
11361	-2	4	47559
11362	-2	4	47563
11363	-2	4	47567
11364	-2	4	47571
11365	-2	4	47575
11366	-2	4	47579
11367	-2	4	47583
11368	-2	4	47587
11369	-4	6	47593
11370	-2	4	47597
11371	-2	4	47601
11372	-2	4	47605
11373	-2	4	47609
11374	-2	4	47613
11375	-2	4	47617
11376	-2	4	47621
11377	-2	4	47625
11378	-2	4	47629
11379	-2	4	47633
11380	-2	4	47637
11381	-2	4	47641
11382	-2	4	47645
11383	-2	4	47649
11384	-2	4	47653
11385	-2	4	47657
11386	-2	4	47661
11387	-4	6	47667
11388	-2	4	47671
11389	-4	6	47677
11390	-2	4	47681
11391	-2	4	47685
11392	-2	4	47689
11393	-2	4	47693
11394	-2	4	47697
11395	-2	4	47701
11396	-2	4	47705
11397	-2	4	47709
11398	-2	4	47713
11399	-2	4	47717
11400	-2	4	47721
11401	-2	4	47725
11402	-2	4	47729
11403	-2	4	47733
11404	-2	4	47737
11405	-2	4	47741
11406	-2	4	47745
11407	-2	4	47749
11408	-2	4	47753
11409	-2	4	47757
11410	-2	4	47761
11411	-2	4	47765
11412	-2	4	47769
11413	-2	4	47773
11414	-2	4	47777
11415	-2	4	47781
11416	-3	5	47786
11417	-2	4	47790
11418	-2	4	47794
11419	-2	4	47798
11420	-2	4	47802
11421	-2	4	47806
11422	-2	4	47810
11423	-4	6	47816
11424	-2	4	47820
11425	-2	4	47824
11426	-2	4	47828
11427	-2	4	47832
11428	-2	4	47836
11429	-2	4	47840
11430	-4	6	47846
11431	-2	4	47850
11432	-2	4	47854
11433	-2	4	47858
11434	-4	6	47864
11435	-2	4	47868
11436	-2	4	47872
11437	-2	4	47876
11438	-2	4	47880
11439	-2	4	47884
11440	-2	4	47888
11441	-2	4	47892
11442	-2	4	47896
11443	-2	4	47900
11444	-2	4	47904
11445	-2	4	47908
11446	-2	4	47912
11447	-2	4	47916
11448	-4	6	47922
11449	-2	4	47926
11450	-2	4	47930
11451	-2	4	47934
11452	-2	4	47938
11453	-2	4	47942
11454	-2	4	47946
11455	-2	4	47950
11456	-2	4	47954
11457	-2	4	47958
11458	-2	4	47962
11459	-2	4	47966
11460	-2	4	47970
11461	-2	4	47974
11462	-2	4	47978
11463	-2	4	47982
11464	-2	4	47986
11465	-2	4	47990
11466	-4	6	47996
11467	-2	4	48000
11468	-2	4	48004
11469	-2	4	48008
11470	-2	4	48012
11471	-2	4	48016
11472	-2	4	48020
11473	-2	4	48024
11474	-2	4	48028
11475	-2	4	48032
11476	-2	4	48036
11477	-2	4	48040
11478	-2	4	48044
11479	-2	4	48048
11480	-2	4	48052
11481	-3	5	48057
11482	-2	4	48061
11483	-2	4	48065
11484	-2	4	48069
11485	-2	4	48073
11486	-2	4	48077
11487	-2	4	48081
11488	-2	4	48085
11489	-2	4	48089
11490	-4	6	48095
11491	-2	4	48099
11492	-2	4	48103
11493	-2	4	48107
11494	-2	4	48111
11495	-4	6	48117
11496	-4	6	48123
11497	-2	4	48127
11498	-2	4	48131
11499	-2	4	48135
11500	-2	4	48139
11501	-2	4	48143
11502	-2	4	48147
11503	-2	4	48151
11504	-2	4	48155
11505	-2	4	48159
11506	-2	4	48163
11507	-2	4	48167
11508	-2	4	48171
11509	-2	4	48175
11510	-2	4	48179
11511	-2	4	48183
11512	-2	4	48187
11513	-2	4	48191
11514	-2	4	48195
11515	-2	4	48199
11516	-2	4	48203
11517	-2	4	48207
11518	-2	4	48211
11519	-2	4	48215
11520	-2	4	48219
11521	-2	4	48223
11522	-2	4	48227
11523	-2	4	48231
11524	-2	4	48235
11525	-2	4	48239
11526	-2	4	48243
11527	-3	5	48248
11528	-2	4	48252
11529	-2	4	48256
11530	-2	4	48260
11531	-2	4	48264
11532	-3	5	48269
11533	-2	4	48273
11534	-2	4	48277
11535	-2	4	48281
11536	-2	4	48285
11537	-2	4	48289
11538	-2	4	48293
11539	-2	4	48297
11540	-2	4	48301
11541	-4	6	48307
11542	-3	5	48312
11543	-2	4	48316
11544	-4	6	48322
11545	-2	4	48326
11546	-2	4	48330
11547	-2	4	48334
11548	-2	4	48338
11549	-2	4	48342
11550	-2	4	48346
11551	-2	4	48350
11552	-2	4	48354
11553	-2	4	48358
11554	-2	4	48362
11555	-2	4	48366
11556	-2	4	48370
11557	-3	5	48375
11558	-2	4	48379
11559	-2	4	48383
11560	-2	4	48387
11561	-3	5	48392
11562	-4	6	48398
11563	-2	4	48402
11564	-2	4	48406
11565	-2	4	48410
11566	-2	4	48414
11567	-2	4	48418
11568	-2	4	48422
11569	-2	4	48426
11570	-3	5	48431
11571	-2	4	48435
11572	-2	4	48439
11573	-4	6	48445
11574	-2	4	48449
11575	-2	4	48453
11576	-2	4	48457
11577	-2	4	48461
11578	-2	4	48465
11579	-2	4	48469
11580	-2	4	48473
11581	-2	4	48477
11582	-2	4	48481
11583	-4	6	48487
11584	-2	4	48491
11585	-2	4	48495
11586	-2	4	48499
11587	-2	4	48503
11588	-2	4	48507
11589	-2	4	48511
11590	-2	4	48515
11591	-2	4	48519
11592	-2	4	48523
11593	-2	4	48527
11594	-4	6	48533
11595	-2	4	48537
11596	-2	4	48541
11597	-2	4	48545
11598	-2	4	48549
11599	-2	4	48553
11600	-2	4	48557
11601	-2	4	48561
11602	-2	4	48565
11603	-2	4	48569
11604	-2	4	48573
11605	-2	4	48577
11606	-2	4	48581
11607	-2	4	48585
11608	-2	4	48589
11609	-2	4	48593
11610	-2	4	48597
11611	-2	4	48601
11612	-4	6	48607
11613	-2	4	48611
11614	-2	4	48615
11615	-2	4	48619
11616	-2	4	48623
11617	-2	4	48627
11618	-2	4	48631
11619	-2	4	48635
11620	-2	4	48639
11621	-4	6	48645
11622	-2	4	48649
11623	-2	4	48653
11624	-2	4	48657
11625	-2	4	48661
11626	-2	4	48665
11627	-2	4	48669
11628	-2	4	48673
11629	-2	4	48677
11630	-2	4	48681
11631	-2	4	48685
11632	-2	4	48689
11633	-2	4	48693
11634	-2	4	48697
11635	-2	4	48701
11636	-2	4	48705
11637	-2	4	48709
11638	-2	4	48713
11639	-2	4	48717
11640	-2	4	48721
11641	-2	4	48725
11642	-3	5	48730
11643	-2	4	48734
11644	-3	5	48739
11645	-2	4	48743
11646	-2	4	48747
11647	-2	4	48751
11648	-2	4	48755
11649	-4	6	48761
11650	-2	4	48765
11651	-2	4	48769
11652	-2	4	48773
11653	-2	4	48777
11654	-2	4	48781
11655	-2	4	48785
11656	-2	4	48789
11657	-2	4	48793
11658	-4	6	48799
11659	-2	4	48803
11660	-2	4	48807
11661	-2	4	48811
11662	-2	4	48815
11663	-2	4	48819
11664	-4	6	48825
11665	-2	4	48829
11666	-2	4	48833
11667	-2	4	48837
11668	-2	4	48841
11669	-2	4	48845
11670	-2	4	48849
11671	-2	4	48853
11672	-2	4	48857
11673	-2	4	48861
11674	-2	4	48865
11675	-2	4	48869
11676	-4	6	48875
11677	-2	4	48879
11678	-2	4	48883
11679	-2	4	48887
11680	-2	4	48891
11681	-2	4	48895
11682	-2	4	48899
11683	-2	4	48903
11684	-4	6	48909
11685	-2	4	48913
11686	-2	4	48917
11687	-2	4	48921
11688	-2	4	48925
11689	-2	4	48929
11690	-4	6	48935
11691	-2	4	48939
11692	-4	6	48945
11693	-2	4	48949
11694	-2	4	48953
11695	-2	4	48957
11696	-2	4	48961
11697	-4	6	48967
11698	-2	4	48971
11699	-2	4	48975
11700	-2	4	48979
11701	-2	4	48983
11702	-2	4	48987
11703	-2	4	48991
11704	-2	4	48995
11705	-2	4	48999
11706	-2	4	49003
11707	-2	4	49007
11708	-2	4	49011
11709	-2	4	49015
11710	-4	6	49021
11711	-2	4	49025
11712	-2	4	49029
11713	-2	4	49033
11714	-2	4	49037
11715	-2	4	49041
11716	-2	4	49045
11717	-3	5	49050
11718	-2	4	49054
11719	-2	4	49058
11720	-2	4	49062
11721	-4	6	49068
11722	-2	4	49072
11723	-2	4	49076
11724	-2	4	49080
11725	-2	4	49084
11726	-2	4	49088
11727	-2	4	49092
11728	-2	4	49096
11729	-2	4	49100
11730	-2	4	49104
11731	-2	4	49108
11732	-2	4	49112
11733	-2	4	49116
11734	-2	4	49120
11735	-2	4	49124
11736	-2	4	49128
11737	-2	4	49132
11738	-2	4	49136
11739	-2	4	49140
11740	-4	6	49146
11741	-2	4	49150
11742	-4	6	49156
11743	-2	4	49160
11744	-4	6	49166
11745	-2	4	49170
11746	-2	4	49174
11747	-2	4	49178
11748	-2	4	49182
11749	-2	4	49186
11750	-2	4	49190
11751	-2	4	49194
11752	-2	4	49198
11753	-2	4	49202
11754	-2	4	49206
11755	-2	4	49210
11756	-2	4	49214
11757	-2	4	49218
11758	-2	4	49222
11759	-2	4	49226
11760	-2	4	49230
11761	-2	4	49234
11762	-2	4	49238
11763	-2	4	49242
11764	-2	4	49246
11765	-2	4	49250
11766	-2	4	49254
11767	-2	4	49258
11768	-2	4	49262
11769	-2	4	49266
11770	-2	4	49270
11771	-2	4	49274
11772	-4	6	49280
11773	-2	4	49284
11774	-2	4	49288
11775	-2	4	49292
11776	-5	7	49299
11777	-2	4	49303
11778	-2	4	49307
11779	-2	4	49311
11780	-2	4	49315
11781	-2	4	49319
11782	-2	4	49323
11783	-2	4	49327
11784	-2	4	49331
11785	-2	4	49335
11786	-2	4	49339
11787	-2	4	49343
11788	-2	4	49347
11789	-2	4	49351
11790	-2	4	49355
11791	-2	4	49359
11792	-2	4	49363
11793	-2	4	49367
11794	-2	4	49371
11795	-6	8	49379
11796	-2	4	49383
11797	-2	4	49387
11798	-2	4	49391
11799	-2	4	49395
11800	-2	4	49399
11801	-4	6	49405
11802	-2	4	49409
11803	-2	4	49413
11804	-2	4	49417
11805	-2	4	49421
11806	-2	4	49425
11807	-2	4	49429
11808	-2	4	49433
11809	-2	4	49437
11810	-2	4	49441
11811	-2	4	49445
11812	-2	4	49449
11813	-2	4	49453
11814	-2	4	49457
11815	-2	4	49461
11816	-2	4	49465
11817	-2	4	49469
11818	-2	4	49473
11819	-2	4	49477
11820	-2	4	49481
11821	-2	4	49485
11822	-2	4	49489
11823	-2	4	49493
11824	-2	4	49497
11825	-2	4	49501
11826	-2	4	49505
11827	-2	4	49509
11828	-2	4	49513
11829	-2	4	49517
11830	-2	4	49521
11831	-2	4	49525
11832	-2	4	49529
11833	-2	4	49533
11834	-2	4	49537
11835	-2	4	49541
11836	-2	4	49545
11837	-2	4	49549
11838	-2	4	49553
11839	-2	4	49557
11840	-2	4	49561
11841	-2	4	49565
11842	-2	4	49569
11843	-2	4	49573
11844	-2	4	49577
11845	-4	6	49583
11846	-2	4	49587
11847	-2	4	49591
11848	-2	4	49595
11849	-2	4	49599
11850	-4	6	49605
11851	-2	4	49609
11852	-2	4	49613
11853	-2	4	49617
11854	-2	4	49621
11855	-2	4	49625
11856	-2	4	49629
11857	-2	4	49633
11858	-4	6	49639
11859	-4	6	49645
11860	-2	4	49649
11861	-2	4	49653
11862	-2	4	49657
11863	-2	4	49661
11864	-2	4	49665
11865	-2	4	49669
11866	-2	4	49673
11867	-2	4	49677
11868	-2	4	49681
11869	-2	4	49685
11870	-2	4	49689
11871	-2	4	49693
11872	-2	4	49697
11873	-2	4	49701
11874	-2	4	49705
11875	-2	4	49709
11876	-2	4	49713
11877	-2	4	49717
11878	-3	5	49722
11879	-2	4	49726
11880	-2	4	49730
11881	-2	4	49734
11882	-2	4	49738
11883	-2	4	49742
11884	-2	4	49746
11885	-2	4	49750
11886	-2	4	49754
11887	-2	4	49758
11888	-2	4	49762
11889	-2	4	49766
11890	-2	4	49770
11891	-2	4	49774
11892	-2	4	49778
11893	-2	4	49782
11894	-2	4	49786
11895	-2	4	49790
11896	-2	4	49794
11897	-2	4	49798
11898	-4	6	49804
11899	-2	4	49808
11900	-2	4	49812
11901	-2	4	49816
11902	-2	4	49820
11903	-2	4	49824
11904	-2	4	49828
11905	-2	4	49832
11906	-2	4	49836
11907	-2	4	49840
11908	-2	4	49844
11909	-2	4	49848
11910	-4	6	49854
11911	-2	4	49858
11912	-2	4	49862
11913	-2	4	49866
11914	-2	4	49870
11915	-4	6	49876
11916	-2	4	49880
11917	-2	4	49884
11918	-2	4	49888
11919	-2	4	49892
11920	-2	4	49896
11921	-2	4	49900
11922	-2	4	49904
11923	-2	4	49908
11924	-2	4	49912
11925	-2	4	49916
11926	-2	4	49920
11927	-2	4	49924
11928	-2	4	49928
11929	-2	4	49932
11930	-2	4	49936
11931	-2	4	49940
11932	-2	4	49944
11933	-2	4	49948
11934	-2	4	49952
11935	-3	5	49957
11936	-2	4	49961
11937	-3	5	49966
11938	-2	4	49970
11939	-2	4	49974
11940	-2	4	49978
11941	-2	4	49982
11942	-2	4	49986
11943	-2	4	49990
11944	-4	6	49996
11945	-2	4	50000
11946	-2	4	50004
11947	-2	4	50008
11948	-2	4	50012
11949	-2	4	50016
11950	-2	4	50020
11951	-2	4	50024
11952	-2	4	50028
11953	-4	6	50034
11954	-2	4	50038
11955	-2	4	50042
11956	-2	4	50046
11957	-2	4	50050
11958	-2	4	50054
11959	-2	4	50058
11960	-2	4	50062
11961	-2	4	50066
11962	-2	4	50070
11963	-2	4	50074
11964	-2	4	50078
11965	-2	4	50082
11966	-2	4	50086
11967	-2	4	50090
11968	-2	4	50094
11969	-2	4	50098
11970	-5	7	50105
11971	-2	4	50109
11972	-2	4	50113
11973	-2	4	50117
11974	-2	4	50121
11975	-2	4	50125
11976	-2	4	50129
11977	-2	4	50133
11978	-2	4	50137
11979	-4	6	50143
11980	-2	4	50147
11981	-4	6	50153
11982	-2	4	50157
11983	-2	4	50161
11984	-2	4	50165
11985	-2	4	50169
11986	-2	4	50173
11987	-2	4	50177
11988	-2	4	50181
11989	-2	4	50185
11990	-3	5	50190
11991	-4	6	50196
11992	-2	4	50200
11993	-2	4	50204
11994	-2	4	50208
11995	-2	4	50212
11996	-4	6	50218
11997	-2	4	50222
11998	-2	4	50226
11999	-2	4	50230
12000	-4	6	50236
12001	-2	4	50240
12002	-2	4	50244
12003	-2	4	50248
12004	-2	4	50252
12005	-2	4	50256
12006	-2	4	50260
12007	-2	4	50264
12008	-2	4	50268
12009	-4	6	50274
12010	-2	4	50278
12011	-2	4	50282
12012	-2	4	50286
12013	-2	4	50290
12014	-2	4	50294
12015	-2	4	50298
12016	-2	4	50302
12017	-2	4	50306
12018	-2	4	50310
12019	-4	6	50316
12020	-2	4	50320
12021	-2	4	50324
12022	-2	4	50328
12023	-2	4	50332
12024	-2	4	50336
12025	-2	4	50340
12026	-4	6	50346
12027	-2	4	50350
12028	-2	4	50354
12029	-2	4	50358
12030	-2	4	50362
12031	-2	4	50366
12032	-2	4	50370
12033	-2	4	50374
12034	-2	4	50378
12035	-4	6	50384
12036	-4	6	50390
12037	-2	4	50394
12038	-4	6	50400
12039	-4	6	50406
12040	-2	4	50410
12041	-2	4	50414
12042	-2	4	50418
12043	-6	8	50426
12044	-2	4	50430
12045	-2	4	50434
12046	-2	4	50438
12047	-2	4	50442
12048	-2	4	50446
12049	-2	4	50450
12050	-2	4	50454
12051	-2	4	50458
12052	-2	4	50462
12053	-2	4	50466
12054	-2	4	50470
12055	-2	4	50474
12056	-2	4	50478
12057	-2	4	50482
12058	-2	4	50486
12059	-2	4	50490
12060	-2	4	50494
12061	-2	4	50498
12062	-2	4	50502
12063	-2	4	50506
12064	-2	4	50510
12065	-2	4	50514
12066	-2	4	50518
12067	-2	4	50522
12068	-2	4	50526
12069	-2	4	50530
12070	-2	4	50534
12071	-2	4	50538
12072	-2	4	50542
12073	-2	4	50546
12074	-2	4	50550
12075	-2	4	50554
12076	-2	4	50558
12077	-2	4	50562
12078	-2	4	50566
12079	-4	6	50572
12080	-2	4	50576
12081	-2	4	50580
12082	-2	4	50584
12083	-2	4	50588
12084	-2	4	50592
12085	-2	4	50596
12086	-2	4	50600
12087	-2	4	50604
12088	-2	4	50608
12089	-3	5	50613
12090	-2	4	50617
12091	-2	4	50621
12092	-2	4	50625
12093	-2	4	50629
12094	-2	4	50633
12095	-2	4	50637
12096	-2	4	50641
12097	-2	4	50645
12098	-2	4	50649
12099	-2	4	50653
12100	-2	4	50657
12101	-2	4	50661
12102	-2	4	50665
12103	-2	4	50669
12104	-2	4	50673
12105	-2	4	50677
12106	-2	4	50681
12107	-2	4	50685
12108	-2	4	50689
12109	-2	4	50693
12110	-2	4	50697
12111	-2	4	50701
12112	-2	4	50705
12113	-4	6	50711
12114	-2	4	50715
12115	-4	6	50721
12116	-2	4	50725
12117	-2	4	50729
12118	-4	6	50735
12119	-2	4	50739
12120	-2	4	50743
12121	-2	4	50747
12122	-2	4	50751
12123	-2	4	50755
12124	-2	4	50759
12125	-2	4	50763
12126	-2	4	50767
12127	-2	4	50771
12128	-2	4	50775
12129	-2	4	50779
12130	-2	4	50783
12131	-2	4	50787
12132	-2	4	50791
12133	-2	4	50795
12134	-2	4	50799
12135	-2	4	50803
12136	-2	4	50807
12137	-2	4	50811
12138	-2	4	50815
12139	-2	4	50819
12140	-2	4	50823
12141	-3	5	50828
12142	-2	4	50832
12143	-2	4	50836
12144	-2	4	50840
12145	-2	4	50844
12146	-2	4	50848
12147	-2	4	50852
12148	-2	4	50856
12149	-2	4	50860
12150	-2	4	50864
12151	-2	4	50868
12152	-2	4	50872
12153	-2	4	50876
12154	-2	4	50880
12155	-2	4	50884
12156	-2	4	50888
12157	-4	6	50894
12158	-2	4	50898
12159	-2	4	50902
12160	-2	4	50906
12161	-2	4	50910
12162	-2	4	50914
12163	-2	4	50918
12164	-2	4	50922
12165	-2	4	50926
12166	-2	4	50930
12167	-2	4	50934
12168	-2	4	50938
12169	-3	5	50943
12170	-2	4	50947
12171	-2	4	50951
12172	-4	6	50957
12173	-2	4	50961
12174	-2	4	50965
12175	-2	4	50969
12176	-2	4	50973
12177	-2	4	50977
12178	-2	4	50981
12179	-2	4	50985
12180	-2	4	50989
12181	-2	4	50993
12182	-2	4	50997
12183	-2	4	51001
12184	-2	4	51005
12185	-2	4	51009
12186	-2	4	51013
12187	-2	4	51017
12188	-2	4	51021
12189	-2	4	51025
12190	-2	4	51029
12191	-2	4	51033
12192	-2	4	51037
12193	-6	8	51045
12194	-2	4	51049
12195	-2	4	51053
12196	-2	4	51057
12197	-2	4	51061
12198	-3	5	51066
12199	-2	4	51070
12200	-2	4	51074
12201	-2	4	51078
12202	-2	4	51082
12203	-4	6	51088
12204	-2	4	51092
12205	-2	4	51096
12206	-2	4	51100
12207	-2	4	51104
12208	-3	5	51109
12209	-2	4	51113
12210	-2	4	51117
12211	-2	4	51121
12212	-2	4	51125
12213	-2	4	51129
12214	-2	4	51133
12215	-2	4	51137
12216	-2	4	51141
12217	-2	4	51145
12218	-4	6	51151
12219	-2	4	51155
12220	-2	4	51159
12221	-2	4	51163
12222	-2	4	51167
12223	-2	4	51171
12224	-2	4	51175
12225	-4	6	51181
12226	-2	4	51185
12227	-2	4	51189
12228	-2	4	51193
12229	-2	4	51197
12230	-2	4	51201
12231	-2	4	51205
12232	-4	6	51211
12233	-2	4	51215
12234	-2	4	51219
12235	-2	4	51223
12236	-2	4	51227
12237	-2	4	51231
12238	-2	4	51235
12239	-2	4	51239
12240	-2	4	51243
12241	-2	4	51247
12242	-2	4	51251
12243	-2	4	51255
12244	-2	4	51259
12245	-2	4	51263
12246	-2	4	51267
12247	-2	4	51271
12248	-2	4	51275
12249	-2	4	51279
12250	-2	4	51283
12251	-2	4	51287
12252	-2	4	51291
12253	-2	4	51295
12254	-2	4	51299
12255	-2	4	51303
12256	-2	4	51307
12257	-2	4	51311
12258	-2	4	51315
12259	-4	6	51321
12260	-2	4	51325
12261	-2	4	51329
12262	-2	4	51333
12263	-2	4	51337
12264	-2	4	51341
12265	-2	4	51345
12266	-2	4	51349
12267	-2	4	51353
12268	-2	4	51357
12269	-2	4	51361
12270	-2	4	51365
12271	-2	4	51369
12272	-2	4	51373
12273	-2	4	51377
12274	-2	4	51381
12275	-2	4	51385
12276	-2	4	51389
12277	-2	4	51393
12278	-2	4	51397
12279	-3	5	51402
12280	-2	4	51406
12281	-2	4	51410
12282	-2	4	51414
12283	-2	4	51418
12284	-2	4	51422
12285	-2	4	51426
12286	-2	4	51430
12287	-2	4	51434
12288	-4	6	51440
12289	-2	4	51444
12290	-2	4	51448
12291	-2	4	51452
12292	-2	4	51456
12293	-2	4	51460
12294	-2	4	51464
12295	-2	4	51468
12296	-2	4	51472
12297	-2	4	51476
12298	-2	4	51480
12299	-2	4	51484
12300	-2	4	51488
12301	-4	6	51494
12302	-2	4	51498
12303	-2	4	51502
12304	-2	4	51506
12305	-2	4	51510
12306	-2	4	51514
12307	-2	4	51518
12308	-2	4	51522
12309	-2	4	51526
12310	-4	6	51532
12311	-4	6	51538
12312	-2	4	51542
12313	-2	4	51546
12314	-2	4	51550
12315	-2	4	51554
12316	-2	4	51558
12317	-2	4	51562
12318	-2	4	51566
12319	-2	4	51570
12320	-2	4	51574
12321	-2	4	51578
12322	-2	4	51582
12323	-2	4	51586
12324	-2	4	51590
12325	-4	6	51596
12326	-2	4	51600
12327	-2	4	51604
12328	-4	6	51610
12329	-2	4	51614
12330	-2	4	51618
12331	-2	4	51622
12332	-2	4	51626
12333	-2	4	51630
12334	-2	4	51634
12335	-4	6	51640
12336	-2	4	51644
12337	-2	4	51648
12338	-2	4	51652
12339	-2	4	51656
12340	-2	4	51660
12341	-6	8	51668
12342	-2	4	51672
12343	-2	4	51676
12344	-2	4	51680
12345	-2	4	51684
12346	-2	4	51688
12347	-2	4	51692
12348	-2	4	51696
12349	-2	4	51700
12350	-2	4	51704
12351	-2	4	51708
12352	-2	4	51712
12353	-2	4	51716
12354	-2	4	51720
12355	-2	4	51724
12356	-3	5	51729
12357	-2	4	51733
12358	-2	4	51737
12359	-2	4	51741
12360	-2	4	51745
12361	-2	4	51749
12362	-2	4	51753
12363	-2	4	51757
12364	-2	4	51761
12365	-3	5	51766
12366	-2	4	51770
12367	-4	6	51776
12368	-2	4	51780
12369	-2	4	51784
12370	-2	4	51788
12371	-2	4	51792
12372	-2	4	51796
12373	-2	4	51800
12374	-3	5	51805
12375	-2	4	51809
12376	-2	4	51813
12377	-2	4	51817
12378	-2	4	51821
12379	-2	4	51825
12380	-2	4	51829
12381	-2	4	51833
12382	-2	4	51837
12383	-2	4	51841
12384	-2	4	51845
12385	-2	4	51849
12386	-2	4	51853
12387	-3	5	51858
12388	-2	4	51862
12389	-2	4	51866
12390	-2	4	51870
12391	-2	4	51874
12392	-2	4	51878
12393	-2	4	51882
12394	-2	4	51886
12395	-2	4	51890
12396	-2	4	51894
12397	-2	4	51898
12398	-2	4	51902
12399	-2	4	51906
12400	-2	4	51910
12401	-2	4	51914
12402	-2	4	51918
12403	-2	4	51922
12404	-2	4	51926
12405	-2	4	51930
12406	-2	4	51934
12407	-4	6	51940
12408	-4	6	51946
12409	-2	4	51950
12410	-2	4	51954
12411	-2	4	51958
12412	-2	4	51962
12413	-2	4	51966
12414	-2	4	51970
12415	-5	7	51977
12416	-2	4	51981
12417	-2	4	51985
12418	-2	4	51989
12419	-2	4	51993
12420	-2	4	51997
12421	-2	4	52001
12422	-2	4	52005
12423	-2	4	52009
12424	-2	4	52013
12425	-2	4	52017
12426	-2	4	52021
12427	-2	4	52025
12428	-2	4	52029
12429	-2	4	52033
12430	-2	4	52037
12431	-2	4	52041
12432	-2	4	52045
12433	-2	4	52049
12434	-2	4	52053
12435	-2	4	52057
12436	-2	4	52061
12437	-2	4	52065
12438	-2	4	52069
12439	-2	4	52073
12440	-2	4	52077
12441	-2	4	52081
12442	-2	4	52085
12443	-2	4	52089
12444	-2	4	52093
12445	-2	4	52097
12446	-2	4	52101
12447	-2	4	52105
12448	-2	4	52109
12449	-2	4	52113
12450	-2	4	52117
12451	-2	4	52121
12452	-2	4	52125
12453	-2	4	52129
12454	-2	4	52133
12455	-2	4	52137
12456	-2	4	52141
12457	-2	4	52145
12458	-2	4	52149
12459	-2	4	52153
12460	-2	4	52157
12461	-2	4	52161
12462	-2	4	52165
12463	-2	4	52169
12464	-2	4	52173
12465	-2	4	52177
12466	-2	4	52181
12467	-3	5	52186
12468	-2	4	52190
12469	-4	6	52196
12470	-2	4	52200
12471	-2	4	52204
12472	-2	4	52208
12473	-2	4	52212
12474	-2	4	52216
12475	-2	4	52220
12476	-2	4	52224
12477	-2	4	52228
12478	-2	4	52232
12479	-3	5	52237
12480	-2	4	52241
12481	-2	4	52245
12482	-6	8	52253
12483	-2	4	52257
12484	-2	4	52261
12485	-2	4	52265
12486	-2	4	52269
12487	-2	4	52273
12488	-2	4	52277
12489	-2	4	52281
12490	-2	4	52285
12491	-2	4	52289
12492	-2	4	52293
12493	-2	4	52297
12494	-2	4	52301
12495	-2	4	52305
12496	-3	5	52310
12497	-2	4	52314
12498	-4	6	52320
12499	-2	4	52324
12500	-2	4	52328
12501	-2	4	52332
12502	-4	6	52338
12503	-2	4	52342
12504	-2	4	52346
12505	-2	4	52350
12506	-2	4	52354
12507	-2	4	52358
12508	-2	4	52362
12509	-2	4	52366
12510	-3	5	52371
12511	-2	4	52375
12512	-2	4	52379
12513	-2	4	52383
12514	-2	4	52387
12515	-2	4	52391
12516	-2	4	52395
12517	-2	4	52399
12518	-4	6	52405
12519	-4	6	52411
12520	-2	4	52415
12521	-2	4	52419
12522	-2	4	52423
12523	-2	4	52427
12524	-2	4	52431
12525	-2	4	52435
12526	-2	4	52439
12527	-4	6	52445
12528	-2	4	52449
12529	-2	4	52453
12530	-2	4	52457
12531	-2	4	52461
12532	-3	5	52466
12533	-2	4	52470
12534	-2	4	52474
12535	-2	4	52478
12536	-2	4	52482
12537	-2	4	52486
12538	-2	4	52490
12539	-2	4	52494
12540	-2	4	52498
12541	-2	4	52502
12542	-2	4	52506
12543	-2	4	52510
12544	-4	6	52516
12545	-2	4	52520
12546	-2	4	52524
12547	-2	4	52528
12548	-2	4	52532
12549	-2	4	52536
12550	-2	4	52540
12551	-2	4	52544
12552	-2	4	52548
12553	-2	4	52552
12554	-2	4	52556
12555	-2	4	52560
12556	-2	4	52564
12557	-2	4	52568
12558	-2	4	52572
12559	-2	4	52576
12560	-2	4	52580
12561	-2	4	52584
12562	-2	4	52588
12563	-2	4	52592
12564	-2	4	52596
12565	-2	4	52600
12566	-2	4	52604
12567	-2	4	52608
12568	-2	4	52612
12569	-2	4	52616
12570	-2	4	52620
12571	-2	4	52624
12572	-2	4	52628
12573	-4	6	52634
12574	-2	4	52638
12575	-2	4	52642
12576	-2	4	52646
12577	-2	4	52650
12578	-2	4	52654
12579	-2	4	52658
12580	-2	4	52662
12581	-2	4	52666
12582	-2	4	52670
12583	-4	6	52676
12584	-2	4	52680
12585	-2	4	52684
12586	-2	4	52688
12587	-2	4	52692
12588	-4	6	52698
12589	-3	5	52703
12590	-2	4	52707
12591	-2	4	52711
12592	-2	4	52715
12593	-2	4	52719
12594	-2	4	52723
12595	-2	4	52727
12596	-2	4	52731
12597	-2	4	52735
12598	-2	4	52739
12599	-2	4	52743
12600	-2	4	52747
12601	-2	4	52751
12602	-3	5	52756
12603	-2	4	52760
12604	-2	4	52764
12605	-2	4	52768
12606	-2	4	52772
12607	-2	4	52776
12608	-2	4	52780
12609	-2	4	52784
12610	-2	4	52788
12611	-2	4	52792
12612	-2	4	52796
12613	-2	4	52800
12614	-2	4	52804
12615	-2	4	52808
12616	-2	4	52812
12617	-2	4	52816
12618	-2	4	52820
12619	-2	4	52824
12620	-2	4	52828
12621	-2	4	52832
12622	-2	4	52836
12623	-2	4	52840
12624	-2	4	52844
12625	-4	6	52850
12626	-2	4	52854
12627	-2	4	52858
12628	-2	4	52862
12629	-2	4	52866
12630	-2	4	52870
12631	-2	4	52874
12632	-2	4	52878
12633	-2	4	52882
12634	-2	4	52886
12635	-2	4	52890
12636	-3	5	52895
12637	-2	4	52899
12638	-2	4	52903
12639	-2	4	52907
12640	-2	4	52911
12641	-2	4	52915
12642	-2	4	52919
12643	-2	4	52923
12644	-2	4	52927
12645	-2	4	52931
12646	-2	4	52935
12647	-2	4	52939
12648	-2	4	52943
12649	-2	4	52947
12650	-2	4	52951
12651	-2	4	52955
12652	-4	6	52961
12653	-2	4	52965
12654	-2	4	52969
12655	-2	4	52973
12656	-2	4	52977
12657	-2	4	52981
12658	-4	6	52987
12659	-2	4	52991
12660	-2	4	52995
12661	-2	4	52999
12662	-2	4	53003
12663	-2	4	53007
12664	-2	4	53011
12665	-2	4	53015
12666	-2	4	53019
12667	-2	4	53023
12668	-2	4	53027
12669	-2	4	53031
12670	-2	4	53035
12671	-2	4	53039
12672	-4	6	53045
12673	-2	4	53049
12674	-2	4	53053
12675	-2	4	53057
12676	-4	6	53063
12677	-2	4	53067
12678	-2	4	53071
12679	-3	5	53076
12680	-2	4	53080
12681	-2	4	53084
12682	-4	6	53090
12683	-2	4	53094
12684	-2	4	53098
12685	-4	6	53104
12686	-2	4	53108
12687	-3	5	53113
12688	-2	4	53117
12689	-2	4	53121
12690	-2	4	53125
12691	-2	4	53129
12692	-2	4	53133
12693	-2	4	53137
12694	-2	4	53141
12695	-2	4	53145
12696	-2	4	53149
12697	-2	4	53153
12698	-2	4	53157
12699	-2	4	53161
12700	-2	4	53165
12701	-2	4	53169
12702	-2	4	53173
12703	-2	4	53177
12704	-2	4	53181
12705	-2	4	53185
12706	-2	4	53189
12707	-2	4	53193
12708	-2	4	53197
12709	-2	4	53201
12710	-2	4	53205
12711	-2	4	53209
12712	-4	6	53215
12713	-2	4	53219
12714	-2	4	53223
12715	-2	4	53227
12716	-2	4	53231
12717	-2	4	53235
12718	-2	4	53239
12719	-2	4	53243
12720	-2	4	53247
12721	-2	4	53251
12722	-2	4	53255
12723	-2	4	53259
12724	-2	4	53263
12725	-2	4	53267
12726	-2	4	53271
12727	-2	4	53275
12728	-2	4	53279
12729	-2	4	53283
12730	-2	4	53287
12731	-4	6	53293
12732	-2	4	53297
12733	-2	4	53301
12734	-2	4	53305
12735	-2	4	53309
12736	-2	4	53313
12737	-2	4	53317
12738	-2	4	53321
12739	-2	4	53325
12740	-4	6	53331
12741	-2	4	53335
12742	-2	4	53339
12743	-2	4	53343
12744	-2	4	53347
12745	-2	4	53351
12746	-2	4	53355
12747	-2	4	53359
12748	-2	4	53363
12749	-2	4	53367
12750	-2	4	53371
12751	-2	4	53375
12752	-2	4	53379
12753	-4	6	53385
12754	-2	4	53389
12755	-2	4	53393
12756	-2	4	53397
12757	-2	4	53401
12758	-2	4	53405
12759	-2	4	53409
12760	-4	6	53415
12761	-4	6	53421
12762	-2	4	53425
12763	-2	4	53429
12764	-2	4	53433
12765	-2	4	53437
12766	-2	4	53441
12767	-2	4	53445
12768	-2	4	53449
12769	-2	4	53453
12770	-2	4	53457
12771	-2	4	53461
12772	-2	4	53465
12773	-2	4	53469
12774	-2	4	53473
12775	-2	4	53477
12776	-2	4	53481
12777	-2	4	53485
12778	-2	4	53489
12779	-2	4	53493
12780	-2	4	53497
12781	-2	4	53501
12782	-2	4	53505
12783	-2	4	53509
12784	-2	4	53513
12785	-2	4	53517
12786	-2	4	53521
12787	-2	4	53525
12788	-2	4	53529
12789	-2	4	53533
12790	-2	4	53537
12791	-2	4	53541
12792	-2	4	53545
12793	-2	4	53549
12794	-2	4	53553
12795	-2	4	53557
12796	-2	4	53561
12797	-2	4	53565
12798	-2	4	53569
12799	-2	4	53573
12800	-2	4	53577
12801	-2	4	53581
12802	-2	4	53585
12803	-2	4	53589
12804	-2	4	53593
12805	-4	6	53599
12806	-2	4	53603
12807	-2	4	53607
12808	-2	4	53611
12809	-2	4	53615
12810	-2	4	53619
12811	-2	4	53623
12812	-2	4	53627
12813	-4	6	53633
12814	-2	4	53637
12815	-2	4	53641
12816	-2	4	53645
12817	-2	4	53649
12818	-2	4	53653
12819	-2	4	53657
12820	-2	4	53661
12821	-2	4	53665
12822	-3	5	53670
12823	-2	4	53674
12824	-2	4	53678
12825	-4	6	53684
12826	-2	4	53688
12827	-2	4	53692
12828	-2	4	53696
12829	-2	4	53700
12830	-2	4	53704
12831	-2	4	53708
12832	-2	4	53712
12833	-2	4	53716
12834	-2	4	53720
12835	-2	4	53724
12836	-2	4	53728
12837	-2	4	53732
12838	-2	4	53736
12839	-2	4	53740
12840	-2	4	53744
12841	-2	4	53748
12842	-2	4	53752
12843	-2	4	53756
12844	-2	4	53760
12845	-2	4	53764
12846	-2	4	53768
12847	-2	4	53772
12848	-2	4	53776
12849	-2	4	53780
12850	-2	4	53784
12851	-2	4	53788
12852	-4	6	53794
12853	-2	4	53798
12854	-2	4	53802
12855	-2	4	53806
12856	-2	4	53810
12857	-2	4	53814
12858	-2	4	53818
12859	-2	4	53822
12860	-2	4	53826
12861	-2	4	53830
12862	-2	4	53834
12863	-2	4	53838
12864	-2	4	53842
12865	-4	6	53848
12866	-2	4	53852
12867	-2	4	53856
12868	-2	4	53860
12869	-2	4	53864
12870	-2	4	53868
12871	-4	6	53874
12872	-2	4	53878
12873	-2	4	53882
12874	-2	4	53886
12875	-2	4	53890
12876	-2	4	53894
12877	-2	4	53898
12878	-2	4	53902
12879	-2	4	53906
12880	-2	4	53910
12881	-2	4	53914
12882	-2	4	53918
12883	-2	4	53922
12884	-2	4	53926
12885	-2	4	53930
12886	-2	4	53934
12887	-4	6	53940
12888	-2	4	53944
12889	-2	4	53948
12890	-2	4	53952
12891	-2	4	53956
12892	-2	4	53960
12893	-2	4	53964
12894	-2	4	53968
12895	-2	4	53972
12896	-2	4	53976
12897	-2	4	53980
12898	-2	4	53984
12899	-2	4	53988
12900	-2	4	53992
12901	-2	4	53996
12902	-2	4	54000
12903	-2	4	54004
12904	-2	4	54008
12905	-2	4	54012
12906	-2	4	54016
12907	-2	4	54020
12908	-2	4	54024
12909	-2	4	54028
12910	-2	4	54032
12911	-2	4	54036
12912	-4	6	54042
12913	-2	4	54046
12914	-2	4	54050
12915	-2	4	54054
12916	-2	4	54058
12917	-2	4	54062
12918	-2	4	54066
12919	-2	4	54070
12920	-2	4	54074
12921	-2	4	54078
12922	-2	4	54082
12923	-2	4	54086
12924	-2	4	54090
12925	-2	4	54094
12926	-2	4	54098
12927	-2	4	54102
12928	-2	4	54106
12929	-2	4	54110
12930	-2	4	54114
12931	-2	4	54118
12932	-2	4	54122
12933	-2	4	54126
12934	-4	6	54132
12935	-2	4	54136
12936	-2	4	54140
12937	-2	4	54144
12938	-2	4	54148
12939	-2	4	54152
12940	-2	4	54156
12941	-4	6	54162
12942	-2	4	54166
12943	-2	4	54170
12944	-2	4	54174
12945	-2	4	54178
12946	-2	4	54182
12947	-2	4	54186
12948	-2	4	54190
12949	-2	4	54194
12950	-2	4	54198
12951	-2	4	54202
12952	-2	4	54206
12953	-2	4	54210
12954	-2	4	54214
12955	-2	4	54218
12956	-2	4	54222
12957	-2	4	54226
12958	-2	4	54230
12959	-2	4	54234
12960	-2	4	54238
12961	-2	4	54242
12962	-2	4	54246
12963	-2	4	54250
12964	-2	4	54254
12965	-2	4	54258
12966	-2	4	54262
12967	-2	4	54266
12968	-2	4	54270
12969	-2	4	54274
12970	-2	4	54278
12971	-2	4	54282
12972	-2	4	54286
12973	-2	4	54290
12974	-3	5	54295
12975	-2	4	54299
12976	-2	4	54303
12977	-2	4	54307
12978	-2	4	54311
12979	-2	4	54315
12980	-2	4	54319
12981	-4	6	54325
12982	-2	4	54329
12983	-2	4	54333
12984	-2	4	54337
12985	-2	4	54341
12986	-2	4	54345
12987	-2	4	54349
12988	-2	4	54353
12989	-2	4	54357
12990	-2	4	54361
12991	-2	4	54365
12992	-2	4	54369
12993	-2	4	54373
12994	-2	4	54377
12995	-2	4	54381
12996	-2	4	54385
12997	-2	4	54389
12998	-2	4	54393
12999	-2	4	54397
13000	-2	4	54401
13001	-2	4	54405
13002	-2	4	54409
13003	-2	4	54413
13004	-2	4	54417
13005	-2	4	54421
13006	-2	4	54425
13007	-2	4	54429
13008	-2	4	54433
13009	-3	5	54438
13010	-2	4	54442
13011	-2	4	54446
13012	-2	4	54450
13013	-6	8	54458
13014	-2	4	54462
13015	-3	5	54467
13016	-2	4	54471
13017	-2	4	54475
13018	-2	4	54479
13019	-2	4	54483
13020	-2	4	54487
13021	-2	4	54491
13022	-2	4	54495
13023	-2	4	54499
13024	-2	4	54503
13025	-2	4	54507
13026	-2	4	54511
13027	-2	4	54515
13028	-2	4	54519
13029	-2	4	54523
13030	-6	8	54531
13031	-2	4	54535
13032	-2	4	54539
13033	-2	4	54543
13034	-2	4	54547
13035	-2	4	54551
13036	-2	4	54555
13037	-2	4	54559
13038	-2	4	54563
13039	-2	4	54567
13040	-2	4	54571
13041	-2	4	54575
13042	-2	4	54579
13043	-2	4	54583
13044	-2	4	54587
13045	-2	4	54591
13046	-2	4	54595
13047	-2	4	54599
13048	-2	4	54603
13049	-2	4	54607
13050	-2	4	54611
13051	-2	4	54615
13052	-2	4	54619
13053	-2	4	54623
13054	-2	4	54627
13055	-2	4	54631
13056	-2	4	54635
13057	-2	4	54639
13058	-2	4	54643
13059	-2	4	54647
13060	-2	4	54651
13061	-2	4	54655
13062	-2	4	54659
13063	-2	4	54663
13064	-2	4	54667
13065	-2	4	54671
13066	-2	4	54675
13067	-2	4	54679
13068	-2	4	54683
13069	-2	4	54687
13070	-2	4	54691
13071	-2	4	54695
13072	-2	4	54699
13073	-3	5	54704
13074	-2	4	54708
13075	-2	4	54712
13076	-4	6	54718
13077	-2	4	54722
13078	-2	4	54726
13079	-2	4	54730
13080	-2	4	54734
13081	-2	4	54738
13082	-2	4	54742
13083	-2	4	54746
13084	-3	5	54751
13085	-2	4	54755
13086	-2	4	54759
13087	-2	4	54763
13088	-2	4	54767
13089	-2	4	54771
13090	-2	4	54775
13091	-2	4	54779
13092	-4	6	54785
13093	-2	4	54789
13094	-2	4	54793
13095	-2	4	54797
13096	-4	6	54803
13097	-2	4	54807
13098	-2	4	54811
13099	-2	4	54815
13100	-2	4	54819
13101	-2	4	54823
13102	-2	4	54827
13103	-4	6	54833
13104	-2	4	54837
13105	-2	4	54841
13106	-2	4	54845
13107	-2	4	54849
13108	-2	4	54853
13109	-4	6	54859
13110	-4	6	54865
13111	-2	4	54869
13112	-2	4	54873
13113	-2	4	54877
13114	-2	4	54881
13115	-2	4	54885
13116	-2	4	54889
13117	-2	4	54893
13118	-2	4	54897
13119	-2	4	54901
13120	-2	4	54905
13121	-2	4	54909
13122	-2	4	54913
13123	-2	4	54917
13124	-2	4	54921
13125	-2	4	54925
13126	-2	4	54929
13127	-2	4	54933
13128	-2	4	54937
13129	-2	4	54941
13130	-2	4	54945
13131	-2	4	54949
13132	-4	6	54955
13133	-2	4	54959
13134	-2	4	54963
13135	-2	4	54967
13136	-4	6	54973
13137	-2	4	54977
13138	-2	4	54981
13139	-2	4	54985
13140	-2	4	54989
13141	-2	4	54993
13142	-2	4	54997
13143	-2	4	55001
13144	-2	4	55005
13145	-2	4	55009
13146	-2	4	55013
13147	-2	4	55017
13148	-2	4	55021
13149	-2	4	55025
13150	-2	4	55029
13151	-2	4	55033
13152	-4	6	55039
13153	-2	4	55043
13154	-2	4	55047
13155	-2	4	55051
13156	-2	4	55055
13157	-2	4	55059
13158	-2	4	55063
13159	-2	4	55067
13160	-2	4	55071
13161	-2	4	55075
13162	-2	4	55079
13163	-2	4	55083
13164	-2	4	55087
13165	-2	4	55091
13166	-2	4	55095
13167	-2	4	55099
13168	-6	8	55107
13169	-2	4	55111
13170	-2	4	55115
13171	-2	4	55119
13172	-2	4	55123
13173	-2	4	55127
13174	-2	4	55131
13175	-2	4	55135
13176	-2	4	55139
13177	-2	4	55143
13178	-2	4	55147
13179	-2	4	55151
13180	-2	4	55155
13181	-2	4	55159
13182	-2	4	55163
13183	-2	4	55167
13184	-2	4	55171
13185	-6	8	55179
13186	-2	4	55183
13187	-2	4	55187
13188	-2	4	55191
13189	-2	4	55195
13190	-2	4	55199
13191	-2	4	55203
13192	-8	10	55213
13193	-2	4	55217
13194	-2	4	55221
13195	-2	4	55225
13196	-2	4	55229
13197	-2	4	55233
13198	-2	4	55237
13199	-2	4	55241
13200	-4	6	55247
13201	-2	4	55251
13202	-2	4	55255
13203	-2	4	55259
13204	-2	4	55263
13205	-2	4	55267
13206	-2	4	55271
13207	-2	4	55275
13208	-2	4	55279
13209	-4	6	55285
13210	-2	4	55289
13211	-3	5	55294
13212	-2	4	55298
13213	-2	4	55302
13214	-2	4	55306
13215	-2	4	55310
13216	-2	4	55314
13217	-2	4	55318
13218	-2	4	55322
13219	-2	4	55326
13220	-2	4	55330
13221	-2	4	55334
13222	-2	4	55338
13223	-2	4	55342
13224	-4	6	55348
13225	-2	4	55352
13226	-2	4	55356
13227	-2	4	55360
13228	-2	4	55364
13229	-2	4	55368
13230	-2	4	55372
13231	-2	4	55376
13232	-2	4	55380
13233	-2	4	55384
13234	-2	4	55388
13235	-2	4	55392
13236	-2	4	55396
13237	-2	4	55400
13238	-2	4	55404
13239	-4	6	55410
13240	-2	4	55414
13241	-2	4	55418
13242	-2	4	55422
13243	-2	4	55426
13244	-2	4	55430
13245	-2	4	55434
13246	-2	4	55438
13247	-2	4	55442
13248	-2	4	55446
13249	-2	4	55450
13250	-2	4	55454
13251	-2	4	55458
13252	-2	4	55462
13253	-2	4	55466
13254	-2	4	55470
13255	-2	4	55474
13256	-2	4	55478
13257	-2	4	55482
13258	-2	4	55486
13259	-4	6	55492
13260	-2	4	55496
13261	-2	4	55500
13262	-2	4	55504
13263	-4	6	55510
13264	-2	4	55514
13265	-2	4	55518
13266	-2	4	55522
13267	-2	4	55526
13268	-2	4	55530
13269	-2	4	55534
13270	-2	4	55538
13271	-4	6	55544
13272	-2	4	55548
13273	-2	4	55552
13274	-2	4	55556
13275	-2	4	55560
13276	-3	5	55565
13277	-2	4	55569
13278	-2	4	55573
13279	-2	4	55577
13280	-2	4	55581
13281	-2	4	55585
13282	-2	4	55589
13283	-2	4	55593
13284	-2	4	55597
13285	-2	4	55601
13286	-2	4	55605
13287	-2	4	55609
13288	-2	4	55613
13289	-2	4	55617
13290	-3	5	55622
13291	-2	4	55626
13292	-2	4	55630
13293	-2	4	55634
13294	-2	4	55638
13295	-2	4	55642
13296	-2	4	55646
13297	-2	4	55650
13298	-2	4	55654
13299	-2	4	55658
13300	-2	4	55662
13301	-2	4	55666
13302	-2	4	55670
13303	-2	4	55674
13304	-2	4	55678
13305	-2	4	55682
13306	-2	4	55686
13307	-2	4	55690
13308	-2	4	55694
13309	-2	4	55698
13310	-3	5	55703
13311	-2	4	55707
13312	-2	4	55711
13313	-2	4	55715
13314	-2	4	55719
13315	-2	4	55723
13316	-2	4	55727
13317	-4	6	55733
13318	-2	4	55737
13319	-2	4	55741
13320	-2	4	55745
13321	-2	4	55749
13322	-2	4	55753
13323	-2	4	55757
13324	-2	4	55761
13325	-2	4	55765
13326	-4	6	55771
13327	-2	4	55775
13328	-2	4	55779
13329	-2	4	55783
13330	-2	4	55787
13331	-2	4	55791
13332	-2	4	55795
13333	-2	4	55799
13334	-2	4	55803
13335	-2	4	55807
13336	-2	4	55811
13337	-4	6	55817
13338	-4	6	55823
13339	-2	4	55827
13340	-4	6	55833
13341	-2	4	55837
13342	-2	4	55841
13343	-2	4	55845
13344	-2	4	55849
13345	-2	4	55853
13346	-2	4	55857
13347	-2	4	55861
13348	-2	4	55865
13349	-2	4	55869
13350	-2	4	55873
13351	-4	6	55879
13352	-2	4	55883
13353	-2	4	55887
13354	-2	4	55891
13355	-2	4	55895
13356	-2	4	55899
13357	-2	4	55903
13358	-4	6	55909
13359	-2	4	55913
13360	-2	4	55917
13361	-2	4	55921
13362	-2	4	55925
13363	-2	4	55929
13364	-2	4	55933
13365	-2	4	55937
13366	-2	4	55941
13367	-2	4	55945
13368	-2	4	55949
13369	-2	4	55953
13370	-2	4	55957
13371	-2	4	55961
13372	-2	4	55965
13373	-2	4	55969
13374	-2	4	55973
13375	-2	4	55977
13376	-2	4	55981
13377	-2	4	55985
13378	-2	4	55989
13379	-2	4	55993
13380	-2	4	55997
13381	-2	4	56001
13382	-2	4	56005
13383	-2	4	56009
13384	-2	4	56013
13385	-2	4	56017
13386	-2	4	56021
13387	-2	4	56025
13388	-2	4	56029
13389	-2	4	56033
13390	-2	4	56037
13391	-2	4	56041
13392	-2	4	56045
13393	-2	4	56049
13394	-2	4	56053
13395	-2	4	56057
13396	-2	4	56061
13397	-2	4	56065
13398	-2	4	56069
13399	-2	4	56073
13400	-2	4	56077
13401	-2	4	56081
13402	-2	4	56085
13403	-2	4	56089
13404	-4	6	56095
13405	-2	4	56099
13406	-2	4	56103
13407	-2	4	56107
13408	-2	4	56111
13409	-2	4	56115
13410	-2	4	56119
13411	-2	4	56123
13412	-2	4	56127
13413	-2	4	56131
13414	-2	4	56135
13415	-2	4	56139
13416	-2	4	56143
13417	-2	4	56147
13418	-4	6	56153
13419	-2	4	56157
13420	-2	4	56161
13421	-2	4	56165
13422	-2	4	56169
13423	-2	4	56173
13424	-2	4	56177
13425	-2	4	56181
13426	-3	5	56186
13427	-2	4	56190
13428	-2	4	56194
13429	-2	4	56198
13430	-2	4	56202
13431	-2	4	56206
13432	-2	4	56210
13433	-2	4	56214
13434	-2	4	56218
13435	-2	4	56222
13436	-2	4	56226
13437	-2	4	56230
13438	-2	4	56234
13439	-2	4	56238
13440	-2	4	56242
13441	-2	4	56246
13442	-2	4	56250
13443	-2	4	56254
13444	-4	6	56260
13445	-2	4	56264
13446	-2	4	56268
13447	-2	4	56272
13448	-2	4	56276
13449	-2	4	56280
13450	-2	4	56284
13451	-2	4	56288
13452	-2	4	56292
13453	-2	4	56296
13454	-2	4	56300
13455	-2	4	56304
13456	-2	4	56308
13457	-2	4	56312
13458	-2	4	56316
13459	-2	4	56320
13460	-2	4	56324
13461	-2	4	56328
13462	-4	6	56334
13463	-2	4	56338
13464	-3	5	56343
13465	-2	4	56347
13466	-2	4	56351
13467	-2	4	56355
13468	-2	4	56359
13469	-2	4	56363
13470	-2	4	56367
13471	-2	4	56371
13472	-2	4	56375
13473	-2	4	56379
13474	-2	4	56383
13475	-2	4	56387
13476	-4	6	56393
13477	-2	4	56397
13478	-2	4	56401
13479	-2	4	56405
13480	-2	4	56409
13481	-2	4	56413
13482	-2	4	56417
13483	-2	4	56421
13484	-2	4	56425
13485	-2	4	56429
13486	-2	4	56433
13487	-2	4	56437
13488	-2	4	56441
13489	-2	4	56445
13490	-4	6	56451
13491	-2	4	56455
13492	-2	4	56459
13493	-2	4	56463
13494	-2	4	56467
13495	-2	4	56471
13496	-2	4	56475
13497	-2	4	56479
13498	-3	5	56484
13499	-4	6	56490
13500	-2	4	56494
13501	-2	4	56498
13502	-2	4	56502
13503	-2	4	56506
13504	-2	4	56510
13505	-2	4	56514
13506	-2	4	56518
13507	-2	4	56522
13508	-2	4	56526
13509	-2	4	56530
13510	-2	4	56534
13511	-2	4	56538
13512	-2	4	56542
13513	-2	4	56546
13514	-2	4	56550
13515	-2	4	56554
13516	-2	4	56558
13517	-2	4	56562
13518	-2	4	56566
13519	-2	4	56570
13520	-2	4	56574
13521	-4	6	56580
13522	-2	4	56584
13523	-2	4	56588
13524	-2	4	56592
13525	-2	4	56596
13526	-2	4	56600
13527	-2	4	56604
13528	-2	4	56608
13529	-2	4	56612
13530	-3	5	56617
13531	-2	4	56621
13532	-2	4	56625
13533	-2	4	56629
13534	-2	4	56633
13535	-2	4	56637
13536	-4	6	56643
13537	-2	4	56647
13538	-2	4	56651
13539	-2	4	56655
13540	-2	4	56659
13541	-2	4	56663
13542	-2	4	56667
13543	-2	4	56671
13544	-2	4	56675
13545	-2	4	56679
13546	-2	4	56683
13547	-2	4	56687
13548	-2	4	56691
13549	-2	4	56695
13550	-2	4	56699
13551	-2	4	56703
13552	-4	6	56709
13553	-2	4	56713
13554	-2	4	56717
13555	-2	4	56721
13556	-2	4	56725
13557	-2	4	56729
13558	-2	4	56733
13559	-2	4	56737
13560	-2	4	56741
13561	-2	4	56745
13562	-2	4	56749
13563	-2	4	56753
13564	-2	4	56757
13565	-4	6	56763
13566	-2	4	56767
13567	-2	4	56771
13568	-2	4	56775
13569	-2	4	56779
13570	-2	4	56783
13571	-2	4	56787
13572	-2	4	56791
13573	-2	4	56795
13574	-2	4	56799
13575	-2	4	56803
13576	-2	4	56807
13577	-2	4	56811
13578	-2	4	56815
13579	-2	4	56819
13580	-2	4	56823
13581	-2	4	56827
13582	-2	4	56831
13583	-2	4	56835
13584	-4	6	56841
13585	-2	4	56845
13586	-4	6	56851
13587	-4	6	56857
13588	-2	4	56861
13589	-4	6	56867
13590	-2	4	56871
13591	-2	4	56875
13592	-2	4	56879
13593	-2	4	56883
13594	-2	4	56887
13595	-2	4	56891
13596	-2	4	56895
13597	-2	4	56899
13598	-2	4	56903
13599	-2	4	56907
13600	-2	4	56911
13601	-2	4	56915
13602	-2	4	56919
13603	-2	4	56923
13604	-2	4	56927
13605	-2	4	56931
13606	-2	4	56935
13607	-2	4	56939
13608	-2	4	56943
13609	-2	4	56947
13610	-2	4	56951
13611	-3	5	56956
13612	-4	6	56962
13613	-2	4	56966
13614	-2	4	56970
13615	-2	4	56974
13616	-2	4	56978
13617	-2	4	56982
13618	-2	4	56986
13619	-2	4	56990
13620	-2	4	56994
13621	-2	4	56998
13622	-2	4	57002
13623	-2	4	57006
13624	-2	4	57010
13625	-2	4	57014
13626	-2	4	57018
13627	-2	4	57022
13628	-2	4	57026
13629	-2	4	57030
13630	-2	4	57034
13631	-2	4	57038
13632	-2	4	57042
13633	-2	4	57046
13634	-2	4	57050
13635	-2	4	57054
13636	-4	6	57060
13637	-4	6	57066
13638	-2	4	57070
13639	-2	4	57074
13640	-3	5	57079
13641	-2	4	57083
13642	-2	4	57087
13643	-2	4	57091
13644	-2	4	57095
13645	-4	6	57101
13646	-2	4	57105
13647	-2	4	57109
13648	-2	4	57113
13649	-2	4	57117
13650	-2	4	57121
13651	-2	4	57125
13652	-2	4	57129
13653	-3	5	57134
13654	-2	4	57138
13655	-2	4	57142
13656	-2	4	57146
13657	-4	6	57152
13658	-3	5	57157
13659	-2	4	57161
13660	-2	4	57165
13661	-2	4	57169
13662	-2	4	57173
13663	-2	4	57177
13664	-2	4	57181
13665	-2	4	57185
13666	-2	4	57189
13667	-2	4	57193
13668	-2	4	57197
13669	-2	4	57201
13670	-2	4	57205
13671	-2	4	57209
13672	-2	4	57213
13673	-2	4	57217
13674	-2	4	57221
13675	-2	4	57225
13676	-2	4	57229
13677	-2	4	57233
13678	-2	4	57237
13679	-2	4	57241
13680	-2	4	57245
13681	-2	4	57249
13682	-2	4	57253
13683	-2	4	57257
13684	-2	4	57261
13685	-2	4	57265
13686	-4	6	57271
13687	-2	4	57275
13688	-2	4	57279
13689	-2	4	57283
13690	-2	4	57287
13691	-2	4	57291
13692	-2	4	57295
13693	-2	4	57299
13694	-2	4	57303
13695	-2	4	57307
13696	-2	4	57311
13697	-2	4	57315
13698	-2	4	57319
13699	-2	4	57323
13700	-4	6	57329
13701	-2	4	57333
13702	-2	4	57337
13703	-2	4	57341
13704	-2	4	57345
13705	-2	4	57349
13706	-2	4	57353
13707	-4	6	57359
13708	-2	4	57363
13709	-2	4	57367
13710	-2	4	57371
13711	-2	4	57375
13712	-2	4	57379
13713	-2	4	57383
13714	-2	4	57387
13715	-2	4	57391
13716	-2	4	57395
13717	-2	4	57399
13718	-2	4	57403
13719	-4	6	57409
13720	-2	4	57413
13721	-2	4	57417
13722	-2	4	57421
13723	-4	6	57427
13724	-2	4	57431
13725	-2	4	57435
13726	-2	4	57439
13727	-2	4	57443
13728	-2	4	57447
13729	-2	4	57451
13730	-2	4	57455
13731	-2	4	57459
13732	-2	4	57463
13733	-2	4	57467
13734	-2	4	57471
13735	-2	4	57475
13736	-2	4	57479
13737	-2	4	57483
13738	-2	4	57487
13739	-4	6	57493
13740	-2	4	57497
13741	-2	4	57501
13742	-2	4	57505
13743	-2	4	57509
13744	-2	4	57513
13745	-2	4	57517
13746	-2	4	57521
13747	-2	4	57525
13748	-2	4	57529
13749	-2	4	57533
13750	-2	4	57537
13751	-2	4	57541
13752	-2	4	57545
13753	-2	4	57549
13754	-2	4	57553
13755	-2	4	57557
13756	-2	4	57561
13757	-2	4	57565
13758	-2	4	57569
13759	-2	4	57573
13760	-2	4	57577
13761	-4	6	57583
13762	-2	4	57587
13763	-4	6	57593
13764	-2	4	57597
13765	-2	4	57601
13766	-2	4	57605
13767	-4	6	57611
13768	-3	5	57616
13769	-2	4	57620
13770	-2	4	57624
13771	-2	4	57628
13772	-2	4	57632
13773	-2	4	57636
13774	-2	4	57640
13775	-6	8	57648
13776	-4	6	57654
13777	-2	4	57658
13778	-2	4	57662
13779	-2	4	57666
13780	-2	4	57670
13781	-2	4	57674
13782	-2	4	57678
13783	-2	4	57682
13784	-2	4	57686
13785	-2	4	57690
13786	-2	4	57694
13787	-2	4	57698
13788	-6	8	57706
13789	-2	4	57710
13790	-2	4	57714
13791	-2	4	57718
13792	-2	4	57722
13793	-2	4	57726
13794	-2	4	57730
13795	-2	4	57734
13796	-2	4	57738
13797	-2	4	57742
13798	-2	4	57746
13799	-2	4	57750
13800	-2	4	57754
13801	-2	4	57758
13802	-2	4	57762
13803	-2	4	57766
13804	-4	6	57772
13805	-2	4	57776
13806	-2	4	57780
13807	-2	4	57784
13808	-2	4	57788
13809	-2	4	57792
13810	-2	4	57796
13811	-2	4	57800
13812	-2	4	57804
13813	-4	6	57810
13814	-2	4	57814
13815	-2	4	57818
13816	-2	4	57822
13817	-2	4	57826
13818	-2	4	57830
13819	-2	4	57834
13820	-2	4	57838
13821	-2	4	57842
13822	-2	4	57846
13823	-4	6	57852
13824	-2	4	57856
13825	-2	4	57860
13826	-2	4	57864
13827	-2	4	57868
13828	-2	4	57872
13829	-2	4	57876
13830	-2	4	57880
13831	-2	4	57884
13832	-2	4	57888
13833	-2	4	57892
13834	-2	4	57896
13835	-2	4	57900
13836	-2	4	57904
13837	-2	4	57908
13838	-2	4	57912
13839	-2	4	57916
13840	-2	4	57920
13841	-2	4	57924
13842	-2	4	57928
13843	-4	6	57934
13844	-2	4	57938
13845	-2	4	57942
13846	-2	4	57946
13847	-2	4	57950
13848	-4	6	57956
13849	-2	4	57960
13850	-2	4	57964
13851	-2	4	57968
13852	-2	4	57972
13853	-2	4	57976
13854	-2	4	57980
13855	-2	4	57984
13856	-2	4	57988
13857	-2	4	57992
13858	-2	4	57996
13859	-2	4	58000
13860	-2	4	58004
13861	-2	4	58008
13862	-2	4	58012
13863	-2	4	58016
13864	-2	4	58020
13865	-4	6	58026
13866	-2	4	58030
13867	-2	4	58034
13868	-2	4	58038
13869	-2	4	58042
13870	-2	4	58046
13871	-2	4	58050
13872	-2	4	58054
13873	-2	4	58058
13874	-2	4	58062
13875	-2	4	58066
13876	-2	4	58070
13877	-2	4	58074
13878	-2	4	58078
13879	-4	6	58084
13880	-2	4	58088
13881	-2	4	58092
13882	-2	4	58096
13883	-4	6	58102
13884	-2	4	58106
13885	-2	4	58110
13886	-2	4	58114
13887	-2	4	58118
13888	-2	4	58122
13889	-2	4	58126
13890	-2	4	58130
13891	-2	4	58134
13892	-2	4	58138
13893	-2	4	58142
13894	-2	4	58146
13895	-2	4	58150
13896	-2	4	58154
13897	-2	4	58158
13898	-2	4	58162
13899	-2	4	58166
13900	-2	4	58170
13901	-2	4	58174
13902	-2	4	58178
13903	-2	4	58182
13904	-2	4	58186
13905	-2	4	58190
13906	-2	4	58194
13907	-4	6	58200
13908	-2	4	58204
13909	-2	4	58208
13910	-2	4	58212
13911	-2	4	58216
13912	-2	4	58220
13913	-2	4	58224
13914	-2	4	58228
13915	-2	4	58232
13916	-2	4	58236
13917	-2	4	58240
13918	-2	4	58244
13919	-2	4	58248
13920	-2	4	58252
13921	-2	4	58256
13922	-2	4	58260
13923	-2	4	58264
13924	-2	4	58268
13925	-4	6	58274
13926	-2	4	58278
13927	-2	4	58282
13928	-2	4	58286
13929	-2	4	58290
13930	-2	4	58294
13931	-2	4	58298
13932	-2	4	58302
13933	-2	4	58306
13934	-2	4	58310
13935	-2	4	58314
13936	-2	4	58318
13937	-2	4	58322
13938	-2	4	58326
13939	-3	5	58331
13940	-2	4	58335
13941	-2	4	58339
13942	-2	4	58343
13943	-2	4	58347
13944	-2	4	58351
13945	-2	4	58355
13946	-2	4	58359
13947	-2	4	58363
13948	-2	4	58367
13949	-2	4	58371
13950	-2	4	58375
13951	-2	4	58379
13952	-2	4	58383
13953	-2	4	58387
13954	-2	4	58391
13955	-2	4	58395
13956	-2	4	58399
13957	-4	6	58405
13958	-4	6	58411
13959	-2	4	58415
13960	-2	4	58419
13961	-2	4	58423
13962	-2	4	58427
13963	-2	4	58431
13964	-2	4	58435
13965	-2	4	58439
13966	-2	4	58443
13967	-2	4	58447
13968	-2	4	58451
13969	-2	4	58455
13970	-2	4	58459
13971	-2	4	58463
13972	-2	4	58467
13973	-4	6	58473
13974	-2	4	58477
13975	-2	4	58481
13976	-2	4	58485
13977	-2	4	58489
13978	-3	5	58494
13979	-2	4	58498
13980	-2	4	58502
13981	-2	4	58506
13982	-2	4	58510
13983	-2	4	58514
13984	-2	4	58518
13985	-2	4	58522
13986	-2	4	58526
13987	-2	4	58530
13988	-2	4	58534
13989	-2	4	58538
13990	-2	4	58542
13991	-2	4	58546
13992	-2	4	58550
13993	-2	4	58554
13994	-2	4	58558
13995	-2	4	58562
13996	-2	4	58566
13997	-2	4	58570
13998	-2	4	58574
13999	-2	4	58578
14000	-4	6	58584
14001	-2	4	58588
14002	-2	4	58592
14003	-2	4	58596
14004	-2	4	58600
14005	-2	4	58604
14006	-2	4	58608
14007	-2	4	58612
14008	-2	4	58616
14009	-2	4	58620
14010	-2	4	58624
14011	-2	4	58628
14012	-2	4	58632
14013	-2	4	58636
14014	-2	4	58640
14015	-2	4	58644
14016	-2	4	58648
14017	-2	4	58652
14018	-2	4	58656
14019	-2	4	58660
14020	-2	4	58664
14021	-2	4	58668
14022	-2	4	58672
14023	-2	4	58676
14024	-2	4	58680
14025	-2	4	58684
14026	-2	4	58688
14027	-2	4	58692
14028	-2	4	58696
14029	-3	5	58701
14030	-4	6	58707
14031	-2	4	58711
14032	-2	4	58715
14033	-2	4	58719
14034	-2	4	58723
14035	-2	4	58727
14036	-2	4	58731
14037	-2	4	58735
14038	-2	4	58739
14039	-2	4	58743
14040	-2	4	58747
14041	-2	4	58751
14042	-2	4	58755
14043	-4	6	58761
14044	-2	4	58765
14045	-2	4	58769
14046	-3	5	58774
14047	-2	4	58778
14048	-2	4	58782
14049	-2	4	58786
14050	-2	4	58790
14051	-2	4	58794
14052	-2	4	58798
14053	-2	4	58802
14054	-4	6	58808
14055	-2	4	58812
14056	-2	4	58816
14057	-2	4	58820
14058	-2	4	58824
14059	-2	4	58828
14060	-3	5	58833
14061	-4	6	58839
14062	-2	4	58843
14063	-2	4	58847
14064	-2	4	58851
14065	-2	4	58855
14066	-2	4	58859
14067	-2	4	58863
14068	-2	4	58867
14069	-2	4	58871
14070	-4	6	58877
14071	-2	4	58881
14072	-2	4	58885
14073	-2	4	58889
14074	-2	4	58893
14075	-2	4	58897
14076	-2	4	58901
14077	-2	4	58905
14078	-4	6	58911
14079	-2	4	58915
14080	-2	4	58919
14081	-2	4	58923
14082	-2	4	58927
14083	-2	4	58931
14084	-2	4	58935
14085	-2	4	58939
14086	-2	4	58943
14087	-2	4	58947
14088	-2	4	58951
14089	-4	6	58957
14090	-2	4	58961
14091	-2	4	58965
14092	-4	6	58971
14093	-2	4	58975
14094	-3	5	58980
14095	-4	6	58986
14096	-2	4	58990
14097	-2	4	58994
14098	-3	5	58999
14099	-2	4	59003
14100	-2	4	59007
14101	-2	4	59011
14102	-4	6	59017
14103	-2	4	59021
14104	-2	4	59025
14105	-2	4	59029
14106	-2	4	59033
14107	-2	4	59037
14108	-2	4	59041
14109	-2	4	59045
14110	-2	4	59049
14111	-2	4	59053
14112	-2	4	59057
14113	-2	4	59061
14114	-2	4	59065
14115	-2	4	59069
14116	-2	4	59073
14117	-2	4	59077
14118	-2	4	59081
14119	-2	4	59085
14120	-2	4	59089
14121	-4	6	59095
14122	-2	4	59099
14123	-2	4	59103
14124	-4	6	59109
14125	-2	4	59113
14126	-2	4	59117
14127	-2	4	59121
14128	-4	6	59127
14129	-2	4	59131
14130	-2	4	59135
14131	-2	4	59139
14132	-2	4	59143
14133	-4	6	59149
14134	-2	4	59153
14135	-2	4	59157
14136	-3	5	59162
14137	-2	4	59166
14138	-2	4	59170
14139	-2	4	59174
14140	-2	4	59178
14141	-2	4	59182
14142	-2	4	59186
14143	-2	4	59190
14144	-2	4	59194
14145	-2	4	59198
14146	-2	4	59202
14147	-2	4	59206
14148	-2	4	59210
14149	-3	5	59215
14150	-2	4	59219
14151	-2	4	59223
14152	-2	4	59227
14153	-2	4	59231
14154	-4	6	59237
14155	-2	4	59241
14156	-2	4	59245
14157	-2	4	59249
14158	-3	5	59254
14159	-2	4	59258
14160	-2	4	59262
14161	-2	4	59266
14162	-2	4	59270
14163	-4	6	59276
14164	-2	4	59280
14165	-2	4	59284
14166	-2	4	59288
14167	-2	4	59292
14168	-2	4	59296
14169	-2	4	59300
14170	-2	4	59304
14171	-2	4	59308
14172	-4	6	59314
14173	-2	4	59318
14174	-2	4	59322
14175	-3	5	59327
14176	-2	4	59331
14177	-2	4	59335
14178	-2	4	59339
14179	-2	4	59343
14180	-2	4	59347
14181	-2	4	59351
14182	-2	4	59355
14183	-3	5	59360
14184	-2	4	59364
14185	-2	4	59368
14186	-2	4	59372
14187	-2	4	59376
14188	-2	4	59380
14189	-2	4	59384
14190	-4	6	59390
14191	-2	4	59394
14192	-2	4	59398
14193	-2	4	59402
14194	-2	4	59406
14195	-2	4	59410
14196	-2	4	59414
14197	-2	4	59418
14198	-2	4	59422
14199	-2	4	59426
14200	-2	4	59430
14201	-2	4	59434
14202	-2	4	59438
14203	-2	4	59442
14204	-4	6	59448
14205	-2	4	59452
14206	-2	4	59456
14207	-2	4	59460
14208	-2	4	59464
14209	-2	4	59468
14210	-2	4	59472
14211	-2	4	59476
14212	-2	4	59480
14213	-2	4	59484
14214	-2	4	59488
14215	-2	4	59492
14216	-2	4	59496
14217	-2	4	59500
14218	-2	4	59504
14219	-2	4	59508
14220	-2	4	59512
14221	-2	4	59516
14222	-2	4	59520
14223	-3	5	59525
14224	-3	5	59530
14225	-2	4	59534
14226	-2	4	59538
14227	-2	4	59542
14228	-2	4	59546
14229	-2	4	59550
14230	-2	4	59554
14231	-2	4	59558
14232	-2	4	59562
14233	-2	4	59566
14234	-2	4	59570
14235	-2	4	59574
14236	-2	4	59578
14237	-2	4	59582
14238	-2	4	59586
14239	-2	4	59590
14240	-2	4	59594
14241	-2	4	59598
14242	-2	4	59602
14243	-2	4	59606
14244	-2	4	59610
14245	-2	4	59614
14246	-2	4	59618
14247	-2	4	59622
14248	-2	4	59626
14249	-2	4	59630
14250	-2	4	59634
14251	-2	4	59638
14252	-2	4	59642
14253	-2	4	59646
14254	-2	4	59650
14255	-2	4	59654
14256	-2	4	59658
14257	-2	4	59662
14258	-2	4	59666
14259	-2	4	59670
14260	-2	4	59674
14261	-2	4	59678
14262	-2	4	59682
14263	-2	4	59686
14264	-2	4	59690
14265	-2	4	59694
14266	-2	4	59698
14267	-2	4	59702
14268	-2	4	59706
14269	-2	4	59710
14270	-4	6	59716
14271	-4	6	59722
14272	-2	4	59726
14273	-2	4	59730
14274	-4	6	59736
14275	-2	4	59740
14276	-2	4	59744
14277	-2	4	59748
14278	-2	4	59752
14279	-3	5	59757
14280	-2	4	59761
14281	-2	4	59765
14282	-2	4	59769
14283	-2	4	59773
14284	-2	4	59777
14285	-5	7	59784
14286	-2	4	59788
14287	-2	4	59792
14288	-2	4	59796
14289	-2	4	59800
14290	-2	4	59804
14291	-2	4	59808
14292	-2	4	59812
14293	-2	4	59816
14294	-2	4	59820
14295	-2	4	59824
14296	-2	4	59828
14297	-2	4	59832
14298	-2	4	59836
14299	-2	4	59840
14300	-2	4	59844
14301	-2	4	59848
14302	-2	4	59852
14303	-2	4	59856
14304	-2	4	59860
14305	-2	4	59864
14306	-2	4	59868
14307	-2	4	59872
14308	-2	4	59876
14309	-2	4	59880
14310	-2	4	59884
14311	-2	4	59888
14312	-2	4	59892
14313	-4	6	59898
14314	-2	4	59902
14315	-4	6	59908
14316	-2	4	59912
14317	-2	4	59916
14318	-2	4	59920
14319	-2	4	59924
14320	-2	4	59928
14321	-3	5	59933
14322	-2	4	59937
14323	-2	4	59941
14324	-2	4	59945
14325	-2	4	59949
14326	-2	4	59953
14327	-2	4	59957
14328	-2	4	59961
14329	-4	6	59967
14330	-2	4	59971
14331	-4	6	59977
14332	-2	4	59981
14333	-2	4	59985
14334	-2	4	59989
14335	-2	4	59993
14336	-2	4	59997
14337	-2	4	60001
14338	-2	4	60005
14339	-2	4	60009
14340	-2	4	60013
14341	-2	4	60017
14342	-2	4	60021
14343	-2	4	60025
14344	-2	4	60029
14345	-2	4	60033
14346	-2	4	60037
14347	-2	4	60041
14348	-2	4	60045
14349	-2	4	60049
14350	-2	4	60053
14351	-4	6	60059
14352	-2	4	60063
14353	-2	4	60067
14354	-2	4	60071
14355	-2	4	60075
14356	-2	4	60079
14357	-2	4	60083
14358	-2	4	60087
14359	-2	4	60091
14360	-2	4	60095
14361	-2	4	60099
14362	-2	4	60103
14363	-2	4	60107
14364	-2	4	60111
14365	-2	4	60115
14366	-2	4	60119
14367	-2	4	60123
14368	-2	4	60127
14369	-2	4	60131
14370	-2	4	60135
14371	-2	4	60139
14372	-2	4	60143
14373	-2	4	60147
14374	-2	4	60151
14375	-2	4	60155
14376	-2	4	60159
14377	-2	4	60163
14378	-2	4	60167
14379	-4	6	60173
14380	-4	6	60179
14381	-2	4	60183
14382	-2	4	60187
14383	-2	4	60191
14384	-2	4	60195
14385	-2	4	60199
14386	-2	4	60203
14387	-2	4	60207
14388	-2	4	60211
14389	-2	4	60215
14390	-2	4	60219
14391	-2	4	60223
14392	-2	4	60227
14393	-2	4	60231
14394	-2	4	60235
14395	-2	4	60239
14396	-2	4	60243
14397	-2	4	60247
14398	-2	4	60251
14399	-2	4	60255
14400	-2	4	60259
14401	-2	4	60263
14402	-2	4	60267
14403	-2	4	60271
14404	-2	4	60275
14405	-6	8	60283
14406	-2	4	60287
14407	-2	4	60291
14408	-2	4	60295
14409	-2	4	60299
14410	-2	4	60303
14411	-2	4	60307
14412	-2	4	60311
14413	-3	5	60316
14414	-2	4	60320
14415	-2	4	60324
14416	-2	4	60328
14417	-2	4	60332
14418	-2	4	60336
14419	-2	4	60340
14420	-2	4	60344
14421	-2	4	60348
14422	-4	6	60354
14423	-2	4	60358
14424	-2	4	60362
14425	-3	5	60367
14426	-2	4	60371
14427	-2	4	60375
14428	-2	4	60379
14429	-2	4	60383
14430	-2	4	60387
14431	-2	4	60391
14432	-2	4	60395
14433	-2	4	60399
14434	-4	6	60405
14435	-2	4	60409
14436	-2	4	60413
14437	-2	4	60417
14438	-2	4	60421
14439	-2	4	60425
14440	-2	4	60429
14441	-2	4	60433
14442	-2	4	60437
14443	-2	4	60441
14444	-2	4	60445
14445	-2	4	60449
14446	-2	4	60453
14447	-2	4	60457
14448	-2	4	60461
14449	-2	4	60465
14450	-2	4	60469
14451	-2	4	60473
14452	-2	4	60477
14453	-2	4	60481
14454	-2	4	60485
14455	-2	4	60489
14456	-2	4	60493
14457	-2	4	60497
14458	-4	6	60503
14459	-2	4	60507
14460	-2	4	60511
14461	-2	4	60515
14462	-2	4	60519
14463	-2	4	60523
14464	-2	4	60527
14465	-2	4	60531
14466	-2	4	60535
14467	-2	4	60539
14468	-2	4	60543
14469	-2	4	60547
14470	-2	4	60551
14471	-2	4	60555
14472	-2	4	60559
14473	-2	4	60563
14474	-2	4	60567
14475	-2	4	60571
14476	-2	4	60575
14477	-2	4	60579
14478	-2	4	60583
14479	-2	4	60587
14480	-2	4	60591
14481	-2	4	60595
14482	-4	6	60601
14483	-2	4	60605
14484	-2	4	60609
14485	-2	4	60613
14486	-2	4	60617
14487	-2	4	60621
14488	-2	4	60625
14489	-2	4	60629
14490	-2	4	60633
14491	-2	4	60637
14492	-2	4	60641
14493	-2	4	60645
14494	-2	4	60649
14495	-2	4	60653
14496	-2	4	60657
14497	-2	4	60661
14498	-2	4	60665
14499	-2	4	60669
14500	-2	4	60673
14501	-4	6	60679
14502	-2	4	60683
14503	-2	4	60687
14504	-2	4	60691
14505	-2	4	60695
14506	-2	4	60699
14507	-2	4	60703
14508	-4	6	60709
14509	-2	4	60713
14510	-4	6	60719
14511	-2	4	60723
14512	-2	4	60727
14513	-2	4	60731
14514	-2	4	60735
14515	-4	6	60741
14516	-2	4	60745
14517	-2	4	60749
14518	-8	10	60759
14519	-2	4	60763
14520	-2	4	60767
14521	-2	4	60771
14522	-2	4	60775
14523	-2	4	60779
14524	-2	4	60783
14525	-2	4	60787
14526	-2	4	60791
14527	-2	4	60795
14528	-2	4	60799
14529	-2	4	60803
14530	-2	4	60807
14531	-2	4	60811
14532	-2	4	60815
14533	-4	6	60821
14534	-3	5	60826
14535	-2	4	60830
14536	-2	4	60834
14537	-2	4	60838
14538	-2	4	60842
14539	-2	4	60846
14540	-3	5	60851
14541	-2	4	60855
14542	-2	4	60859
14543	-2	4	60863
14544	-2	4	60867
14545	-2	4	60871
14546	-2	4	60875
14547	-2	4	60879
14548	-2	4	60883
14549	-2	4	60887
14550	-2	4	60891
14551	-2	4	60895
14552	-2	4	60899
14553	-2	4	60903
14554	-2	4	60907
14555	-2	4	60911
14556	-2	4	60915
14557	-2	4	60919
14558	-2	4	60923
14559	-2	4	60927
14560	-2	4	60931
14561	-2	4	60935
14562	-2	4	60939
14563	-2	4	60943
14564	-2	4	60947
14565	-4	6	60953
14566	-2	4	60957
14567	-2	4	60961
14568	-2	4	60965
14569	-2	4	60969
14570	-2	4	60973
14571	-2	4	60977
14572	-2	4	60981
14573	-2	4	60985
14574	-4	6	60991
14575	-2	4	60995
14576	-2	4	60999
14577	-2	4	61003
14578	-2	4	61007
14579	-2	4	61011
14580	-2	4	61015
14581	-4	6	61021
14582	-2	4	61025
14583	-2	4	61029
14584	-4	6	61035
14585	-2	4	61039
14586	-4	6	61045
14587	-2	4	61049
14588	-2	4	61053
14589	-2	4	61057
14590	-4	6	61063
14591	-2	4	61067
14592	-2	4	61071
14593	-2	4	61075
14594	-2	4	61079
14595	-2	4	61083
14596	-2	4	61087
14597	-2	4	61091
14598	-2	4	61095
14599	-2	4	61099
14600	-2	4	61103
14601	-2	4	61107
14602	-2	4	61111
14603	-2	4	61115
14604	-4	6	61121
14605	-2	4	61125
14606	-2	4	61129
14607	-2	4	61133
14608	-3	5	61138
14609	-2	4	61142
14610	-4	6	61148
14611	-3	5	61153
14612	-4	6	61159
14613	-2	4	61163
14614	-2	4	61167
14615	-2	4	61171
14616	-2	4	61175
14617	-2	4	61179
14618	-2	4	61183
14619	-2	4	61187
14620	-2	4	61191
14621	-2	4	61195
14622	-2	4	61199
14623	-2	4	61203
14624	-2	4	61207
14625	-2	4	61211
14626	-4	6	61217
14627	-2	4	61221
14628	-3	5	61226
14629	-2	4	61230
14630	-2	4	61234
14631	-2	4	61238
14632	-2	4	61242
14633	-2	4	61246
14634	-4	6	61252
14635	-2	4	61256
14636	-2	4	61260
14637	-2	4	61264
14638	-2	4	61268
14639	-3	5	61273
14640	-2	4	61277
14641	-4	6	61283
14642	-2	4	61287
14643	-4	6	61293
14644	-2	4	61297
14645	-2	4	61301
14646	-2	4	61305
14647	-4	6	61311
14648	-2	4	61315
14649	-2	4	61319
14650	-2	4	61323
14651	-2	4	61327
14652	-2	4	61331
14653	-2	4	61335
14654	-2	4	61339
14655	-2	4	61343
14656	-2	4	61347
14657	-2	4	61351
14658	-2	4	61355
14659	-2	4	61359
14660	-2	4	61363
14661	-2	4	61367
14662	-2	4	61371
14663	-2	4	61375
14664	-2	4	61379
14665	-4	6	61385
14666	-2	4	61389
14667	-2	4	61393
14668	-2	4	61397
14669	-2	4	61401
14670	-2	4	61405
14671	-2	4	61409
14672	-4	6	61415
14673	-2	4	61419
14674	-2	4	61423
14675	-2	4	61427
14676	-3	5	61432
14677	-2	4	61436
14678	-2	4	61440
14679	-2	4	61444
14680	-4	6	61450
14681	-2	4	61454
14682	-2	4	61458
14683	-2	4	61462
14684	-2	4	61466
14685	-2	4	61470
14686	-2	4	61474
14687	-2	4	61478
14688	-2	4	61482
14689	-2	4	61486
14690	-2	4	61490
14691	-2	4	61494
14692	-4	6	61500
14693	-2	4	61504
14694	-2	4	61508
14695	-2	4	61512
14696	-2	4	61516
14697	-2	4	61520
14698	-2	4	61524
14699	-2	4	61528
14700	-2	4	61532
14701	-2	4	61536
14702	-2	4	61540
14703	-2	4	61544
14704	-2	4	61548
14705	-2	4	61552
14706	-2	4	61556
14707	-2	4	61560
14708	-2	4	61564
14709	-2	4	61568
14710	-2	4	61572
14711	-4	6	61578
14712	-4	6	61584
14713	-2	4	61588
14714	-2	4	61592
14715	-2	4	61596
14716	-2	4	61600
14717	-2	4	61604
14718	-2	4	61608
14719	-2	4	61612
14720	-2	4	61616
14721	-2	4	61620
14722	-2	4	61624
14723	-2	4	61628
14724	-4	6	61634
14725	-4	6	61640
14726	-2	4	61644
14727	-4	6	61650
14728	-2	4	61654
14729	-2	4	61658
14730	-2	4	61662
14731	-2	4	61666
14732	-2	4	61670
14733	-2	4	61674
14734	-2	4	61678
14735	-2	4	61682
14736	-2	4	61686
14737	-2	4	61690
14738	-2	4	61694
14739	-2	4	61698
14740	-2	4	61702
14741	-2	4	61706
14742	-2	4	61710
14743	-4	6	61716
14744	-2	4	61720
14745	-2	4	61724
14746	-2	4	61728
14747	-4	6	61734
14748	-2	4	61738
14749	-4	6	61744
14750	-2	4	61748
14751	-2	4	61752
14752	-4	6	61758
14753	-2	4	61762
14754	-2	4	61766
14755	-4	6	61772
14756	-2	4	61776
14757	-2	4	61780
14758	-2	4	61784
14759	-2	4	61788
14760	-2	4	61792
14761	-2	4	61796
14762	-2	4	61800
14763	-2	4	61804
14764	-4	6	61810
14765	-2	4	61814
14766	-2	4	61818
14767	-2	4	61822
14768	-3	5	61827
14769	-2	4	61831
14770	-2	4	61835
14771	-2	4	61839
14772	-2	4	61843
14773	-2	4	61847
14774	-2	4	61851
14775	-2	4	61855
14776	-2	4	61859
14777	-2	4	61863
14778	-2	4	61867
14779	-2	4	61871
14780	-2	4	61875
14781	-2	4	61879
14782	-2	4	61883
14783	-2	4	61887
14784	-2	4	61891
14785	-2	4	61895
14786	-2	4	61899
14787	-2	4	61903
14788	-4	6	61909
14789	-2	4	61913
14790	-2	4	61917
14791	-2	4	61921
14792	-2	4	61925
14793	-2	4	61929
14794	-2	4	61933
14795	-2	4	61937
14796	-2	4	61941
14797	-3	5	61946
14798	-2	4	61950
14799	-2	4	61954
14800	-2	4	61958
14801	-2	4	61962
14802	-2	4	61966
14803	-2	4	61970
14804	-2	4	61974
14805	-2	4	61978
14806	-3	5	61983
14807	-3	5	61988
14808	-2	4	61992
14809	-2	4	61996
14810	-2	4	62000
14811	-4	6	62006
14812	-2	4	62010
14813	-2	4	62014
14814	-2	4	62018
14815	-2	4	62022
14816	-2	4	62026
14817	-2	4	62030
14818	-2	4	62034
14819	-2	4	62038
14820	-2	4	62042
14821	-2	4	62046
14822	-4	6	62052
14823	-2	4	62056
14824	-2	4	62060
14825	-2	4	62064
14826	-2	4	62068
14827	-2	4	62072
14828	-2	4	62076
14829	-2	4	62080
14830	-2	4	62084
14831	-2	4	62088
14832	-2	4	62092
14833	-2	4	62096
14834	-2	4	62100
14835	-2	4	62104
14836	-2	4	62108
14837	-2	4	62112
14838	-2	4	62116
14839	-2	4	62120
14840	-2	4	62124
14841	-2	4	62128
14842	-2	4	62132
14843	-2	4	62136
14844	-2	4	62140
14845	-2	4	62144
14846	-2	4	62148
14847	-2	4	62152
14848	-2	4	62156
14849	-2	4	62160
14850	-2	4	62164
14851	-2	4	62168
14852	-2	4	62172
14853	-2	4	62176
14854	-2	4	62180
14855	-2	4	62184
14856	-2	4	62188
14857	-2	4	62192
14858	-4	6	62198
14859	-2	4	62202
14860	-2	4	62206
14861	-2	4	62210
14862	-2	4	62214
14863	-2	4	62218
14864	-2	4	62222
14865	-2	4	62226
14866	-2	4	62230
14867	-2	4	62234
14868	-2	4	62238
14869	-3	5	62243
14870	-3	5	62248
14871	-2	4	62252
14872	-2	4	62256
14873	-2	4	62260
14874	-4	6	62266
14875	-2	4	62270
14876	-2	4	62274
14877	-2	4	62278
14878	-2	4	62282
14879	-2	4	62286
14880	-2	4	62290
14881	-2	4	62294
14882	-2	4	62298
14883	-2	4	62302
14884	-2	4	62306
14885	-2	4	62310
14886	-2	4	62314
14887	-4	6	62320
14888	-2	4	62324
14889	-2	4	62328
14890	-2	4	62332
14891	-2	4	62336
14892	-2	4	62340
14893	-4	6	62346
14894	-2	4	62350
14895	-2	4	62354
14896	-3	5	62359
14897	-2	4	62363
14898	-2	4	62367
14899	-2	4	62371
14900	-4	6	62377
14901	-2	4	62381
14902	-2	4	62385
14903	-2	4	62389
14904	-2	4	62393
14905	-2	4	62397
14906	-2	4	62401
14907	-2	4	62405
14908	-2	4	62409
14909	-2	4	62413
14910	-2	4	62417
14911	-2	4	62421
14912	-2	4	62425
14913	-2	4	62429
14914	-2	4	62433
14915	-2	4	62437
14916	-2	4	62441
14917	-2	4	62445
14918	-2	4	62449
14919	-2	4	62453
14920	-2	4	62457
14921	-2	4	62461
14922	-2	4	62465
14923	-2	4	62469
14924	-4	6	62475
14925	-2	4	62479
14926	-2	4	62483
14927	-2	4	62487
14928	-2	4	62491
14929	-2	4	62495
14930	-2	4	62499
14931	-2	4	62503
14932	-4	6	62509
14933	-2	4	62513
14934	-2	4	62517
14935	-3	5	62522
14936	-2	4	62526
14937	-2	4	62530
14938	-2	4	62534
14939	-2	4	62538
14940	-2	4	62542
14941	-4	6	62548
14942	-2	4	62552
14943	-2	4	62556
14944	-4	6	62562
14945	-2	4	62566
14946	-2	4	62570
14947	-2	4	62574
14948	-2	4	62578
14949	-2	4	62582
14950	-2	4	62586
14951	-2	4	62590
14952	-2	4	62594
14953	-2	4	62598
14954	-2	4	62602
14955	-2	4	62606
14956	-2	4	62610
14957	-2	4	62614
14958	-4	6	62620
14959	-2	4	62624
14960	-2	4	62628
14961	-2	4	62632
14962	-2	4	62636
14963	-2	4	62640
14964	-2	4	62644
14965	-4	6	62650
14966	-2	4	62654
14967	-2	4	62658
14968	-2	4	62662
14969	-2	4	62666
14970	-2	4	62670
14971	-2	4	62674
14972	-2	4	62678
14973	-2	4	62682
14974	-2	4	62686
14975	-2	4	62690
14976	-4	6	62696
14977	-2	4	62700
14978	-4	6	62706
14979	-2	4	62710
14980	-2	4	62714
14981	-2	4	62718
14982	-2	4	62722
14983	-2	4	62726
14984	-2	4	62730
14985	-2	4	62734
14986	-2	4	62738
14987	-2	4	62742
14988	-2	4	62746
14989	-2	4	62750
14990	-2	4	62754
14991	-2	4	62758
14992	-2	4	62762
14993	-4	6	62768
14994	-2	4	62772
14995	-4	6	62778
14996	-2	4	62782
14997	-4	6	62788
14998	-2	4	62792
14999	-2	4	62796
15000	-2	4	62800
15001	-2	4	62804
15002	-3	5	62809
15003	-2	4	62813
15004	-2	4	62817
15005	-2	4	62821
15006	-4	6	62827
15007	-2	4	62831
15008	-2	4	62835
15009	-2	4	62839
15010	-2	4	62843
15011	-2	4	62847
15012	-2	4	62851
15013	-2	4	62855
15014	-2	4	62859
15015	-2	4	62863
15016	-2	4	62867
15017	-2	4	62871
15018	-2	4	62875
15019	-2	4	62879
15020	-2	4	62883
15021	-2	4	62887
15022	-2	4	62891
15023	-2	4	62895
15024	-2	4	62899
15025	-2	4	62903
15026	-2	4	62907
15027	-2	4	62911
15028	-2	4	62915
15029	-2	4	62919
15030	-2	4	62923
15031	-2	4	62927
15032	-2	4	62931
15033	-2	4	62935
15034	-2	4	62939
15035	-2	4	62943
15036	-2	4	62947
15037	-2	4	62951
15038	-2	4	62955
15039	-2	4	62959
15040	-2	4	62963
15041	-2	4	62967
15042	-2	4	62971
15043	-2	4	62975
15044	-3	5	62980
15045	-2	4	62984
15046	-2	4	62988
15047	-2	4	62992
15048	-2	4	62996
15049	-4	6	63002
15050	-2	4	63006
15051	-2	4	63010
15052	-2	4	63014
15053	-2	4	63018
15054	-2	4	63022
15055	-2	4	63026
15056	-2	4	63030
15057	-2	4	63034
15058	-2	4	63038
15059	-2	4	63042
15060	-2	4	63046
15061	-2	4	63050
15062	-2	4	63054
15063	-2	4	63058
15064	-2	4	63062
15065	-2	4	63066
15066	-2	4	63070
15067	-2	4	63074
15068	-3	5	63079
15069	-2	4	63083
15070	-2	4	63087
15071	-2	4	63091
15072	-2	4	63095
15073	-2	4	63099
15074	-2	4	63103
15075	-2	4	63107
15076	-2	4	63111
15077	-2	4	63115
15078	-2	4	63119
15079	-2	4	63123
15080	-2	4	63127
15081	-2	4	63131
15082	-2	4	63135
15083	-2	4	63139
15084	-2	4	63143
15085	-4	6	63149
15086	-2	4	63153
15087	-2	4	63157
15088	-2	4	63161
15089	-2	4	63165
15090	-2	4	63169
15091	-2	4	63173
15092	-2	4	63177
15093	-2	4	63181
15094	-2	4	63185
15095	-2	4	63189
15096	-2	4	63193
15097	-2	4	63197
15098	-2	4	63201
15099	-2	4	63205
15100	-2	4	63209
15101	-2	4	63213
15102	-2	4	63217
15103	-2	4	63221
15104	-2	4	63225
15105	-2	4	63229
15106	-2	4	63233
15107	-4	6	63239
15108	-2	4	63243
15109	-3	5	63248
15110	-2	4	63252
15111	-4	6	63258
15112	-2	4	63262
15113	-2	4	63266
15114	-2	4	63270
15115	-2	4	63274
15116	-2	4	63278
15117	-2	4	63282
15118	-2	4	63286
15119	-2	4	63290
15120	-2	4	63294
15121	-2	4	63298
15122	-2	4	63302
15123	-4	6	63308
15124	-2	4	63312
15125	-2	4	63316
15126	-2	4	63320
15127	-2	4	63324
15128	-2	4	63328
15129	-2	4	63332
15130	-2	4	63336
15131	-2	4	63340
15132	-2	4	63344
15133	-2	4	63348
15134	-2	4	63352
15135	-2	4	63356
15136	-2	4	63360
15137	-2	4	63364
15138	-2	4	63368
15139	-2	4	63372
15140	-2	4	63376
15141	-2	4	63380
15142	-2	4	63384
15143	-4	6	63390
15144	-2	4	63394
15145	-2	4	63398
15146	-2	4	63402
15147	-2	4	63406
15148	-2	4	63410
15149	-2	4	63414
15150	-2	4	63418
15151	-2	4	63422
15152	-2	4	63426
15153	-2	4	63430
15154	-4	6	63436
15155	-2	4	63440
15156	-2	4	63444
15157	-2	4	63448
15158	-2	4	63452
15159	-2	4	63456
15160	-2	4	63460
15161	-2	4	63464
15162	-2	4	63468
15163	-2	4	63472
15164	-2	4	63476
15165	-2	4	63480
15166	-2	4	63484
15167	-4	6	63490
15168	-2	4	63494
15169	-3	5	63499
15170	-2	4	63503
15171	-2	4	63507
15172	-4	6	63513
15173	-2	4	63517
15174	-2	4	63521
15175	-2	4	63525
15176	-2	4	63529
15177	-2	4	63533
15178	-2	4	63537
15179	-4	6	63543
15180	-2	4	63547
15181	-2	4	63551
15182	-2	4	63555
15183	-2	4	63559
15184	-2	4	63563
15185	-2	4	63567
15186	-2	4	63571
15187	-2	4	63575
15188	-2	4	63579
15189	-2	4	63583
15190	-2	4	63587
15191	-2	4	63591
15192	-2	4	63595
15193	-3	5	63600
15194	-2	4	63604
15195	-2	4	63608
15196	-2	4	63612
15197	-2	4	63616
15198	-2	4	63620
15199	-2	4	63624
15200	-2	4	63628
15201	-2	4	63632
15202	-2	4	63636
15203	-2	4	63640
15204	-2	4	63644
15205	-2	4	63648
15206	-2	4	63652
15207	-2	4	63656
15208	-2	4	63660
15209	-2	4	63664
15210	-2	4	63668
15211	-2	4	63672
15212	-2	4	63676
15213	-2	4	63680
15214	-2	4	63684
15215	-2	4	63688
15216	-2	4	63692
15217	-2	4	63696
15218	-2	4	63700
15219	-2	4	63704
15220	-2	4	63708
15221	-2	4	63712
15222	-2	4	63716
15223	-2	4	63720
15224	-2	4	63724
15225	-2	4	63728
15226	-2	4	63732
15227	-2	4	63736
15228	-2	4	63740
15229	-2	4	63744
15230	-2	4	63748
15231	-2	4	63752
15232	-2	4	63756
15233	-2	4	63760
15234	-2	4	63764
15235	-2	4	63768
15236	-2	4	63772
15237	-4	6	63778
15238	-2	4	63782
15239	-4	6	63788
15240	-2	4	63792
15241	-2	4	63796
15242	-2	4	63800
15243	-5	7	63807
15244	-2	4	63811
15245	-2	4	63815
15246	-2	4	63819
15247	-4	6	63825
15248	-2	4	63829
15249	-2	4	63833
15250	-2	4	63837
15251	-2	4	63841
15252	-2	4	63845
15253	-2	4	63849
15254	-2	4	63853
15255	-2	4	63857
15256	-2	4	63861
15257	-2	4	63865
15258	-2	4	63869
15259	-2	4	63873
15260	-2	4	63877
15261	-2	4	63881
15262	-2	4	63885
15263	-2	4	63889
15264	-2	4	63893
15265	-2	4	63897
15266	-2	4	63901
15267	-2	4	63905
15268	-2	4	63909
15269	-2	4	63913
15270	-2	4	63917
15271	-2	4	63921
15272	-2	4	63925
15273	-4	6	63931
15274	-2	4	63935
15275	-2	4	63939
15276	-2	4	63943
15277	-2	4	63947
15278	-2	4	63951
15279	-4	6	63957
15280	-2	4	63961
15281	-2	4	63965
15282	-2	4	63969
15283	-2	4	63973
15284	-2	4	63977
15285	-2	4	63981
15286	-2	4	63985
15287	-4	6	63991
15288	-2	4	63995
15289	-2	4	63999
15290	-4	6	64005
15291	-2	4	64009
15292	-2	4	64013
15293	-2	4	64017
15294	-2	4	64021
15295	-2	4	64025
15296	-2	4	64029
15297	-2	4	64033
15298	-2	4	64037
15299	-2	4	64041
15300	-2	4	64045
15301	-2	4	64049
15302	-2	4	64053
15303	-2	4	64057
15304	-2	4	64061
15305	-2	4	64065
15306	-2	4	64069
15307	-2	4	64073
15308	-2	4	64077
15309	-4	6	64083
15310	-2	4	64087
15311	-2	4	64091
15312	-2	4	64095
15313	-3	5	64100
15314	-2	4	64104
15315	-2	4	64108
15316	-2	4	64112
15317	-2	4	64116
15318	-2	4	64120
15319	-2	4	64124
15320	-2	4	64128
15321	-2	4	64132
15322	-2	4	64136
15323	-2	4	64140
15324	-2	4	64144
15325	-2	4	64148
15326	-2	4	64152
15327	-2	4	64156
15328	-3	5	64161
15329	-2	4	64165
15330	-2	4	64169
15331	-3	5	64174
15332	-2	4	64178
15333	-2	4	64182
15334	-2	4	64186
15335	-2	4	64190
15336	-2	4	64194
15337	-2	4	64198
15338	-2	4	64202
15339	-2	4	64206
15340	-4	6	64212
15341	-3	5	64217
15342	-2	4	64221
15343	-2	4	64225
15344	-2	4	64229
15345	-2	4	64233
15346	-2	4	64237
15347	-2	4	64241
15348	-4	6	64247
15349	-2	4	64251
15350	-2	4	64255
15351	-2	4	64259
15352	-2	4	64263
15353	-4	6	64269
15354	-2	4	64273
15355	-2	4	64277
15356	-2	4	64281
15357	-2	4	64285
15358	-2	4	64289
15359	-2	4	64293
15360	-2	4	64297
15361	-2	4	64301
15362	-2	4	64305
15363	-3	5	64310
15364	-2	4	64314
15365	-4	6	64320
15366	-2	4	64324
15367	-2	4	64328
15368	-2	4	64332
15369	-2	4	64336
15370	-2	4	64340
15371	-2	4	64344
15372	-2	4	64348
15373	-4	6	64354
15374	-2	4	64358
15375	-2	4	64362
15376	-2	4	64366
15377	-2	4	64370
15378	-2	4	64374
15379	-2	4	64378
15380	-2	4	64382
15381	-2	4	64386
15382	-2	4	64390
15383	-2	4	64394
15384	-2	4	64398
15385	-2	4	64402
15386	-2	4	64406
15387	-2	4	64410
15388	-2	4	64414
15389	-2	4	64418
15390	-2	4	64422
15391	-2	4	64426
15392	-2	4	64430
15393	-2	4	64434
15394	-2	4	64438
15395	-4	6	64444
15396	-2	4	64448
15397	-2	4	64452
15398	-2	4	64456
15399	-2	4	64460
15400	-2	4	64464
15401	-2	4	64468
15402	-2	4	64472
15403	-2	4	64476
15404	-2	4	64480
15405	-2	4	64484
15406	-2	4	64488
15407	-2	4	64492
15408	-2	4	64496
15409	-2	4	64500
15410	-2	4	64504
15411	-2	4	64508
15412	-2	4	64512
15413	-2	4	64516
15414	-2	4	64520
15415	-2	4	64524
15416	-2	4	64528
15417	-2	4	64532
15418	-2	4	64536
15419	-2	4	64540
15420	-2	4	64544
15421	-2	4	64548
15422	-4	6	64554
15423	-4	6	64560
15424	-2	4	64564
15425	-2	4	64568
15426	-2	4	64572
15427	-2	4	64576
15428	-2	4	64580
15429	-2	4	64584
15430	-2	4	64588
15431	-2	4	64592
15432	-2	4	64596
15433	-2	4	64600
15434	-2	4	64604
15435	-2	4	64608
15436	-2	4	64612
15437	-2	4	64616
15438	-2	4	64620
15439	-2	4	64624
15440	-2	4	64628
15441	-4	6	64634
15442	-2	4	64638
15443	-2	4	64642
15444	-2	4	64646
15445	-2	4	64650
15446	-2	4	64654
15447	-2	4	64658
15448	-4	6	64664
15449	-2	4	64668
15450	-2	4	64672
15451	-2	4	64676
15452	-2	4	64680
15453	-2	4	64684
15454	-2	4	64688
15455	-2	4	64692
15456	-2	4	64696
15457	-2	4	64700
15458	-4	6	64706
15459	-2	4	64710
15460	-2	4	64714
15461	-2	4	64718
15462	-4	6	64724
15463	-2	4	64728
15464	-2	4	64732
15465	-2	4	64736
15466	-2	4	64740
15467	-2	4	64744
15468	-2	4	64748
15469	-2	4	64752
15470	-2	4	64756
15471	-2	4	64760
15472	-2	4	64764
15473	-2	4	64768
15474	-2	4	64772
15475	-2	4	64776
15476	-2	4	64780
15477	-2	4	64784
15478	-2	4	64788
15479	-2	4	64792
15480	-2	4	64796
15481	-2	4	64800
15482	-2	4	64804
15483	-2	4	64808
15484	-2	4	64812
15485	-2	4	64816
15486	-4	6	64822
15487	-2	4	64826
15488	-2	4	64830
15489	-2	4	64834
15490	-2	4	64838
15491	-4	6	64844
15492	-2	4	64848
15493	-2	4	64852
15494	-2	4	64856
15495	-2	4	64860
15496	-2	4	64864
15497	-2	4	64868
15498	-2	4	64872
15499	-2	4	64876
15500	-2	4	64880
15501	-2	4	64884
15502	-2	4	64888
15503	-2	4	64892
15504	-2	4	64896
15505	-2	4	64900
15506	-2	4	64904
15507	-2	4	64908
15508	-4	6	64914
15509	-2	4	64918
15510	-2	4	64922
15511	-2	4	64926
15512	-2	4	64930
15513	-2	4	64934
15514	-2	4	64938
15515	-2	4	64942
15516	-2	4	64946
15517	-2	4	64950
15518	-2	4	64954
15519	-2	4	64958
15520	-2	4	64962
15521	-2	4	64966
15522	-2	4	64970
15523	-2	4	64974
15524	-2	4	64978
15525	-4	6	64984
15526	-2	4	64988
15527	-2	4	64992
15528	-2	4	64996
15529	-2	4	65000
15530	-2	4	65004
15531	-2	4	65008
15532	-2	4	65012
15533	-2	4	65016
15534	-2	4	65020
15535	-2	4	65024
15536	-2	4	65028
15537	-2	4	65032
15538	-2	4	65036
15539	-2	4	65040
15540	-2	4	65044
15541	-2	4	65048
15542	-2	4	65052
15543	-2	4	65056
15544	-2	4	65060
15545	-2	4	65064
15546	-2	4	65068
15547	-2	4	65072
15548	-2	4	65076
15549	-2	4	65080
15550	-2	4	65084
15551	-2	4	65088
15552	-2	4	65092
15553	-2	4	65096
15554	-2	4	65100
15555	-2	4	65104
15556	-2	4	65108
15557	-2	4	65112
15558	-2	4	65116
15559	-2	4	65120
15560	-2	4	65124
15561	-2	4	65128
15562	-2	4	65132
15563	-2	4	65136
15564	-2	4	65140
15565	-2	4	65144
15566	-2	4	65148
15567	-2	4	65152
15568	-2	4	65156
15569	-4	6	65162
15570	-2	4	65166
15571	-2	4	65170
15572	-3	5	65175
15573	-2	4	65179
15574	-4	6	65185
15575	-2	4	65189
15576	-2	4	65193
15577	-2	4	65197
15578	-2	4	65201
15579	-4	6	65207
15580	-3	5	65212
15581	-2	4	65216
15582	-2	4	65220
15583	-2	4	65224
15584	-2	4	65228
15585	-2	4	65232
15586	-2	4	65236
15587	-2	4	65240
15588	-2	4	65244
15589	-2	4	65248
15590	-2	4	65252
15591	-2	4	65256
15592	-2	4	65260
15593	-4	6	65266
15594	-2	4	65270
15595	-2	4	65274
15596	-2	4	65278
15597	-2	4	65282
15598	-2	4	65286
15599	-2	4	65290
15600	-2	4	65294
15601	-2	4	65298
15602	-2	4	65302
15603	-2	4	65306
15604	-4	6	65312
15605	-3	5	65317
15606	-2	4	65321
15607	-2	4	65325
15608	-2	4	65329
15609	-2	4	65333
15610	-2	4	65337
15611	-2	4	65341
15612	-2	4	65345
15613	-4	6	65351
15614	-2	4	65355
15615	-2	4	65359
15616	-3	5	65364
15617	-2	4	65368
15618	-2	4	65372
15619	-2	4	65376
15620	-2	4	65380
15621	-4	6	65386
15622	-2	4	65390
15623	-2	4	65394
15624	-2	4	65398
15625	-2	4	65402
15626	-2	4	65406
15627	-2	4	65410
15628	-4	6	65416
15629	-2	4	65420
15630	-2	4	65424
15631	-5	7	65431
15632	-2	4	65435
15633	-2	4	65439
15634	-4	6	65445
15635	-2	4	65449
15636	-4	6	65455
15637	-2	4	65459
15638	-2	4	65463
15639	-2	4	65467
15640	-2	4	65471
15641	-2	4	65475
15642	-2	4	65479
15643	-2	4	65483
15644	-2	4	65487
15645	-2	4	65491
15646	-2	4	65495
15647	-2	4	65499
15648	-2	4	65503
15649	-2	4	65507
15650	-2	4	65511
15651	-2	4	65515
15652	-2	4	65519
15653	-2	4	65523
15654	-2	4	65527
15655	-2	4	65531
15656	-2	4	65535
15657	-3	5	65540
15658	-2	4	65544
15659	-2	4	65548
15660	-2	4	65552
15661	-2	4	65556
15662	-2	4	65560
15663	-2	4	65564
15664	-2	4	65568
15665	-4	6	65574
15666	-2	4	65578
15667	-4	6	65584
15668	-2	4	65588
15669	-2	4	65592
15670	-2	4	65596
15671	-2	4	65600
15672	-2	4	65604
15673	-2	4	65608
15674	-4	6	65614
15675	-2	4	65618
15676	-2	4	65622
15677	-2	4	65626
15678	-2	4	65630
15679	-4	6	65636
15680	-2	4	65640
15681	-2	4	65644
15682	-2	4	65648
15683	-2	4	65652
15684	-2	4	65656
15685	-2	4	65660
15686	-2	4	65664
15687	-2	4	65668
15688	-2	4	65672
15689	-2	4	65676
15690	-2	4	65680
15691	-2	4	65684
15692	-2	4	65688
15693	-4	6	65694
15694	-2	4	65698
15695	-4	6	65704
15696	-2	4	65708
15697	-2	4	65712
15698	-2	4	65716
15699	-3	5	65721
15700	-2	4	65725
15701	-2	4	65729
15702	-2	4	65733
15703	-4	6	65739
15704	-2	4	65743
15705	-2	4	65747
15706	-2	4	65751
15707	-2	4	65755
15708	-2	4	65759
15709	-2	4	65763
15710	-2	4	65767
15711	-2	4	65771
15712	-4	6	65777
15713	-2	4	65781
15714	-2	4	65785
15715	-2	4	65789
15716	-2	4	65793
15717	-4	6	65799
15718	-2	4	65803
15719	-2	4	65807
15720	-2	4	65811
15721	-2	4	65815
15722	-2	4	65819
15723	-2	4	65823
15724	-2	4	65827
15725	-2	4	65831
15726	-2	4	65835
15727	-4	6	65841
15728	-2	4	65845
15729	-4	6	65851
15730	-2	4	65855
15731	-2	4	65859
15732	-2	4	65863
15733	-2	4	65867
15734	-2	4	65871
15735	-2	4	65875
15736	-2	4	65879
15737	-2	4	65883
15738	-2	4	65887
15739	-2	4	65891
15740	-2	4	65895
15741	-2	4	65899
15742	-2	4	65903
15743	-2	4	65907
15744	-2	4	65911
15745	-2	4	65915
15746	-2	4	65919
15747	-2	4	65923
15748	-2	4	65927
15749	-2	4	65931
15750	-2	4	65935
15751	-2	4	65939
15752	-2	4	65943
15753	-2	4	65947
15754	-2	4	65951
15755	-2	4	65955
15756	-2	4	65959
15757	-2	4	65963
15758	-2	4	65967
15759	-2	4	65971
15760	-2	4	65975
15761	-4	6	65981
15762	-2	4	65985
15763	-2	4	65989
15764	-2	4	65993
15765	-2	4	65997
15766	-2	4	66001
15767	-2	4	66005
15768	-2	4	66009
15769	-2	4	66013
15770	-2	4	66017
15771	-4	6	66023
15772	-2	4	66027
15773	-2	4	66031
15774	-2	4	66035
15775	-2	4	66039
15776	-4	6	66045
15777	-3	5	66050
15778	-2	4	66054
15779	-2	4	66058
15780	-2	4	66062
15781	-2	4	66066
15782	-2	4	66070
15783	-2	4	66074
15784	-2	4	66078
15785	-2	4	66082
15786	-2	4	66086
15787	-2	4	66090
15788	-2	4	66094
15789	-2	4	66098
15790	-2	4	66102
15791	-2	4	66106
15792	-2	4	66110
15793	-2	4	66114
15794	-2	4	66118
15795	-2	4	66122
15796	-3	5	66127
15797	-2	4	66131
15798	-3	5	66136
15799	-2	4	66140
15800	-2	4	66144
15801	-2	4	66148
15802	-2	4	66152
15803	-2	4	66156
15804	-2	4	66160
15805	-2	4	66164
15806	-2	4	66168
15807	-2	4	66172
15808	-2	4	66176
15809	-2	4	66180
15810	-2	4	66184
15811	-5	7	66191
15812	-2	4	66195
15813	-2	4	66199
15814	-2	4	66203
15815	-3	5	66208
15816	-2	4	66212
15817	-2	4	66216
15818	-2	4	66220
15819	-2	4	66224
15820	-2	4	66228
15821	-2	4	66232
15822	-2	4	66236
15823	-2	4	66240
15824	-2	4	66244
15825	-2	4	66248
15826	-2	4	66252
15827	-2	4	66256
15828	-2	4	66260
15829	-2	4	66264
15830	-2	4	66268
15831	-2	4	66272
15832	-4	6	66278
15833	-2	4	66282
15834	-2	4	66286
15835	-2	4	66290
15836	-2	4	66294
15837	-2	4	66298
15838	-4	6	66304
15839	-2	4	66308
15840	-2	4	66312
15841	-2	4	66316
15842	-2	4	66320
15843	-2	4	66324
15844	-2	4	66328
15845	-2	4	66332
15846	-2	4	66336
15847	-2	4	66340
15848	-2	4	66344
15849	-2	4	66348
15850	-2	4	66352
15851	-2	4	66356
15852	-2	4	66360
15853	-2	4	66364
15854	-2	4	66368
15855	-2	4	66372
15856	-4	6	66378
15857	-2	4	66382
15858	-2	4	66386
15859	-2	4	66390
15860	-2	4	66394
15861	-2	4	66398
15862	-2	4	66402
15863	-2	4	66406
15864	-2	4	66410
15865	-2	4	66414
15866	-2	4	66418
15867	-2	4	66422
15868	-2	4	66426
15869	-2	4	66430
15870	-4	6	66436
15871	-2	4	66440
15872	-2	4	66444
15873	-2	4	66448
15874	-2	4	66452
15875	-3	5	66457
15876	-2	4	66461
15877	-2	4	66465
15878	-2	4	66469
15879	-2	4	66473
15880	-2	4	66477
15881	-2	4	66481
15882	-2	4	66485
15883	-2	4	66489
15884	-2	4	66493
15885	-2	4	66497
15886	-2	4	66501
15887	-2	4	66505
15888	-2	4	66509
15889	-2	4	66513
15890	-2	4	66517
15891	-2	4	66521
15892	-2	4	66525
15893	-2	4	66529
15894	-2	4	66533
15895	-2	4	66537
15896	-2	4	66541
15897	-2	4	66545
15898	-2	4	66549
15899	-2	4	66553
15900	-2	4	66557
15901	-2	4	66561
15902	-2	4	66565
15903	-2	4	66569
15904	-2	4	66573
15905	-2	4	66577
15906	-4	6	66583
15907	-2	4	66587
15908	-6	8	66595
15909	-2	4	66599
15910	-4	6	66605
15911	-2	4	66609
15912	-4	6	66615
15913	-2	4	66619
15914	-2	4	66623
15915	-2	4	66627
15916	-3	5	66632
15917	-4	6	66638
15918	-2	4	66642
15919	-2	4	66646
15920	-2	4	66650
15921	-2	4	66654
15922	-2	4	66658
15923	-2	4	66662
15924	-2	4	66666
15925	-2	4	66670
15926	-3	5	66675
15927	-4	6	66681
15928	-2	4	66685
15929	-2	4	66689
15930	-2	4	66693
15931	-2	4	66697
15932	-2	4	66701
15933	-2	4	66705
15934	-2	4	66709
15935	-2	4	66713
15936	-2	4	66717
15937	-2	4	66721
15938	-4	6	66727
15939	-2	4	66731
15940	-2	4	66735
15941	-2	4	66739
15942	-2	4	66743
15943	-2	4	66747
15944	-2	4	66751
15945	-2	4	66755
15946	-2	4	66759
15947	-2	4	66763
15948	-2	4	66767
15949	-2	4	66771
15950	-2	4	66775
15951	-2	4	66779
15952	-2	4	66783
15953	-2	4	66787
15954	-2	4	66791
15955	-2	4	66795
15956	-2	4	66799
15957	-2	4	66803
15958	-4	6	66809
15959	-2	4	66813
15960	-2	4	66817
15961	-4	6	66823
15962	-2	4	66827
15963	-2	4	66831
15964	-2	4	66835
15965	-2	4	66839
15966	-2	4	66843
15967	-2	4	66847
15968	-2	4	66851
15969	-2	4	66855
15970	-2	4	66859
15971	-2	4	66863
15972	-2	4	66867
15973	-2	4	66871
15974	-2	4	66875
15975	-2	4	66879
15976	-2	4	66883
15977	-2	4	66887
15978	-2	4	66891
15979	-2	4	66895
15980	-2	4	66899
15981	-3	5	66904
15982	-2	4	66908
15983	-2	4	66912
15984	-2	4	66916
15985	-2	4	66920
15986	-2	4	66924
15987	-2	4	66928
15988	-2	4	66932
15989	-2	4	66936
15990	-3	5	66941
15991	-3	5	66946
15992	-2	4	66950
15993	-2	4	66954
15994	-2	4	66958
15995	-2	4	66962
15996	-2	4	66966
15997	-2	4	66970
15998	-2	4	66974
15999	-2	4	66978
16000	-2	4	66982
16001	-2	4	66986
16002	-2	4	66990
16003	-2	4	66994
16004	-3	5	66999
16005	-2	4	67003
16006	-2	4	67007
16007	-2	4	67011
16008	-2	4	67015
16009	-2	4	67019
16010	-2	4	67023
16011	-2	4	67027
16012	-2	4	67031
16013	-4	6	67037
16014	-2	4	67041
16015	-2	4	67045
16016	-2	4	67049
16017	-2	4	67053
16018	-2	4	67057
16019	-2	4	67061
16020	-4	6	67067
16021	-2	4	67071
16022	-2	4	67075
16023	-2	4	67079
16024	-2	4	67083
16025	-2	4	67087
16026	-2	4	67091
16027	-4	6	67097
16028	-2	4	67101
16029	-2	4	67105
16030	-2	4	67109
16031	-4	6	67115
16032	-2	4	67119
16033	-2	4	67123
16034	-2	4	67127
16035	-2	4	67131
16036	-4	6	67137
16037	-2	4	67141
16038	-2	4	67145
16039	-2	4	67149
16040	-2	4	67153
16041	-2	4	67157
16042	-2	4	67161
16043	-2	4	67165
16044	-2	4	67169
16045	-2	4	67173
16046	-2	4	67177
16047	-2	4	67181
16048	-2	4	67185
16049	-2	4	67189
16050	-2	4	67193
16051	-2	4	67197
16052	-2	4	67201
16053	-2	4	67205
16054	-2	4	67209
16055	-2	4	67213
16056	-2	4	67217
16057	-2	4	67221
16058	-2	4	67225
16059	-2	4	67229
16060	-2	4	67233
16061	-2	4	67237
16062	-2	4	67241
16063	-2	4	67245
16064	-2	4	67249
16065	-2	4	67253
16066	-2	4	67257
16067	-2	4	67261
16068	-2	4	67265
16069	-5	7	67272
16070	-2	4	67276
16071	-2	4	67280
16072	-2	4	67284
16073	-2	4	67288
16074	-2	4	67292
16075	-2	4	67296
16076	-2	4	67300
16077	-2	4	67304
16078	-2	4	67308
16079	-2	4	67312
16080	-2	4	67316
16081	-2	4	67320
16082	-2	4	67324
16083	-2	4	67328
16084	-2	4	67332
16085	-2	4	67336
16086	-2	4	67340
16087	-2	4	67344
16088	-2	4	67348
16089	-2	4	67352
16090	-2	4	67356
16091	-2	4	67360
16092	-2	4	67364
16093	-2	4	67368
16094	-2	4	67372
16095	-2	4	67376
16096	-4	6	67382
16097	-2	4	67386
16098	-2	4	67390
16099	-2	4	67394
16100	-2	4	67398
16101	-2	4	67402
16102	-2	4	67406
16103	-2	4	67410
16104	-2	4	67414
16105	-2	4	67418
16106	-2	4	67422
16107	-3	5	67427
16108	-4	6	67433
16109	-2	4	67437
16110	-2	4	67441
16111	-2	4	67445
16112	-2	4	67449
16113	-2	4	67453
16114	-2	4	67457
16115	-2	4	67461
16116	-2	4	67465
16117	-2	4	67469
16118	-2	4	67473
16119	-2	4	67477
16120	-2	4	67481
16121	-2	4	67485
16122	-2	4	67489
16123	-2	4	67493
16124	-2	4	67497
16125	-2	4	67501
16126	-2	4	67505
16127	-2	4	67509
16128	-2	4	67513
16129	-2	4	67517
16130	-2	4	67521
16131	-2	4	67525
16132	-2	4	67529
16133	-2	4	67533
16134	-2	4	67537
16135	-2	4	67541
16136	-2	4	67545
16137	-2	4	67549
16138	-2	4	67553
16139	-2	4	67557
16140	-2	4	67561
16141	-2	4	67565
16142	-2	4	67569
16143	-2	4	67573
16144	-2	4	67577
16145	-2	4	67581
16146	-2	4	67585
16147	-2	4	67589
16148	-2	4	67593
16149	-2	4	67597
16150	-2	4	67601
16151	-2	4	67605
16152	-2	4	67609
16153	-2	4	67613
16154	-2	4	67617
16155	-2	4	67621
16156	-2	4	67625
16157	-2	4	67629
16158	-2	4	67633
16159	-2	4	67637
16160	-2	4	67641
16161	-2	4	67645
16162	-2	4	67649
16163	-2	4	67653
16164	-2	4	67657
16165	-2	4	67661
16166	-2	4	67665
16167	-2	4	67669
16168	-2	4	67673
16169	-2	4	67677
16170	-2	4	67681
16171	-2	4	67685
16172	-2	4	67689
16173	-2	4	67693
16174	-2	4	67697
16175	-2	4	67701
16176	-2	4	67705
16177	-2	4	67709
16178	-2	4	67713
16179	-2	4	67717
16180	-2	4	67721
16181	-2	4	67725
16182	-2	4	67729
16183	-3	5	67734
16184	-2	4	67738
16185	-2	4	67742
16186	-2	4	67746
16187	-2	4	67750
16188	-2	4	67754
16189	-2	4	67758
16190	-2	4	67762
16191	-2	4	67766
16192	-2	4	67770
16193	-2	4	67774
16194	-2	4	67778
16195	-6	8	67786
16196	-2	4	67790
16197	-2	4	67794
16198	-2	4	67798
16199	-2	4	67802
16200	-2	4	67806
16201	-4	6	67812
16202	-2	4	67816
16203	-5	7	67823
16204	-2	4	67827
16205	-4	6	67833
16206	-2	4	67837
16207	-2	4	67841
16208	-2	4	67845
16209	-2	4	67849
16210	-2	4	67853
16211	-2	4	67857
16212	-2	4	67861
16213	-2	4	67865
16214	-2	4	67869
16215	-2	4	67873
16216	-2	4	67877
16217	-2	4	67881
16218	-2	4	67885
16219	-2	4	67889
16220	-2	4	67893
16221	-2	4	67897
16222	-2	4	67901
16223	-2	4	67905
16224	-4	6	67911
16225	-2	4	67915
16226	-2	4	67919
16227	-2	4	67923
16228	-2	4	67927
16229	-4	6	67933
16230	-2	4	67937
16231	-2	4	67941
16232	-2	4	67945
16233	-2	4	67949
16234	-2	4	67953
16235	-2	4	67957
16236	-2	4	67961
16237	-2	4	67965
16238	-2	4	67969
16239	-2	4	67973
16240	-2	4	67977
16241	-2	4	67981
16242	-2	4	67985
16243	-2	4	67989
16244	-2	4	67993
16245	-2	4	67997
16246	-2	4	68001
16247	-2	4	68005
16248	-2	4	68009
16249	-2	4	68013
16250	-2	4	68017
16251	-2	4	68021
16252	-2	4	68025
16253	-2	4	68029
16254	-2	4	68033
16255	-2	4	68037
16256	-2	4	68041
16257	-2	4	68045
16258	-2	4	68049
16259	-2	4	68053
16260	-2	4	68057
16261	-2	4	68061
16262	-2	4	68065
16263	-2	4	68069
16264	-2	4	68073
16265	-2	4	68077
16266	-4	6	68083
16267	-2	4	68087
16268	-2	4	68091
16269	-2	4	68095
16270	-2	4	68099
16271	-2	4	68103
16272	-2	4	68107
16273	-2	4	68111
16274	-2	4	68115
16275	-4	6	68121
16276	-2	4	68125
16277	-3	5	68130
16278	-2	4	68134
16279	-2	4	68138
16280	-2	4	68142
16281	-2	4	68146
16282	-2	4	68150
16283	-2	4	68154
16284	-3	5	68159
16285	-2	4	68163
16286	-2	4	68167
16287	-2	4	68171
16288	-2	4	68175
16289	-2	4	68179
16290	-4	6	68185
16291	-2	4	68189
16292	-2	4	68193
16293	-2	4	68197
16294	-2	4	68201
16295	-2	4	68205
16296	-2	4	68209
16297	-2	4	68213
16298	-2	4	68217
16299	-2	4	68221
16300	-2	4	68225
16301	-2	4	68229
16302	-2	4	68233
16303	-2	4	68237
16304	-2	4	68241
16305	-2	4	68245
16306	-2	4	68249
16307	-2	4	68253
16308	-2	4	68257
16309	-2	4	68261
16310	-2	4	68265
16311	-2	4	68269
16312	-2	4	68273
16313	-2	4	68277
16314	-2	4	68281
16315	-2	4	68285
16316	-2	4	68289
16317	-2	4	68293
16318	-2	4	68297
16319	-2	4	68301
16320	-2	4	68305
16321	-2	4	68309
16322	-2	4	68313
16323	-2	4	68317
16324	-2	4	68321
16325	-2	4	68325
16326	-2	4	68329
16327	-2	4	68333
16328	-2	4	68337
16329	-2	4	68341
16330	-2	4	68345
16331	-2	4	68349
16332	-3	5	68354
16333	-2	4	68358
16334	-2	4	68362
16335	-2	4	68366
16336	-2	4	68370
16337	-2	4	68374
16338	-2	4	68378
16339	-2	4	68382
16340	-3	5	68387
16341	-2	4	68391
16342	-2	4	68395
16343	-2	4	68399
16344	-2	4	68403
16345	-2	4	68407
16346	-2	4	68411
16347	-2	4	68415
16348	-2	4	68419
16349	-2	4	68423
16350	-2	4	68427
16351	-2	4	68431
16352	-2	4	68435
16353	-2	4	68439
16354	-2	4	68443
16355	-2	4	68447
16356	-2	4	68451
16357	-2	4	68455
16358	-4	6	68461
16359	-2	4	68465
16360	-2	4	68469
16361	-2	4	68473
16362	-2	4	68477
16363	-2	4	68481
16364	-2	4	68485
16365	-2	4	68489
16366	-2	4	68493
16367	-2	4	68497
16368	-2	4	68501
16369	-2	4	68505
16370	-2	4	68509
16371	-2	4	68513
16372	-2	4	68517
16373	-2	4	68521
16374	-4	6	68527
16375	-2	4	68531
16376	-2	4	68535
16377	-2	4	68539
16378	-2	4	68543
16379	-2	4	68547
16380	-2	4	68551
16381	-2	4	68555
16382	-2	4	68559
16383	-2	4	68563
16384	-2	4	68567
16385	-2	4	68571
16386	-2	4	68575
16387	-2	4	68579
16388	-2	4	68583
16389	-2	4	68587
16390	-2	4	68591
16391	-2	4	68595
16392	-2	4	68599
16393	-2	4	68603
16394	-2	4	68607
16395	-2	4	68611
16396	-2	4	68615
16397	-2	4	68619
16398	-2	4	68623
16399	-2	4	68627
16400	-2	4	68631
16401	-2	4	68635
16402	-2	4	68639
16403	-2	4	68643
16404	-2	4	68647
16405	-4	6	68653
16406	-2	4	68657
16407	-2	4	68661
16408	-2	4	68665
16409	-2	4	68669
16410	-2	4	68673
16411	-2	4	68677
16412	-2	4	68681
16413	-2	4	68685
16414	-2	4	68689
16415	-2	4	68693
16416	-2	4	68697
16417	-2	4	68701
16418	-2	4	68705
16419	-2	4	68709
16420	-2	4	68713
16421	-2	4	68717
16422	-2	4	68721
16423	-2	4	68725
16424	-2	4	68729
16425	-2	4	68733
16426	-2	4	68737
16427	-2	4	68741
16428	-4	6	68747
16429	-2	4	68751
16430	-2	4	68755
16431	-2	4	68759
16432	-2	4	68763
16433	-2	4	68767
16434	-2	4	68771
16435	-2	4	68775
16436	-2	4	68779
16437	-2	4	68783
16438	-2	4	68787
16439	-2	4	68791
16440	-2	4	68795
16441	-2	4	68799
16442	-2	4	68803
16443	-2	4	68807
16444	-3	5	68812
16445	-2	4	68816
16446	-2	4	68820
16447	-2	4	68824
16448	-2	4	68828
16449	-2	4	68832
16450	-4	6	68838
16451	-2	4	68842
16452	-2	4	68846
16453	-2	4	68850
16454	-2	4	68854
16455	-2	4	68858
16456	-2	4	68862
16457	-2	4	68866
16458	-2	4	68870
16459	-2	4	68874
16460	-2	4	68878
16461	-2	4	68882
16462	-2	4	68886
16463	-2	4	68890
16464	-2	4	68894
16465	-2	4	68898
16466	-2	4	68902
16467	-2	4	68906
16468	-3	5	68911
16469	-2	4	68915
16470	-2	4	68919
16471	-2	4	68923
16472	-2	4	68927
16473	-2	4	68931
16474	-4	6	68937
16475	-2	4	68941
16476	-2	4	68945
16477	-2	4	68949
16478	-2	4	68953
16479	-2	4	68957
16480	-2	4	68961
16481	-2	4	68965
16482	-2	4	68969
16483	-2	4	68973
16484	-2	4	68977
16485	-2	4	68981
16486	-2	4	68985
16487	-2	4	68989
16488	-2	4	68993
16489	-2	4	68997
16490	-2	4	69001
16491	-4	6	69007
16492	-2	4	69011
16493	-2	4	69015
16494	-3	5	69020
16495	-2	4	69024
16496	-2	4	69028
16497	-2	4	69032
16498	-2	4	69036
16499	-2	4	69040
16500	-2	4	69044
16501	-2	4	69048
16502	-2	4	69052
16503	-2	4	69056
16504	-2	4	69060
16505	-2	4	69064
16506	-2	4	69068
16507	-2	4	69072
16508	-2	4	69076
16509	-2	4	69080
16510	-2	4	69084
16511	-2	4	69088
16512	-2	4	69092
16513	-2	4	69096
16514	-2	4	69100
16515	-2	4	69104
16516	-2	4	69108
16517	-2	4	69112
16518	-2	4	69116
16519	-2	4	69120
16520	-2	4	69124
16521	-2	4	69128
16522	-4	6	69134
16523	-4	6	69140
16524	-2	4	69144
16525	-2	4	69148
16526	-2	4	69152
16527	-2	4	69156
16528	-2	4	69160
16529	-2	4	69164
16530	-2	4	69168
16531	-2	4	69172
16532	-2	4	69176
16533	-2	4	69180
16534	-2	4	69184
16535	-2	4	69188
16536	-2	4	69192
16537	-2	4	69196
16538	-2	4	69200
16539	-2	4	69204
16540	-2	4	69208
16541	-2	4	69212
16542	-2	4	69216
16543	-2	4	69220
16544	-2	4	69224
16545	-2	4	69228
16546	-2	4	69232
16547	-2	4	69236
16548	-2	4	69240
16549	-2	4	69244
16550	-2	4	69248
16551	-2	4	69252
16552	-2	4	69256
16553	-2	4	69260
16554	-2	4	69264
16555	-2	4	69268
16556	-2	4	69272
16557	-2	4	69276
16558	-4	6	69282
16559	-2	4	69286
16560	-2	4	69290
16561	-2	4	69294
16562	-2	4	69298
16563	-2	4	69302
16564	-2	4	69306
16565	-2	4	69310
16566	-2	4	69314
16567	-2	4	69318
16568	-2	4	69322
16569	-2	4	69326
16570	-5	7	69333
16571	-2	4	69337
16572	-2	4	69341
16573	-2	4	69345
16574	-2	4	69349
16575	-2	4	69353
16576	-2	4	69357
16577	-2	4	69361
16578	-2	4	69365
16579	-2	4	69369
16580	-3	5	69374
16581	-4	6	69380
16582	-2	4	69384
16583	-2	4	69388
16584	-2	4	69392
16585	-2	4	69396
16586	-4	6	69402
16587	-2	4	69406
16588	-2	4	69410
16589	-2	4	69414
16590	-2	4	69418
16591	-2	4	69422
16592	-2	4	69426
16593	-2	4	69430
16594	-2	4	69434
16595	-4	6	69440
16596	-4	6	69446
16597	-2	4	69450
16598	-2	4	69454
16599	-2	4	69458
16600	-2	4	69462
16601	-2	4	69466
16602	-2	4	69470
16603	-2	4	69474
16604	-2	4	69478
16605	-2	4	69482
16606	-2	4	69486
16607	-2	4	69490
16608	-2	4	69494
16609	-2	4	69498
16610	-2	4	69502
16611	-2	4	69506
16612	-2	4	69510
16613	-2	4	69514
16614	-2	4	69518
16615	-2	4	69522
16616	-2	4	69526
16617	-2	4	69530
16618	-2	4	69534
16619	-2	4	69538
16620	-2	4	69542
16621	-2	4	69546
16622	-2	4	69550
16623	-2	4	69554
16624	-2	4	69558
16625	-2	4	69562
16626	-3	5	69567
16627	-2	4	69571
16628	-2	4	69575
16629	-2	4	69579
16630	-2	4	69583
16631	-2	4	69587
16632	-4	6	69593
16633	-2	4	69597
16634	-3	5	69602
16635	-2	4	69606
16636	-2	4	69610
16637	-2	4	69614
16638	-2	4	69618
16639	-2	4	69622
16640	-2	4	69626
16641	-2	4	69630
16642	-2	4	69634
16643	-2	4	69638
16644	-2	4	69642
16645	-2	4	69646
16646	-2	4	69650
16647	-2	4	69654
16648	-4	6	69660
16649	-2	4	69664
16650	-2	4	69668
16651	-2	4	69672
16652	-2	4	69676
16653	-2	4	69680
16654	-2	4	69684
16655	-4	6	69690
16656	-2	4	69694
16657	-2	4	69698
16658	-2	4	69702
16659	-2	4	69706
16660	-4	6	69712
16661	-2	4	69716
16662	-2	4	69720
16663	-2	4	69724
16664	-2	4	69728
16665	-2	4	69732
16666	-2	4	69736
16667	-2	4	69740
16668	-2	4	69744
16669	-2	4	69748
16670	-2	4	69752
16671	-2	4	69756
16672	-2	4	69760
16673	-2	4	69764
16674	-2	4	69768
16675	-2	4	69772
16676	-2	4	69776
16677	-2	4	69780
16678	-2	4	69784
16679	-2	4	69788
16680	-2	4	69792
16681	-2	4	69796
16682	-2	4	69800
16683	-2	4	69804
16684	-2	4	69808
16685	-2	4	69812
16686	-2	4	69816
16687	-2	4	69820
16688	-2	4	69824
16689	-2	4	69828
16690	-2	4	69832
16691	-2	4	69836
16692	-2	4	69840
16693	-2	4	69844
16694	-2	4	69848
16695	-2	4	69852
16696	-2	4	69856
16697	-2	4	69860
16698	-2	4	69864
16699	-4	6	69870
16700	-2	4	69874
16701	-2	4	69878
16702	-2	4	69882
16703	-2	4	69886
16704	-2	4	69890
16705	-2	4	69894
16706	-2	4	69898
16707	-2	4	69902
16708	-3	5	69907
16709	-2	4	69911
16710	-2	4	69915
16711	-2	4	69919
16712	-2	4	69923
16713	-2	4	69927
16714	-2	4	69931
16715	-2	4	69935
16716	-2	4	69939
16717	-2	4	69943
16718	-3	5	69948
16719	-2	4	69952
16720	-2	4	69956
16721	-4	6	69962
16722	-2	4	69966
16723	-2	4	69970
16724	-2	4	69974
16725	-2	4	69978
16726	-2	4	69982
16727	-2	4	69986
16728	-2	4	69990
16729	-2	4	69994
16730	-2	4	69998
16731	-2	4	70002
16732	-2	4	70006
16733	-4	6	70012
16734	-2	4	70016
16735	-2	4	70020
16736	-2	4	70024
16737	-2	4	70028
16738	-2	4	70032
16739	-4	6	70038
16740	-2	4	70042
16741	-2	4	70046
16742	-4	6	70052
16743	-2	4	70056
16744	-2	4	70060
16745	-2	4	70064
16746	-2	4	70068
16747	-2	4	70072
16748	-2	4	70076
16749	-2	4	70080
16750	-2	4	70084
16751	-2	4	70088
16752	-2	4	70092
16753	-2	4	70096
16754	-2	4	70100
16755	-2	4	70104
16756	-2	4	70108
16757	-2	4	70112
16758	-2	4	70116
16759	-2	4	70120
16760	-2	4	70124
16761	-4	6	70130
16762	-2	4	70134
16763	-3	5	70139
16764	-2	4	70143
16765	-2	4	70147
16766	-2	4	70151
16767	-2	4	70155
16768	-3	5	70160
16769	-2	4	70164
16770	-2	4	70168
16771	-2	4	70172
16772	-2	4	70176
16773	-2	4	70180
16774	-3	5	70185
16775	-2	4	70189
16776	-2	4	70193
16777	-2	4	70197
16778	-2	4	70201
16779	-2	4	70205
16780	-2	4	70209
16781	-2	4	70213
16782	-2	4	70217
16783	-2	4	70221
16784	-2	4	70225
16785	-2	4	70229
16786	-2	4	70233
16787	-2	4	70237
16788	-2	4	70241
16789	-2	4	70245
16790	-2	4	70249
16791	-2	4	70253
16792	-2	4	70257
16793	-2	4	70261
16794	-2	4	70265
16795	-4	6	70271
16796	-2	4	70275
16797	-4	6	70281
16798	-2	4	70285
16799	-2	4	70289
16800	-2	4	70293
16801	-2	4	70297
16802	-2	4	70301
16803	-2	4	70305
16804	-2	4	70309
16805	-3	5	70314
16806	-2	4	70318
16807	-2	4	70322
16808	-2	4	70326
16809	-2	4	70330
16810	-2	4	70334
16811	-2	4	70338
16812	-2	4	70342
16813	-2	4	70346
16814	-2	4	70350
16815	-2	4	70354
16816	-2	4	70358
16817	-2	4	70362
16818	-2	4	70366
16819	-2	4	70370
16820	-2	4	70374
16821	-2	4	70378
16822	-2	4	70382
16823	-2	4	70386
16824	-2	4	70390
16825	-2	4	70394
16826	-2	4	70398
16827	-2	4	70402
16828	-2	4	70406
16829	-2	4	70410
16830	-2	4	70414
16831	-2	4	70418
16832	-2	4	70422
16833	-4	6	70428
16834	-4	6	70434
16835	-2	4	70438
16836	-2	4	70442
16837	-2	4	70446
16838	-2	4	70450
16839	-2	4	70454
16840	-4	6	70460
16841	-2	4	70464
16842	-2	4	70468
16843	-2	4	70472
16844	-2	4	70476
16845	-2	4	70480
16846	-2	4	70484
16847	-2	4	70488
16848	-2	4	70492
16849	-2	4	70496
16850	-2	4	70500
16851	-2	4	70504
16852	-2	4	70508
16853	-2	4	70512
16854	-2	4	70516
16855	-2	4	70520
16856	-2	4	70524
16857	-2	4	70528
16858	-2	4	70532
16859	-2	4	70536
16860	-2	4	70540
16861	-2	4	70544
16862	-2	4	70548
16863	-2	4	70552
16864	-2	4	70556
16865	-2	4	70560
16866	-2	4	70564
16867	-2	4	70568
16868	-3	5	70573
16869	-2	4	70577
16870	-2	4	70581
16871	-2	4	70585
16872	-2	4	70589
16873	-2	4	70593
16874	-2	4	70597
16875	-2	4	70601
16876	-4	6	70607
16877	-2	4	70611
16878	-2	4	70615
16879	-2	4	70619
16880	-2	4	70623
16881	-4	6	70629
16882	-2	4	70633
16883	-2	4	70637
16884	-2	4	70641
16885	-2	4	70645
16886	-2	4	70649
16887	-2	4	70653
16888	-2	4	70657
16889	-2	4	70661
16890	-2	4	70665
16891	-2	4	70669
16892	-2	4	70673
16893	-2	4	70677
16894	-2	4	70681
16895	-4	6	70687
16896	-2	4	70691
16897	-2	4	70695
16898	-2	4	70699
16899	-2	4	70703
16900	-2	4	70707
16901	-2	4	70711
16902	-2	4	70715
16903	-2	4	70719
16904	-2	4	70723
16905	-2	4	70727
16906	-2	4	70731
16907	-4	6	70737
16908	-2	4	70741
16909	-2	4	70745
16910	-2	4	70749
16911	-2	4	70753
16912	-2	4	70757
16913	-2	4	70761
16914	-8	10	70771
16915	-2	4	70775
16916	-3	5	70780
16917	-4	6	70786
16918	-2	4	70790
16919	-2	4	70794
16920	-2	4	70798
16921	-2	4	70802
16922	-2	4	70806
16923	-2	4	70810
16924	-2	4	70814
16925	-2	4	70818
16926	-2	4	70822
16927	-2	4	70826
16928	-2	4	70830
16929	-2	4	70834
16930	-2	4	70838
16931	-2	4	70842
16932	-2	4	70846
16933	-2	4	70850
16934	-4	6	70856
16935	-2	4	70860
16936	-2	4	70864
16937	-2	4	70868
16938	-2	4	70872
16939	-2	4	70876
16940	-2	4	70880
16941	-2	4	70884
16942	-2	4	70888
16943	-2	4	70892
16944	-2	4	70896
16945	-2	4	70900
16946	-2	4	70904
16947	-2	4	70908
16948	-2	4	70912
16949	-2	4	70916
16950	-2	4	70920
16951	-2	4	70924
16952	-2	4	70928
16953	-2	4	70932
16954	-2	4	70936
16955	-2	4	70940
16956	-2	4	70944
16957	-2	4	70948
16958	-2	4	70952
16959	-2	4	70956
16960	-2	4	70960
16961	-2	4	70964
16962	-2	4	70968
16963	-2	4	70972
16964	-2	4	70976
16965	-2	4	70980
16966	-2	4	70984
16967	-4	6	70990
16968	-2	4	70994
16969	-2	4	70998
16970	-2	4	71002
16971	-2	4	71006
16972	-2	4	71010
16973	-2	4	71014
16974	-3	5	71019
16975	-2	4	71023
16976	-2	4	71027
16977	-2	4	71031
16978	-2	4	71035
16979	-2	4	71039
16980	-2	4	71043
16981	-2	4	71047
16982	-2	4	71051
16983	-2	4	71055
16984	-2	4	71059
16985	-2	4	71063
16986	-2	4	71067
16987	-2	4	71071
16988	-2	4	71075
16989	-2	4	71079
16990	-2	4	71083
16991	-2	4	71087
16992	-2	4	71091
16993	-2	4	71095
16994	-2	4	71099
16995	-4	6	71105
16996	-3	5	71110
16997	-2	4	71114
16998	-2	4	71118
16999	-2	4	71122
17000	-2	4	71126
17001	-2	4	71130
17002	-2	4	71134
17003	-2	4	71138
17004	-2	4	71142
17005	-2	4	71146
17006	-2	4	71150
17007	-2	4	71154
17008	-4	6	71160
17009	-2	4	71164
17010	-2	4	71168
17011	-3	5	71173
17012	-2	4	71177
17013	-2	4	71181
17014	-2	4	71185
17015	-2	4	71189
17016	-2	4	71193
17017	-2	4	71197
17018	-2	4	71201
17019	-2	4	71205
17020	-2	4	71209
17021	-2	4	71213
17022	-2	4	71217
17023	-2	4	71221
17024	-2	4	71225
17025	-2	4	71229
17026	-2	4	71233
17027	-2	4	71237
17028	-4	6	71243
17029	-2	4	71247
17030	-2	4	71251
17031	-2	4	71255
17032	-2	4	71259
17033	-2	4	71263
17034	-2	4	71267
17035	-3	5	71272
17036	-2	4	71276
17037	-2	4	71280
17038	-2	4	71284
17039	-2	4	71288
17040	-2	4	71292
17041	-2	4	71296
17042	-4	6	71302
17043	-2	4	71306
17044	-2	4	71310
17045	-2	4	71314
17046	-2	4	71318
17047	-4	6	71324
17048	-2	4	71328
17049	-2	4	71332
17050	-4	6	71338
17051	-4	6	71344
17052	-4	6	71350
17053	-2	4	71354
17054	-2	4	71358
17055	-4	6	71364
17056	-2	4	71368
17057	-2	4	71372
17058	-2	4	71376
17059	-2	4	71380
17060	-2	4	71384
17061	-2	4	71388
17062	-2	4	71392
17063	-2	4	71396
17064	-2	4	71400
17065	-2	4	71404
17066	-2	4	71408
17067	-2	4	71412
17068	-2	4	71416
17069	-2	4	71420
17070	-2	4	71424
17071	-2	4	71428
17072	-2	4	71432
17073	-2	4	71436
17074	-2	4	71440
17075	-2	4	71444
17076	-2	4	71448
17077	-2	4	71452
17078	-2	4	71456
17079	-2	4	71460
17080	-2	4	71464
17081	-2	4	71468
17082	-2	4	71472
17083	-2	4	71476
17084	-2	4	71480
17085	-2	4	71484
17086	-2	4	71488
17087	-2	4	71492
17088	-2	4	71496
17089	-2	4	71500
17090	-2	4	71504
17091	-4	6	71510
17092	-2	4	71514
17093	-2	4	71518
17094	-2	4	71522
17095	-2	4	71526
17096	-2	4	71530
17097	-2	4	71534
17098	-2	4	71538
17099	-2	4	71542
17100	-2	4	71546
17101	-2	4	71550
17102	-2	4	71554
17103	-4	6	71560
17104	-2	4	71564
17105	-4	6	71570
17106	-2	4	71574
17107	-2	4	71578
17108	-2	4	71582
17109	-2	4	71586
17110	-2	4	71590
17111	-2	4	71594
17112	-2	4	71598
17113	-2	4	71602
17114	-2	4	71606
17115	-4	6	71612
17116	-2	4	71616
17117	-2	4	71620
17118	-2	4	71624
17119	-2	4	71628
17120	-4	6	71634
17121	-2	4	71638
17122	-2	4	71642
17123	-2	4	71646
17124	-2	4	71650
17125	-2	4	71654
17126	-2	4	71658
17127	-2	4	71662
17128	-2	4	71666
17129	-2	4	71670
17130	-4	6	71676
17131	-2	4	71680
17132	-2	4	71684
17133	-2	4	71688
17134	-2	4	71692
17135	-2	4	71696
17136	-2	4	71700
17137	-2	4	71704
17138	-2	4	71708
17139	-3	5	71713
17140	-2	4	71717
17141	-2	4	71721
17142	-2	4	71725
17143	-2	4	71729
17144	-2	4	71733
17145	-2	4	71737
17146	-2	4	71741
17147	-2	4	71745
17148	-2	4	71749
17149	-2	4	71753
17150	-2	4	71757
17151	-4	6	71763
17152	-2	4	71767
17153	-2	4	71771
17154	-4	6	71777
17155	-2	4	71781
17156	-2	4	71785
17157	-2	4	71789
17158	-2	4	71793
17159	-2	4	71797
17160	-2	4	71801
17161	-2	4	71805
17162	-2	4	71809
17163	-2	4	71813
17164	-2	4	71817
17165	-2	4	71821
17166	-2	4	71825
17167	-2	4	71829
17168	-2	4	71833
17169	-2	4	71837
17170	-3	5	71842
17171	-4	6	71848
17172	-4	6	71854
17173	-2	4	71858
17174	-2	4	71862
17175	-2	4	71866
17176	-2	4	71870
17177	-2	4	71874
17178	-2	4	71878
17179	-2	4	71882
17180	-2	4	71886
17181	-2	4	71890
17182	-2	4	71894
17183	-2	4	71898
17184	-2	4	71902
17185	-2	4	71906
17186	-2	4	71910
17187	-3	5	71915
17188	-2	4	71919
17189	-2	4	71923
17190	-2	4	71927
17191	-2	4	71931
17192	-2	4	71935
17193	-2	4	71939
17194	-2	4	71943
17195	-2	4	71947
17196	-2	4	71951
17197	-2	4	71955
17198	-2	4	71959
17199	-2	4	71963
17200	-2	4	71967
17201	-2	4	71971
17202	-2	4	71975
17203	-2	4	71979
17204	-2	4	71983
17205	-3	5	71988
17206	-2	4	71992
17207	-2	4	71996
17208	-2	4	72000
17209	-2	4	72004
17210	-2	4	72008
17211	-2	4	72012
17212	-2	4	72016
17213	-2	4	72020
17214	-2	4	72024
17215	-2	4	72028
17216	-2	4	72032
17217	-2	4	72036
17218	-2	4	72040
17219	-2	4	72044
17220	-3	5	72049
17221	-2	4	72053
17222	-2	4	72057
17223	-2	4	72061
17224	-2	4	72065
17225	-2	4	72069
17226	-2	4	72073
17227	-2	4	72077
17228	-2	4	72081
17229	-3	5	72086
17230	-2	4	72090
17231	-2	4	72094
17232	-4	6	72100
17233	-2	4	72104
17234	-2	4	72108
17235	-2	4	72112
17236	-2	4	72116
17237	-2	4	72120
17238	-2	4	72124
17239	-2	4	72128
17240	-2	4	72132
17241	-2	4	72136
17242	-2	4	72140
17243	-2	4	72144
17244	-2	4	72148
17245	-2	4	72152
17246	-4	6	72158
17247	-2	4	72162
17248	-2	4	72166
17249	-2	4	72170
17250	-2	4	72174
17251	-2	4	72178
17252	-2	4	72182
17253	-2	4	72186
17254	-2	4	72190
17255	-3	5	72195
17256	-2	4	72199
17257	-2	4	72203
17258	-2	4	72207
17259	-2	4	72211
17260	-2	4	72215
17261	-4	6	72221
17262	-2	4	72225
17263	-2	4	72229
17264	-2	4	72233
17265	-2	4	72237
17266	-2	4	72241
17267	-2	4	72245
17268	-2	4	72249
17269	-2	4	72253
17270	-2	4	72257
17271	-2	4	72261
17272	-2	4	72265
17273	-4	6	72271
17274	-2	4	72275
17275	-2	4	72279
17276	-2	4	72283
17277	-2	4	72287
17278	-4	6	72293
17279	-2	4	72297
17280	-2	4	72301
17281	-2	4	72305
17282	-2	4	72309
17283	-2	4	72313
17284	-2	4	72317
17285	-2	4	72321
17286	-2	4	72325
17287	-2	4	72329
17288	-2	4	72333
17289	-3	5	72338
17290	-2	4	72342
17291	-2	4	72346
17292	-2	4	72350
17293	-2	4	72354
17294	-2	4	72358
17295	-2	4	72362
17296	-2	4	72366
17297	-4	6	72372
17298	-2	4	72376
17299	-2	4	72380
17300	-2	4	72384
17301	-2	4	72388
17302	-2	4	72392
17303	-2	4	72396
17304	-2	4	72400
17305	-2	4	72404
17306	-3	5	72409
17307	-2	4	72413
17308	-4	6	72419
17309	-2	4	72423
17310	-2	4	72427
17311	-4	6	72433
17312	-2	4	72437
17313	-2	4	72441
17314	-2	4	72445
17315	-2	4	72449
17316	-2	4	72453
17317	-2	4	72457
17318	-2	4	72461
17319	-2	4	72465
17320	-2	4	72469
17321	-2	4	72473
17322	-2	4	72477
17323	-2	4	72481
17324	-2	4	72485
17325	-2	4	72489
17326	-2	4	72493
17327	-4	6	72499
17328	-2	4	72503
17329	-2	4	72507
17330	-2	4	72511
17331	-2	4	72515
17332	-2	4	72519
17333	-2	4	72523
17334	-2	4	72527
17335	-2	4	72531
17336	-2	4	72535
17337	-2	4	72539
17338	-2	4	72543
17339	-4	6	72549
17340	-5	7	72556
17341	-2	4	72560
17342	-2	4	72564
17343	-2	4	72568
17344	-2	4	72572
17345	-2	4	72576
17346	-2	4	72580
17347	-2	4	72584
17348	-2	4	72588
17349	-2	4	72592
17350	-2	4	72596
17351	-2	4	72600
17352	-2	4	72604
17353	-2	4	72608
17354	-2	4	72612
17355	-2	4	72616
17356	-2	4	72620
17357	-2	4	72624
17358	-2	4	72628
17359	-2	4	72632
17360	-2	4	72636
17361	-2	4	72640
17362	-2	4	72644
17363	-2	4	72648
17364	-2	4	72652
17365	-2	4	72656
17366	-2	4	72660
17367	-2	4	72664
17368	-2	4	72668
17369	-2	4	72672
17370	-2	4	72676
17371	-2	4	72680
17372	-2	4	72684
17373	-2	4	72688
17374	-2	4	72692
17375	-2	4	72696
17376	-4	6	72702
17377	-2	4	72706
17378	-2	4	72710
17379	-2	4	72714
17380	-2	4	72718
17381	-2	4	72722
17382	-2	4	72726
17383	-2	4	72730
17384	-2	4	72734
17385	-2	4	72738
17386	-2	4	72742
17387	-2	4	72746
17388	-2	4	72750
17389	-2	4	72754
17390	-2	4	72758
17391	-2	4	72762
17392	-2	4	72766
17393	-2	4	72770
17394	-2	4	72774
17395	-2	4	72778
17396	-2	4	72782
17397	-2	4	72786
17398	-2	4	72790
17399	-2	4	72794
17400	-2	4	72798
17401	-2	4	72802
17402	-2	4	72806
17403	-2	4	72810
17404	-2	4	72814
17405	-2	4	72818
17406	-2	4	72822
17407	-2	4	72826
17408	-2	4	72830
17409	-2	4	72834
17410	-2	4	72838
17411	-4	6	72844
17412	-2	4	72848
17413	-2	4	72852
17414	-2	4	72856
17415	-2	4	72860
17416	-2	4	72864
17417	-2	4	72868
17418	-2	4	72872
17419	-2	4	72876
17420	-2	4	72880
17421	-2	4	72884
17422	-2	4	72888
17423	-2	4	72892
17424	-2	4	72896
17425	-2	4	72900
17426	-2	4	72904
17427	-2	4	72908
17428	-2	4	72912
17429	-2	4	72916
17430	-4	6	72922
17431	-2	4	72926
17432	-2	4	72930
17433	-2	4	72934
17434	-2	4	72938
17435	-2	4	72942
17436	-2	4	72946
17437	-2	4	72950
17438	-2	4	72954
17439	-2	4	72958
17440	-2	4	72962
17441	-3	5	72967
17442	-2	4	72971
17443	-2	4	72975
17444	-2	4	72979
17445	-2	4	72983
17446	-2	4	72987
17447	-2	4	72991
17448	-2	4	72995
17449	-2	4	72999
17450	-2	4	73003
17451	-2	4	73007
17452	-2	4	73011
17453	-2	4	73015
17454	-2	4	73019
17455	-2	4	73023
17456	-4	6	73029
17457	-2	4	73033
17458	-2	4	73037
17459	-2	4	73041
17460	-2	4	73045
17461	-2	4	73049
17462	-2	4	73053
17463	-2	4	73057
17464	-2	4	73061
17465	-2	4	73065
17466	-4	6	73071
17467	-2	4	73075
17468	-2	4	73079
17469	-2	4	73083
17470	-2	4	73087
17471	-2	4	73091
17472	-2	4	73095
17473	-2	4	73099
17474	-2	4	73103
17475	-2	4	73107
17476	-2	4	73111
17477	-2	4	73115
17478	-2	4	73119
17479	-2	4	73123
17480	-2	4	73127
17481	-2	4	73131
17482	-2	4	73135
17483	-2	4	73139
17484	-2	4	73143
17485	-2	4	73147
17486	-2	4	73151
17487	-2	4	73155
17488	-2	4	73159
17489	-2	4	73163
17490	-2	4	73167
17491	-4	6	73173
17492	-2	4	73177
17493	-2	4	73181
17494	-2	4	73185
17495	-2	4	73189
17496	-4	6	73195
17497	-2	4	73199
17498	-2	4	73203
17499	-2	4	73207
17500	-2	4	73211
17501	-2	4	73215
17502	-2	4	73219
17503	-2	4	73223
17504	-4	6	73229
17505	-2	4	73233
17506	-2	4	73237
17507	-2	4	73241
17508	-2	4	73245
17509	-2	4	73249
17510	-2	4	73253
17511	-2	4	73257
17512	-2	4	73261
17513	-2	4	73265
17514	-2	4	73269
17515	-2	4	73273
17516	-2	4	73277
17517	-2	4	73281
17518	-2	4	73285
17519	-2	4	73289
17520	-2	4	73293
17521	-2	4	73297
17522	-2	4	73301
17523	-2	4	73305
17524	-2	4	73309
17525	-2	4	73313
17526	-2	4	73317
17527	-2	4	73321
17528	-2	4	73325
17529	-4	6	73331
17530	-2	4	73335
17531	-2	4	73339
17532	-2	4	73343
17533	-2	4	73347
17534	-2	4	73351
17535	-6	8	73359
17536	-2	4	73363
17537	-2	4	73367
17538	-4	6	73373
17539	-2	4	73377
17540	-2	4	73381
17541	-2	4	73385
17542	-2	4	73389
17543	-2	4	73393
17544	-2	4	73397
17545	-2	4	73401
17546	-2	4	73405
17547	-2	4	73409
17548	-2	4	73413
17549	-2	4	73417
17550	-2	4	73421
17551	-2	4	73425
17552	-2	4	73429
17553	-4	6	73435
17554	-2	4	73439
17555	-4	6	73445
17556	-2	4	73449
17557	-2	4	73453
17558	-2	4	73457
17559	-2	4	73461
17560	-4	6	73467
17561	-2	4	73471
17562	-2	4	73475
17563	-2	4	73479
17564	-2	4	73483
17565	-2	4	73487
17566	-2	4	73491
17567	-2	4	73495
17568	-2	4	73499
17569	-2	4	73503
17570	-2	4	73507
17571	-2	4	73511
17572	-2	4	73515
17573	-2	4	73519
17574	-2	4	73523
17575	-2	4	73527
17576	-2	4	73531
17577	-2	4	73535
17578	-2	4	73539
17579	-2	4	73543
17580	-2	4	73547
17581	-2	4	73551
17582	-2	4	73555
17583	-2	4	73559
17584	-2	4	73563
17585	-2	4	73567
17586	-2	4	73571
17587	-2	4	73575
17588	-2	4	73579
17589	-2	4	73583
17590	-2	4	73587
17591	-2	4	73591
17592	-2	4	73595
17593	-2	4	73599
17594	-2	4	73603
17595	-2	4	73607
17596	-4	6	73613
17597	-2	4	73617
17598	-2	4	73621
17599	-2	4	73625
17600	-2	4	73629
17601	-2	4	73633
17602	-2	4	73637
17603	-2	4	73641
17604	-2	4	73645
17605	-2	4	73649
17606	-2	4	73653
17607	-4	6	73659
17608	-2	4	73663
17609	-2	4	73667
17610	-2	4	73671
17611	-2	4	73675
17612	-2	4	73679
17613	-2	4	73683
17614	-2	4	73687
17615	-2	4	73691
17616	-4	6	73697
17617	-2	4	73701
17618	-2	4	73705
17619	-2	4	73709
17620	-2	4	73713
17621	-2	4	73717
17622	-4	6	73723
17623	-2	4	73727
17624	-2	4	73731
17625	-2	4	73735
17626	-4	6	73741
17627	-2	4	73745
17628	-2	4	73749
17629	-2	4	73753
17630	-2	4	73757
17631	-2	4	73761
17632	-2	4	73765
17633	-2	4	73769
17634	-4	6	73775
17635	-2	4	73779
17636	-2	4	73783
17637	-2	4	73787
17638	-2	4	73791
17639	-2	4	73795
17640	-2	4	73799
17641	-2	4	73803
17642	-2	4	73807
17643	-2	4	73811
17644	-4	6	73817
17645	-2	4	73821
17646	-2	4	73825
17647	-2	4	73829
17648	-2	4	73833
17649	-2	4	73837
17650	-2	4	73841
17651	-2	4	73845
17652	-2	4	73849
17653	-2	4	73853
17654	-2	4	73857
17655	-2	4	73861
17656	-2	4	73865
17657	-2	4	73869
17658	-2	4	73873
17659	-2	4	73877
17660	-2	4	73881
17661	-2	4	73885
17662	-2	4	73889
17663	-2	4	73893
17664	-2	4	73897
17665	-2	4	73901
17666	-2	4	73905
17667	-2	4	73909
17668	-2	4	73913
17669	-2	4	73917
17670	-4	6	73923
17671	-2	4	73927
17672	-2	4	73931
17673	-2	4	73935
17674	-4	6	73941
17675	-2	4	73945
17676	-2	4	73949
17677	-2	4	73953
17678	-2	4	73957
17679	-2	4	73961
17680	-2	4	73965
17681	-2	4	73969
17682	-2	4	73973
17683	-2	4	73977
17684	-2	4	73981
17685	-2	4	73985
17686	-2	4	73989
17687	-2	4	73993
17688	-2	4	73997
17689	-2	4	74001
17690	-2	4	74005
17691	-2	4	74009
17692	-2	4	74013
17693	-2	4	74017
17694	-2	4	74021
17695	-2	4	74025
17696	-2	4	74029
17697	-2	4	74033
17698	-2	4	74037
17699	-2	4	74041
17700	-3	5	74046
17701	-2	4	74050
17702	-2	4	74054
17703	-2	4	74058
17704	-2	4	74062
17705	-4	6	74068
17706	-3	5	74073
17707	-2	4	74077
17708	-2	4	74081
17709	-2	4	74085
17710	-2	4	74089
17711	-4	6	74095
17712	-2	4	74099
17713	-2	4	74103
17714	-2	4	74107
17715	-2	4	74111
17716	-2	4	74115
17717	-2	4	74119
17718	-2	4	74123
17719	-2	4	74127
17720	-2	4	74131
17721	-4	6	74137
17722	-2	4	74141
17723	-2	4	74145
17724	-2	4	74149
17725	-2	4	74153
17726	-4	6	74159
17727	-4	6	74165
17728	-2	4	74169
17729	-2	4	74173
17730	-2	4	74177
17731	-2	4	74181
17732	-2	4	74185
17733	-2	4	74189
17734	-2	4	74193
17735	-2	4	74197
17736	-3	5	74202
17737	-2	4	74206
17738	-2	4	74210
17739	-2	4	74214
17740	-2	4	74218
17741	-2	4	74222
17742	-4	6	74228
17743	-2	4	74232
17744	-2	4	74236
17745	-2	4	74240
17746	-2	4	74244
17747	-2	4	74248
17748	-2	4	74252
17749	-2	4	74256
17750	-2	4	74260
17751	-2	4	74264
17752	-2	4	74268
17753	-2	4	74272
17754	-2	4	74276
17755	-2	4	74280
17756	-2	4	74284
17757	-2	4	74288
17758	-2	4	74292
17759	-2	4	74296
17760	-2	4	74300
17761	-2	4	74304
17762	-2	4	74308
17763	-2	4	74312
17764	-2	4	74316
17765	-2	4	74320
17766	-3	5	74325
17767	-2	4	74329
17768	-2	4	74333
17769	-2	4	74337
17770	-2	4	74341
17771	-2	4	74345
17772	-2	4	74349
17773	-2	4	74353
17774	-2	4	74357
17775	-2	4	74361
17776	-2	4	74365
17777	-2	4	74369
17778	-4	6	74375
17779	-2	4	74379
17780	-2	4	74383
17781	-2	4	74387
17782	-2	4	74391
17783	-2	4	74395
17784	-2	4	74399
17785	-2	4	74403
17786	-2	4	74407
17787	-2	4	74411
17788	-2	4	74415
17789	-2	4	74419
17790	-4	6	74425
17791	-2	4	74429
17792	-2	4	74433
17793	-2	4	74437
17794	-2	4	74441
17795	-2	4	74445
17796	-4	6	74451
17797	-2	4	74455
17798	-2	4	74459
17799	-3	5	74464
17800	-2	4	74468
17801	-2	4	74472
17802	-2	4	74476
17803	-2	4	74480
17804	-2	4	74484
17805	-2	4	74488
17806	-4	6	74494
17807	-2	4	74498
17808	-2	4	74502
17809	-2	4	74506
17810	-2	4	74510
17811	-2	4	74514
17812	-2	4	74518
17813	-2	4	74522
17814	-4	6	74528
17815	-2	4	74532
17816	-2	4	74536
17817	-2	4	74540
17818	-2	4	74544
17819	-2	4	74548
17820	-2	4	74552
17821	-2	4	74556
17822	-2	4	74560
17823	-2	4	74564
17824	-4	6	74570
17825	-2	4	74574
17826	-2	4	74578
17827	-2	4	74582
17828	-2	4	74586
17829	-2	4	74590
17830	-2	4	74594
17831	-2	4	74598
17832	-2	4	74602
17833	-2	4	74606
17834	-2	4	74610
17835	-2	4	74614
17836	-2	4	74618
17837	-2	4	74622
17838	-2	4	74626
17839	-2	4	74630
17840	-2	4	74634
17841	-2	4	74638
17842	-2	4	74642
17843	-2	4	74646
17844	-2	4	74650
17845	-2	4	74654
17846	-2	4	74658
17847	-2	4	74662
17848	-2	4	74666
17849	-2	4	74670
17850	-2	4	74674
17851	-2	4	74678
17852	-2	4	74682
17853	-2	4	74686
17854	-2	4	74690
17855	-2	4	74694
17856	-2	4	74698
17857	-2	4	74702
17858	-2	4	74706
17859	-2	4	74710
17860	-2	4	74714
17861	-2	4	74718
17862	-2	4	74722
17863	-2	4	74726
17864	-2	4	74730
17865	-2	4	74734
17866	-2	4	74738
17867	-2	4	74742
17868	-2	4	74746
17869	-2	4	74750
17870	-2	4	74754
17871	-2	4	74758
17872	-2	4	74762
17873	-2	4	74766
17874	-2	4	74770
17875	-2	4	74774
17876	-2	4	74778
17877	-2	4	74782
17878	-6	8	74790
17879	-2	4	74794
17880	-2	4	74798
17881	-2	4	74802
17882	-2	4	74806
17883	-2	4	74810
17884	-2	4	74814
17885	-2	4	74818
17886	-2	4	74822
17887	-2	4	74826
17888	-2	4	74830
17889	-2	4	74834
17890	-2	4	74838
17891	-2	4	74842
17892	-2	4	74846
17893	-3	5	74851
17894	-2	4	74855
17895	-2	4	74859
17896	-2	4	74863
17897	-2	4	74867
17898	-2	4	74871
17899	-2	4	74875
17900	-2	4	74879
17901	-2	4	74883
17902	-2	4	74887
17903	-2	4	74891
17904	-2	4	74895
17905	-2	4	74899
17906	-2	4	74903
17907	-2	4	74907
17908	-2	4	74911
17909	-2	4	74915
17910	-3	5	74920
17911	-2	4	74924
17912	-2	4	74928
17913	-5	7	74935
17914	-2	4	74939
17915	-2	4	74943
17916	-2	4	74947
17917	-3	5	74952
17918	-2	4	74956
17919	-2	4	74960
17920	-2	4	74964
17921	-2	4	74968
17922	-2	4	74972
17923	-4	6	74978
17924	-2	4	74982
17925	-2	4	74986
17926	-2	4	74990
17927	-4	6	74996
17928	-2	4	75000
17929	-2	4	75004
17930	-2	4	75008
17931	-3	5	75013
17932	-2	4	75017
17933	-2	4	75021
17934	-2	4	75025
17935	-2	4	75029
17936	-2	4	75033
17937	-2	4	75037
17938	-2	4	75041
17939	-2	4	75045
17940	-2	4	75049
17941	-2	4	75053
17942	-2	4	75057
17943	-2	4	75061
17944	-2	4	75065
17945	-2	4	75069
17946	-4	6	75075
17947	-2	4	75079
17948	-2	4	75083
17949	-2	4	75087
17950	-2	4	75091
17951	-2	4	75095
17952	-2	4	75099
17953	-4	6	75105
17954	-2	4	75109
17955	-2	4	75113
17956	-2	4	75117
17957	-2	4	75121
17958	-3	5	75126
17959	-2	4	75130
17960	-2	4	75134
17961	-2	4	75138
17962	-2	4	75142
17963	-2	4	75146
17964	-2	4	75150
17965	-2	4	75154
17966	-2	4	75158
17967	-6	8	75166
17968	-2	4	75170
17969	-2	4	75174
17970	-2	4	75178
17971	-2	4	75182
17972	-2	4	75186
17973	-2	4	75190
17974	-2	4	75194
17975	-4	6	75200
17976	-2	4	75204
17977	-2	4	75208
17978	-2	4	75212
17979	-2	4	75216
17980	-2	4	75220
17981	-2	4	75224
17982	-2	4	75228
17983	-2	4	75232
17984	-2	4	75236
17985	-2	4	75240
17986	-4	6	75246
17987	-2	4	75250
17988	-2	4	75254
17989	-3	5	75259
17990	-2	4	75263
17991	-2	4	75267
17992	-2	4	75271
17993	-2	4	75275
17994	-2	4	75279
17995	-2	4	75283
17996	-2	4	75287
17997	-2	4	75291
17998	-2	4	75295
17999	-2	4	75299
18000	-2	4	75303
18001	-2	4	75307
18002	-2	4	75311
18003	-2	4	75315
18004	-2	4	75319
18005	-2	4	75323
18006	-2	4	75327
18007	-2	4	75331
18008	-2	4	75335
18009	-3	5	75340
18010	-3	5	75345
18011	-2	4	75349
18012	-2	4	75353
18013	-2	4	75357
18014	-2	4	75361
18015	-2	4	75365
18016	-4	6	75371
18017	-2	4	75375
18018	-2	4	75379
18019	-2	4	75383
18020	-2	4	75387
18021	-2	4	75391
18022	-2	4	75395
18023	-2	4	75399
18024	-2	4	75403
18025	-2	4	75407
18026	-2	4	75411
18027	-2	4	75415
18028	-2	4	75419
18029	-2	4	75423
18030	-2	4	75427
18031	-2	4	75431
18032	-2	4	75435
18033	-6	8	75443
18034	-2	4	75447
18035	-2	4	75451
18036	-2	4	75455
18037	-2	4	75459
18038	-2	4	75463
18039	-2	4	75467
18040	-2	4	75471
18041	-4	6	75477
18042	-2	4	75481
18043	-2	4	75485
18044	-2	4	75489
18045	-2	4	75493
18046	-2	4	75497
18047	-2	4	75501
18048	-2	4	75505
18049	-2	4	75509
18050	-2	4	75513
18051	-2	4	75517
18052	-2	4	75521
18053	-2	4	75525
18054	-2	4	75529
18055	-2	4	75533
18056	-2	4	75537
18057	-4	6	75543
18058	-4	6	75549
18059	-2	4	75553
18060	-2	4	75557
18061	-2	4	75561
18062	-2	4	75565
18063	-2	4	75569
18064	-2	4	75573
18065	-2	4	75577
18066	-2	4	75581
18067	-2	4	75585
18068	-2	4	75589
18069	-2	4	75593
18070	-4	6	75599
18071	-2	4	75603
18072	-2	4	75607
18073	-2	4	75611
18074	-2	4	75615
18075	-2	4	75619
18076	-2	4	75623
18077	-2	4	75627
18078	-2	4	75631
18079	-2	4	75635
18080	-2	4	75639
18081	-2	4	75643
18082	-2	4	75647
18083	-2	4	75651
18084	-2	4	75655
18085	-2	4	75659
18086	-2	4	75663
18087	-2	4	75667
18088	-2	4	75671
18089	-4	6	75677
18090	-2	4	75681
18091	-2	4	75685
18092	-2	4	75689
18093	-2	4	75693
18094	-2	4	75697
18095	-2	4	75701
18096	-2	4	75705
18097	-2	4	75709
18098	-2	4	75713
18099	-2	4	75717
18100	-2	4	75721
18101	-2	4	75725
18102	-2	4	75729
18103	-2	4	75733
18104	-2	4	75737
18105	-2	4	75741
18106	-2	4	75745
18107	-2	4	75749
18108	-2	4	75753
18109	-2	4	75757
18110	-2	4	75761
18111	-4	6	75767
18112	-4	6	75773
18113	-2	4	75777
18114	-2	4	75781
18115	-2	4	75785
18116	-2	4	75789
18117	-2	4	75793
18118	-2	4	75797
18119	-2	4	75801
18120	-4	6	75807
18121	-2	4	75811
18122	-2	4	75815
18123	-2	4	75819
18124	-2	4	75823
18125	-2	4	75827
18126	-2	4	75831
18127	-2	4	75835
18128	-2	4	75839
18129	-2	4	75843
18130	-2	4	75847
18131	-4	6	75853
18132	-2	4	75857
18133	-2	4	75861
18134	-2	4	75865
18135	-4	6	75871
18136	-2	4	75875
18137	-2	4	75879
18138	-2	4	75883
18139	-2	4	75887
18140	-2	4	75891
18141	-2	4	75895
18142	-2	4	75899
18143	-2	4	75903
18144	-2	4	75907
18145	-3	5	75912
18146	-2	4	75916
18147	-2	4	75920
18148	-2	4	75924
18149	-2	4	75928
18150	-2	4	75932
18151	-2	4	75936
18152	-2	4	75940
18153	-2	4	75944
18154	-2	4	75948
18155	-2	4	75952
18156	-2	4	75956
18157	-2	4	75960
18158	-2	4	75964
18159	-2	4	75968
18160	-2	4	75972
18161	-2	4	75976
18162	-2	4	75980
18163	-2	4	75984
18164	-4	6	75990
18165	-2	4	75994
18166	-2	4	75998
18167	-2	4	76002
18168	-2	4	76006
18169	-2	4	76010
18170	-2	4	76014
18171	-2	4	76018
18172	-4	6	76024
18173	-2	4	76028
18174	-2	4	76032
18175	-2	4	76036
18176	-2	4	76040
18177	-2	4	76044
18178	-2	4	76048
18179	-2	4	76052
18180	-4	6	76058
18181	-2	4	76062
18182	-2	4	76066
18183	-2	4	76070
18184	-2	4	76074
18185	-2	4	76078
18186	-2	4	76082
18187	-2	4	76086
18188	-2	4	76090
18189	-2	4	76094
18190	-2	4	76098
18191	-2	4	76102
18192	-2	4	76106
18193	-2	4	76110
18194	-2	4	76114
18195	-2	4	76118
18196	-2	4	76122
18197	-4	6	76128
18198	-2	4	76132
18199	-2	4	76136
18200	-2	4	76140
18201	-2	4	76144
18202	-2	4	76148
18203	-2	4	76152
18204	-2	4	76156
18205	-5	7	76163
18206	-2	4	76167
18207	-2	4	76171
18208	-2	4	76175
18209	-3	5	76180
18210	-2	4	76184
18211	-2	4	76188
18212	-2	4	76192
18213	-2	4	76196
18214	-2	4	76200
18215	-2	4	76204
18216	-2	4	76208
18217	-2	4	76212
18218	-2	4	76216
18219	-2	4	76220
18220	-2	4	76224
18221	-2	4	76228
18222	-2	4	76232
18223	-2	4	76236
18224	-2	4	76240
18225	-2	4	76244
18226	-2	4	76248
18227	-2	4	76252
18228	-2	4	76256
18229	-4	6	76262
18230	-2	4	76266
18231	-2	4	76270
18232	-2	4	76274
18233	-2	4	76278
18234	-2	4	76282
18235	-2	4	76286
18236	-2	4	76290
18237	-2	4	76294
18238	-2	4	76298
18239	-2	4	76302
18240	-2	4	76306
18241	-2	4	76310
18242	-2	4	76314
18243	-2	4	76318
18244	-2	4	76322
18245	-2	4	76326
18246	-4	6	76332
18247	-2	4	76336
18248	-2	4	76340
18249	-4	6	76346
18250	-2	4	76350
18251	-2	4	76354
18252	-2	4	76358
18253	-2	4	76362
18254	-4	6	76368
18255	-2	4	76372
18256	-2	4	76376
18257	-4	6	76382
18258	-2	4	76386
18259	-2	4	76390
18260	-2	4	76394
18261	-2	4	76398
18262	-2	4	76402
18263	-2	4	76406
18264	-2	4	76410
18265	-2	4	76414
18266	-2	4	76418
18267	-2	4	76422
18268	-2	4	76426
18269	-2	4	76430
18270	-2	4	76434
18271	-4	6	76440
18272	-2	4	76444
18273	-2	4	76448
18274	-2	4	76452
18275	-2	4	76456
18276	-2	4	76460
18277	-2	4	76464
18278	-2	4	76468
18279	-2	4	76472
18280	-2	4	76476
18281	-2	4	76480
18282	-2	4	76484
18283	-2	4	76488
18284	-4	6	76494
18285	-2	4	76498
18286	-2	4	76502
18287	-2	4	76506
18288	-2	4	76510
18289	-2	4	76514
18290	-2	4	76518
18291	-2	4	76522
18292	-2	4	76526
18293	-2	4	76530
18294	-2	4	76534
18295	-2	4	76538
18296	-2	4	76542
18297	-2	4	76546
18298	-2	4	76550
18299	-2	4	76554
18300	-2	4	76558
18301	-2	4	76562
18302	-2	4	76566
18303	-2	4	76570
18304	-2	4	76574
18305	-2	4	76578
18306	-2	4	76582
18307	-2	4	76586
18308	-2	4	76590
18309	-2	4	76594
18310	-2	4	76598
18311	-2	4	76602
18312	-2	4	76606
18313	-2	4	76610
18314	-2	4	76614
18315	-2	4	76618
18316	-2	4	76622
18317	-2	4	76626
18318	-2	4	76630
18319	-2	4	76634
18320	-2	4	76638
18321	-5	7	76645
18322	-4	6	76651
18323	-2	4	76655
18324	-2	4	76659
18325	-2	4	76663
18326	-2	4	76667
18327	-2	4	76671
18328	-2	4	76675
18329	-4	6	76681
18330	-2	4	76685
18331	-2	4	76689
18332	-2	4	76693
18333	-2	4	76697
18334	-2	4	76701
18335	-2	4	76705
18336	-2	4	76709
18337	-2	4	76713
18338	-2	4	76717
18339	-2	4	76721
18340	-4	6	76727
18341	-4	6	76733
18342	-2	4	76737
18343	-2	4	76741
18344	-2	4	76745
18345	-2	4	76749
18346	-2	4	76753
18347	-4	6	76759
18348	-2	4	76763
18349	-2	4	76767
18350	-2	4	76771
18351	-2	4	76775
18352	-2	4	76779
18353	-2	4	76783
18354	-2	4	76787
18355	-2	4	76791
18356	-2	4	76795
18357	-2	4	76799
18358	-2	4	76803
18359	-4	6	76809
18360	-2	4	76813
18361	-2	4	76817
18362	-2	4	76821
18363	-2	4	76825
18364	-2	4	76829
18365	-2	4	76833
18366	-2	4	76837
18367	-2	4	76841
18368	-2	4	76845
18369	-2	4	76849
18370	-4	6	76855
18371	-2	4	76859
18372	-2	4	76863
18373	-2	4	76867
18374	-2	4	76871
18375	-2	4	76875
18376	-2	4	76879
18377	-2	4	76883
18378	-2	4	76887
18379	-2	4	76891
18380	-2	4	76895
18381	-2	4	76899
18382	-2	4	76903
18383	-2	4	76907
18384	-2	4	76911
18385	-2	4	76915
18386	-2	4	76919
18387	-2	4	76923
18388	-2	4	76927
18389	-2	4	76931
18390	-4	6	76937
18391	-2	4	76941
18392	-2	4	76945
18393	-2	4	76949
18394	-2	4	76953
18395	-2	4	76957
18396	-2	4	76961
18397	-2	4	76965
18398	-2	4	76969
18399	-2	4	76973
18400	-2	4	76977
18401	-2	4	76981
18402	-4	6	76987
18403	-2	4	76991
18404	-2	4	76995
18405	-2	4	76999
18406	-2	4	77003
18407	-2	4	77007
18408	-2	4	77011
18409	-2	4	77015
18410	-2	4	77019
18411	-2	4	77023
18412	-4	6	77029
18413	-2	4	77033
18414	-2	4	77037
18415	-4	6	77043
18416	-3	5	77048
18417	-2	4	77052
18418	-2	4	77056
18419	-2	4	77060
18420	-2	4	77064
18421	-2	4	77068
18422	-2	4	77072
18423	-2	4	77076
18424	-2	4	77080
18425	-2	4	77084
18426	-2	4	77088
18427	-2	4	77092
18428	-2	4	77096
18429	-4	6	77102
18430	-2	4	77106
18431	-2	4	77110
18432	-2	4	77114
18433	-2	4	77118
18434	-2	4	77122
18435	-2	4	77126
18436	-2	4	77130
18437	-2	4	77134
18438	-2	4	77138
18439	-2	4	77142
18440	-4	6	77148
18441	-2	4	77152
18442	-2	4	77156
18443	-2	4	77160
18444	-2	4	77164
18445	-2	4	77168
18446	-2	4	77172
18447	-2	4	77176
18448	-2	4	77180
18449	-4	6	77186
18450	-2	4	77190
18451	-2	4	77194
18452	-2	4	77198
18453	-2	4	77202
18454	-2	4	77206
18455	-2	4	77210
18456	-2	4	77214
18457	-2	4	77218
18458	-3	5	77223
18459	-2	4	77227
18460	-2	4	77231
18461	-2	4	77235
18462	-2	4	77239
18463	-2	4	77243
18464	-4	6	77249
18465	-2	4	77253
18466	-2	4	77257
18467	-2	4	77261
18468	-2	4	77265
18469	-2	4	77269
18470	-2	4	77273
18471	-4	6	77279
18472	-2	4	77283
18473	-2	4	77287
18474	-2	4	77291
18475	-2	4	77295
18476	-2	4	77299
18477	-2	4	77303
18478	-2	4	77307
18479	-2	4	77311
18480	-2	4	77315
18481	-2	4	77319
18482	-2	4	77323
18483	-2	4	77327
18484	-2	4	77331
18485	-4	6	77337
18486	-2	4	77341
18487	-2	4	77345
18488	-2	4	77349
18489	-2	4	77353
18490	-2	4	77357
18491	-2	4	77361
18492	-4	6	77367
18493	-2	4	77371
18494	-2	4	77375
18495	-2	4	77379
18496	-2	4	77383
18497	-2	4	77387
18498	-2	4	77391
18499	-2	4	77395
18500	-2	4	77399
18501	-2	4	77403
18502	-2	4	77407
18503	-2	4	77411
18504	-2	4	77415
18505	-2	4	77419
18506	-2	4	77423
18507	-2	4	77427
18508	-2	4	77431
18509	-2	4	77435
18510	-2	4	77439
18511	-2	4	77443
18512	-2	4	77447
18513	-2	4	77451
18514	-2	4	77455
18515	-2	4	77459
18516	-2	4	77463
18517	-2	4	77467
18518	-2	4	77471
18519	-2	4	77475
18520	-2	4	77479
18521	-2	4	77483
18522	-2	4	77487
18523	-2	4	77491
18524	-2	4	77495
18525	-2	4	77499
18526	-2	4	77503
18527	-2	4	77507
18528	-2	4	77511
18529	-2	4	77515
18530	-2	4	77519
18531	-4	6	77525
18532	-2	4	77529
18533	-2	4	77533
18534	-2	4	77537
18535	-2	4	77541
18536	-2	4	77545
18537	-2	4	77549
18538	-2	4	77553
18539	-2	4	77557
18540	-2	4	77561
18541	-2	4	77565
18542	-6	8	77573
18543	-2	4	77577
18544	-2	4	77581
18545	-2	4	77585
18546	-4	6	77591
18547	-2	4	77595
18548	-2	4	77599
18549	-2	4	77603
18550	-2	4	77607
18551	-2	4	77611
18552	-2	4	77615
18553	-2	4	77619
18554	-2	4	77623
18555	-2	4	77627
18556	-2	4	77631
18557	-2	4	77635
18558	-3	5	77640
18559	-2	4	77644
18560	-2	4	77648
18561	-2	4	77652
18562	-4	6	77658
18563	-4	6	77664
18564	-2	4	77668
18565	-2	4	77672
18566	-2	4	77676
18567	-2	4	77680
18568	-2	4	77684
18569	-2	4	77688
18570	-2	4	77692
18571	-2	4	77696
18572	-2	4	77700
18573	-2	4	77704
18574	-3	5	77709
18575	-8	10	77719
18576	-2	4	77723
18577	-2	4	77727
18578	-2	4	77731
18579	-2	4	77735
18580	-2	4	77739
18581	-2	4	77743
18582	-2	4	77747
18583	-2	4	77751
18584	-2	4	77755
18585	-2	4	77759
18586	-2	4	77763
18587	-4	6	77769
18588	-2	4	77773
18589	-2	4	77777
18590	-2	4	77781
18591	-2	4	77785
18592	-2	4	77789
18593	-2	4	77793
18594	-2	4	77797
18595	-2	4	77801
18596	-2	4	77805
18597	-2	4	77809
18598	-2	4	77813
18599	-3	5	77818
18600	-4	6	77824
18601	-2	4	77828
18602	-2	4	77832
18603	-2	4	77836
18604	-4	6	77842
18605	-3	5	77847
18606	-2	4	77851
18607	-2	4	77855
18608	-2	4	77859
18609	-4	6	77865
18610	-2	4	77869
18611	-2	4	77873
18612	-4	6	77879
18613	-2	4	77883
18614	-2	4	77887
18615	-2	4	77891
18616	-2	4	77895
18617	-2	4	77899
18618	-2	4	77903
18619	-2	4	77907
18620	-2	4	77911
18621	-2	4	77915
18622	-2	4	77919
18623	-2	4	77923
18624	-2	4	77927
18625	-4	6	77933
18626	-2	4	77937
18627	-2	4	77941
18628	-2	4	77945
18629	-2	4	77949
18630	-2	4	77953
18631	-2	4	77957
18632	-2	4	77961
18633	-2	4	77965
18634	-2	4	77969
18635	-2	4	77973
18636	-2	4	77977
18637	-2	4	77981
18638	-2	4	77985
18639	-2	4	77989
18640	-2	4	77993
18641	-3	5	77998
18642	-2	4	78002
18643	-2	4	78006
18644	-2	4	78010
18645	-2	4	78014
18646	-2	4	78018
18647	-2	4	78022
18648	-3	5	78027
18649	-2	4	78031
18650	-2	4	78035
18651	-4	6	78041
18652	-2	4	78045
18653	-2	4	78049
18654	-2	4	78053
18655	-2	4	78057
18656	-2	4	78061
18657	-4	6	78067
18658	-2	4	78071
18659	-2	4	78075
18660	-2	4	78079
18661	-2	4	78083
18662	-2	4	78087
18663	-2	4	78091
18664	-2	4	78095
18665	-2	4	78099
18666	-2	4	78103
18667	-2	4	78107
18668	-2	4	78111
18669	-2	4	78115
18670	-2	4	78119
18671	-2	4	78123
18672	-2	4	78127
18673	-2	4	78131
18674	-2	4	78135
18675	-2	4	78139
18676	-4	6	78145
18677	-2	4	78149
18678	-2	4	78153
18679	-2	4	78157
18680	-2	4	78161
18681	-2	4	78165
18682	-2	4	78169
18683	-2	4	78173
18684	-2	4	78177
18685	-2	4	78181
18686	-2	4	78185
18687	-2	4	78189
18688	-2	4	78193
18689	-2	4	78197
18690	-2	4	78201
18691	-2	4	78205
18692	-2	4	78209
18693	-2	4	78213
18694	-2	4	78217
18695	-2	4	78221
18696	-2	4	78225
18697	-2	4	78229
18698	-2	4	78233
18699	-2	4	78237
18700	-2	4	78241
18701	-2	4	78245
18702	-2	4	78249
18703	-2	4	78253
18704	-2	4	78257
18705	-2	4	78261
18706	-2	4	78265
18707	-2	4	78269
18708	-2	4	78273
18709	-2	4	78277
18710	-2	4	78281
18711	-2	4	78285
18712	-2	4	78289
18713	-2	4	78293
18714	-2	4	78297
18715	-2	4	78301
18716	-2	4	78305
18717	-2	4	78309
18718	-3	5	78314
18719	-2	4	78318
18720	-2	4	78322
18721	-2	4	78326
18722	-2	4	78330
18723	-2	4	78334
18724	-2	4	78338
18725	-2	4	78342
18726	-2	4	78346
18727	-2	4	78350
18728	-2	4	78354
18729	-2	4	78358
18730	-2	4	78362
18731	-2	4	78366
18732	-2	4	78370
18733	-2	4	78374
18734	-2	4	78378
18735	-2	4	78382
18736	-2	4	78386
18737	-2	4	78390
18738	-2	4	78394
18739	-2	4	78398
18740	-2	4	78402
18741	-2	4	78406
18742	-2	4	78410
18743	-2	4	78414
18744	-2	4	78418
18745	-2	4	78422
18746	-2	4	78426
18747	-2	4	78430
18748	-2	4	78434
18749	-2	4	78438
18750	-3	5	78443
18751	-2	4	78447
18752	-2	4	78451
18753	-2	4	78455
18754	-2	4	78459
18755	-2	4	78463
18756	-3	5	78468
18757	-2	4	78472
18758	-2	4	78476
18759	-2	4	78480
18760	-2	4	78484
18761	-2	4	78488
18762	-2	4	78492
18763	-4	6	78498
18764	-3	5	78503
18765	-2	4	78507
18766	-2	4	78511
18767	-4	6	78517
18768	-2	4	78521
18769	-2	4	78525
18770	-2	4	78529
18771	-2	4	78533
18772	-2	4	78537
18773	-4	6	78543
18774	-2	4	78547
18775	-2	4	78551
18776	-4	6	78557
18777	-2	4	78561
18778	-2	4	78565
18779	-2	4	78569
18780	-4	6	78575
18781	-2	4	78579
18782	-2	4	78583
18783	-2	4	78587
18784	-2	4	78591
18785	-2	4	78595
18786	-2	4	78599
18787	-2	4	78603
18788	-2	4	78607
18789	-2	4	78611
18790	-2	4	78615
18791	-2	4	78619
18792	-2	4	78623
18793	-2	4	78627
18794	-2	4	78631
18795	-2	4	78635
18796	-6	8	78643
18797	-4	6	78649
18798	-2	4	78653
18799	-2	4	78657
18800	-2	4	78661
18801	-2	4	78665
18802	-2	4	78669
18803	-2	4	78673
18804	-2	4	78677
18805	-2	4	78681
18806	-2	4	78685
18807	-2	4	78689
18808	-2	4	78693
18809	-2	4	78697
18810	-2	4	78701
18811	-2	4	78705
18812	-4	6	78711
18813	-2	4	78715
18814	-2	4	78719
18815	-2	4	78723
18816	-2	4	78727
18817	-2	4	78731
18818	-2	4	78735
18819	-2	4	78739
18820	-2	4	78743
18821	-2	4	78747
18822	-4	6	78753
18823	-2	4	78757
18824	-2	4	78761
18825	-2	4	78765
18826	-2	4	78769
18827	-2	4	78773
18828	-2	4	78777
18829	-2	4	78781
18830	-2	4	78785
18831	-2	4	78789
18832	-2	4	78793
18833	-2	4	78797
18834	-2	4	78801
18835	-2	4	78805
18836	-2	4	78809
18837	-2	4	78813
18838	-2	4	78817
18839	-2	4	78821
18840	-4	6	78827
18841	-2	4	78831
18842	-2	4	78835
18843	-2	4	78839
18844	-2	4	78843
18845	-2	4	78847
18846	-2	4	78851
18847	-2	4	78855
18848	-2	4	78859
18849	-4	6	78865
18850	-2	4	78869
18851	-2	4	78873
18852	-2	4	78877
18853	-2	4	78881
18854	-2	4	78885
18855	-2	4	78889
18856	-2	4	78893
18857	-4	6	78899
18858	-2	4	78903
18859	-2	4	78907
18860	-2	4	78911
18861	-2	4	78915
18862	-2	4	78919
18863	-2	4	78923
18864	-2	4	78927
18865	-2	4	78931
18866	-2	4	78935
18867	-2	4	78939
18868	-2	4	78943
18869	-2	4	78947
18870	-2	4	78951
18871	-2	4	78955
18872	-2	4	78959
18873	-2	4	78963
18874	-2	4	78967
18875	-2	4	78971
18876	-2	4	78975
18877	-2	4	78979
18878	-2	4	78983
18879	-2	4	78987
18880	-2	4	78991
18881	-2	4	78995
18882	-2	4	78999
18883	-2	4	79003
18884	-2	4	79007
18885	-2	4	79011
18886	-2	4	79015
18887	-2	4	79019
18888	-2	4	79023
18889	-2	4	79027
18890	-2	4	79031
18891	-2	4	79035
18892	-2	4	79039
18893	-2	4	79043
18894	-2	4	79047
18895	-2	4	79051
18896	-2	4	79055
18897	-2	4	79059
18898	-2	4	79063
18899	-2	4	79067
18900	-2	4	79071
18901	-2	4	79075
18902	-2	4	79079
18903	-4	6	79085
18904	-2	4	79089
18905	-2	4	79093
18906	-2	4	79097
18907	-2	4	79101
18908	-2	4	79105
18909	-2	4	79109
18910	-2	4	79113
18911	-5	7	79120
18912	-2	4	79124
18913	-2	4	79128
18914	-3	5	79133
18915	-2	4	79137
18916	-2	4	79141
18917	-2	4	79145
18918	-2	4	79149
18919	-2	4	79153
18920	-2	4	79157
18921	-2	4	79161
18922	-2	4	79165
18923	-2	4	79169
18924	-2	4	79173
18925	-2	4	79177
18926	-2	4	79181
18927	-3	5	79186
18928	-2	4	79190
18929	-2	4	79194
18930	-3	5	79199
18931	-2	4	79203
18932	-2	4	79207
18933	-2	4	79211
18934	-2	4	79215
18935	-2	4	79219
18936	-2	4	79223
18937	-2	4	79227
18938	-2	4	79231
18939	-2	4	79235
18940	-2	4	79239
18941	-2	4	79243
18942	-3	5	79248
18943	-2	4	79252
18944	-2	4	79256
18945	-2	4	79260
18946	-2	4	79264
18947	-2	4	79268
18948	-2	4	79272
18949	-2	4	79276
18950	-2	4	79280
18951	-2	4	79284
18952	-2	4	79288
18953	-2	4	79292
18954	-2	4	79296
18955	-2	4	79300
18956	-2	4	79304
18957	-2	4	79308
18958	-2	4	79312
18959	-2	4	79316
18960	-2	4	79320
18961	-2	4	79324
18962	-2	4	79328
18963	-2	4	79332
18964	-2	4	79336
18965	-2	4	79340
18966	-2	4	79344
18967	-2	4	79348
18968	-2	4	79352
18969	-2	4	79356
18970	-2	4	79360
18971	-2	4	79364
18972	-2	4	79368
18973	-2	4	79372
18974	-2	4	79376
18975	-2	4	79380
18976	-2	4	79384
18977	-2	4	79388
18978	-2	4	79392
18979	-2	4	79396
18980	-2	4	79400
18981	-2	4	79404
18982	-2	4	79408
18983	-2	4	79412
18984	-4	6	79418
18985	-2	4	79422
18986	-2	4	79426
18987	-2	4	79430
18988	-2	4	79434
18989	-2	4	79438
18990	-2	4	79442
18991	-2	4	79446
18992	-2	4	79450
18993	-4	6	79456
18994	-2	4	79460
18995	-2	4	79464
18996	-2	4	79468
18997	-2	4	79472
18998	-2	4	79476
18999	-2	4	79480
19000	-2	4	79484
19001	-2	4	79488
19002	-2	4	79492
19003	-2	4	79496
19004	-2	4	79500
19005	-2	4	79504
19006	-2	4	79508
19007	-2	4	79512
19008	-2	4	79516
19009	-2	4	79520
19010	-2	4	79524
19011	-2	4	79528
19012	-2	4	79532
19013	-2	4	79536
19014	-2	4	79540
19015	-2	4	79544
19016	-2	4	79548
19017	-2	4	79552
19018	-2	4	79556
19019	-2	4	79560
19020	-2	4	79564
19021	-2	4	79568
19022	-2	4	79572
19023	-2	4	79576
19024	-2	4	79580
19025	-2	4	79584
19026	-2	4	79588
19027	-2	4	79592
19028	-4	6	79598
19029	-2	4	79602
19030	-2	4	79606
19031	-2	4	79610
19032	-2	4	79614
19033	-2	4	79618
19034	-2	4	79622
19035	-2	4	79626
19036	-2	4	79630
19037	-2	4	79634
19038	-4	6	79640
19039	-2	4	79644
19040	-2	4	79648
19041	-2	4	79652
19042	-2	4	79656
19043	-2	4	79660
19044	-2	4	79664
19045	-2	4	79668
19046	-3	5	79673
19047	-2	4	79677
19048	-2	4	79681
19049	-2	4	79685
19050	-2	4	79689
19051	-2	4	79693
19052	-2	4	79697
19053	-2	4	79701
19054	-2	4	79705
19055	-2	4	79709
19056	-2	4	79713
19057	-2	4	79717
19058	-2	4	79721
19059	-2	4	79725
19060	-2	4	79729
19061	-2	4	79733
19062	-2	4	79737
19063	-2	4	79741
19064	-2	4	79745
19065	-2	4	79749
19066	-6	8	79757
19067	-2	4	79761
19068	-2	4	79765
19069	-2	4	79769
19070	-2	4	79773
19071	-2	4	79777
19072	-2	4	79781
19073	-2	4	79785
19074	-2	4	79789
19075	-2	4	79793
19076	-2	4	79797
19077	-2	4	79801
19078	-2	4	79805
19079	-2	4	79809
19080	-2	4	79813
19081	-2	4	79817
19082	-2	4	79821
19083	-2	4	79825
19084	-2	4	79829
19085	-2	4	79833
19086	-2	4	79837
19087	-2	4	79841
19088	-2	4	79845
19089	-2	4	79849
19090	-2	4	79853
19091	-2	4	79857
19092	-2	4	79861
19093	-2	4	79865
19094	-2	4	79869
19095	-4	6	79875
19096	-2	4	79879
19097	-2	4	79883
19098	-2	4	79887
19099	-2	4	79891
19100	-2	4	79895
19101	-2	4	79899
19102	-2	4	79903
19103	-2	4	79907
19104	-2	4	79911
19105	-2	4	79915
19106	-2	4	79919
19107	-2	4	79923
19108	-2	4	79927
19109	-3	5	79932
19110	-2	4	79936
19111	-2	4	79940
19112	-2	4	79944
19113	-2	4	79948
19114	-2	4	79952
19115	-2	4	79956
19116	-2	4	79960
19117	-2	4	79964
19118	-2	4	79968
19119	-3	5	79973
19120	-2	4	79977
19121	-2	4	79981
19122	-2	4	79985
19123	-2	4	79989
19124	-2	4	79993
19125	-2	4	79997
19126	-2	4	80001
19127	-2	4	80005
19128	-2	4	80009
19129	-2	4	80013
19130	-2	4	80017
19131	-2	4	80021
19132	-2	4	80025
19133	-2	4	80029
19134	-2	4	80033
19135	-4	6	80039
19136	-2	4	80043
19137	-2	4	80047
19138	-2	4	80051
19139	-8	10	80061
19140	-2	4	80065
19141	-2	4	80069
19142	-2	4	80073
19143	-2	4	80077
19144	-2	4	80081
19145	-2	4	80085
19146	-2	4	80089
19147	-2	4	80093
19148	-2	4	80097
19149	-2	4	80101
19150	-2	4	80105
19151	-2	4	80109
19152	-2	4	80113
19153	-2	4	80117
19154	-2	4	80121
19155	-2	4	80125
19156	-2	4	80129
19157	-2	4	80133
19158	-2	4	80137
19159	-2	4	80141
19160	-2	4	80145
19161	-2	4	80149
19162	-2	4	80153
19163	-2	4	80157
19164	-2	4	80161
19165	-2	4	80165
19166	-2	4	80169
19167	-2	4	80173
19168	-2	4	80177
19169	-2	4	80181
19170	-2	4	80185
19171	-4	6	80191
19172	-2	4	80195
19173	-2	4	80199
19174	-2	4	80203
19175	-2	4	80207
19176	-2	4	80211
19177	-2	4	80215
19178	-2	4	80219
19179	-2	4	80223
19180	-2	4	80227
19181	-2	4	80231
19182	-2	4	80235
19183	-2	4	80239
19184	-2	4	80243
19185	-2	4	80247
19186	-2	4	80251
19187	-2	4	80255
19188	-2	4	80259
19189	-2	4	80263
19190	-2	4	80267
19191	-2	4	80271
19192	-2	4	80275
19193	-2	4	80279
19194	-2	4	80283
19195	-2	4	80287
19196	-2	4	80291
19197	-3	5	80296
19198	-2	4	80300
19199	-2	4	80304
19200	-2	4	80308
19201	-2	4	80312
19202	-6	8	80320
19203	-2	4	80324
19204	-2	4	80328
19205	-2	4	80332
19206	-2	4	80336
19207	-2	4	80340
19208	-2	4	80344
19209	-2	4	80348
19210	-2	4	80352
19211	-3	5	80357
19212	-2	4	80361
19213	-4	6	80367
19214	-2	4	80371
19215	-2	4	80375
19216	-2	4	80379
19217	-2	4	80383
19218	-2	4	80387
19219	-2	4	80391
19220	-2	4	80395
19221	-2	4	80399
19222	-2	4	80403
19223	-2	4	80407
19224	-2	4	80411
19225	-2	4	80415
19226	-2	4	80419
19227	-2	4	80423
19228	-2	4	80427
19229	-2	4	80431
19230	-2	4	80435
19231	-2	4	80439
19232	-2	4	80443
19233	-2	4	80447
19234	-2	4	80451
19235	-2	4	80455
19236	-2	4	80459
19237	-2	4	80463
19238	-2	4	80467
19239	-2	4	80471
19240	-2	4	80475
19241	-4	6	80481
19242	-2	4	80485
19243	-2	4	80489
19244	-2	4	80493
19245	-2	4	80497
19246	-2	4	80501
19247	-2	4	80505
19248	-2	4	80509
19249	-2	4	80513
19250	-2	4	80517
19251	-2	4	80521
19252	-2	4	80525
19253	-2	4	80529
19254	-2	4	80533
19255	-2	4	80537
19256	-2	4	80541
19257	-2	4	80545
19258	-2	4	80549
19259	-2	4	80553
19260	-2	4	80557
19261	-2	4	80561
19262	-2	4	80565
19263	-2	4	80569
19264	-2	4	80573
19265	-3	5	80578
19266	-2	4	80582
19267	-2	4	80586
19268	-4	6	80592
19269	-2	4	80596
19270	-2	4	80600
19271	-2	4	80604
19272	-3	5	80609
19273	-2	4	80613
19274	-2	4	80617
19275	-2	4	80621
19276	-3	5	80626
19277	-2	4	80630
19278	-3	5	80635
19279	-2	4	80639
19280	-2	4	80643
19281	-2	4	80647
19282	-2	4	80651
19283	-2	4	80655
19284	-2	4	80659
19285	-2	4	80663
19286	-2	4	80667
19287	-2	4	80671
19288	-2	4	80675
19289	-2	4	80679
19290	-2	4	80683
19291	-2	4	80687
19292	-2	4	80691
19293	-2	4	80695
19294	-2	4	80699
19295	-2	4	80703
19296	-2	4	80707
19297	-2	4	80711
19298	-2	4	80715
19299	-2	4	80719
19300	-2	4	80723
19301	-2	4	80727
19302	-2	4	80731
19303	-2	4	80735
19304	-2	4	80739
19305	-2	4	80743
19306	-2	4	80747
19307	-2	4	80751
19308	-2	4	80755
19309	-2	4	80759
19310	-4	6	80765
19311	-2	4	80769
19312	-2	4	80773
19313	-2	4	80777
19314	-2	4	80781
19315	-2	4	80785
19316	-2	4	80789
19317	-2	4	80793
19318	-2	4	80797
19319	-2	4	80801
19320	-2	4	80805
19321	-2	4	80809
19322	-2	4	80813
19323	-2	4	80817
19324	-2	4	80821
19325	-2	4	80825
19326	-2	4	80829
19327	-2	4	80833
19328	-2	4	80837
19329	-2	4	80841
19330	-2	4	80845
19331	-2	4	80849
19332	-2	4	80853
19333	-2	4	80857
19334	-2	4	80861
19335	-2	4	80865
19336	-2	4	80869
19337	-4	6	80875
19338	-2	4	80879
19339	-2	4	80883
19340	-2	4	80887
19341	-2	4	80891
19342	-2	4	80895
19343	-2	4	80899
19344	-2	4	80903
19345	-2	4	80907
19346	-2	4	80911
19347	-2	4	80915
19348	-2	4	80919
19349	-2	4	80923
19350	-2	4	80927
19351	-2	4	80931
19352	-2	4	80935
19353	-2	4	80939
19354	-2	4	80943
19355	-2	4	80947
19356	-2	4	80951
19357	-2	4	80955
19358	-2	4	80959
19359	-2	4	80963
19360	-2	4	80967
19361	-2	4	80971
19362	-4	6	80977
19363	-2	4	80981
19364	-2	4	80985
19365	-4	6	80991
19366	-2	4	80995
19367	-2	4	80999
19368	-2	4	81003
19369	-2	4	81007
19370	-2	4	81011
19371	-2	4	81015
19372	-2	4	81019
19373	-4	6	81025
19374	-2	4	81029
19375	-4	6	81035
19376	-2	4	81039
19377	-2	4	81043
19378	-2	4	81047
19379	-2	4	81051
19380	-3	5	81056
19381	-2	4	81060
19382	-2	4	81064
19383	-2	4	81068
19384	-2	4	81072
19385	-2	4	81076
19386	-2	4	81080
19387	-2	4	81084
19388	-2	4	81088
19389	-2	4	81092
19390	-2	4	81096
19391	-2	4	81100
19392	-2	4	81104
19393	-2	4	81108
19394	-2	4	81112
19395	-2	4	81116
19396	-2	4	81120
19397	-2	4	81124
19398	-4	6	81130
19399	-4	6	81136
19400	-2	4	81140
19401	-2	4	81144
19402	-2	4	81148
19403	-2	4	81152
19404	-2	4	81156
19405	-2	4	81160
19406	-2	4	81164
19407	-2	4	81168
19408	-2	4	81172
19409	-2	4	81176
19410	-2	4	81180
19411	-2	4	81184
19412	-2	4	81188
19413	-4	6	81194
19414	-2	4	81198
19415	-2	4	81202
19416	-2	4	81206
19417	-4	6	81212
19418	-2	4	81216
19419	-2	4	81220
19420	-2	4	81224
19421	-2	4	81228
19422	-2	4	81232
19423	-2	4	81236
19424	-2	4	81240
19425	-2	4	81244
19426	-2	4	81248
19427	-2	4	81252
19428	-2	4	81256
19429	-2	4	81260
19430	-2	4	81264
19431	-4	6	81270
19432	-2	4	81274
19433	-3	5	81279
19434	-2	4	81283
19435	-2	4	81287
19436	-2	4	81291
19437	-2	4	81295
19438	-2	4	81299
19439	-2	4	81303
19440	-2	4	81307
19441	-2	4	81311
19442	-2	4	81315
19443	-2	4	81319
19444	-2	4	81323
19445	-2	4	81327
19446	-2	4	81331
19447	-2	4	81335
19448	-2	4	81339
19449	-2	4	81343
19450	-2	4	81347
19451	-2	4	81351
19452	-4	6	81357
19453	-2	4	81361
19454	-2	4	81365
19455	-2	4	81369
19456	-2	4	81373
19457	-2	4	81377
19458	-2	4	81381
19459	-2	4	81385
19460	-4	6	81391
19461	-4	6	81397
19462	-2	4	81401
19463	-4	6	81407
19464	-2	4	81411
19465	-2	4	81415
19466	-2	4	81419
19467	-2	4	81423
19468	-2	4	81427
19469	-2	4	81431
19470	-2	4	81435
19471	-2	4	81439
19472	-2	4	81443
19473	-2	4	81447
19474	-2	4	81451
19475	-2	4	81455
19476	-2	4	81459
19477	-2	4	81463
19478	-2	4	81467
19479	-2	4	81471
19480	-2	4	81475
19481	-2	4	81479
19482	-2	4	81483
19483	-2	4	81487
19484	-2	4	81491
19485	-2	4	81495
19486	-2	4	81499
19487	-2	4	81503
19488	-2	4	81507
19489	-2	4	81511
19490	-2	4	81515
19491	-2	4	81519
19492	-2	4	81523
19493	-2	4	81527
19494	-2	4	81531
19495	-2	4	81535
19496	-2	4	81539
19497	-2	4	81543
19498	-2	4	81547
19499	-2	4	81551
19500	-2	4	81555
19501	-2	4	81559
19502	-2	4	81563
19503	-2	4	81567
19504	-2	4	81571
19505	-2	4	81575
19506	-2	4	81579
19507	-2	4	81583
19508	-2	4	81587
19509	-2	4	81591
19510	-2	4	81595
19511	-2	4	81599
19512	-2	4	81603
19513	-2	4	81607
19514	-2	4	81611
19515	-2	4	81615
19516	-2	4	81619
19517	-2	4	81623
19518	-2	4	81627
19519	-2	4	81631
19520	-2	4	81635
19521	-2	4	81639
19522	-2	4	81643
19523	-2	4	81647
19524	-2	4	81651
19525	-2	4	81655
19526	-4	6	81661
19527	-2	4	81665
19528	-2	4	81669
19529	-2	4	81673
19530	-2	4	81677
19531	-2	4	81681
19532	-4	6	81687
19533	-2	4	81691
19534	-2	4	81695
19535	-2	4	81699
19536	-2	4	81703
19537	-2	4	81707
19538	-2	4	81711
19539	-2	4	81715
19540	-2	4	81719
19541	-2	4	81723
19542	-2	4	81727
19543	-2	4	81731
19544	-2	4	81735
19545	-2	4	81739
19546	-2	4	81743
19547	-2	4	81747
19548	-2	4	81751
19549	-2	4	81755
19550	-2	4	81759
19551	-2	4	81763
19552	-4	6	81769
19553	-2	4	81773
19554	-2	4	81777
19555	-2	4	81781
19556	-4	6	81787
19557	-2	4	81791
19558	-2	4	81795
19559	-2	4	81799
19560	-2	4	81803
19561	-2	4	81807
19562	-4	6	81813
19563	-2	4	81817
19564	-2	4	81821
19565	-2	4	81825
19566	-4	6	81831
19567	-2	4	81835
19568	-2	4	81839
19569	-2	4	81843
19570	-2	4	81847
19571	-4	6	81853
19572	-2	4	81857
19573	-2	4	81861
19574	-4	6	81867
19575	-2	4	81871
19576	-3	5	81876
19577	-2	4	81880
19578	-2	4	81884
19579	-2	4	81888
19580	-2	4	81892
19581	-2	4	81896
19582	-2	4	81900
19583	-2	4	81904
19584	-2	4	81908
19585	-2	4	81912
19586	-2	4	81916
19587	-2	4	81920
19588	-2	4	81924
19589	-2	4	81928
19590	-2	4	81932
19591	-2	4	81936
19592	-2	4	81940
19593	-2	4	81944
19594	-2	4	81948
19595	-2	4	81952
19596	-2	4	81956
19597	-2	4	81960
19598	-2	4	81964
19599	-2	4	81968
19600	-2	4	81972
19601	-3	5	81977
19602	-2	4	81981
19603	-2	4	81985
19604	-2	4	81989
19605	-2	4	81993
19606	-2	4	81997
19607	-2	4	82001
19608	-4	6	82007
19609	-2	4	82011
19610	-2	4	82015
19611	-2	4	82019
19612	-2	4	82023
19613	-2	4	82027
19614	-2	4	82031
19615	-2	4	82035
19616	-4	6	82041
19617	-2	4	82045
19618	-2	4	82049
19619	-2	4	82053
19620	-2	4	82057
19621	-2	4	82061
19622	-2	4	82065
19623	-4	6	82071
19624	-2	4	82075
19625	-2	4	82079
19626	-2	4	82083
19627	-2	4	82087
19628	-2	4	82091
19629	-2	4	82095
19630	-2	4	82099
19631	-4	6	82105
19632	-2	4	82109
19633	-2	4	82113
19634	-2	4	82117
19635	-2	4	82121
19636	-2	4	82125
19637	-2	4	82129
19638	-2	4	82133
19639	-2	4	82137
19640	-2	4	82141
19641	-2	4	82145
19642	-2	4	82149
19643	-2	4	82153
19644	-2	4	82157
19645	-4	6	82163
19646	-4	6	82169
19647	-2	4	82173
19648	-2	4	82177
19649	-2	4	82181
19650	-2	4	82185
19651	-2	4	82189
19652	-4	6	82195
19653	-2	4	82199
19654	-2	4	82203
19655	-2	4	82207
19656	-4	6	82213
19657	-2	4	82217
19658	-2	4	82221
19659	-2	4	82225
19660	-2	4	82229
19661	-2	4	82233
19662	-2	4	82237
19663	-4	6	82243
19664	-4	6	82249
19665	-2	4	82253
19666	-2	4	82257
19667	-2	4	82261
19668	-2	4	82265
19669	-2	4	82269
19670	-2	4	82273
19671	-2	4	82277
19672	-2	4	82281
19673	-2	4	82285
19674	-2	4	82289
19675	-2	4	82293
19676	-2	4	82297
19677	-4	6	82303
19678	-2	4	82307
19679	-2	4	82311
19680	-2	4	82315
19681	-2	4	82319
19682	-2	4	82323
19683	-2	4	82327
19684	-2	4	82331
19685	-2	4	82335
19686	-4	6	82341
19687	-4	6	82347
19688	-2	4	82351
19689	-2	4	82355
19690	-2	4	82359
19691	-2	4	82363
19692	-2	4	82367
19693	-2	4	82371
19694	-3	5	82376
19695	-2	4	82380
19696	-2	4	82384
19697	-2	4	82388
19698	-2	4	82392
19699	-2	4	82396
19700	-2	4	82400
19701	-2	4	82404
19702	-2	4	82408
19703	-2	4	82412
19704	-2	4	82416
19705	-2	4	82420
19706	-2	4	82424
19707	-4	6	82430
19708	-2	4	82434
19709	-2	4	82438
19710	-2	4	82442
19711	-2	4	82446
19712	-2	4	82450
19713	-2	4	82454
19714	-2	4	82458
19715	-2	4	82462
19716	-4	6	82468
19717	-2	4	82472
19718	-2	4	82476
19719	-2	4	82480
19720	-4	6	82486
19721	-2	4	82490
19722	-2	4	82494
19723	-2	4	82498
19724	-2	4	82502
19725	-2	4	82506
19726	-2	4	82510
19727	-2	4	82514
19728	-2	4	82518
19729	-2	4	82522
19730	-2	4	82526
19731	-2	4	82530
19732	-2	4	82534
19733	-2	4	82538
19734	-2	4	82542
19735	-2	4	82546
19736	-2	4	82550
19737	-2	4	82554
19738	-2	4	82558
19739	-2	4	82562
19740	-2	4	82566
19741	-2	4	82570
19742	-2	4	82574
19743	-2	4	82578
19744	-2	4	82582
19745	-2	4	82586
19746	-4	6	82592
19747	-2	4	82596
19748	-2	4	82600
19749	-2	4	82604
19750	-2	4	82608
19751	-2	4	82612
19752	-2	4	82616
19753	-2	4	82620
19754	-2	4	82624
19755	-2	4	82628
19756	-2	4	82632
19757	-2	4	82636
19758	-2	4	82640
19759	-2	4	82644
19760	-2	4	82648
19761	-2	4	82652
19762	-2	4	82656
19763	-4	6	82662
19764	-2	4	82666
19765	-2	4	82670
19766	-4	6	82676
19767	-2	4	82680
19768	-2	4	82684
19769	-2	4	82688
19770	-2	4	82692
19771	-4	6	82698
19772	-2	4	82702
19773	-2	4	82706
19774	-2	4	82710
19775	-2	4	82714
19776	-2	4	82718
19777	-2	4	82722
19778	-2	4	82726
19779	-2	4	82730
19780	-2	4	82734
19781	-4	6	82740
19782	-2	4	82744
19783	-2	4	82748
19784	-2	4	82752
19785	-2	4	82756
19786	-2	4	82760
19787	-2	4	82764
19788	-2	4	82768
19789	-2	4	82772
19790	-2	4	82776
19791	-4	6	82782
19792	-2	4	82786
19793	-2	4	82790
19794	-2	4	82794
19795	-2	4	82798
19796	-2	4	82802
19797	-2	4	82806
19798	-2	4	82810
19799	-2	4	82814
19800	-2	4	82818
19801	-2	4	82822
19802	-2	4	82826
19803	-2	4	82830
19804	-2	4	82834
19805	-4	6	82840
19806	-2	4	82844
19807	-2	4	82848
19808	-4	6	82854
19809	-2	4	82858
19810	-2	4	82862
19811	-3	5	82867
19812	-2	4	82871
19813	-2	4	82875
19814	-2	4	82879
19815	-2	4	82883
19816	-2	4	82887
19817	-2	4	82891
19818	-2	4	82895
19819	-2	4	82899
19820	-2	4	82903
19821	-2	4	82907
19822	-2	4	82911
19823	-5	7	82918
19824	-2	4	82922
19825	-2	4	82926
19826	-2	4	82930
19827	-2	4	82934
19828	-2	4	82938
19829	-2	4	82942
19830	-2	4	82946
19831	-4	6	82952
19832	-4	6	82958
19833	-2	4	82962
19834	-2	4	82966
19835	-2	4	82970
19836	-2	4	82974
19837	-2	4	82978
19838	-3	5	82983
19839	-2	4	82987
19840	-2	4	82991
19841	-2	4	82995
19842	-2	4	82999
19843	-2	4	83003
19844	-2	4	83007
19845	-2	4	83011
19846	-2	4	83015
19847	-2	4	83019
19848	-2	4	83023
19849	-4	6	83029
19850	-2	4	83033
19851	-2	4	83037
19852	-2	4	83041
19853	-2	4	83045
19854	-2	4	83049
19855	-2	4	83053
19856	-2	4	83057
19857	-2	4	83061
19858	-2	4	83065
19859	-2	4	83069
19860	-2	4	83073
19861	-2	4	83077
19862	-2	4	83081
19863	-2	4	83085
19864	-2	4	83089
19865	-2	4	83093
19866	-2	4	83097
19867	-2	4	83101
19868	-2	4	83105
19869	-2	4	83109
19870	-2	4	83113
19871	-2	4	83117
19872	-2	4	83121
19873	-2	4	83125
19874	-2	4	83129
19875	-2	4	83133
19876	-2	4	83137
19877	-2	4	83141
19878	-2	4	83145
19879	-2	4	83149
19880	-4	6	83155
19881	-4	6	83161
19882	-5	7	83168
19883	-2	4	83172
19884	-2	4	83176
19885	-3	5	83181
19886	-2	4	83185
19887	-2	4	83189
19888	-2	4	83193
19889	-2	4	83197
19890	-2	4	83201
19891	-2	4	83205
19892	-4	6	83211
19893	-2	4	83215
19894	-2	4	83219
19895	-2	4	83223
19896	-2	4	83227
19897	-2	4	83231
19898	-2	4	83235
19899	-2	4	83239
19900	-2	4	83243
19901	-2	4	83247
19902	-2	4	83251
19903	-2	4	83255
19904	-2	4	83259
19905	-2	4	83263
19906	-2	4	83267
19907	-2	4	83271
19908	-2	4	83275
19909	-2	4	83279
19910	-2	4	83283
19911	-2	4	83287
19912	-2	4	83291
19913	-2	4	83295
19914	-2	4	83299
19915	-2	4	83303
19916	-2	4	83307
19917	-2	4	83311
19918	-2	4	83315
19919	-2	4	83319
19920	-2	4	83323
19921	-2	4	83327
19922	-2	4	83331
19923	-2	4	83335
19924	-2	4	83339
19925	-2	4	83343
19926	-4	6	83349
19927	-2	4	83353
19928	-2	4	83357
19929	-2	4	83361
19930	-2	4	83365
19931	-2	4	83369
19932	-2	4	83373
19933	-4	6	83379
19934	-2	4	83383
19935	-2	4	83387
19936	-2	4	83391
19937	-2	4	83395
19938	-2	4	83399
19939	-2	4	83403
19940	-2	4	83407
19941	-2	4	83411
19942	-2	4	83415
19943	-2	4	83419
19944	-2	4	83423
19945	-2	4	83427
19946	-2	4	83431
19947	-2	4	83435
19948	-4	6	83441
19949	-2	4	83445
19950	-2	4	83449
19951	-2	4	83453
19952	-2	4	83457
19953	-2	4	83461
19954	-2	4	83465
19955	-2	4	83469
19956	-4	6	83475
19957	-2	4	83479
19958	-2	4	83483
19959	-2	4	83487
19960	-2	4	83491
19961	-2	4	83495
19962	-2	4	83499
19963	-2	4	83503
19964	-2	4	83507
19965	-3	5	83512
19966	-2	4	83516
19967	-2	4	83520
19968	-2	4	83524
19969	-2	4	83528
19970	-2	4	83532
19971	-2	4	83536
19972	-2	4	83540
19973	-2	4	83544
19974	-2	4	83548
19975	-2	4	83552
19976	-2	4	83556
19977	-2	4	83560
19978	-4	6	83566
19979	-2	4	83570
19980	-2	4	83574
19981	-2	4	83578
19982	-2	4	83582
19983	-2	4	83586
19984	-2	4	83590
19985	-2	4	83594
19986	-2	4	83598
19987	-2	4	83602
19988	-2	4	83606
19989	-2	4	83610
19990	-2	4	83614
19991	-2	4	83618
19992	-2	4	83622
19993	-2	4	83626
19994	-2	4	83630
19995	-2	4	83634
19996	-2	4	83638
19997	-2	4	83642
19998	-2	4	83646
19999	-2	4	83650
