Episode	Accumulated Reward	Length	Steps
0	-11	13	13
1	-18	20	33
2	-44	46	79
3	-2	4	83
4	-30	32	115
5	-3	5	120
6	-2	4	124
7	-2	4	128
8	-2	4	132
9	-3	5	137
10	-2	4	141
11	-2	4	145
12	-2	4	149
13	-2	4	153
14	-2	4	157
15	-2	4	161
16	-2	4	165
17	-2	4	169
18	-2	4	173
19	-2	4	177
20	-2	4	181
21	-2	4	185
22	-2	4	189
23	-2	4	193
24	-2	4	197
25	-2	4	201
26	-2	4	205
27	-2	4	209
28	-2	4	213
29	-2	4	217
30	-2	4	221
31	-2	4	225
32	-2	4	229
33	-2	4	233
34	-2	4	237
35	-2	4	241
36	-2	4	245
37	-2	4	249
38	-2	4	253
39	-2	4	257
40	-2	4	261
41	-2	4	265
42	-2	4	269
43	-2	4	273
44	-2	4	277
45	-2	4	281
46	-2	4	285
47	-2	4	289
48	-2	4	293
49	-2	4	297
50	-2	4	301
51	-2	4	305
52	-2	4	309
53	-2	4	313
54	-2	4	317
55	-2	4	321
56	-2	4	325
57	-2	4	329
58	-2	4	333
59	-2	4	337
60	-2	4	341
61	-2	4	345
62	-2	4	349
63	-4	6	355
64	-2	4	359
65	-2	4	363
66	-2	4	367
67	-2	4	371
68	-43	45	416
69	-2	4	420
70	-2	4	424
71	-2	4	428
72	-2	4	432
73	-2	4	436
74	-2	4	440
75	-2	4	444
76	-2	4	448
77	-2	4	452
78	-2	4	456
79	-2	4	460
80	-2	4	464
81	-2	4	468
82	-7	9	477
83	-2	4	481
84	-2	4	485
85	-2	4	489
86	-2	4	493
87	-2	4	497
88	-2	4	501
89	-2	4	505
90	-2	4	509
91	-2	4	513
92	-2	4	517
93	-2	4	521
94	-2	4	525
95	-2	4	529
96	-2	4	533
97	-2	4	537
98	-2	4	541
99	-2	4	545
100	-2	4	549
101	-2	4	553
102	-2	4	557
103	-2	4	561
104	-2	4	565
105	-2	4	569
106	-2	4	573
107	-2	4	577
108	-2	4	581
109	-2	4	585
110	-2	4	589
111	-2	4	593
112	-2	4	597
113	-2	4	601
114	-2	4	605
115	-2	4	609
116	-2	4	613
117	-2	4	617
118	-2	4	621
119	-2	4	625
120	-2	4	629
121	-2	4	633
122	-2	4	637
123	-2	4	641
124	-4	6	647
125	-2	4	651
126	-2	4	655
127	-3	5	660
128	-2	4	664
129	-2	4	668
130	-2	4	672
131	-4	6	678
132	-2	4	682
133	-2	4	686
134	-4	6	692
135	-2	4	696
136	-2	4	700
137	-2	4	704
138	-2	4	708
139	-5	7	715
140	-2	4	719
141	-2	4	723
142	-2	4	727
143	-2	4	731
144	-2	4	735
145	-2	4	739
146	-2	4	743
147	-2	4	747
148	-2	4	751
149	-2	4	755
150	-2	4	759
151	-2	4	763
152	-2	4	767
153	-2	4	771
154	-2	4	775
155	-2	4	779
156	-2	4	783
157	-5	7	790
158	-2	4	794
159	-2	4	798
160	-2	4	802
161	-2	4	806
162	-2	4	810
163	-2	4	814
164	-2	4	818
165	-2	4	822
166	-2	4	826
167	-2	4	830
168	-2	4	834
169	-2	4	838
170	-2	4	842
171	-2	4	846
172	-2	4	850
173	-2	4	854
174	-2	4	858
175	-2	4	862
176	-2	4	866
177	-2	4	870
178	-2	4	874
179	-2	4	878
180	-4	6	884
181	-2	4	888
182	-2	4	892
183	-2	4	896
184	-2	4	900
185	-2	4	904
186	-2	4	908
187	-2	4	912
188	-2	4	916
189	-2	4	920
190	-2	4	924
191	-2	4	928
192	-2	4	932
193	-2	4	936
194	-2	4	940
195	-2	4	944
196	-2	4	948
197	-2	4	952
198	-2	4	956
199	-2	4	960
200	-2	4	964
201	-2	4	968
202	-2	4	972
203	-2	4	976
204	-2	4	980
205	-2	4	984
206	-2	4	988
207	-2	4	992
208	-2	4	996
209	-2	4	1000
210	-2	4	1004
211	-2	4	1008
212	-2	4	1012
213	-2	4	1016
214	-2	4	1020
215	-4	6	1026
216	-2	4	1030
217	-2	4	1034
218	-2	4	1038
219	-2	4	1042
220	-2	4	1046
221	-2	4	1050
222	-2	4	1054
223	-2	4	1058
224	-2	4	1062
225	-2	4	1066
226	-2	4	1070
227	-2	4	1074
228	-2	4	1078
229	-4	6	1084
230	-2	4	1088
231	-2	4	1092
232	-2	4	1096
233	-2	4	1100
234	-2	4	1104
235	-2	4	1108
236	-2	4	1112
237	-2	4	1116
238	-2	4	1120
239	-2	4	1124
240	-6	8	1132
241	-2	4	1136
242	-2	4	1140
243	-2	4	1144
244	-2	4	1148
245	-2	4	1152
246	-2	4	1156
247	-2	4	1160
248	-2	4	1164
249	-2	4	1168
250	-2	4	1172
251	-2	4	1176
252	-2	4	1180
253	-2	4	1184
254	-2	4	1188
255	-2	4	1192
256	-2	4	1196
257	-2	4	1200
258	-2	4	1204
259	-2	4	1208
260	-2	4	1212
261	-2	4	1216
262	-2	4	1220
263	-2	4	1224
264	-2	4	1228
265	-4	6	1234
266	-2	4	1238
267	-2	4	1242
268	-2	4	1246
269	-2	4	1250
270	-2	4	1254
271	-2	4	1258
272	-4	6	1264
273	-2	4	1268
274	-2	4	1272
275	-2	4	1276
276	-2	4	1280
277	-2	4	1284
278	-2	4	1288
279	-2	4	1292
280	-2	4	1296
281	-2	4	1300
282	-2	4	1304
283	-2	4	1308
284	-2	4	1312
285	-2	4	1316
286	-2	4	1320
287	-2	4	1324
288	-2	4	1328
289	-2	4	1332
290	-2	4	1336
291	-2	4	1340
292	-2	4	1344
293	-2	4	1348
294	-2	4	1352
295	-2	4	1356
296	-2	4	1360
297	-2	4	1364
298	-2	4	1368
299	-3	5	1373
300	-2	4	1377
301	-2	4	1381
302	-2	4	1385
303	-2	4	1389
304	-2	4	1393
305	-2	4	1397
306	-2	4	1401
307	-2	4	1405
308	-2	4	1409
309	-2	4	1413
310	-2	4	1417
311	-2	4	1421
312	-2	4	1425
313	-2	4	1429
314	-2	4	1433
315	-2	4	1437
316	-2	4	1441
317	-2	4	1445
318	-2	4	1449
319	-2	4	1453
320	-2	4	1457
321	-2	4	1461
322	-3	5	1466
323	-2	4	1470
324	-2	4	1474
325	-2	4	1478
326	-2	4	1482
327	-2	4	1486
328	-2	4	1490
329	-2	4	1494
330	-2	4	1498
331	-2	4	1502
332	-2	4	1506
333	-2	4	1510
334	-2	4	1514
335	-3	5	1519
336	-2	4	1523
337	-4	6	1529
338	-2	4	1533
339	-3	5	1538
340	-2	4	1542
341	-2	4	1546
342	-2	4	1550
343	-2	4	1554
344	-5	7	1561
345	-2	4	1565
346	-2	4	1569
347	-2	4	1573
348	-2	4	1577
349	-2	4	1581
350	-2	4	1585
351	-2	4	1589
352	-2	4	1593
353	-2	4	1597
354	-2	4	1601
355	-2	4	1605
356	-2	4	1609
357	-2	4	1613
358	-3	5	1618
359	-2	4	1622
360	-2	4	1626
361	-2	4	1630
362	-2	4	1634
363	-2	4	1638
364	-2	4	1642
365	-2	4	1646
366	-2	4	1650
367	-2	4	1654
368	-2	4	1658
369	-2	4	1662
370	-2	4	1666
371	-2	4	1670
372	-2	4	1674
373	-2	4	1678
374	-2	4	1682
375	-2	4	1686
376	-2	4	1690
377	-2	4	1694
378	-2	4	1698
379	-4	6	1704
380	-2	4	1708
381	-2	4	1712
382	-2	4	1716
383	-2	4	1720
384	-2	4	1724
385	-2	4	1728
386	-2	4	1732
387	-2	4	1736
388	-2	4	1740
389	-2	4	1744
390	-2	4	1748
391	-2	4	1752
392	-2	4	1756
393	-2	4	1760
394	-2	4	1764
395	-2	4	1768
396	-2	4	1772
397	-2	4	1776
398	-2	4	1780
399	-2	4	1784
400	-2	4	1788
401	-2	4	1792
402	-2	4	1796
403	-2	4	1800
404	-2	4	1804
405	-2	4	1808
406	-2	4	1812
407	-2	4	1816
408	-2	4	1820
409	-2	4	1824
410	-2	4	1828
411	-2	4	1832
412	-2	4	1836
413	-2	4	1840
414	-2	4	1844
415	-2	4	1848
416	-2	4	1852
417	-2	4	1856
418	-4	6	1862
419	-2	4	1866
420	-2	4	1870
421	-2	4	1874
422	-2	4	1878
423	-2	4	1882
424	-2	4	1886
425	-2	4	1890
426	-2	4	1894
427	-2	4	1898
428	-2	4	1902
429	-2	4	1906
430	-2	4	1910
431	-2	4	1914
432	-2	4	1918
433	-2	4	1922
434	-2	4	1926
435	-2	4	1930
436	-2	4	1934
437	-2	4	1938
438	-2	4	1942
439	-2	4	1946
440	-2	4	1950
441	-2	4	1954
442	-2	4	1958
443	-2	4	1962
444	-4	6	1968
445	-2	4	1972
446	-2	4	1976
447	-2	4	1980
448	-2	4	1984
449	-2	4	1988
450	-2	4	1992
451	-2	4	1996
452	-2	4	2000
453	-2	4	2004
454	-4	6	2010
455	-2	4	2014
456	-2	4	2018
457	-2	4	2022
458	-2	4	2026
459	-2	4	2030
460	-2	4	2034
461	-2	4	2038
462	-2	4	2042
463	-2	4	2046
464	-2	4	2050
465	-2	4	2054
466	-2	4	2058
467	-2	4	2062
468	-2	4	2066
469	-2	4	2070
470	-2	4	2074
471	-2	4	2078
472	-2	4	2082
473	-2	4	2086
474	-2	4	2090
475	-4	6	2096
476	-2	4	2100
477	-2	4	2104
478	-2	4	2108
479	-2	4	2112
480	-2	4	2116
481	-2	4	2120
482	-2	4	2124
483	-2	4	2128
484	-4	6	2134
485	-2	4	2138
486	-2	4	2142
487	-2	4	2146
488	-2	4	2150
489	-2	4	2154
490	-2	4	2158
491	-2	4	2162
492	-2	4	2166
493	-2	4	2170
494	-2	4	2174
495	-2	4	2178
496	-2	4	2182
497	-2	4	2186
498	-2	4	2190
499	-3	5	2195
500	-2	4	2199
501	-2	4	2203
502	-2	4	2207
503	-3	5	2212
504	-2	4	2216
505	-2	4	2220
506	-2	4	2224
507	-2	4	2228
508	-2	4	2232
509	-2	4	2236
510	-2	4	2240
511	-2	4	2244
512	-2	4	2248
513	-2	4	2252
514	-2	4	2256
515	-4	6	2262
516	-2	4	2266
517	-2	4	2270
518	-2	4	2274
519	-2	4	2278
520	-2	4	2282
521	-2	4	2286
522	-2	4	2290
523	-2	4	2294
524	-2	4	2298
525	-2	4	2302
526	-4	6	2308
527	-2	4	2312
528	-2	4	2316
529	-2	4	2320
530	-2	4	2324
531	-5	7	2331
532	-2	4	2335
533	-2	4	2339
534	-4	6	2345
535	-2	4	2349
536	-2	4	2353
537	-2	4	2357
538	-3	5	2362
539	-2	4	2366
540	-2	4	2370
541	-2	4	2374
542	-2	4	2378
543	-2	4	2382
544	-3	5	2387
545	-2	4	2391
546	-2	4	2395
547	-2	4	2399
548	-2	4	2403
549	-2	4	2407
550	-2	4	2411
551	-2	4	2415
552	-2	4	2419
553	-2	4	2423
554	-2	4	2427
555	-2	4	2431
556	-2	4	2435
557	-2	4	2439
558	-2	4	2443
559	-2	4	2447
560	-2	4	2451
561	-2	4	2455
562	-2	4	2459
563	-2	4	2463
564	-2	4	2467
565	-2	4	2471
566	-2	4	2475
567	-2	4	2479
568	-2	4	2483
569	-2	4	2487
570	-2	4	2491
571	-2	4	2495
572	-2	4	2499
573	-2	4	2503
574	-2	4	2507
575	-2	4	2511
576	-2	4	2515
577	-2	4	2519
578	-2	4	2523
579	-2	4	2527
580	-2	4	2531
581	-2	4	2535
582	-2	4	2539
583	-2	4	2543
584	-2	4	2547
585	-2	4	2551
586	-2	4	2555
587	-2	4	2559
588	-2	4	2563
589	-2	4	2567
590	-2	4	2571
591	-2	4	2575
592	-2	4	2579
593	-4	6	2585
594	-2	4	2589
595	-2	4	2593
596	-2	4	2597
597	-4	6	2603
598	-2	4	2607
599	-2	4	2611
600	-2	4	2615
601	-2	4	2619
602	-2	4	2623
603	-2	4	2627
604	-2	4	2631
605	-2	4	2635
606	-2	4	2639
607	-2	4	2643
608	-2	4	2647
609	-2	4	2651
610	-2	4	2655
611	-2	4	2659
612	-2	4	2663
613	-2	4	2667
614	-2	4	2671
615	-2	4	2675
616	-2	4	2679
617	-2	4	2683
618	-2	4	2687
619	-2	4	2691
620	-2	4	2695
621	-2	4	2699
622	-2	4	2703
623	-2	4	2707
624	-2	4	2711
625	-2	4	2715
626	-2	4	2719
627	-2	4	2723
628	-2	4	2727
629	-2	4	2731
630	-2	4	2735
631	-2	4	2739
632	-2	4	2743
633	-2	4	2747
634	-2	4	2751
635	-2	4	2755
636	-2	4	2759
637	-2	4	2763
638	-2	4	2767
639	-2	4	2771
640	-2	4	2775
641	-2	4	2779
642	-2	4	2783
643	-4	6	2789
644	-2	4	2793
645	-2	4	2797
646	-2	4	2801
647	-2	4	2805
648	-2	4	2809
649	-2	4	2813
650	-2	4	2817
651	-2	4	2821
652	-2	4	2825
653	-2	4	2829
654	-2	4	2833
655	-2	4	2837
656	-2	4	2841
657	-2	4	2845
658	-2	4	2849
659	-3	5	2854
660	-2	4	2858
661	-2	4	2862
662	-2	4	2866
663	-2	4	2870
664	-2	4	2874
665	-4	6	2880
666	-2	4	2884
667	-2	4	2888
668	-2	4	2892
669	-2	4	2896
670	-2	4	2900
671	-2	4	2904
672	-2	4	2908
673	-2	4	2912
674	-2	4	2916
675	-2	4	2920
676	-2	4	2924
677	-2	4	2928
678	-2	4	2932
679	-2	4	2936
680	-2	4	2940
681	-2	4	2944
682	-2	4	2948
683	-2	4	2952
684	-2	4	2956
685	-2	4	2960
686	-2	4	2964
687	-2	4	2968
688	-2	4	2972
689	-2	4	2976
690	-4	6	2982
691	-4	6	2988
692	-2	4	2992
693	-4	6	2998
694	-2	4	3002
695	-2	4	3006
696	-4	6	3012
697	-2	4	3016
698	-2	4	3020
699	-2	4	3024
700	-2	4	3028
701	-2	4	3032
702	-2	4	3036
703	-2	4	3040
704	-2	4	3044
705	-2	4	3048
706	-2	4	3052
707	-2	4	3056
708	-4	6	3062
709	-2	4	3066
710	-2	4	3070
711	-2	4	3074
712	-2	4	3078
713	-2	4	3082
714	-2	4	3086
715	-2	4	3090
716	-2	4	3094
717	-2	4	3098
718	-2	4	3102
719	-3	5	3107
720	-2	4	3111
721	-2	4	3115
722	-2	4	3119
723	-4	6	3125
724	-2	4	3129
725	-4	6	3135
726	-2	4	3139
727	-2	4	3143
728	-2	4	3147
729	-2	4	3151
730	-2	4	3155
731	-2	4	3159
732	-2	4	3163
733	-2	4	3167
734	-2	4	3171
735	-2	4	3175
736	-2	4	3179
737	-2	4	3183
738	-2	4	3187
739	-2	4	3191
740	-2	4	3195
741	-2	4	3199
742	-2	4	3203
743	-2	4	3207
744	-2	4	3211
745	-2	4	3215
746	-2	4	3219
747	-2	4	3223
748	-2	4	3227
749	-2	4	3231
750	-2	4	3235
751	-2	4	3239
752	-2	4	3243
753	-2	4	3247
754	-2	4	3251
755	-2	4	3255
756	-2	4	3259
757	-2	4	3263
758	-2	4	3267
759	-2	4	3271
760	-2	4	3275
761	-3	5	3280
762	-2	4	3284
763	-2	4	3288
764	-2	4	3292
765	-2	4	3296
766	-2	4	3300
767	-2	4	3304
768	-2	4	3308
769	-2	4	3312
770	-2	4	3316
771	-2	4	3320
772	-2	4	3324
773	-2	4	3328
774	-2	4	3332
775	-3	5	3337
776	-2	4	3341
777	-2	4	3345
778	-2	4	3349
779	-2	4	3353
780	-2	4	3357
781	-2	4	3361
782	-2	4	3365
783	-2	4	3369
784	-2	4	3373
785	-2	4	3377
786	-2	4	3381
787	-2	4	3385
788	-2	4	3389
789	-2	4	3393
790	-2	4	3397
791	-2	4	3401
792	-2	4	3405
793	-2	4	3409
794	-2	4	3413
795	-2	4	3417
796	-2	4	3421
797	-2	4	3425
798	-4	6	3431
799	-2	4	3435
800	-2	4	3439
801	-2	4	3443
802	-2	4	3447
803	-2	4	3451
804	-2	4	3455
805	-2	4	3459
806	-2	4	3463
807	-2	4	3467
808	-2	4	3471
809	-2	4	3475
810	-2	4	3479
811	-2	4	3483
812	-2	4	3487
813	-2	4	3491
814	-2	4	3495
815	-2	4	3499
816	-2	4	3503
817	-2	4	3507
818	-2	4	3511
819	-2	4	3515
820	-2	4	3519
821	-2	4	3523
822	-2	4	3527
823	-4	6	3533
824	-2	4	3537
825	-2	4	3541
826	-2	4	3545
827	-3	5	3550
828	-2	4	3554
829	-2	4	3558
830	-4	6	3564
831	-2	4	3568
832	-2	4	3572
833	-3	5	3577
834	-2	4	3581
835	-2	4	3585
836	-2	4	3589
837	-2	4	3593
838	-2	4	3597
839	-2	4	3601
840	-2	4	3605
841	-2	4	3609
842	-2	4	3613
843	-2	4	3617
844	-2	4	3621
845	-2	4	3625
846	-2	4	3629
847	-2	4	3633
848	-2	4	3637
849	-2	4	3641
850	-2	4	3645
851	-2	4	3649
852	-2	4	3653
853	-2	4	3657
854	-2	4	3661
855	-3	5	3666
856	-2	4	3670
857	-2	4	3674
858	-2	4	3678
859	-2	4	3682
860	-2	4	3686
861	-2	4	3690
862	-4	6	3696
863	-2	4	3700
864	-2	4	3704
865	-2	4	3708
866	-2	4	3712
867	-2	4	3716
868	-2	4	3720
869	-2	4	3724
870	-2	4	3728
871	-2	4	3732
872	-2	4	3736
873	-2	4	3740
874	-2	4	3744
875	-2	4	3748
876	-2	4	3752
877	-2	4	3756
878	-2	4	3760
879	-2	4	3764
880	-2	4	3768
881	-2	4	3772
882	-2	4	3776
883	-2	4	3780
884	-2	4	3784
885	-2	4	3788
886	-4	6	3794
887	-2	4	3798
888	-2	4	3802
889	-2	4	3806
890	-2	4	3810
891	-2	4	3814
892	-2	4	3818
893	-2	4	3822
894	-2	4	3826
895	-2	4	3830
896	-4	6	3836
897	-2	4	3840
898	-2	4	3844
899	-2	4	3848
900	-2	4	3852
901	-2	4	3856
902	-2	4	3860
903	-2	4	3864
904	-2	4	3868
905	-2	4	3872
906	-2	4	3876
907	-2	4	3880
908	-2	4	3884
909	-2	4	3888
910	-2	4	3892
911	-2	4	3896
912	-2	4	3900
913	-2	4	3904
914	-2	4	3908
915	-2	4	3912
916	-2	4	3916
917	-2	4	3920
918	-2	4	3924
919	-2	4	3928
920	-2	4	3932
921	-2	4	3936
922	-2	4	3940
923	-2	4	3944
924	-2	4	3948
925	-2	4	3952
926	-2	4	3956
927	-2	4	3960
928	-2	4	3964
929	-2	4	3968
930	-2	4	3972
931	-2	4	3976
932	-2	4	3980
933	-2	4	3984
934	-2	4	3988
935	-2	4	3992
936	-2	4	3996
937	-2	4	4000
938	-2	4	4004
939	-2	4	4008
940	-2	4	4012
941	-2	4	4016
942	-2	4	4020
943	-2	4	4024
944	-2	4	4028
945	-2	4	4032
946	-4	6	4038
947	-2	4	4042
948	-2	4	4046
949	-2	4	4050
950	-2	4	4054
951	-2	4	4058
952	-2	4	4062
953	-2	4	4066
954	-2	4	4070
955	-2	4	4074
956	-2	4	4078
957	-2	4	4082
958	-2	4	4086
959	-2	4	4090
960	-3	5	4095
961	-2	4	4099
962	-3	5	4104
963	-2	4	4108
964	-4	6	4114
965	-2	4	4118
966	-2	4	4122
967	-2	4	4126
968	-2	4	4130
969	-2	4	4134
970	-2	4	4138
971	-2	4	4142
972	-2	4	4146
973	-2	4	4150
974	-2	4	4154
975	-2	4	4158
976	-2	4	4162
977	-4	6	4168
978	-2	4	4172
979	-2	4	4176
980	-2	4	4180
981	-2	4	4184
982	-2	4	4188
983	-2	4	4192
984	-2	4	4196
985	-5	7	4203
986	-2	4	4207
987	-2	4	4211
988	-6	8	4219
989	-4	6	4225
990	-2	4	4229
991	-2	4	4233
992	-2	4	4237
993	-2	4	4241
994	-2	4	4245
995	-2	4	4249
996	-2	4	4253
997	-2	4	4257
998	-2	4	4261
999	-2	4	4265
1000	-2	4	4269
1001	-4	6	4275
1002	-2	4	4279
1003	-2	4	4283
1004	-2	4	4287
1005	-2	4	4291
1006	-4	6	4297
1007	-2	4	4301
1008	-2	4	4305
1009	-2	4	4309
1010	-3	5	4314
1011	-2	4	4318
1012	-2	4	4322
1013	-2	4	4326
1014	-2	4	4330
1015	-2	4	4334
1016	-2	4	4338
1017	-2	4	4342
1018	-2	4	4346
1019	-2	4	4350
1020	-2	4	4354
1021	-2	4	4358
1022	-2	4	4362
1023	-2	4	4366
1024	-2	4	4370
1025	-2	4	4374
1026	-2	4	4378
1027	-2	4	4382
1028	-2	4	4386
1029	-2	4	4390
1030	-2	4	4394
1031	-2	4	4398
1032	-2	4	4402
1033	-2	4	4406
1034	-2	4	4410
1035	-2	4	4414
1036	-2	4	4418
1037	-2	4	4422
1038	-2	4	4426
1039	-2	4	4430
1040	-2	4	4434
1041	-2	4	4438
1042	-2	4	4442
1043	-2	4	4446
1044	-2	4	4450
1045	-2	4	4454
1046	-2	4	4458
1047	-2	4	4462
1048	-2	4	4466
1049	-2	4	4470
1050	-2	4	4474
1051	-2	4	4478
1052	-2	4	4482
1053	-2	4	4486
1054	-2	4	4490
1055	-2	4	4494
1056	-2	4	4498
1057	-2	4	4502
1058	-4	6	4508
1059	-2	4	4512
1060	-2	4	4516
1061	-2	4	4520
1062	-2	4	4524
1063	-2	4	4528
1064	-2	4	4532
1065	-2	4	4536
1066	-2	4	4540
1067	-2	4	4544
1068	-2	4	4548
1069	-2	4	4552
1070	-2	4	4556
1071	-2	4	4560
1072	-2	4	4564
1073	-2	4	4568
1074	-2	4	4572
1075	-2	4	4576
1076	-2	4	4580
1077	-2	4	4584
1078	-2	4	4588
1079	-2	4	4592
1080	-2	4	4596
1081	-2	4	4600
1082	-2	4	4604
1083	-2	4	4608
1084	-2	4	4612
1085	-3	5	4617
1086	-2	4	4621
1087	-2	4	4625
1088	-2	4	4629
1089	-2	4	4633
1090	-2	4	4637
1091	-4	6	4643
1092	-2	4	4647
1093	-2	4	4651
1094	-2	4	4655
1095	-2	4	4659
1096	-2	4	4663
1097	-2	4	4667
1098	-2	4	4671
1099	-4	6	4677
1100	-2	4	4681
1101	-2	4	4685
1102	-2	4	4689
1103	-6	8	4697
1104	-2	4	4701
1105	-2	4	4705
1106	-2	4	4709
1107	-2	4	4713
1108	-2	4	4717
1109	-2	4	4721
1110	-2	4	4725
1111	-2	4	4729
1112	-2	4	4733
1113	-2	4	4737
1114	-2	4	4741
1115	-2	4	4745
1116	-2	4	4749
1117	-2	4	4753
1118	-2	4	4757
1119	-2	4	4761
1120	-2	4	4765
1121	-4	6	4771
1122	-2	4	4775
1123	-2	4	4779
1124	-2	4	4783
1125	-2	4	4787
1126	-2	4	4791
1127	-2	4	4795
1128	-2	4	4799
1129	-2	4	4803
1130	-2	4	4807
1131	-2	4	4811
1132	-2	4	4815
1133	-4	6	4821
1134	-2	4	4825
1135	-2	4	4829
1136	-2	4	4833
1137	-2	4	4837
1138	-2	4	4841
1139	-4	6	4847
1140	-2	4	4851
1141	-2	4	4855
1142	-2	4	4859
1143	-2	4	4863
1144	-2	4	4867
1145	-2	4	4871
1146	-2	4	4875
1147	-2	4	4879
1148	-2	4	4883
1149	-2	4	4887
1150	-2	4	4891
1151	-2	4	4895
1152	-2	4	4899
1153	-2	4	4903
1154	-2	4	4907
1155	-2	4	4911
1156	-2	4	4915
1157	-2	4	4919
1158	-2	4	4923
1159	-2	4	4927
1160	-2	4	4931
1161	-2	4	4935
1162	-2	4	4939
1163	-2	4	4943
1164	-2	4	4947
1165	-2	4	4951
1166	-2	4	4955
1167	-2	4	4959
1168	-2	4	4963
1169	-2	4	4967
1170	-2	4	4971
1171	-2	4	4975
1172	-2	4	4979
1173	-2	4	4983
1174	-2	4	4987
1175	-2	4	4991
1176	-2	4	4995
1177	-2	4	4999
1178	-2	4	5003
1179	-2	4	5007
1180	-2	4	5011
1181	-2	4	5015
1182	-2	4	5019
1183	-6	8	5027
1184	-2	4	5031
1185	-2	4	5035
1186	-2	4	5039
1187	-2	4	5043
1188	-2	4	5047
1189	-2	4	5051
1190	-2	4	5055
1191	-2	4	5059
1192	-2	4	5063
1193	-2	4	5067
1194	-2	4	5071
1195	-4	6	5077
1196	-2	4	5081
1197	-4	6	5087
1198	-2	4	5091
1199	-2	4	5095
1200	-5	7	5102
1201	-2	4	5106
1202	-2	4	5110
1203	-2	4	5114
1204	-2	4	5118
1205	-2	4	5122
1206	-2	4	5126
1207	-2	4	5130
1208	-2	4	5134
1209	-2	4	5138
1210	-2	4	5142
1211	-2	4	5146
1212	-2	4	5150
1213	-2	4	5154
1214	-2	4	5158
1215	-2	4	5162
1216	-2	4	5166
1217	-2	4	5170
1218	-2	4	5174
1219	-2	4	5178
1220	-2	4	5182
1221	-2	4	5186
1222	-4	6	5192
1223	-2	4	5196
1224	-2	4	5200
1225	-2	4	5204
1226	-2	4	5208
1227	-2	4	5212
1228	-2	4	5216
1229	-2	4	5220
1230	-2	4	5224
1231	-2	4	5228
1232	-2	4	5232
1233	-2	4	5236
1234	-2	4	5240
1235	-2	4	5244
1236	-2	4	5248
1237	-2	4	5252
1238	-2	4	5256
1239	-2	4	5260
1240	-2	4	5264
1241	-4	6	5270
1242	-2	4	5274
1243	-2	4	5278
1244	-2	4	5282
1245	-2	4	5286
1246	-2	4	5290
1247	-2	4	5294
1248	-2	4	5298
1249	-2	4	5302
1250	-2	4	5306
1251	-2	4	5310
1252	-2	4	5314
1253	-2	4	5318
1254	-2	4	5322
1255	-2	4	5326
1256	-2	4	5330
1257	-2	4	5334
1258	-2	4	5338
1259	-2	4	5342
1260	-2	4	5346
1261	-2	4	5350
1262	-2	4	5354
1263	-4	6	5360
1264	-2	4	5364
1265	-2	4	5368
1266	-2	4	5372
1267	-2	4	5376
1268	-2	4	5380
1269	-2	4	5384
1270	-2	4	5388
1271	-2	4	5392
1272	-2	4	5396
1273	-2	4	5400
1274	-2	4	5404
1275	-2	4	5408
1276	-2	4	5412
1277	-2	4	5416
1278	-2	4	5420
1279	-2	4	5424
1280	-2	4	5428
1281	-2	4	5432
1282	-2	4	5436
1283	-2	4	5440
1284	-2	4	5444
1285	-2	4	5448
1286	-2	4	5452
1287	-2	4	5456
1288	-2	4	5460
1289	-2	4	5464
1290	-2	4	5468
1291	-2	4	5472
1292	-4	6	5478
1293	-2	4	5482
1294	-3	5	5487
1295	-2	4	5491
1296	-2	4	5495
1297	-2	4	5499
1298	-4	6	5505
1299	-2	4	5509
1300	-2	4	5513
1301	-2	4	5517
1302	-2	4	5521
1303	-2	4	5525
1304	-2	4	5529
1305	-2	4	5533
1306	-2	4	5537
1307	-4	6	5543
1308	-2	4	5547
1309	-2	4	5551
1310	-2	4	5555
1311	-4	6	5561
1312	-2	4	5565
1313	-2	4	5569
1314	-2	4	5573
1315	-2	4	5577
1316	-2	4	5581
1317	-2	4	5585
1318	-4	6	5591
1319	-2	4	5595
1320	-2	4	5599
1321	-2	4	5603
1322	-2	4	5607
1323	-2	4	5611
1324	-2	4	5615
1325	-2	4	5619
1326	-2	4	5623
1327	-2	4	5627
1328	-2	4	5631
1329	-2	4	5635
1330	-2	4	5639
1331	-2	4	5643
1332	-2	4	5647
1333	-2	4	5651
1334	-4	6	5657
1335	-2	4	5661
1336	-2	4	5665
1337	-4	6	5671
1338	-2	4	5675
1339	-4	6	5681
1340	-2	4	5685
1341	-2	4	5689
1342	-2	4	5693
1343	-2	4	5697
1344	-2	4	5701
1345	-2	4	5705
1346	-2	4	5709
1347	-2	4	5713
1348	-2	4	5717
1349	-2	4	5721
1350	-2	4	5725
1351	-2	4	5729
1352	-2	4	5733
1353	-2	4	5737
1354	-2	4	5741
1355	-2	4	5745
1356	-2	4	5749
1357	-2	4	5753
1358	-2	4	5757
1359	-2	4	5761
1360	-2	4	5765
1361	-2	4	5769
1362	-2	4	5773
1363	-2	4	5777
1364	-2	4	5781
1365	-2	4	5785
1366	-2	4	5789
1367	-2	4	5793
1368	-2	4	5797
1369	-2	4	5801
1370	-2	4	5805
1371	-2	4	5809
1372	-4	6	5815
1373	-4	6	5821
1374	-2	4	5825
1375	-2	4	5829
1376	-2	4	5833
1377	-2	4	5837
1378	-2	4	5841
1379	-2	4	5845
1380	-2	4	5849
1381	-2	4	5853
1382	-2	4	5857
1383	-2	4	5861
1384	-2	4	5865
1385	-4	6	5871
1386	-2	4	5875
1387	-2	4	5879
1388	-2	4	5883
1389	-2	4	5887
1390	-2	4	5891
1391	-2	4	5895
1392	-2	4	5899
1393	-2	4	5903
1394	-2	4	5907
1395	-2	4	5911
1396	-2	4	5915
1397	-2	4	5919
1398	-2	4	5923
1399	-2	4	5927
1400	-2	4	5931
1401	-2	4	5935
1402	-2	4	5939
1403	-2	4	5943
1404	-2	4	5947
1405	-2	4	5951
1406	-2	4	5955
1407	-2	4	5959
1408	-2	4	5963
1409	-2	4	5967
1410	-2	4	5971
1411	-2	4	5975
1412	-2	4	5979
1413	-2	4	5983
1414	-2	4	5987
1415	-2	4	5991
1416	-2	4	5995
1417	-2	4	5999
1418	-2	4	6003
1419	-2	4	6007
1420	-2	4	6011
1421	-4	6	6017
1422	-2	4	6021
1423	-2	4	6025
1424	-2	4	6029
1425	-2	4	6033
1426	-2	4	6037
1427	-4	6	6043
1428	-2	4	6047
1429	-2	4	6051
1430	-2	4	6055
1431	-2	4	6059
1432	-2	4	6063
1433	-2	4	6067
1434	-2	4	6071
1435	-2	4	6075
1436	-2	4	6079
1437	-2	4	6083
1438	-2	4	6087
1439	-2	4	6091
1440	-2	4	6095
1441	-2	4	6099
1442	-2	4	6103
1443	-2	4	6107
1444	-2	4	6111
1445	-2	4	6115
1446	-2	4	6119
1447	-2	4	6123
1448	-4	6	6129
1449	-2	4	6133
1450	-2	4	6137
1451	-2	4	6141
1452	-2	4	6145
1453	-2	4	6149
1454	-2	4	6153
1455	-2	4	6157
1456	-2	4	6161
1457	-2	4	6165
1458	-4	6	6171
1459	-2	4	6175
1460	-2	4	6179
1461	-2	4	6183
1462	-2	4	6187
1463	-2	4	6191
1464	-2	4	6195
1465	-4	6	6201
1466	-2	4	6205
1467	-2	4	6209
1468	-2	4	6213
1469	-2	4	6217
1470	-2	4	6221
1471	-2	4	6225
1472	-2	4	6229
1473	-2	4	6233
1474	-2	4	6237
1475	-2	4	6241
1476	-2	4	6245
1477	-2	4	6249
1478	-2	4	6253
1479	-2	4	6257
1480	-2	4	6261
1481	-2	4	6265
1482	-2	4	6269
1483	-2	4	6273
1484	-2	4	6277
1485	-2	4	6281
1486	-2	4	6285
1487	-2	4	6289
1488	-2	4	6293
1489	-2	4	6297
1490	-2	4	6301
1491	-2	4	6305
1492	-2	4	6309
1493	-2	4	6313
1494	-2	4	6317
1495	-2	4	6321
1496	-2	4	6325
1497	-2	4	6329
1498	-2	4	6333
1499	-2	4	6337
1500	-2	4	6341
1501	-2	4	6345
1502	-2	4	6349
1503	-2	4	6353
1504	-2	4	6357
1505	-2	4	6361
1506	-2	4	6365
1507	-2	4	6369
1508	-4	6	6375
1509	-2	4	6379
1510	-4	6	6385
1511	-2	4	6389
1512	-2	4	6393
1513	-3	5	6398
1514	-2	4	6402
1515	-2	4	6406
1516	-2	4	6410
1517	-2	4	6414
1518	-2	4	6418
1519	-2	4	6422
1520	-2	4	6426
1521	-2	4	6430
1522	-2	4	6434
1523	-2	4	6438
1524	-2	4	6442
1525	-2	4	6446
1526	-4	6	6452
1527	-2	4	6456
1528	-2	4	6460
1529	-2	4	6464
1530	-2	4	6468
1531	-2	4	6472
1532	-2	4	6476
1533	-2	4	6480
1534	-2	4	6484
1535	-2	4	6488
1536	-2	4	6492
1537	-2	4	6496
1538	-2	4	6500
1539	-2	4	6504
1540	-2	4	6508
1541	-2	4	6512
1542	-2	4	6516
1543	-2	4	6520
1544	-2	4	6524
1545	-2	4	6528
1546	-2	4	6532
1547	-2	4	6536
1548	-2	4	6540
1549	-2	4	6544
1550	-2	4	6548
1551	-2	4	6552
1552	-4	6	6558
1553	-2	4	6562
1554	-2	4	6566
1555	-2	4	6570
1556	-2	4	6574
1557	-2	4	6578
1558	-2	4	6582
1559	-2	4	6586
1560	-2	4	6590
1561	-2	4	6594
1562	-2	4	6598
1563	-2	4	6602
1564	-2	4	6606
1565	-2	4	6610
1566	-2	4	6614
1567	-2	4	6618
1568	-2	4	6622
1569	-3	5	6627
1570	-2	4	6631
1571	-2	4	6635
1572	-2	4	6639
1573	-2	4	6643
1574	-2	4	6647
1575	-2	4	6651
1576	-2	4	6655
1577	-2	4	6659
1578	-2	4	6663
1579	-2	4	6667
1580	-2	4	6671
1581	-2	4	6675
1582	-2	4	6679
1583	-3	5	6684
1584	-2	4	6688
1585	-2	4	6692
1586	-2	4	6696
1587	-2	4	6700
1588	-2	4	6704
1589	-3	5	6709
1590	-2	4	6713
1591	-4	6	6719
1592	-2	4	6723
1593	-2	4	6727
1594	-2	4	6731
1595	-2	4	6735
1596	-2	4	6739
1597	-2	4	6743
1598	-2	4	6747
1599	-2	4	6751
1600	-2	4	6755
1601	-2	4	6759
1602	-2	4	6763
1603	-2	4	6767
1604	-2	4	6771
1605	-2	4	6775
1606	-2	4	6779
1607	-2	4	6783
1608	-2	4	6787
1609	-2	4	6791
1610	-3	5	6796
1611	-2	4	6800
1612	-2	4	6804
1613	-2	4	6808
1614	-2	4	6812
1615	-2	4	6816
1616	-2	4	6820
1617	-2	4	6824
1618	-2	4	6828
1619	-2	4	6832
1620	-4	6	6838
1621	-2	4	6842
1622	-2	4	6846
1623	-2	4	6850
1624	-4	6	6856
1625	-2	4	6860
1626	-2	4	6864
1627	-2	4	6868
1628	-2	4	6872
1629	-2	4	6876
1630	-2	4	6880
1631	-2	4	6884
1632	-2	4	6888
1633	-2	4	6892
1634	-2	4	6896
1635	-2	4	6900
1636	-2	4	6904
1637	-2	4	6908
1638	-2	4	6912
1639	-2	4	6916
1640	-2	4	6920
1641	-2	4	6924
1642	-4	6	6930
1643	-2	4	6934
1644	-2	4	6938
1645	-4	6	6944
1646	-2	4	6948
1647	-2	4	6952
1648	-2	4	6956
1649	-2	4	6960
1650	-2	4	6964
1651	-2	4	6968
1652	-2	4	6972
1653	-2	4	6976
1654	-2	4	6980
1655	-2	4	6984
1656	-2	4	6988
1657	-2	4	6992
1658	-2	4	6996
1659	-2	4	7000
1660	-2	4	7004
1661	-2	4	7008
1662	-2	4	7012
1663	-2	4	7016
1664	-2	4	7020
1665	-2	4	7024
1666	-4	6	7030
1667	-2	4	7034
1668	-2	4	7038
1669	-3	5	7043
1670	-2	4	7047
1671	-2	4	7051
1672	-2	4	7055
1673	-2	4	7059
1674	-2	4	7063
1675	-2	4	7067
1676	-2	4	7071
1677	-2	4	7075
1678	-2	4	7079
1679	-2	4	7083
1680	-2	4	7087
1681	-2	4	7091
1682	-2	4	7095
1683	-2	4	7099
1684	-2	4	7103
1685	-3	5	7108
1686	-2	4	7112
1687	-2	4	7116
1688	-2	4	7120
1689	-2	4	7124
1690	-2	4	7128
1691	-2	4	7132
1692	-2	4	7136
1693	-2	4	7140
1694	-2	4	7144
1695	-2	4	7148
1696	-2	4	7152
1697	-2	4	7156
1698	-2	4	7160
1699	-2	4	7164
1700	-2	4	7168
1701	-2	4	7172
1702	-2	4	7176
1703	-2	4	7180
1704	-2	4	7184
1705	-2	4	7188
1706	-2	4	7192
1707	-2	4	7196
1708	-2	4	7200
1709	-2	4	7204
1710	-2	4	7208
1711	-2	4	7212
1712	-2	4	7216
1713	-2	4	7220
1714	-2	4	7224
1715	-4	6	7230
1716	-2	4	7234
1717	-2	4	7238
1718	-3	5	7243
1719	-2	4	7247
1720	-2	4	7251
1721	-2	4	7255
1722	-2	4	7259
1723	-2	4	7263
1724	-2	4	7267
1725	-2	4	7271
1726	-2	4	7275
1727	-2	4	7279
1728	-2	4	7283
1729	-2	4	7287
1730	-2	4	7291
1731	-2	4	7295
1732	-2	4	7299
1733	-2	4	7303
1734	-2	4	7307
1735	-2	4	7311
1736	-2	4	7315
1737	-2	4	7319
1738	-2	4	7323
1739	-5	7	7330
1740	-2	4	7334
1741	-2	4	7338
1742	-2	4	7342
1743	-2	4	7346
1744	-4	6	7352
1745	-2	4	7356
1746	-4	6	7362
1747	-2	4	7366
1748	-2	4	7370
1749	-2	4	7374
1750	-2	4	7378
1751	-2	4	7382
1752	-2	4	7386
1753	-2	4	7390
1754	-2	4	7394
1755	-2	4	7398
1756	-2	4	7402
1757	-2	4	7406
1758	-2	4	7410
1759	-2	4	7414
1760	-2	4	7418
1761	-2	4	7422
1762	-2	4	7426
1763	-4	6	7432
1764	-2	4	7436
1765	-2	4	7440
1766	-2	4	7444
1767	-2	4	7448
1768	-2	4	7452
1769	-2	4	7456
1770	-2	4	7460
1771	-2	4	7464
1772	-2	4	7468
1773	-2	4	7472
1774	-2	4	7476
1775	-2	4	7480
1776	-2	4	7484
1777	-2	4	7488
1778	-2	4	7492
1779	-4	6	7498
1780	-2	4	7502
1781	-2	4	7506
1782	-2	4	7510
1783	-2	4	7514
1784	-2	4	7518
1785	-2	4	7522
1786	-2	4	7526
1787	-2	4	7530
1788	-2	4	7534
1789	-2	4	7538
1790	-2	4	7542
1791	-2	4	7546
1792	-2	4	7550
1793	-2	4	7554
1794	-4	6	7560
1795	-2	4	7564
1796	-2	4	7568
1797	-2	4	7572
1798	-2	4	7576
1799	-2	4	7580
1800	-2	4	7584
1801	-2	4	7588
1802	-2	4	7592
1803	-2	4	7596
1804	-2	4	7600
1805	-2	4	7604
1806	-2	4	7608
1807	-2	4	7612
1808	-2	4	7616
1809	-2	4	7620
1810	-2	4	7624
1811	-2	4	7628
1812	-2	4	7632
1813	-2	4	7636
1814	-2	4	7640
1815	-2	4	7644
1816	-2	4	7648
1817	-2	4	7652
1818	-4	6	7658
1819	-2	4	7662
1820	-2	4	7666
1821	-2	4	7670
1822	-2	4	7674
1823	-2	4	7678
1824	-2	4	7682
1825	-3	5	7687
1826	-2	4	7691
1827	-2	4	7695
1828	-2	4	7699
1829	-2	4	7703
1830	-2	4	7707
1831	-2	4	7711
1832	-2	4	7715
1833	-4	6	7721
1834	-2	4	7725
1835	-4	6	7731
1836	-2	4	7735
1837	-2	4	7739
1838	-2	4	7743
1839	-2	4	7747
1840	-4	6	7753
1841	-2	4	7757
1842	-4	6	7763
1843	-2	4	7767
1844	-2	4	7771
1845	-6	8	7779
1846	-2	4	7783
1847	-2	4	7787
1848	-2	4	7791
1849	-2	4	7795
1850	-2	4	7799
1851	-2	4	7803
1852	-2	4	7807
1853	-2	4	7811
1854	-2	4	7815
1855	-2	4	7819
1856	-2	4	7823
1857	-2	4	7827
1858	-2	4	7831
1859	-2	4	7835
1860	-3	5	7840
1861	-2	4	7844
1862	-2	4	7848
1863	-2	4	7852
1864	-2	4	7856
1865	-2	4	7860
1866	-2	4	7864
1867	-2	4	7868
1868	-2	4	7872
1869	-4	6	7878
1870	-4	6	7884
1871	-2	4	7888
1872	-2	4	7892
1873	-2	4	7896
1874	-2	4	7900
1875	-2	4	7904
1876	-2	4	7908
1877	-2	4	7912
1878	-2	4	7916
1879	-2	4	7920
1880	-2	4	7924
1881	-2	4	7928
1882	-4	6	7934
1883	-2	4	7938
1884	-2	4	7942
1885	-2	4	7946
1886	-2	4	7950
1887	-2	4	7954
1888	-2	4	7958
1889	-2	4	7962
1890	-2	4	7966
1891	-2	4	7970
1892	-2	4	7974
1893	-2	4	7978
1894	-2	4	7982
1895	-2	4	7986
1896	-2	4	7990
1897	-4	6	7996
1898	-2	4	8000
1899	-2	4	8004
1900	-2	4	8008
1901	-2	4	8012
1902	-2	4	8016
1903	-2	4	8020
1904	-2	4	8024
1905	-2	4	8028
1906	-2	4	8032
1907	-2	4	8036
1908	-2	4	8040
1909	-2	4	8044
1910	-3	5	8049
1911	-2	4	8053
1912	-2	4	8057
1913	-2	4	8061
1914	-2	4	8065
1915	-2	4	8069
1916	-2	4	8073
1917	-2	4	8077
1918	-2	4	8081
1919	-2	4	8085
1920	-2	4	8089
1921	-2	4	8093
1922	-2	4	8097
1923	-2	4	8101
1924	-2	4	8105
1925	-2	4	8109
1926	-2	4	8113
1927	-2	4	8117
1928	-2	4	8121
1929	-2	4	8125
1930	-2	4	8129
1931	-2	4	8133
1932	-2	4	8137
1933	-2	4	8141
1934	-2	4	8145
1935	-2	4	8149
1936	-2	4	8153
1937	-2	4	8157
1938	-2	4	8161
1939	-2	4	8165
1940	-2	4	8169
1941	-2	4	8173
1942	-2	4	8177
1943	-2	4	8181
1944	-2	4	8185
1945	-2	4	8189
1946	-2	4	8193
1947	-2	4	8197
1948	-2	4	8201
1949	-2	4	8205
1950	-2	4	8209
1951	-2	4	8213
1952	-2	4	8217
1953	-2	4	8221
1954	-2	4	8225
1955	-2	4	8229
1956	-2	4	8233
1957	-2	4	8237
1958	-2	4	8241
1959	-2	4	8245
1960	-2	4	8249
1961	-2	4	8253
1962	-2	4	8257
1963	-4	6	8263
1964	-2	4	8267
1965	-2	4	8271
1966	-2	4	8275
1967	-2	4	8279
1968	-2	4	8283
1969	-2	4	8287
1970	-2	4	8291
1971	-2	4	8295
1972	-2	4	8299
1973	-4	6	8305
1974	-2	4	8309
1975	-2	4	8313
1976	-2	4	8317
1977	-2	4	8321
1978	-2	4	8325
1979	-2	4	8329
1980	-2	4	8333
1981	-2	4	8337
1982	-2	4	8341
1983	-2	4	8345
1984	-2	4	8349
1985	-2	4	8353
1986	-2	4	8357
1987	-2	4	8361
1988	-2	4	8365
1989	-2	4	8369
1990	-2	4	8373
1991	-2	4	8377
1992	-2	4	8381
1993	-2	4	8385
1994	-4	6	8391
1995	-2	4	8395
1996	-2	4	8399
1997	-2	4	8403
1998	-6	8	8411
1999	-2	4	8415
2000	-2	4	8419
2001	-2	4	8423
2002	-2	4	8427
2003	-2	4	8431
2004	-2	4	8435
2005	-2	4	8439
2006	-2	4	8443
2007	-2	4	8447
2008	-2	4	8451
2009	-2	4	8455
2010	-2	4	8459
2011	-2	4	8463
2012	-2	4	8467
2013	-2	4	8471
2014	-2	4	8475
2015	-4	6	8481
2016	-2	4	8485
2017	-2	4	8489
2018	-2	4	8493
2019	-2	4	8497
2020	-2	4	8501
2021	-2	4	8505
2022	-2	4	8509
2023	-2	4	8513
2024	-2	4	8517
2025	-2	4	8521
2026	-2	4	8525
2027	-2	4	8529
2028	-2	4	8533
2029	-2	4	8537
2030	-2	4	8541
2031	-2	4	8545
2032	-2	4	8549
2033	-2	4	8553
2034	-2	4	8557
2035	-2	4	8561
2036	-2	4	8565
2037	-2	4	8569
2038	-2	4	8573
2039	-2	4	8577
2040	-2	4	8581
2041	-2	4	8585
2042	-2	4	8589
2043	-2	4	8593
2044	-2	4	8597
2045	-3	5	8602
2046	-2	4	8606
2047	-2	4	8610
2048	-2	4	8614
2049	-2	4	8618
2050	-2	4	8622
2051	-2	4	8626
2052	-2	4	8630
2053	-2	4	8634
2054	-2	4	8638
2055	-2	4	8642
2056	-2	4	8646
2057	-2	4	8650
2058	-2	4	8654
2059	-2	4	8658
2060	-2	4	8662
2061	-2	4	8666
2062	-2	4	8670
2063	-2	4	8674
2064	-2	4	8678
2065	-2	4	8682
2066	-2	4	8686
2067	-2	4	8690
2068	-2	4	8694
2069	-4	6	8700
2070	-2	4	8704
2071	-2	4	8708
2072	-2	4	8712
2073	-2	4	8716
2074	-2	4	8720
2075	-2	4	8724
2076	-2	4	8728
2077	-2	4	8732
2078	-2	4	8736
2079	-2	4	8740
2080	-2	4	8744
2081	-2	4	8748
2082	-2	4	8752
2083	-2	4	8756
2084	-2	4	8760
2085	-2	4	8764
2086	-2	4	8768
2087	-2	4	8772
2088	-2	4	8776
2089	-2	4	8780
2090	-2	4	8784
2091	-2	4	8788
2092	-2	4	8792
2093	-2	4	8796
2094	-2	4	8800
2095	-2	4	8804
2096	-2	4	8808
2097	-2	4	8812
2098	-2	4	8816
2099	-2	4	8820
2100	-2	4	8824
2101	-2	4	8828
2102	-2	4	8832
2103	-2	4	8836
2104	-2	4	8840
2105	-4	6	8846
2106	-2	4	8850
2107	-2	4	8854
2108	-2	4	8858
2109	-2	4	8862
2110	-2	4	8866
2111	-2	4	8870
2112	-2	4	8874
2113	-2	4	8878
2114	-2	4	8882
2115	-2	4	8886
2116	-2	4	8890
2117	-2	4	8894
2118	-2	4	8898
2119	-2	4	8902
2120	-2	4	8906
2121	-2	4	8910
2122	-2	4	8914
2123	-2	4	8918
2124	-2	4	8922
2125	-2	4	8926
2126	-2	4	8930
2127	-2	4	8934
2128	-2	4	8938
2129	-2	4	8942
2130	-2	4	8946
2131	-2	4	8950
2132	-2	4	8954
2133	-2	4	8958
2134	-2	4	8962
2135	-2	4	8966
2136	-2	4	8970
2137	-2	4	8974
2138	-2	4	8978
2139	-2	4	8982
2140	-2	4	8986
2141	-2	4	8990
2142	-2	4	8994
2143	-2	4	8998
2144	-2	4	9002
2145	-2	4	9006
2146	-2	4	9010
2147	-2	4	9014
2148	-2	4	9018
2149	-2	4	9022
2150	-2	4	9026
2151	-2	4	9030
2152	-2	4	9034
2153	-2	4	9038
2154	-2	4	9042
2155	-2	4	9046
2156	-2	4	9050
2157	-2	4	9054
2158	-2	4	9058
2159	-2	4	9062
2160	-4	6	9068
2161	-2	4	9072
2162	-2	4	9076
2163	-2	4	9080
2164	-2	4	9084
2165	-2	4	9088
2166	-2	4	9092
2167	-2	4	9096
2168	-2	4	9100
2169	-2	4	9104
2170	-2	4	9108
2171	-2	4	9112
2172	-2	4	9116
2173	-2	4	9120
2174	-2	4	9124
2175	-2	4	9128
2176	-2	4	9132
2177	-2	4	9136
2178	-2	4	9140
2179	-2	4	9144
2180	-2	4	9148
2181	-2	4	9152
2182	-2	4	9156
2183	-2	4	9160
2184	-2	4	9164
2185	-2	4	9168
2186	-2	4	9172
2187	-2	4	9176
2188	-2	4	9180
2189	-2	4	9184
2190	-2	4	9188
2191	-2	4	9192
2192	-2	4	9196
2193	-2	4	9200
2194	-2	4	9204
2195	-2	4	9208
2196	-2	4	9212
2197	-2	4	9216
2198	-2	4	9220
2199	-2	4	9224
2200	-3	5	9229
2201	-2	4	9233
2202	-2	4	9237
2203	-2	4	9241
2204	-2	4	9245
2205	-2	4	9249
2206	-4	6	9255
2207	-2	4	9259
2208	-2	4	9263
2209	-2	4	9267
2210	-2	4	9271
2211	-2	4	9275
2212	-2	4	9279
2213	-2	4	9283
2214	-2	4	9287
2215	-2	4	9291
2216	-2	4	9295
2217	-2	4	9299
2218	-2	4	9303
2219	-2	4	9307
2220	-2	4	9311
2221	-2	4	9315
2222	-2	4	9319
2223	-2	4	9323
2224	-2	4	9327
2225	-2	4	9331
2226	-2	4	9335
2227	-2	4	9339
2228	-2	4	9343
2229	-2	4	9347
2230	-2	4	9351
2231	-2	4	9355
2232	-2	4	9359
2233	-2	4	9363
2234	-2	4	9367
2235	-2	4	9371
2236	-2	4	9375
2237	-2	4	9379
2238	-2	4	9383
2239	-2	4	9387
2240	-2	4	9391
2241	-2	4	9395
2242	-2	4	9399
2243	-2	4	9403
2244	-2	4	9407
2245	-2	4	9411
2246	-2	4	9415
2247	-2	4	9419
2248	-2	4	9423
2249	-2	4	9427
2250	-2	4	9431
2251	-2	4	9435
2252	-2	4	9439
2253	-2	4	9443
2254	-2	4	9447
2255	-2	4	9451
2256	-2	4	9455
2257	-2	4	9459
2258	-2	4	9463
2259	-2	4	9467
2260	-2	4	9471
2261	-2	4	9475
2262	-2	4	9479
2263	-2	4	9483
2264	-4	6	9489
2265	-2	4	9493
2266	-2	4	9497
2267	-2	4	9501
2268	-2	4	9505
2269	-2	4	9509
2270	-2	4	9513
2271	-2	4	9517
2272	-2	4	9521
2273	-2	4	9525
2274	-2	4	9529
2275	-2	4	9533
2276	-2	4	9537
2277	-2	4	9541
2278	-2	4	9545
2279	-2	4	9549
2280	-2	4	9553
2281	-2	4	9557
2282	-2	4	9561
2283	-2	4	9565
2284	-2	4	9569
2285	-2	4	9573
2286	-2	4	9577
2287	-2	4	9581
2288	-2	4	9585
2289	-2	4	9589
2290	-2	4	9593
2291	-2	4	9597
2292	-2	4	9601
2293	-2	4	9605
2294	-2	4	9609
2295	-2	4	9613
2296	-2	4	9617
2297	-2	4	9621
2298	-2	4	9625
2299	-2	4	9629
2300	-2	4	9633
2301	-2	4	9637
2302	-4	6	9643
2303	-2	4	9647
2304	-2	4	9651
2305	-2	4	9655
2306	-2	4	9659
2307	-2	4	9663
2308	-2	4	9667
2309	-2	4	9671
2310	-2	4	9675
2311	-2	4	9679
2312	-2	4	9683
2313	-2	4	9687
2314	-2	4	9691
2315	-2	4	9695
2316	-2	4	9699
2317	-2	4	9703
2318	-2	4	9707
2319	-2	4	9711
2320	-2	4	9715
2321	-2	4	9719
2322	-2	4	9723
2323	-2	4	9727
2324	-2	4	9731
2325	-2	4	9735
2326	-2	4	9739
2327	-2	4	9743
2328	-2	4	9747
2329	-2	4	9751
2330	-2	4	9755
2331	-2	4	9759
2332	-2	4	9763
2333	-2	4	9767
2334	-2	4	9771
2335	-2	4	9775
2336	-2	4	9779
2337	-2	4	9783
2338	-2	4	9787
2339	-2	4	9791
2340	-2	4	9795
2341	-2	4	9799
2342	-2	4	9803
2343	-2	4	9807
2344	-2	4	9811
2345	-2	4	9815
2346	-2	4	9819
2347	-2	4	9823
2348	-2	4	9827
2349	-2	4	9831
2350	-2	4	9835
2351	-2	4	9839
2352	-2	4	9843
2353	-2	4	9847
2354	-2	4	9851
2355	-2	4	9855
2356	-2	4	9859
2357	-2	4	9863
2358	-2	4	9867
2359	-2	4	9871
2360	-2	4	9875
2361	-2	4	9879
2362	-2	4	9883
2363	-2	4	9887
2364	-2	4	9891
2365	-2	4	9895
2366	-2	4	9899
2367	-2	4	9903
2368	-2	4	9907
2369	-2	4	9911
2370	-3	5	9916
2371	-2	4	9920
2372	-3	5	9925
2373	-2	4	9929
2374	-2	4	9933
2375	-2	4	9937
2376	-2	4	9941
2377	-2	4	9945
2378	-2	4	9949
2379	-2	4	9953
2380	-2	4	9957
2381	-2	4	9961
2382	-2	4	9965
2383	-2	4	9969
2384	-2	4	9973
2385	-4	6	9979
2386	-2	4	9983
2387	-2	4	9987
2388	-2	4	9991
2389	-2	4	9995
2390	-2	4	9999
2391	-2	4	10003
2392	-2	4	10007
2393	-4	6	10013
2394	-2	4	10017
2395	-4	6	10023
2396	-2	4	10027
2397	-2	4	10031
2398	-2	4	10035
2399	-4	6	10041
2400	-2	4	10045
2401	-2	4	10049
2402	-2	4	10053
2403	-2	4	10057
2404	-2	4	10061
2405	-2	4	10065
2406	-2	4	10069
2407	-2	4	10073
2408	-2	4	10077
2409	-2	4	10081
2410	-2	4	10085
2411	-2	4	10089
2412	-2	4	10093
2413	-2	4	10097
2414	-2	4	10101
2415	-2	4	10105
2416	-2	4	10109
2417	-2	4	10113
2418	-2	4	10117
2419	-2	4	10121
2420	-4	6	10127
2421	-2	4	10131
2422	-2	4	10135
2423	-2	4	10139
2424	-2	4	10143
2425	-2	4	10147
2426	-2	4	10151
2427	-2	4	10155
2428	-2	4	10159
2429	-2	4	10163
2430	-2	4	10167
2431	-2	4	10171
2432	-2	4	10175
2433	-2	4	10179
2434	-4	6	10185
2435	-2	4	10189
2436	-2	4	10193
2437	-2	4	10197
2438	-2	4	10201
2439	-2	4	10205
2440	-2	4	10209
2441	-2	4	10213
2442	-2	4	10217
2443	-4	6	10223
2444	-2	4	10227
2445	-2	4	10231
2446	-2	4	10235
2447	-2	4	10239
2448	-2	4	10243
2449	-2	4	10247
2450	-2	4	10251
2451	-2	4	10255
2452	-5	7	10262
2453	-2	4	10266
2454	-2	4	10270
2455	-2	4	10274
2456	-2	4	10278
2457	-2	4	10282
2458	-2	4	10286
2459	-2	4	10290
2460	-2	4	10294
2461	-2	4	10298
2462	-2	4	10302
2463	-2	4	10306
2464	-2	4	10310
2465	-2	4	10314
2466	-2	4	10318
2467	-2	4	10322
2468	-2	4	10326
2469	-2	4	10330
2470	-2	4	10334
2471	-2	4	10338
2472	-2	4	10342
2473	-4	6	10348
2474	-10	12	10360
2475	-2	4	10364
2476	-2	4	10368
2477	-2	4	10372
2478	-2	4	10376
2479	-2	4	10380
2480	-2	4	10384
2481	-2	4	10388
2482	-2	4	10392
2483	-2	4	10396
2484	-2	4	10400
2485	-2	4	10404
2486	-2	4	10408
2487	-2	4	10412
2488	-2	4	10416
2489	-2	4	10420
2490	-4	6	10426
2491	-2	4	10430
2492	-2	4	10434
2493	-4	6	10440
2494	-2	4	10444
2495	-2	4	10448
2496	-2	4	10452
2497	-2	4	10456
2498	-2	4	10460
2499	-2	4	10464
2500	-2	4	10468
2501	-2	4	10472
2502	-2	4	10476
2503	-2	4	10480
2504	-2	4	10484
2505	-2	4	10488
2506	-2	4	10492
2507	-2	4	10496
2508	-2	4	10500
2509	-2	4	10504
2510	-2	4	10508
2511	-2	4	10512
2512	-2	4	10516
2513	-2	4	10520
2514	-2	4	10524
2515	-2	4	10528
2516	-2	4	10532
2517	-2	4	10536
2518	-2	4	10540
2519	-2	4	10544
2520	-2	4	10548
2521	-2	4	10552
2522	-2	4	10556
2523	-2	4	10560
2524	-2	4	10564
2525	-2	4	10568
2526	-2	4	10572
2527	-2	4	10576
2528	-2	4	10580
2529	-2	4	10584
2530	-2	4	10588
2531	-2	4	10592
2532	-2	4	10596
2533	-2	4	10600
2534	-2	4	10604
2535	-2	4	10608
2536	-2	4	10612
2537	-2	4	10616
2538	-2	4	10620
2539	-2	4	10624
2540	-2	4	10628
2541	-2	4	10632
2542	-2	4	10636
2543	-2	4	10640
2544	-2	4	10644
2545	-2	4	10648
2546	-2	4	10652
2547	-2	4	10656
2548	-2	4	10660
2549	-2	4	10664
2550	-2	4	10668
2551	-2	4	10672
2552	-2	4	10676
2553	-4	6	10682
2554	-2	4	10686
2555	-2	4	10690
2556	-2	4	10694
2557	-2	4	10698
2558	-2	4	10702
2559	-2	4	10706
2560	-2	4	10710
2561	-2	4	10714
2562	-2	4	10718
2563	-2	4	10722
2564	-6	8	10730
2565	-2	4	10734
2566	-2	4	10738
2567	-2	4	10742
2568	-2	4	10746
2569	-2	4	10750
2570	-2	4	10754
2571	-2	4	10758
2572	-4	6	10764
2573	-2	4	10768
2574	-2	4	10772
2575	-2	4	10776
2576	-2	4	10780
2577	-2	4	10784
2578	-2	4	10788
2579	-2	4	10792
2580	-2	4	10796
2581	-2	4	10800
2582	-2	4	10804
2583	-2	4	10808
2584	-2	4	10812
2585	-2	4	10816
2586	-2	4	10820
2587	-2	4	10824
2588	-2	4	10828
2589	-2	4	10832
2590	-2	4	10836
2591	-2	4	10840
2592	-2	4	10844
2593	-2	4	10848
2594	-2	4	10852
2595	-3	5	10857
2596	-2	4	10861
2597	-2	4	10865
2598	-4	6	10871
2599	-2	4	10875
2600	-2	4	10879
2601	-2	4	10883
2602	-2	4	10887
2603	-2	4	10891
2604	-4	6	10897
2605	-2	4	10901
2606	-2	4	10905
2607	-2	4	10909
2608	-2	4	10913
2609	-2	4	10917
2610	-2	4	10921
2611	-2	4	10925
2612	-2	4	10929
2613	-2	4	10933
2614	-2	4	10937
2615	-2	4	10941
2616	-2	4	10945
2617	-2	4	10949
2618	-2	4	10953
2619	-2	4	10957
2620	-2	4	10961
2621	-2	4	10965
2622	-3	5	10970
2623	-2	4	10974
2624	-2	4	10978
2625	-2	4	10982
2626	-2	4	10986
2627	-2	4	10990
2628	-2	4	10994
2629	-4	6	11000
2630	-2	4	11004
2631	-2	4	11008
2632	-2	4	11012
2633	-2	4	11016
2634	-2	4	11020
2635	-2	4	11024
2636	-2	4	11028
2637	-2	4	11032
2638	-2	4	11036
2639	-2	4	11040
2640	-2	4	11044
2641	-2	4	11048
2642	-2	4	11052
2643	-2	4	11056
2644	-2	4	11060
2645	-2	4	11064
2646	-2	4	11068
2647	-2	4	11072
2648	-3	5	11077
2649	-2	4	11081
2650	-2	4	11085
2651	-2	4	11089
2652	-2	4	11093
2653	-2	4	11097
2654	-2	4	11101
2655	-4	6	11107
2656	-2	4	11111
2657	-2	4	11115
2658	-4	6	11121
2659	-2	4	11125
2660	-2	4	11129
2661	-2	4	11133
2662	-2	4	11137
2663	-2	4	11141
2664	-2	4	11145
2665	-2	4	11149
2666	-2	4	11153
2667	-2	4	11157
2668	-2	4	11161
2669	-2	4	11165
2670	-2	4	11169
2671	-2	4	11173
2672	-2	4	11177
2673	-2	4	11181
2674	-2	4	11185
2675	-2	4	11189
2676	-2	4	11193
2677	-2	4	11197
2678	-2	4	11201
2679	-2	4	11205
2680	-3	5	11210
2681	-2	4	11214
2682	-4	6	11220
2683	-2	4	11224
2684	-2	4	11228
2685	-2	4	11232
2686	-2	4	11236
2687	-2	4	11240
2688	-2	4	11244
2689	-2	4	11248
2690	-2	4	11252
2691	-2	4	11256
2692	-2	4	11260
2693	-2	4	11264
2694	-2	4	11268
2695	-2	4	11272
2696	-4	6	11278
2697	-2	4	11282
2698	-2	4	11286
2699	-2	4	11290
2700	-2	4	11294
2701	-2	4	11298
2702	-2	4	11302
2703	-2	4	11306
2704	-2	4	11310
2705	-2	4	11314
2706	-2	4	11318
2707	-2	4	11322
2708	-2	4	11326
2709	-2	4	11330
2710	-2	4	11334
2711	-2	4	11338
2712	-2	4	11342
2713	-2	4	11346
2714	-2	4	11350
2715	-2	4	11354
2716	-2	4	11358
2717	-2	4	11362
2718	-2	4	11366
2719	-2	4	11370
2720	-2	4	11374
2721	-2	4	11378
2722	-2	4	11382
2723	-2	4	11386
2724	-2	4	11390
2725	-2	4	11394
2726	-2	4	11398
2727	-2	4	11402
2728	-2	4	11406
2729	-2	4	11410
2730	-2	4	11414
2731	-6	8	11422
2732	-2	4	11426
2733	-2	4	11430
2734	-2	4	11434
2735	-2	4	11438
2736	-2	4	11442
2737	-2	4	11446
2738	-2	4	11450
2739	-2	4	11454
2740	-2	4	11458
2741	-2	4	11462
2742	-2	4	11466
2743	-2	4	11470
2744	-2	4	11474
2745	-2	4	11478
2746	-2	4	11482
2747	-2	4	11486
2748	-2	4	11490
2749	-2	4	11494
2750	-2	4	11498
2751	-2	4	11502
2752	-4	6	11508
2753	-2	4	11512
2754	-2	4	11516
2755	-2	4	11520
2756	-2	4	11524
2757	-2	4	11528
2758	-2	4	11532
2759	-2	4	11536
2760	-4	6	11542
2761	-2	4	11546
2762	-2	4	11550
2763	-2	4	11554
2764	-4	6	11560
2765	-2	4	11564
2766	-2	4	11568
2767	-2	4	11572
2768	-2	4	11576
2769	-2	4	11580
2770	-2	4	11584
2771	-2	4	11588
2772	-2	4	11592
2773	-2	4	11596
2774	-2	4	11600
2775	-2	4	11604
2776	-4	6	11610
2777	-2	4	11614
2778	-2	4	11618
2779	-2	4	11622
2780	-2	4	11626
2781	-2	4	11630
2782	-2	4	11634
2783	-2	4	11638
2784	-2	4	11642
2785	-2	4	11646
2786	-2	4	11650
2787	-2	4	11654
2788	-2	4	11658
2789	-2	4	11662
2790	-2	4	11666
2791	-2	4	11670
2792	-2	4	11674
2793	-2	4	11678
2794	-2	4	11682
2795	-2	4	11686
2796	-2	4	11690
2797	-2	4	11694
2798	-2	4	11698
2799	-3	5	11703
2800	-2	4	11707
2801	-2	4	11711
2802	-2	4	11715
2803	-2	4	11719
2804	-2	4	11723
2805	-2	4	11727
2806	-2	4	11731
2807	-2	4	11735
2808	-2	4	11739
2809	-2	4	11743
2810	-2	4	11747
2811	-2	4	11751
2812	-2	4	11755
2813	-2	4	11759
2814	-2	4	11763
2815	-2	4	11767
2816	-2	4	11771
2817	-2	4	11775
2818	-2	4	11779
2819	-2	4	11783
2820	-2	4	11787
2821	-4	6	11793
2822	-2	4	11797
2823	-2	4	11801
2824	-2	4	11805
2825	-2	4	11809
2826	-2	4	11813
2827	-2	4	11817
2828	-2	4	11821
2829	-2	4	11825
2830	-2	4	11829
2831	-2	4	11833
2832	-2	4	11837
2833	-4	6	11843
2834	-2	4	11847
2835	-2	4	11851
2836	-2	4	11855
2837	-2	4	11859
2838	-2	4	11863
2839	-2	4	11867
2840	-2	4	11871
2841	-2	4	11875
2842	-2	4	11879
2843	-2	4	11883
2844	-2	4	11887
2845	-2	4	11891
2846	-2	4	11895
2847	-2	4	11899
2848	-2	4	11903
2849	-2	4	11907
2850	-2	4	11911
2851	-2	4	11915
2852	-2	4	11919
2853	-2	4	11923
2854	-2	4	11927
2855	-4	6	11933
2856	-2	4	11937
2857	-2	4	11941
2858	-2	4	11945
2859	-2	4	11949
2860	-2	4	11953
2861	-2	4	11957
2862	-2	4	11961
2863	-2	4	11965
2864	-2	4	11969
2865	-2	4	11973
2866	-2	4	11977
2867	-2	4	11981
2868	-2	4	11985
2869	-2	4	11989
2870	-4	6	11995
2871	-2	4	11999
2872	-2	4	12003
2873	-2	4	12007
2874	-2	4	12011
2875	-2	4	12015
2876	-2	4	12019
2877	-2	4	12023
2878	-2	4	12027
2879	-2	4	12031
2880	-2	4	12035
2881	-2	4	12039
2882	-4	6	12045
2883	-2	4	12049
2884	-2	4	12053
2885	-2	4	12057
2886	-2	4	12061
2887	-2	4	12065
2888	-2	4	12069
2889	-2	4	12073
2890	-2	4	12077
2891	-2	4	12081
2892	-2	4	12085
2893	-2	4	12089
2894	-2	4	12093
2895	-2	4	12097
2896	-2	4	12101
2897	-2	4	12105
2898	-2	4	12109
2899	-2	4	12113
2900	-4	6	12119
2901	-2	4	12123
2902	-2	4	12127
2903	-2	4	12131
2904	-2	4	12135
2905	-2	4	12139
2906	-2	4	12143
2907	-2	4	12147
2908	-2	4	12151
2909	-2	4	12155
2910	-2	4	12159
2911	-2	4	12163
2912	-2	4	12167
2913	-2	4	12171
2914	-2	4	12175
2915	-2	4	12179
2916	-2	4	12183
2917	-4	6	12189
2918	-2	4	12193
2919	-2	4	12197
2920	-2	4	12201
2921	-2	4	12205
2922	-2	4	12209
2923	-2	4	12213
2924	-2	4	12217
2925	-2	4	12221
2926	-2	4	12225
2927	-2	4	12229
2928	-2	4	12233
2929	-2	4	12237
2930	-2	4	12241
2931	-2	4	12245
2932	-2	4	12249
2933	-2	4	12253
2934	-2	4	12257
2935	-2	4	12261
2936	-2	4	12265
2937	-2	4	12269
2938	-2	4	12273
2939	-2	4	12277
2940	-3	5	12282
2941	-2	4	12286
2942	-2	4	12290
2943	-2	4	12294
2944	-2	4	12298
2945	-2	4	12302
2946	-2	4	12306
2947	-2	4	12310
2948	-2	4	12314
2949	-2	4	12318
2950	-2	4	12322
2951	-2	4	12326
2952	-2	4	12330
2953	-2	4	12334
2954	-2	4	12338
2955	-2	4	12342
2956	-2	4	12346
2957	-2	4	12350
2958	-2	4	12354
2959	-2	4	12358
2960	-2	4	12362
2961	-2	4	12366
2962	-2	4	12370
2963	-2	4	12374
2964	-3	5	12379
2965	-2	4	12383
2966	-2	4	12387
2967	-2	4	12391
2968	-2	4	12395
2969	-2	4	12399
2970	-2	4	12403
2971	-2	4	12407
2972	-2	4	12411
2973	-2	4	12415
2974	-2	4	12419
2975	-2	4	12423
2976	-2	4	12427
2977	-2	4	12431
2978	-2	4	12435
2979	-2	4	12439
2980	-2	4	12443
2981	-2	4	12447
2982	-2	4	12451
2983	-2	4	12455
2984	-2	4	12459
2985	-2	4	12463
2986	-2	4	12467
2987	-2	4	12471
2988	-2	4	12475
2989	-4	6	12481
2990	-2	4	12485
2991	-2	4	12489
2992	-4	6	12495
2993	-2	4	12499
2994	-2	4	12503
2995	-2	4	12507
2996	-2	4	12511
2997	-2	4	12515
2998	-2	4	12519
2999	-2	4	12523
3000	-2	4	12527
3001	-2	4	12531
3002	-2	4	12535
3003	-3	5	12540
3004	-2	4	12544
3005	-2	4	12548
3006	-2	4	12552
3007	-2	4	12556
3008	-2	4	12560
3009	-2	4	12564
3010	-2	4	12568
3011	-2	4	12572
3012	-2	4	12576
3013	-2	4	12580
3014	-2	4	12584
3015	-2	4	12588
3016	-2	4	12592
3017	-2	4	12596
3018	-2	4	12600
3019	-2	4	12604
3020	-3	5	12609
3021	-2	4	12613
3022	-2	4	12617
3023	-2	4	12621
3024	-2	4	12625
3025	-2	4	12629
3026	-2	4	12633
3027	-4	6	12639
3028	-4	6	12645
3029	-2	4	12649
3030	-3	5	12654
3031	-2	4	12658
3032	-2	4	12662
3033	-2	4	12666
3034	-2	4	12670
3035	-2	4	12674
3036	-2	4	12678
3037	-2	4	12682
3038	-2	4	12686
3039	-2	4	12690
3040	-2	4	12694
3041	-2	4	12698
3042	-2	4	12702
3043	-2	4	12706
3044	-2	4	12710
3045	-2	4	12714
3046	-2	4	12718
3047	-2	4	12722
3048	-2	4	12726
3049	-2	4	12730
3050	-2	4	12734
3051	-6	8	12742
3052	-2	4	12746
3053	-2	4	12750
3054	-2	4	12754
3055	-2	4	12758
3056	-2	4	12762
3057	-2	4	12766
3058	-2	4	12770
3059	-2	4	12774
3060	-2	4	12778
3061	-2	4	12782
3062	-2	4	12786
3063	-2	4	12790
3064	-2	4	12794
3065	-4	6	12800
3066	-4	6	12806
3067	-2	4	12810
3068	-4	6	12816
3069	-2	4	12820
3070	-2	4	12824
3071	-2	4	12828
3072	-2	4	12832
3073	-2	4	12836
3074	-2	4	12840
3075	-2	4	12844
3076	-4	6	12850
3077	-2	4	12854
3078	-2	4	12858
3079	-2	4	12862
3080	-2	4	12866
3081	-2	4	12870
3082	-2	4	12874
3083	-2	4	12878
3084	-2	4	12882
3085	-2	4	12886
3086	-2	4	12890
3087	-2	4	12894
3088	-2	4	12898
3089	-2	4	12902
3090	-2	4	12906
3091	-2	4	12910
3092	-2	4	12914
3093	-2	4	12918
3094	-2	4	12922
3095	-2	4	12926
3096	-2	4	12930
3097	-2	4	12934
3098	-2	4	12938
3099	-4	6	12944
3100	-2	4	12948
3101	-2	4	12952
3102	-2	4	12956
3103	-2	4	12960
3104	-2	4	12964
3105	-2	4	12968
3106	-2	4	12972
3107	-2	4	12976
3108	-2	4	12980
3109	-2	4	12984
3110	-2	4	12988
3111	-2	4	12992
3112	-2	4	12996
3113	-2	4	13000
3114	-2	4	13004
3115	-2	4	13008
3116	-2	4	13012
3117	-2	4	13016
3118	-2	4	13020
3119	-2	4	13024
3120	-2	4	13028
3121	-2	4	13032
3122	-2	4	13036
3123	-2	4	13040
3124	-2	4	13044
3125	-3	5	13049
3126	-2	4	13053
3127	-2	4	13057
3128	-2	4	13061
3129	-2	4	13065
3130	-2	4	13069
3131	-2	4	13073
3132	-2	4	13077
3133	-2	4	13081
3134	-2	4	13085
3135	-2	4	13089
3136	-2	4	13093
3137	-4	6	13099
3138	-2	4	13103
3139	-2	4	13107
3140	-2	4	13111
3141	-2	4	13115
3142	-2	4	13119
3143	-2	4	13123
3144	-2	4	13127
3145	-2	4	13131
3146	-2	4	13135
3147	-2	4	13139
3148	-2	4	13143
3149	-2	4	13147
3150	-4	6	13153
3151	-2	4	13157
3152	-2	4	13161
3153	-2	4	13165
3154	-2	4	13169
3155	-2	4	13173
3156	-2	4	13177
3157	-2	4	13181
3158	-2	4	13185
3159	-2	4	13189
3160	-2	4	13193
3161	-2	4	13197
3162	-2	4	13201
3163	-2	4	13205
3164	-2	4	13209
3165	-2	4	13213
3166	-2	4	13217
3167	-2	4	13221
3168	-2	4	13225
3169	-2	4	13229
3170	-2	4	13233
3171	-2	4	13237
3172	-2	4	13241
3173	-2	4	13245
3174	-2	4	13249
3175	-2	4	13253
3176	-2	4	13257
3177	-4	6	13263
3178	-2	4	13267
3179	-2	4	13271
3180	-2	4	13275
3181	-2	4	13279
3182	-2	4	13283
3183	-2	4	13287
3184	-2	4	13291
3185	-2	4	13295
3186	-2	4	13299
3187	-2	4	13303
3188	-2	4	13307
3189	-2	4	13311
3190	-2	4	13315
3191	-3	5	13320
3192	-2	4	13324
3193	-2	4	13328
3194	-2	4	13332
3195	-2	4	13336
3196	-2	4	13340
3197	-2	4	13344
3198	-2	4	13348
3199	-2	4	13352
3200	-2	4	13356
3201	-2	4	13360
3202	-2	4	13364
3203	-2	4	13368
3204	-2	4	13372
3205	-2	4	13376
3206	-2	4	13380
3207	-2	4	13384
3208	-2	4	13388
3209	-2	4	13392
3210	-2	4	13396
3211	-2	4	13400
3212	-2	4	13404
3213	-2	4	13408
3214	-2	4	13412
3215	-2	4	13416
3216	-4	6	13422
3217	-2	4	13426
3218	-2	4	13430
3219	-2	4	13434
3220	-2	4	13438
3221	-2	4	13442
3222	-2	4	13446
3223	-4	6	13452
3224	-2	4	13456
3225	-2	4	13460
3226	-2	4	13464
3227	-2	4	13468
3228	-2	4	13472
3229	-2	4	13476
3230	-2	4	13480
3231	-2	4	13484
3232	-2	4	13488
3233	-2	4	13492
3234	-2	4	13496
3235	-4	6	13502
3236	-2	4	13506
3237	-2	4	13510
3238	-2	4	13514
3239	-6	8	13522
3240	-4	6	13528
3241	-2	4	13532
3242	-2	4	13536
3243	-2	4	13540
3244	-2	4	13544
3245	-2	4	13548
3246	-2	4	13552
3247	-2	4	13556
3248	-2	4	13560
3249	-2	4	13564
3250	-2	4	13568
3251	-2	4	13572
3252	-2	4	13576
3253	-2	4	13580
3254	-2	4	13584
3255	-2	4	13588
3256	-4	6	13594
3257	-2	4	13598
3258	-2	4	13602
3259	-2	4	13606
3260	-2	4	13610
3261	-2	4	13614
3262	-6	8	13622
3263	-4	6	13628
3264	-3	5	13633
3265	-2	4	13637
3266	-2	4	13641
3267	-2	4	13645
3268	-2	4	13649
3269	-2	4	13653
3270	-2	4	13657
3271	-4	6	13663
3272	-2	4	13667
3273	-6	8	13675
3274	-2	4	13679
3275	-2	4	13683
3276	-2	4	13687
3277	-2	4	13691
3278	-2	4	13695
3279	-2	4	13699
3280	-2	4	13703
3281	-2	4	13707
3282	-2	4	13711
3283	-2	4	13715
3284	-2	4	13719
3285	-2	4	13723
3286	-2	4	13727
3287	-2	4	13731
3288	-2	4	13735
3289	-2	4	13739
3290	-4	6	13745
3291	-2	4	13749
3292	-2	4	13753
3293	-2	4	13757
3294	-2	4	13761
3295	-2	4	13765
3296	-2	4	13769
3297	-2	4	13773
3298	-2	4	13777
3299	-2	4	13781
3300	-2	4	13785
3301	-2	4	13789
3302	-2	4	13793
3303	-2	4	13797
3304	-2	4	13801
3305	-2	4	13805
3306	-2	4	13809
3307	-2	4	13813
3308	-4	6	13819
3309	-2	4	13823
3310	-2	4	13827
3311	-2	4	13831
3312	-2	4	13835
3313	-2	4	13839
3314	-2	4	13843
3315	-2	4	13847
3316	-2	4	13851
3317	-2	4	13855
3318	-2	4	13859
3319	-2	4	13863
3320	-2	4	13867
3321	-2	4	13871
3322	-2	4	13875
3323	-2	4	13879
3324	-2	4	13883
3325	-2	4	13887
3326	-2	4	13891
3327	-2	4	13895
3328	-2	4	13899
3329	-4	6	13905
3330	-2	4	13909
3331	-2	4	13913
3332	-2	4	13917
3333	-6	8	13925
3334	-2	4	13929
3335	-2	4	13933
3336	-2	4	13937
3337	-2	4	13941
3338	-2	4	13945
3339	-2	4	13949
3340	-2	4	13953
3341	-2	4	13957
3342	-2	4	13961
3343	-2	4	13965
3344	-2	4	13969
3345	-2	4	13973
3346	-2	4	13977
3347	-2	4	13981
3348	-4	6	13987
3349	-2	4	13991
3350	-4	6	13997
3351	-2	4	14001
3352	-2	4	14005
3353	-2	4	14009
3354	-2	4	14013
3355	-2	4	14017
3356	-2	4	14021
3357	-2	4	14025
3358	-2	4	14029
3359	-2	4	14033
3360	-2	4	14037
3361	-2	4	14041
3362	-2	4	14045
3363	-2	4	14049
3364	-2	4	14053
3365	-2	4	14057
3366	-2	4	14061
3367	-2	4	14065
3368	-2	4	14069
3369	-2	4	14073
3370	-2	4	14077
3371	-2	4	14081
3372	-2	4	14085
3373	-2	4	14089
3374	-2	4	14093
3375	-4	6	14099
3376	-2	4	14103
3377	-2	4	14107
3378	-2	4	14111
3379	-2	4	14115
3380	-2	4	14119
3381	-2	4	14123
3382	-2	4	14127
3383	-2	4	14131
3384	-2	4	14135
3385	-2	4	14139
3386	-2	4	14143
3387	-2	4	14147
3388	-3	5	14152
3389	-2	4	14156
3390	-2	4	14160
3391	-2	4	14164
3392	-2	4	14168
3393	-2	4	14172
3394	-2	4	14176
3395	-2	4	14180
3396	-2	4	14184
3397	-2	4	14188
3398	-4	6	14194
3399	-2	4	14198
3400	-2	4	14202
3401	-2	4	14206
3402	-2	4	14210
3403	-2	4	14214
3404	-2	4	14218
3405	-2	4	14222
3406	-2	4	14226
3407	-2	4	14230
3408	-2	4	14234
3409	-2	4	14238
3410	-2	4	14242
3411	-4	6	14248
3412	-4	6	14254
3413	-2	4	14258
3414	-2	4	14262
3415	-2	4	14266
3416	-2	4	14270
3417	-2	4	14274
3418	-2	4	14278
3419	-2	4	14282
3420	-2	4	14286
3421	-2	4	14290
3422	-2	4	14294
3423	-2	4	14298
3424	-2	4	14302
3425	-2	4	14306
3426	-2	4	14310
3427	-2	4	14314
3428	-2	4	14318
3429	-2	4	14322
3430	-2	4	14326
3431	-2	4	14330
3432	-2	4	14334
3433	-2	4	14338
3434	-2	4	14342
3435	-2	4	14346
3436	-2	4	14350
3437	-2	4	14354
3438	-4	6	14360
3439	-2	4	14364
3440	-2	4	14368
3441	-2	4	14372
3442	-4	6	14378
3443	-4	6	14384
3444	-2	4	14388
3445	-2	4	14392
3446	-2	4	14396
3447	-2	4	14400
3448	-2	4	14404
3449	-2	4	14408
3450	-4	6	14414
3451	-2	4	14418
3452	-2	4	14422
3453	-2	4	14426
3454	-2	4	14430
3455	-2	4	14434
3456	-2	4	14438
3457	-2	4	14442
3458	-2	4	14446
3459	-2	4	14450
3460	-2	4	14454
3461	-2	4	14458
3462	-2	4	14462
3463	-2	4	14466
3464	-2	4	14470
3465	-2	4	14474
3466	-2	4	14478
3467	-2	4	14482
3468	-2	4	14486
3469	-2	4	14490
3470	-2	4	14494
3471	-2	4	14498
3472	-2	4	14502
3473	-2	4	14506
3474	-2	4	14510
3475	-2	4	14514
3476	-2	4	14518
3477	-2	4	14522
3478	-2	4	14526
3479	-2	4	14530
3480	-2	4	14534
3481	-2	4	14538
3482	-2	4	14542
3483	-2	4	14546
3484	-4	6	14552
3485	-2	4	14556
3486	-2	4	14560
3487	-2	4	14564
3488	-2	4	14568
3489	-2	4	14572
3490	-2	4	14576
3491	-2	4	14580
3492	-2	4	14584
3493	-2	4	14588
3494	-2	4	14592
3495	-2	4	14596
3496	-2	4	14600
3497	-2	4	14604
3498	-2	4	14608
3499	-4	6	14614
3500	-2	4	14618
3501	-2	4	14622
3502	-2	4	14626
3503	-2	4	14630
3504	-2	4	14634
3505	-2	4	14638
3506	-2	4	14642
3507	-2	4	14646
3508	-4	6	14652
3509	-2	4	14656
3510	-2	4	14660
3511	-2	4	14664
3512	-2	4	14668
3513	-4	6	14674
3514	-2	4	14678
3515	-2	4	14682
3516	-2	4	14686
3517	-2	4	14690
3518	-2	4	14694
3519	-2	4	14698
3520	-2	4	14702
3521	-2	4	14706
3522	-2	4	14710
3523	-2	4	14714
3524	-2	4	14718
3525	-2	4	14722
3526	-2	4	14726
3527	-2	4	14730
3528	-2	4	14734
3529	-2	4	14738
3530	-2	4	14742
3531	-2	4	14746
3532	-2	4	14750
3533	-4	6	14756
3534	-2	4	14760
3535	-2	4	14764
3536	-2	4	14768
3537	-2	4	14772
3538	-2	4	14776
3539	-2	4	14780
3540	-2	4	14784
3541	-2	4	14788
3542	-2	4	14792
3543	-2	4	14796
3544	-2	4	14800
3545	-2	4	14804
3546	-2	4	14808
3547	-2	4	14812
3548	-2	4	14816
3549	-2	4	14820
3550	-2	4	14824
3551	-2	4	14828
3552	-2	4	14832
3553	-2	4	14836
3554	-2	4	14840
3555	-2	4	14844
3556	-4	6	14850
3557	-2	4	14854
3558	-2	4	14858
3559	-2	4	14862
3560	-2	4	14866
3561	-2	4	14870
3562	-2	4	14874
3563	-2	4	14878
3564	-2	4	14882
3565	-2	4	14886
3566	-4	6	14892
3567	-2	4	14896
3568	-2	4	14900
3569	-2	4	14904
3570	-2	4	14908
3571	-2	4	14912
3572	-2	4	14916
3573	-2	4	14920
3574	-2	4	14924
3575	-2	4	14928
3576	-2	4	14932
3577	-4	6	14938
3578	-4	6	14944
3579	-2	4	14948
3580	-2	4	14952
3581	-2	4	14956
3582	-2	4	14960
3583	-2	4	14964
3584	-2	4	14968
3585	-2	4	14972
3586	-2	4	14976
3587	-2	4	14980
3588	-2	4	14984
3589	-2	4	14988
3590	-2	4	14992
3591	-2	4	14996
3592	-2	4	15000
3593	-2	4	15004
3594	-4	6	15010
3595	-2	4	15014
3596	-2	4	15018
3597	-2	4	15022
3598	-2	4	15026
3599	-2	4	15030
3600	-2	4	15034
3601	-2	4	15038
3602	-2	4	15042
3603	-2	4	15046
3604	-2	4	15050
3605	-2	4	15054
3606	-2	4	15058
3607	-2	4	15062
3608	-2	4	15066
3609	-2	4	15070
3610	-2	4	15074
3611	-2	4	15078
3612	-2	4	15082
3613	-2	4	15086
3614	-2	4	15090
3615	-2	4	15094
3616	-2	4	15098
3617	-2	4	15102
3618	-2	4	15106
3619	-2	4	15110
3620	-2	4	15114
3621	-2	4	15118
3622	-2	4	15122
3623	-2	4	15126
3624	-2	4	15130
3625	-2	4	15134
3626	-2	4	15138
3627	-4	6	15144
3628	-2	4	15148
3629	-2	4	15152
3630	-2	4	15156
3631	-2	4	15160
3632	-2	4	15164
3633	-2	4	15168
3634	-2	4	15172
3635	-4	6	15178
3636	-2	4	15182
3637	-2	4	15186
3638	-2	4	15190
3639	-4	6	15196
3640	-4	6	15202
3641	-2	4	15206
3642	-2	4	15210
3643	-2	4	15214
3644	-2	4	15218
3645	-2	4	15222
3646	-2	4	15226
3647	-2	4	15230
3648	-2	4	15234
3649	-2	4	15238
3650	-2	4	15242
3651	-2	4	15246
3652	-2	4	15250
3653	-2	4	15254
3654	-2	4	15258
3655	-2	4	15262
3656	-2	4	15266
3657	-2	4	15270
3658	-2	4	15274
3659	-2	4	15278
3660	-2	4	15282
3661	-2	4	15286
3662	-2	4	15290
3663	-2	4	15294
3664	-2	4	15298
3665	-2	4	15302
3666	-2	4	15306
3667	-2	4	15310
3668	-2	4	15314
3669	-2	4	15318
3670	-2	4	15322
3671	-2	4	15326
3672	-6	8	15334
3673	-2	4	15338
3674	-2	4	15342
3675	-2	4	15346
3676	-2	4	15350
3677	-2	4	15354
3678	-2	4	15358
3679	-2	4	15362
3680	-2	4	15366
3681	-2	4	15370
3682	-2	4	15374
3683	-2	4	15378
3684	-2	4	15382
3685	-2	4	15386
3686	-2	4	15390
3687	-3	5	15395
3688	-2	4	15399
3689	-2	4	15403
3690	-2	4	15407
3691	-2	4	15411
3692	-2	4	15415
3693	-2	4	15419
3694	-2	4	15423
3695	-2	4	15427
3696	-2	4	15431
3697	-2	4	15435
3698	-2	4	15439
3699	-2	4	15443
3700	-2	4	15447
3701	-2	4	15451
3702	-6	8	15459
3703	-2	4	15463
3704	-2	4	15467
3705	-2	4	15471
3706	-2	4	15475
3707	-2	4	15479
3708	-2	4	15483
3709	-2	4	15487
3710	-2	4	15491
3711	-2	4	15495
3712	-4	6	15501
3713	-2	4	15505
3714	-2	4	15509
3715	-2	4	15513
3716	-2	4	15517
3717	-2	4	15521
3718	-2	4	15525
3719	-2	4	15529
3720	-2	4	15533
3721	-2	4	15537
3722	-2	4	15541
3723	-2	4	15545
3724	-2	4	15549
3725	-2	4	15553
3726	-2	4	15557
3727	-2	4	15561
3728	-2	4	15565
3729	-2	4	15569
3730	-2	4	15573
3731	-2	4	15577
3732	-2	4	15581
3733	-2	4	15585
3734	-2	4	15589
3735	-2	4	15593
3736	-2	4	15597
3737	-2	4	15601
3738	-2	4	15605
3739	-2	4	15609
3740	-2	4	15613
3741	-2	4	15617
3742	-2	4	15621
3743	-2	4	15625
3744	-2	4	15629
3745	-2	4	15633
3746	-2	4	15637
3747	-2	4	15641
3748	-2	4	15645
3749	-2	4	15649
3750	-2	4	15653
3751	-2	4	15657
3752	-2	4	15661
3753	-2	4	15665
3754	-2	4	15669
3755	-2	4	15673
3756	-2	4	15677
3757	-2	4	15681
3758	-2	4	15685
3759	-2	4	15689
3760	-2	4	15693
3761	-2	4	15697
3762	-2	4	15701
3763	-2	4	15705
3764	-2	4	15709
3765	-2	4	15713
3766	-2	4	15717
3767	-2	4	15721
3768	-2	4	15725
3769	-2	4	15729
3770	-2	4	15733
3771	-2	4	15737
3772	-2	4	15741
3773	-2	4	15745
3774	-2	4	15749
3775	-2	4	15753
3776	-2	4	15757
3777	-2	4	15761
3778	-2	4	15765
3779	-2	4	15769
3780	-2	4	15773
3781	-2	4	15777
3782	-2	4	15781
3783	-2	4	15785
3784	-2	4	15789
3785	-2	4	15793
3786	-4	6	15799
3787	-2	4	15803
3788	-2	4	15807
3789	-2	4	15811
3790	-2	4	15815
3791	-2	4	15819
3792	-2	4	15823
3793	-2	4	15827
3794	-2	4	15831
3795	-2	4	15835
3796	-2	4	15839
3797	-2	4	15843
3798	-4	6	15849
3799	-2	4	15853
3800	-2	4	15857
3801	-2	4	15861
3802	-2	4	15865
3803	-2	4	15869
3804	-2	4	15873
3805	-2	4	15877
3806	-2	4	15881
3807	-2	4	15885
3808	-2	4	15889
3809	-2	4	15893
3810	-2	4	15897
3811	-2	4	15901
3812	-2	4	15905
3813	-2	4	15909
3814	-2	4	15913
3815	-2	4	15917
3816	-2	4	15921
3817	-4	6	15927
3818	-2	4	15931
3819	-3	5	15936
3820	-2	4	15940
3821	-2	4	15944
3822	-2	4	15948
3823	-2	4	15952
3824	-2	4	15956
3825	-2	4	15960
3826	-2	4	15964
3827	-4	6	15970
3828	-2	4	15974
3829	-2	4	15978
3830	-2	4	15982
3831	-2	4	15986
3832	-2	4	15990
3833	-2	4	15994
3834	-2	4	15998
3835	-2	4	16002
3836	-2	4	16006
3837	-2	4	16010
3838	-2	4	16014
3839	-2	4	16018
3840	-2	4	16022
3841	-2	4	16026
3842	-2	4	16030
3843	-2	4	16034
3844	-2	4	16038
3845	-2	4	16042
3846	-2	4	16046
3847	-2	4	16050
3848	-2	4	16054
3849	-2	4	16058
3850	-2	4	16062
3851	-2	4	16066
3852	-2	4	16070
3853	-2	4	16074
3854	-2	4	16078
3855	-2	4	16082
3856	-2	4	16086
3857	-2	4	16090
3858	-2	4	16094
3859	-2	4	16098
3860	-2	4	16102
3861	-2	4	16106
3862	-2	4	16110
3863	-2	4	16114
3864	-2	4	16118
3865	-2	4	16122
3866	-2	4	16126
3867	-2	4	16130
3868	-2	4	16134
3869	-2	4	16138
3870	-2	4	16142
3871	-2	4	16146
3872	-4	6	16152
3873	-2	4	16156
3874	-2	4	16160
3875	-2	4	16164
3876	-2	4	16168
3877	-2	4	16172
3878	-4	6	16178
3879	-2	4	16182
3880	-2	4	16186
3881	-2	4	16190
3882	-2	4	16194
3883	-2	4	16198
3884	-2	4	16202
3885	-2	4	16206
3886	-2	4	16210
3887	-2	4	16214
3888	-2	4	16218
3889	-2	4	16222
3890	-2	4	16226
3891	-2	4	16230
3892	-2	4	16234
3893	-2	4	16238
3894	-2	4	16242
3895	-2	4	16246
3896	-2	4	16250
3897	-2	4	16254
3898	-2	4	16258
3899	-2	4	16262
3900	-2	4	16266
3901	-2	4	16270
3902	-2	4	16274
3903	-2	4	16278
3904	-2	4	16282
3905	-4	6	16288
3906	-2	4	16292
3907	-2	4	16296
3908	-3	5	16301
3909	-2	4	16305
3910	-2	4	16309
3911	-2	4	16313
3912	-2	4	16317
3913	-2	4	16321
3914	-2	4	16325
3915	-2	4	16329
3916	-2	4	16333
3917	-4	6	16339
3918	-2	4	16343
3919	-2	4	16347
3920	-2	4	16351
3921	-2	4	16355
3922	-2	4	16359
3923	-3	5	16364
3924	-2	4	16368
3925	-2	4	16372
3926	-2	4	16376
3927	-2	4	16380
3928	-2	4	16384
3929	-2	4	16388
3930	-2	4	16392
3931	-2	4	16396
3932	-2	4	16400
3933	-2	4	16404
3934	-2	4	16408
3935	-2	4	16412
3936	-2	4	16416
3937	-2	4	16420
3938	-2	4	16424
3939	-2	4	16428
3940	-2	4	16432
3941	-2	4	16436
3942	-2	4	16440
3943	-2	4	16444
3944	-2	4	16448
3945	-2	4	16452
3946	-2	4	16456
3947	-2	4	16460
3948	-2	4	16464
3949	-2	4	16468
3950	-2	4	16472
3951	-2	4	16476
3952	-2	4	16480
3953	-2	4	16484
3954	-2	4	16488
3955	-2	4	16492
3956	-3	5	16497
3957	-2	4	16501
3958	-2	4	16505
3959	-2	4	16509
3960	-2	4	16513
3961	-2	4	16517
3962	-2	4	16521
3963	-2	4	16525
3964	-2	4	16529
3965	-2	4	16533
3966	-2	4	16537
3967	-2	4	16541
3968	-2	4	16545
3969	-2	4	16549
3970	-2	4	16553
3971	-2	4	16557
3972	-2	4	16561
3973	-2	4	16565
3974	-2	4	16569
3975	-2	4	16573
3976	-2	4	16577
3977	-2	4	16581
3978	-2	4	16585
3979	-2	4	16589
3980	-2	4	16593
3981	-2	4	16597
3982	-3	5	16602
3983	-2	4	16606
3984	-2	4	16610
3985	-2	4	16614
3986	-2	4	16618
3987	-2	4	16622
3988	-2	4	16626
3989	-2	4	16630
3990	-2	4	16634
3991	-2	4	16638
3992	-2	4	16642
3993	-2	4	16646
3994	-2	4	16650
3995	-2	4	16654
3996	-6	8	16662
3997	-2	4	16666
3998	-2	4	16670
3999	-4	6	16676
4000	-2	4	16680
4001	-2	4	16684
4002	-2	4	16688
4003	-2	4	16692
4004	-2	4	16696
4005	-2	4	16700
4006	-2	4	16704
4007	-2	4	16708
4008	-2	4	16712
4009	-2	4	16716
4010	-2	4	16720
4011	-2	4	16724
4012	-2	4	16728
4013	-2	4	16732
4014	-2	4	16736
4015	-2	4	16740
4016	-2	4	16744
4017	-2	4	16748
4018	-2	4	16752
4019	-2	4	16756
4020	-2	4	16760
4021	-2	4	16764
4022	-2	4	16768
4023	-2	4	16772
4024	-6	8	16780
4025	-2	4	16784
4026	-2	4	16788
4027	-2	4	16792
4028	-2	4	16796
4029	-2	4	16800
4030	-2	4	16804
4031	-4	6	16810
4032	-2	4	16814
4033	-2	4	16818
4034	-2	4	16822
4035	-2	4	16826
4036	-2	4	16830
4037	-2	4	16834
4038	-2	4	16838
4039	-2	4	16842
4040	-2	4	16846
4041	-2	4	16850
4042	-2	4	16854
4043	-4	6	16860
4044	-2	4	16864
4045	-2	4	16868
4046	-2	4	16872
4047	-2	4	16876
4048	-2	4	16880
4049	-2	4	16884
4050	-2	4	16888
4051	-4	6	16894
4052	-2	4	16898
4053	-2	4	16902
4054	-2	4	16906
4055	-4	6	16912
4056	-2	4	16916
4057	-2	4	16920
4058	-2	4	16924
4059	-2	4	16928
4060	-2	4	16932
4061	-2	4	16936
4062	-2	4	16940
4063	-2	4	16944
4064	-2	4	16948
4065	-2	4	16952
4066	-2	4	16956
4067	-2	4	16960
4068	-2	4	16964
4069	-2	4	16968
4070	-2	4	16972
4071	-2	4	16976
4072	-2	4	16980
4073	-2	4	16984
4074	-2	4	16988
4075	-2	4	16992
4076	-2	4	16996
4077	-2	4	17000
4078	-2	4	17004
4079	-2	4	17008
4080	-2	4	17012
4081	-2	4	17016
4082	-2	4	17020
4083	-2	4	17024
4084	-2	4	17028
4085	-2	4	17032
4086	-2	4	17036
4087	-2	4	17040
4088	-2	4	17044
4089	-2	4	17048
4090	-2	4	17052
4091	-2	4	17056
4092	-2	4	17060
4093	-3	5	17065
4094	-2	4	17069
4095	-4	6	17075
4096	-4	6	17081
4097	-2	4	17085
4098	-2	4	17089
4099	-2	4	17093
4100	-4	6	17099
4101	-2	4	17103
4102	-2	4	17107
4103	-2	4	17111
4104	-2	4	17115
4105	-4	6	17121
4106	-2	4	17125
4107	-2	4	17129
4108	-2	4	17133
4109	-2	4	17137
4110	-2	4	17141
4111	-2	4	17145
4112	-2	4	17149
4113	-2	4	17153
4114	-2	4	17157
4115	-2	4	17161
4116	-2	4	17165
4117	-2	4	17169
4118	-2	4	17173
4119	-2	4	17177
4120	-2	4	17181
4121	-2	4	17185
4122	-2	4	17189
4123	-2	4	17193
4124	-2	4	17197
4125	-2	4	17201
4126	-2	4	17205
4127	-2	4	17209
4128	-2	4	17213
4129	-2	4	17217
4130	-2	4	17221
4131	-2	4	17225
4132	-2	4	17229
4133	-2	4	17233
4134	-2	4	17237
4135	-2	4	17241
4136	-2	4	17245
4137	-2	4	17249
4138	-2	4	17253
4139	-4	6	17259
4140	-2	4	17263
4141	-2	4	17267
4142	-2	4	17271
4143	-2	4	17275
4144	-2	4	17279
4145	-2	4	17283
4146	-2	4	17287
4147	-2	4	17291
4148	-2	4	17295
4149	-4	6	17301
4150	-2	4	17305
4151	-3	5	17310
4152	-2	4	17314
4153	-2	4	17318
4154	-3	5	17323
4155	-2	4	17327
4156	-2	4	17331
4157	-2	4	17335
4158	-2	4	17339
4159	-2	4	17343
4160	-2	4	17347
4161	-2	4	17351
4162	-2	4	17355
4163	-2	4	17359
4164	-2	4	17363
4165	-2	4	17367
4166	-2	4	17371
4167	-2	4	17375
4168	-2	4	17379
4169	-2	4	17383
4170	-2	4	17387
4171	-2	4	17391
4172	-2	4	17395
4173	-2	4	17399
4174	-2	4	17403
4175	-2	4	17407
4176	-2	4	17411
4177	-4	6	17417
4178	-2	4	17421
4179	-2	4	17425
4180	-2	4	17429
4181	-2	4	17433
4182	-4	6	17439
4183	-2	4	17443
4184	-2	4	17447
4185	-6	8	17455
4186	-2	4	17459
4187	-2	4	17463
4188	-2	4	17467
4189	-2	4	17471
4190	-2	4	17475
4191	-2	4	17479
4192	-2	4	17483
4193	-2	4	17487
4194	-2	4	17491
4195	-2	4	17495
4196	-2	4	17499
4197	-2	4	17503
4198	-2	4	17507
4199	-2	4	17511
4200	-2	4	17515
4201	-2	4	17519
4202	-2	4	17523
4203	-2	4	17527
4204	-2	4	17531
4205	-2	4	17535
4206	-2	4	17539
4207	-2	4	17543
4208	-2	4	17547
4209	-2	4	17551
4210	-2	4	17555
4211	-2	4	17559
4212	-2	4	17563
4213	-2	4	17567
4214	-4	6	17573
4215	-2	4	17577
4216	-2	4	17581
4217	-2	4	17585
4218	-2	4	17589
4219	-2	4	17593
4220	-3	5	17598
4221	-2	4	17602
4222	-2	4	17606
4223	-2	4	17610
4224	-2	4	17614
4225	-2	4	17618
4226	-2	4	17622
4227	-2	4	17626
4228	-2	4	17630
4229	-4	6	17636
4230	-2	4	17640
4231	-2	4	17644
4232	-2	4	17648
4233	-4	6	17654
4234	-2	4	17658
4235	-2	4	17662
4236	-2	4	17666
4237	-2	4	17670
4238	-2	4	17674
4239	-2	4	17678
4240	-2	4	17682
4241	-2	4	17686
4242	-2	4	17690
4243	-2	4	17694
4244	-2	4	17698
4245	-2	4	17702
4246	-2	4	17706
4247	-2	4	17710
4248	-2	4	17714
4249	-2	4	17718
4250	-2	4	17722
4251	-2	4	17726
4252	-2	4	17730
4253	-2	4	17734
4254	-2	4	17738
4255	-2	4	17742
4256	-2	4	17746
4257	-2	4	17750
4258	-2	4	17754
4259	-2	4	17758
4260	-2	4	17762
4261	-2	4	17766
4262	-4	6	17772
4263	-2	4	17776
4264	-2	4	17780
4265	-2	4	17784
4266	-2	4	17788
4267	-2	4	17792
4268	-2	4	17796
4269	-2	4	17800
4270	-2	4	17804
4271	-2	4	17808
4272	-2	4	17812
4273	-2	4	17816
4274	-2	4	17820
4275	-2	4	17824
4276	-2	4	17828
4277	-2	4	17832
4278	-2	4	17836
4279	-2	4	17840
4280	-2	4	17844
4281	-2	4	17848
4282	-2	4	17852
4283	-2	4	17856
4284	-2	4	17860
4285	-2	4	17864
4286	-2	4	17868
4287	-4	6	17874
4288	-2	4	17878
4289	-2	4	17882
4290	-2	4	17886
4291	-2	4	17890
4292	-2	4	17894
4293	-2	4	17898
4294	-2	4	17902
4295	-2	4	17906
4296	-2	4	17910
4297	-2	4	17914
4298	-2	4	17918
4299	-2	4	17922
4300	-2	4	17926
4301	-4	6	17932
4302	-2	4	17936
4303	-2	4	17940
4304	-3	5	17945
4305	-2	4	17949
4306	-2	4	17953
4307	-2	4	17957
4308	-2	4	17961
4309	-2	4	17965
4310	-2	4	17969
4311	-2	4	17973
4312	-3	5	17978
4313	-2	4	17982
4314	-2	4	17986
4315	-2	4	17990
4316	-2	4	17994
4317	-2	4	17998
4318	-2	4	18002
4319	-2	4	18006
4320	-2	4	18010
4321	-2	4	18014
4322	-2	4	18018
4323	-2	4	18022
4324	-2	4	18026
4325	-2	4	18030
4326	-2	4	18034
4327	-2	4	18038
4328	-2	4	18042
4329	-2	4	18046
4330	-2	4	18050
4331	-2	4	18054
4332	-2	4	18058
4333	-2	4	18062
4334	-2	4	18066
4335	-2	4	18070
4336	-2	4	18074
4337	-2	4	18078
4338	-2	4	18082
4339	-2	4	18086
4340	-2	4	18090
4341	-2	4	18094
4342	-2	4	18098
4343	-2	4	18102
4344	-2	4	18106
4345	-2	4	18110
4346	-2	4	18114
4347	-2	4	18118
4348	-2	4	18122
4349	-2	4	18126
4350	-2	4	18130
4351	-2	4	18134
4352	-2	4	18138
4353	-2	4	18142
4354	-2	4	18146
4355	-2	4	18150
4356	-2	4	18154
4357	-2	4	18158
4358	-2	4	18162
4359	-2	4	18166
4360	-2	4	18170
4361	-3	5	18175
4362	-2	4	18179
4363	-2	4	18183
4364	-2	4	18187
4365	-2	4	18191
4366	-2	4	18195
4367	-2	4	18199
4368	-2	4	18203
4369	-2	4	18207
4370	-2	4	18211
4371	-2	4	18215
4372	-2	4	18219
4373	-2	4	18223
4374	-2	4	18227
4375	-4	6	18233
4376	-2	4	18237
4377	-2	4	18241
4378	-2	4	18245
4379	-2	4	18249
4380	-2	4	18253
4381	-2	4	18257
4382	-2	4	18261
4383	-2	4	18265
4384	-2	4	18269
4385	-2	4	18273
4386	-2	4	18277
4387	-2	4	18281
4388	-2	4	18285
4389	-2	4	18289
4390	-4	6	18295
4391	-2	4	18299
4392	-2	4	18303
4393	-2	4	18307
4394	-2	4	18311
4395	-2	4	18315
4396	-2	4	18319
4397	-4	6	18325
4398	-2	4	18329
4399	-2	4	18333
4400	-2	4	18337
4401	-2	4	18341
4402	-4	6	18347
4403	-2	4	18351
4404	-2	4	18355
4405	-2	4	18359
4406	-2	4	18363
4407	-2	4	18367
4408	-2	4	18371
4409	-2	4	18375
4410	-2	4	18379
4411	-2	4	18383
4412	-2	4	18387
4413	-2	4	18391
4414	-2	4	18395
4415	-2	4	18399
4416	-2	4	18403
4417	-2	4	18407
4418	-2	4	18411
4419	-2	4	18415
4420	-2	4	18419
4421	-2	4	18423
4422	-2	4	18427
4423	-4	6	18433
4424	-2	4	18437
4425	-2	4	18441
4426	-2	4	18445
4427	-2	4	18449
4428	-2	4	18453
4429	-2	4	18457
4430	-4	6	18463
4431	-2	4	18467
4432	-2	4	18471
4433	-2	4	18475
4434	-2	4	18479
4435	-2	4	18483
4436	-2	4	18487
4437	-4	6	18493
4438	-2	4	18497
4439	-2	4	18501
4440	-2	4	18505
4441	-2	4	18509
4442	-2	4	18513
4443	-2	4	18517
4444	-2	4	18521
4445	-2	4	18525
4446	-2	4	18529
4447	-2	4	18533
4448	-2	4	18537
4449	-2	4	18541
4450	-2	4	18545
4451	-2	4	18549
4452	-2	4	18553
4453	-2	4	18557
4454	-2	4	18561
4455	-2	4	18565
4456	-2	4	18569
4457	-2	4	18573
4458	-2	4	18577
4459	-2	4	18581
4460	-2	4	18585
4461	-2	4	18589
4462	-2	4	18593
4463	-2	4	18597
4464	-2	4	18601
4465	-2	4	18605
4466	-2	4	18609
4467	-2	4	18613
4468	-2	4	18617
4469	-2	4	18621
4470	-2	4	18625
4471	-2	4	18629
4472	-2	4	18633
4473	-2	4	18637
4474	-2	4	18641
4475	-2	4	18645
4476	-2	4	18649
4477	-2	4	18653
4478	-2	4	18657
4479	-2	4	18661
4480	-2	4	18665
4481	-2	4	18669
4482	-2	4	18673
4483	-2	4	18677
4484	-2	4	18681
4485	-2	4	18685
4486	-2	4	18689
4487	-2	4	18693
4488	-2	4	18697
4489	-2	4	18701
4490	-2	4	18705
4491	-2	4	18709
4492	-2	4	18713
4493	-2	4	18717
4494	-2	4	18721
4495	-2	4	18725
4496	-2	4	18729
4497	-2	4	18733
4498	-2	4	18737
4499	-2	4	18741
4500	-2	4	18745
4501	-2	4	18749
4502	-2	4	18753
4503	-2	4	18757
4504	-2	4	18761
4505	-2	4	18765
4506	-2	4	18769
4507	-2	4	18773
4508	-2	4	18777
4509	-2	4	18781
4510	-2	4	18785
4511	-2	4	18789
4512	-2	4	18793
4513	-2	4	18797
4514	-2	4	18801
4515	-2	4	18805
4516	-2	4	18809
4517	-2	4	18813
4518	-2	4	18817
4519	-2	4	18821
4520	-2	4	18825
4521	-2	4	18829
4522	-2	4	18833
4523	-2	4	18837
4524	-2	4	18841
4525	-2	4	18845
4526	-2	4	18849
4527	-3	5	18854
4528	-2	4	18858
4529	-2	4	18862
4530	-2	4	18866
4531	-2	4	18870
4532	-2	4	18874
4533	-2	4	18878
4534	-4	6	18884
4535	-2	4	18888
4536	-2	4	18892
4537	-2	4	18896
4538	-2	4	18900
4539	-2	4	18904
4540	-2	4	18908
4541	-2	4	18912
4542	-2	4	18916
4543	-2	4	18920
4544	-2	4	18924
4545	-2	4	18928
4546	-2	4	18932
4547	-2	4	18936
4548	-2	4	18940
4549	-4	6	18946
4550	-2	4	18950
4551	-2	4	18954
4552	-2	4	18958
4553	-2	4	18962
4554	-2	4	18966
4555	-2	4	18970
4556	-2	4	18974
4557	-2	4	18978
4558	-2	4	18982
4559	-2	4	18986
4560	-2	4	18990
4561	-2	4	18994
4562	-2	4	18998
4563	-4	6	19004
4564	-2	4	19008
4565	-2	4	19012
4566	-2	4	19016
4567	-2	4	19020
4568	-2	4	19024
4569	-2	4	19028
4570	-3	5	19033
4571	-2	4	19037
4572	-2	4	19041
4573	-2	4	19045
4574	-2	4	19049
4575	-2	4	19053
4576	-2	4	19057
4577	-2	4	19061
4578	-2	4	19065
4579	-2	4	19069
4580	-2	4	19073
4581	-2	4	19077
4582	-2	4	19081
4583	-2	4	19085
4584	-2	4	19089
4585	-2	4	19093
4586	-2	4	19097
4587	-2	4	19101
4588	-2	4	19105
4589	-2	4	19109
4590	-2	4	19113
4591	-2	4	19117
4592	-2	4	19121
4593	-2	4	19125
4594	-2	4	19129
4595	-2	4	19133
4596	-2	4	19137
4597	-2	4	19141
4598	-2	4	19145
4599	-2	4	19149
4600	-2	4	19153
4601	-2	4	19157
4602	-2	4	19161
4603	-2	4	19165
4604	-2	4	19169
4605	-2	4	19173
4606	-2	4	19177
4607	-2	4	19181
4608	-2	4	19185
4609	-2	4	19189
4610	-2	4	19193
4611	-2	4	19197
4612	-2	4	19201
4613	-2	4	19205
4614	-2	4	19209
4615	-2	4	19213
4616	-2	4	19217
4617	-2	4	19221
4618	-2	4	19225
4619	-2	4	19229
4620	-2	4	19233
4621	-2	4	19237
4622	-2	4	19241
4623	-2	4	19245
4624	-4	6	19251
4625	-2	4	19255
4626	-2	4	19259
4627	-2	4	19263
4628	-2	4	19267
4629	-2	4	19271
4630	-2	4	19275
4631	-2	4	19279
4632	-2	4	19283
4633	-2	4	19287
4634	-2	4	19291
4635	-2	4	19295
4636	-2	4	19299
4637	-2	4	19303
4638	-2	4	19307
4639	-2	4	19311
4640	-2	4	19315
4641	-2	4	19319
4642	-2	4	19323
4643	-2	4	19327
4644	-2	4	19331
4645	-2	4	19335
4646	-2	4	19339
4647	-2	4	19343
4648	-2	4	19347
4649	-2	4	19351
4650	-2	4	19355
4651	-2	4	19359
4652	-2	4	19363
4653	-2	4	19367
4654	-2	4	19371
4655	-2	4	19375
4656	-2	4	19379
4657	-2	4	19383
4658	-2	4	19387
4659	-2	4	19391
4660	-2	4	19395
4661	-2	4	19399
4662	-2	4	19403
4663	-2	4	19407
4664	-2	4	19411
4665	-2	4	19415
4666	-4	6	19421
4667	-2	4	19425
4668	-2	4	19429
4669	-2	4	19433
4670	-2	4	19437
4671	-2	4	19441
4672	-2	4	19445
4673	-2	4	19449
4674	-2	4	19453
4675	-2	4	19457
4676	-2	4	19461
4677	-2	4	19465
4678	-2	4	19469
4679	-2	4	19473
4680	-2	4	19477
4681	-2	4	19481
4682	-2	4	19485
4683	-2	4	19489
4684	-2	4	19493
4685	-2	4	19497
4686	-2	4	19501
4687	-2	4	19505
4688	-2	4	19509
4689	-2	4	19513
4690	-2	4	19517
4691	-2	4	19521
4692	-2	4	19525
4693	-2	4	19529
4694	-2	4	19533
4695	-2	4	19537
4696	-2	4	19541
4697	-2	4	19545
4698	-2	4	19549
4699	-2	4	19553
4700	-2	4	19557
4701	-3	5	19562
4702	-2	4	19566
4703	-2	4	19570
4704	-2	4	19574
4705	-2	4	19578
4706	-2	4	19582
4707	-4	6	19588
4708	-2	4	19592
4709	-2	4	19596
4710	-2	4	19600
4711	-2	4	19604
4712	-2	4	19608
4713	-2	4	19612
4714	-2	4	19616
4715	-2	4	19620
4716	-2	4	19624
4717	-2	4	19628
4718	-2	4	19632
4719	-2	4	19636
4720	-2	4	19640
4721	-2	4	19644
4722	-4	6	19650
4723	-2	4	19654
4724	-2	4	19658
4725	-2	4	19662
4726	-2	4	19666
4727	-2	4	19670
4728	-2	4	19674
4729	-2	4	19678
4730	-2	4	19682
4731	-4	6	19688
4732	-2	4	19692
4733	-2	4	19696
4734	-2	4	19700
4735	-2	4	19704
4736	-2	4	19708
4737	-2	4	19712
4738	-2	4	19716
4739	-2	4	19720
4740	-2	4	19724
4741	-2	4	19728
4742	-2	4	19732
4743	-2	4	19736
4744	-2	4	19740
4745	-4	6	19746
4746	-2	4	19750
4747	-2	4	19754
4748	-2	4	19758
4749	-2	4	19762
4750	-2	4	19766
4751	-2	4	19770
4752	-2	4	19774
4753	-2	4	19778
4754	-2	4	19782
4755	-2	4	19786
4756	-2	4	19790
4757	-4	6	19796
4758	-2	4	19800
4759	-2	4	19804
4760	-2	4	19808
4761	-2	4	19812
4762	-2	4	19816
4763	-2	4	19820
4764	-2	4	19824
4765	-2	4	19828
4766	-2	4	19832
4767	-2	4	19836
4768	-2	4	19840
4769	-2	4	19844
4770	-2	4	19848
4771	-2	4	19852
4772	-2	4	19856
4773	-2	4	19860
4774	-2	4	19864
4775	-2	4	19868
4776	-2	4	19872
4777	-2	4	19876
4778	-2	4	19880
4779	-2	4	19884
4780	-2	4	19888
4781	-4	6	19894
4782	-2	4	19898
4783	-2	4	19902
4784	-2	4	19906
4785	-2	4	19910
4786	-2	4	19914
4787	-2	4	19918
4788	-2	4	19922
4789	-3	5	19927
4790	-2	4	19931
4791	-2	4	19935
4792	-2	4	19939
4793	-2	4	19943
4794	-2	4	19947
4795	-2	4	19951
4796	-2	4	19955
4797	-2	4	19959
4798	-2	4	19963
4799	-2	4	19967
4800	-2	4	19971
4801	-2	4	19975
4802	-2	4	19979
4803	-2	4	19983
4804	-2	4	19987
4805	-2	4	19991
4806	-2	4	19995
4807	-2	4	19999
4808	-2	4	20003
4809	-2	4	20007
4810	-2	4	20011
4811	-2	4	20015
4812	-2	4	20019
4813	-2	4	20023
4814	-2	4	20027
4815	-2	4	20031
4816	-2	4	20035
4817	-2	4	20039
4818	-2	4	20043
4819	-2	4	20047
4820	-2	4	20051
4821	-2	4	20055
4822	-2	4	20059
4823	-2	4	20063
4824	-2	4	20067
4825	-2	4	20071
4826	-2	4	20075
4827	-2	4	20079
4828	-2	4	20083
4829	-2	4	20087
4830	-2	4	20091
4831	-2	4	20095
4832	-2	4	20099
4833	-2	4	20103
4834	-2	4	20107
4835	-2	4	20111
4836	-2	4	20115
4837	-2	4	20119
4838	-2	4	20123
4839	-2	4	20127
4840	-2	4	20131
4841	-4	6	20137
4842	-2	4	20141
4843	-2	4	20145
4844	-2	4	20149
4845	-2	4	20153
4846	-2	4	20157
4847	-2	4	20161
4848	-2	4	20165
4849	-2	4	20169
4850	-2	4	20173
4851	-2	4	20177
4852	-2	4	20181
4853	-2	4	20185
4854	-2	4	20189
4855	-2	4	20193
4856	-2	4	20197
4857	-2	4	20201
4858	-2	4	20205
4859	-2	4	20209
4860	-2	4	20213
4861	-2	4	20217
4862	-2	4	20221
4863	-2	4	20225
4864	-2	4	20229
4865	-2	4	20233
4866	-2	4	20237
4867	-2	4	20241
4868	-2	4	20245
4869	-2	4	20249
4870	-2	4	20253
4871	-2	4	20257
4872	-2	4	20261
4873	-2	4	20265
4874	-2	4	20269
4875	-2	4	20273
4876	-2	4	20277
4877	-2	4	20281
4878	-4	6	20287
4879	-2	4	20291
4880	-2	4	20295
4881	-2	4	20299
4882	-2	4	20303
4883	-2	4	20307
4884	-2	4	20311
4885	-2	4	20315
4886	-2	4	20319
4887	-2	4	20323
4888	-2	4	20327
4889	-2	4	20331
4890	-2	4	20335
4891	-2	4	20339
4892	-2	4	20343
4893	-2	4	20347
4894	-2	4	20351
4895	-2	4	20355
4896	-2	4	20359
4897	-2	4	20363
4898	-2	4	20367
4899	-2	4	20371
4900	-2	4	20375
4901	-2	4	20379
4902	-2	4	20383
4903	-2	4	20387
4904	-2	4	20391
4905	-4	6	20397
4906	-2	4	20401
4907	-2	4	20405
4908	-2	4	20409
4909	-2	4	20413
4910	-2	4	20417
4911	-2	4	20421
4912	-2	4	20425
4913	-2	4	20429
4914	-2	4	20433
4915	-2	4	20437
4916	-2	4	20441
4917	-2	4	20445
4918	-2	4	20449
4919	-2	4	20453
4920	-2	4	20457
4921	-2	4	20461
4922	-2	4	20465
4923	-2	4	20469
4924	-2	4	20473
4925	-4	6	20479
4926	-2	4	20483
4927	-2	4	20487
4928	-2	4	20491
4929	-2	4	20495
4930	-2	4	20499
4931	-4	6	20505
4932	-2	4	20509
4933	-2	4	20513
4934	-4	6	20519
4935	-2	4	20523
4936	-2	4	20527
4937	-2	4	20531
4938	-2	4	20535
4939	-2	4	20539
4940	-2	4	20543
4941	-2	4	20547
4942	-2	4	20551
4943	-2	4	20555
4944	-4	6	20561
4945	-2	4	20565
4946	-2	4	20569
4947	-2	4	20573
4948	-2	4	20577
4949	-2	4	20581
4950	-2	4	20585
4951	-2	4	20589
4952	-2	4	20593
4953	-2	4	20597
4954	-2	4	20601
4955	-2	4	20605
4956	-2	4	20609
4957	-2	4	20613
4958	-2	4	20617
4959	-2	4	20621
4960	-2	4	20625
4961	-2	4	20629
4962	-2	4	20633
4963	-2	4	20637
4964	-2	4	20641
4965	-2	4	20645
4966	-2	4	20649
4967	-2	4	20653
4968	-2	4	20657
4969	-2	4	20661
4970	-2	4	20665
4971	-2	4	20669
4972	-2	4	20673
4973	-2	4	20677
4974	-2	4	20681
4975	-2	4	20685
4976	-2	4	20689
4977	-2	4	20693
4978	-2	4	20697
4979	-4	6	20703
4980	-2	4	20707
4981	-2	4	20711
4982	-2	4	20715
4983	-2	4	20719
4984	-2	4	20723
4985	-2	4	20727
4986	-2	4	20731
4987	-2	4	20735
4988	-2	4	20739
4989	-2	4	20743
4990	-2	4	20747
4991	-2	4	20751
4992	-2	4	20755
4993	-2	4	20759
4994	-2	4	20763
4995	-2	4	20767
4996	-2	4	20771
4997	-4	6	20777
4998	-4	6	20783
4999	-2	4	20787
5000	-2	4	20791
5001	-2	4	20795
5002	-4	6	20801
5003	-2	4	20805
5004	-2	4	20809
5005	-2	4	20813
5006	-2	4	20817
5007	-2	4	20821
5008	-2	4	20825
5009	-2	4	20829
5010	-2	4	20833
5011	-2	4	20837
5012	-2	4	20841
5013	-2	4	20845
5014	-2	4	20849
5015	-2	4	20853
5016	-2	4	20857
5017	-2	4	20861
5018	-2	4	20865
5019	-2	4	20869
5020	-2	4	20873
5021	-2	4	20877
5022	-2	4	20881
5023	-2	4	20885
5024	-2	4	20889
5025	-2	4	20893
5026	-2	4	20897
5027	-2	4	20901
5028	-2	4	20905
5029	-2	4	20909
5030	-2	4	20913
5031	-2	4	20917
5032	-2	4	20921
5033	-2	4	20925
5034	-2	4	20929
5035	-2	4	20933
5036	-2	4	20937
5037	-2	4	20941
5038	-2	4	20945
5039	-5	7	20952
5040	-2	4	20956
5041	-2	4	20960
5042	-2	4	20964
5043	-2	4	20968
5044	-2	4	20972
5045	-2	4	20976
5046	-4	6	20982
5047	-2	4	20986
5048	-2	4	20990
5049	-2	4	20994
5050	-2	4	20998
5051	-2	4	21002
5052	-2	4	21006
5053	-2	4	21010
5054	-2	4	21014
5055	-2	4	21018
5056	-2	4	21022
5057	-2	4	21026
5058	-2	4	21030
5059	-2	4	21034
5060	-2	4	21038
5061	-2	4	21042
5062	-2	4	21046
5063	-2	4	21050
5064	-2	4	21054
5065	-2	4	21058
5066	-2	4	21062
5067	-2	4	21066
5068	-2	4	21070
5069	-2	4	21074
5070	-2	4	21078
5071	-2	4	21082
5072	-2	4	21086
5073	-2	4	21090
5074	-2	4	21094
5075	-2	4	21098
5076	-4	6	21104
5077	-2	4	21108
5078	-2	4	21112
5079	-2	4	21116
5080	-2	4	21120
5081	-2	4	21124
5082	-2	4	21128
5083	-2	4	21132
5084	-2	4	21136
5085	-2	4	21140
5086	-2	4	21144
5087	-2	4	21148
5088	-2	4	21152
5089	-2	4	21156
5090	-2	4	21160
5091	-2	4	21164
5092	-2	4	21168
5093	-2	4	21172
5094	-2	4	21176
5095	-2	4	21180
5096	-2	4	21184
5097	-2	4	21188
5098	-2	4	21192
5099	-4	6	21198
5100	-2	4	21202
5101	-2	4	21206
5102	-2	4	21210
5103	-2	4	21214
5104	-2	4	21218
5105	-2	4	21222
5106	-2	4	21226
5107	-2	4	21230
5108	-4	6	21236
5109	-2	4	21240
5110	-2	4	21244
5111	-2	4	21248
5112	-2	4	21252
5113	-2	4	21256
5114	-2	4	21260
5115	-2	4	21264
5116	-2	4	21268
5117	-2	4	21272
5118	-2	4	21276
5119	-4	6	21282
5120	-2	4	21286
5121	-2	4	21290
5122	-2	4	21294
5123	-2	4	21298
5124	-2	4	21302
5125	-2	4	21306
5126	-2	4	21310
5127	-2	4	21314
5128	-2	4	21318
5129	-4	6	21324
5130	-2	4	21328
5131	-2	4	21332
5132	-2	4	21336
5133	-2	4	21340
5134	-2	4	21344
5135	-2	4	21348
5136	-2	4	21352
5137	-2	4	21356
5138	-2	4	21360
5139	-2	4	21364
5140	-2	4	21368
5141	-3	5	21373
5142	-2	4	21377
5143	-2	4	21381
5144	-2	4	21385
5145	-2	4	21389
5146	-2	4	21393
5147	-4	6	21399
5148	-2	4	21403
5149	-2	4	21407
5150	-2	4	21411
5151	-2	4	21415
5152	-2	4	21419
5153	-2	4	21423
5154	-4	6	21429
5155	-4	6	21435
5156	-2	4	21439
5157	-2	4	21443
5158	-2	4	21447
5159	-2	4	21451
5160	-2	4	21455
5161	-2	4	21459
5162	-2	4	21463
5163	-2	4	21467
5164	-4	6	21473
5165	-2	4	21477
5166	-2	4	21481
5167	-2	4	21485
5168	-4	6	21491
5169	-2	4	21495
5170	-2	4	21499
5171	-2	4	21503
5172	-2	4	21507
5173	-2	4	21511
5174	-2	4	21515
5175	-2	4	21519
5176	-2	4	21523
5177	-2	4	21527
5178	-2	4	21531
5179	-2	4	21535
5180	-2	4	21539
5181	-2	4	21543
5182	-2	4	21547
5183	-2	4	21551
5184	-2	4	21555
5185	-6	8	21563
5186	-2	4	21567
5187	-2	4	21571
5188	-2	4	21575
5189	-2	4	21579
5190	-2	4	21583
5191	-2	4	21587
5192	-2	4	21591
5193	-2	4	21595
5194	-2	4	21599
5195	-2	4	21603
5196	-2	4	21607
5197	-2	4	21611
5198	-2	4	21615
5199	-2	4	21619
5200	-2	4	21623
5201	-2	4	21627
5202	-2	4	21631
5203	-2	4	21635
5204	-2	4	21639
5205	-2	4	21643
5206	-2	4	21647
5207	-2	4	21651
5208	-2	4	21655
5209	-2	4	21659
5210	-2	4	21663
5211	-2	4	21667
5212	-2	4	21671
5213	-2	4	21675
5214	-2	4	21679
5215	-2	4	21683
5216	-2	4	21687
5217	-2	4	21691
5218	-2	4	21695
5219	-2	4	21699
5220	-2	4	21703
5221	-2	4	21707
5222	-2	4	21711
5223	-2	4	21715
5224	-2	4	21719
5225	-2	4	21723
5226	-2	4	21727
5227	-2	4	21731
5228	-2	4	21735
5229	-2	4	21739
5230	-2	4	21743
5231	-2	4	21747
5232	-2	4	21751
5233	-2	4	21755
5234	-2	4	21759
5235	-2	4	21763
5236	-2	4	21767
5237	-2	4	21771
5238	-2	4	21775
5239	-2	4	21779
5240	-2	4	21783
5241	-2	4	21787
5242	-2	4	21791
5243	-4	6	21797
5244	-2	4	21801
5245	-2	4	21805
5246	-2	4	21809
5247	-2	4	21813
5248	-2	4	21817
5249	-2	4	21821
5250	-2	4	21825
5251	-2	4	21829
5252	-2	4	21833
5253	-2	4	21837
5254	-2	4	21841
5255	-2	4	21845
5256	-2	4	21849
5257	-2	4	21853
5258	-2	4	21857
5259	-2	4	21861
5260	-2	4	21865
5261	-4	6	21871
5262	-2	4	21875
5263	-2	4	21879
5264	-2	4	21883
5265	-2	4	21887
5266	-2	4	21891
5267	-2	4	21895
5268	-2	4	21899
5269	-2	4	21903
5270	-2	4	21907
5271	-2	4	21911
5272	-2	4	21915
5273	-2	4	21919
5274	-2	4	21923
5275	-2	4	21927
5276	-4	6	21933
5277	-2	4	21937
5278	-2	4	21941
5279	-2	4	21945
5280	-2	4	21949
5281	-2	4	21953
5282	-2	4	21957
5283	-2	4	21961
5284	-2	4	21965
5285	-2	4	21969
5286	-2	4	21973
5287	-2	4	21977
5288	-2	4	21981
5289	-2	4	21985
5290	-2	4	21989
5291	-2	4	21993
5292	-4	6	21999
5293	-2	4	22003
5294	-2	4	22007
5295	-2	4	22011
5296	-2	4	22015
5297	-2	4	22019
5298	-2	4	22023
5299	-2	4	22027
5300	-4	6	22033
5301	-2	4	22037
5302	-2	4	22041
5303	-2	4	22045
5304	-2	4	22049
5305	-2	4	22053
5306	-2	4	22057
5307	-2	4	22061
5308	-2	4	22065
5309	-2	4	22069
5310	-2	4	22073
5311	-2	4	22077
5312	-2	4	22081
5313	-2	4	22085
5314	-2	4	22089
5315	-2	4	22093
5316	-2	4	22097
5317	-2	4	22101
5318	-2	4	22105
5319	-2	4	22109
5320	-4	6	22115
5321	-2	4	22119
5322	-2	4	22123
5323	-2	4	22127
5324	-2	4	22131
5325	-2	4	22135
5326	-2	4	22139
5327	-2	4	22143
5328	-2	4	22147
5329	-2	4	22151
5330	-2	4	22155
5331	-2	4	22159
5332	-2	4	22163
5333	-2	4	22167
5334	-2	4	22171
5335	-2	4	22175
5336	-2	4	22179
5337	-2	4	22183
5338	-2	4	22187
5339	-2	4	22191
5340	-2	4	22195
5341	-2	4	22199
5342	-2	4	22203
5343	-2	4	22207
5344	-2	4	22211
5345	-2	4	22215
5346	-2	4	22219
5347	-2	4	22223
5348	-2	4	22227
5349	-2	4	22231
5350	-2	4	22235
5351	-2	4	22239
5352	-2	4	22243
5353	-2	4	22247
5354	-2	4	22251
5355	-2	4	22255
5356	-2	4	22259
5357	-2	4	22263
5358	-2	4	22267
5359	-2	4	22271
5360	-2	4	22275
5361	-2	4	22279
5362	-2	4	22283
5363	-2	4	22287
5364	-2	4	22291
5365	-2	4	22295
5366	-2	4	22299
5367	-2	4	22303
5368	-2	4	22307
5369	-4	6	22313
5370	-2	4	22317
5371	-2	4	22321
5372	-2	4	22325
5373	-2	4	22329
5374	-2	4	22333
5375	-2	4	22337
5376	-2	4	22341
5377	-2	4	22345
5378	-2	4	22349
5379	-2	4	22353
5380	-2	4	22357
5381	-2	4	22361
5382	-2	4	22365
5383	-2	4	22369
5384	-2	4	22373
5385	-2	4	22377
5386	-2	4	22381
5387	-2	4	22385
5388	-2	4	22389
5389	-2	4	22393
5390	-4	6	22399
5391	-2	4	22403
5392	-2	4	22407
5393	-2	4	22411
5394	-4	6	22417
5395	-2	4	22421
5396	-2	4	22425
5397	-4	6	22431
5398	-2	4	22435
5399	-2	4	22439
5400	-2	4	22443
5401	-2	4	22447
5402	-2	4	22451
5403	-2	4	22455
5404	-2	4	22459
5405	-2	4	22463
5406	-2	4	22467
5407	-2	4	22471
5408	-2	4	22475
5409	-2	4	22479
5410	-2	4	22483
5411	-2	4	22487
5412	-2	4	22491
5413	-2	4	22495
5414	-2	4	22499
5415	-2	4	22503
5416	-4	6	22509
5417	-2	4	22513
5418	-2	4	22517
5419	-2	4	22521
5420	-2	4	22525
5421	-2	4	22529
5422	-2	4	22533
5423	-2	4	22537
5424	-4	6	22543
5425	-2	4	22547
5426	-4	6	22553
5427	-2	4	22557
5428	-2	4	22561
5429	-2	4	22565
5430	-2	4	22569
5431	-2	4	22573
5432	-2	4	22577
5433	-2	4	22581
5434	-2	4	22585
5435	-2	4	22589
5436	-2	4	22593
5437	-2	4	22597
5438	-2	4	22601
5439	-2	4	22605
5440	-2	4	22609
5441	-2	4	22613
5442	-2	4	22617
5443	-2	4	22621
5444	-2	4	22625
5445	-2	4	22629
5446	-2	4	22633
5447	-2	4	22637
5448	-2	4	22641
5449	-2	4	22645
5450	-2	4	22649
5451	-2	4	22653
5452	-2	4	22657
5453	-2	4	22661
5454	-2	4	22665
5455	-2	4	22669
5456	-2	4	22673
5457	-2	4	22677
5458	-2	4	22681
5459	-2	4	22685
5460	-2	4	22689
5461	-2	4	22693
5462	-2	4	22697
5463	-2	4	22701
5464	-2	4	22705
5465	-2	4	22709
5466	-2	4	22713
5467	-2	4	22717
5468	-2	4	22721
5469	-2	4	22725
5470	-2	4	22729
5471	-2	4	22733
5472	-2	4	22737
5473	-2	4	22741
5474	-2	4	22745
5475	-2	4	22749
5476	-2	4	22753
5477	-2	4	22757
5478	-2	4	22761
5479	-2	4	22765
5480	-2	4	22769
5481	-2	4	22773
5482	-2	4	22777
5483	-2	4	22781
5484	-2	4	22785
5485	-2	4	22789
5486	-2	4	22793
5487	-2	4	22797
5488	-2	4	22801
5489	-2	4	22805
5490	-2	4	22809
5491	-2	4	22813
5492	-2	4	22817
5493	-2	4	22821
5494	-2	4	22825
5495	-2	4	22829
5496	-2	4	22833
5497	-2	4	22837
5498	-4	6	22843
5499	-4	6	22849
5500	-2	4	22853
5501	-2	4	22857
5502	-2	4	22861
5503	-2	4	22865
5504	-2	4	22869
5505	-2	4	22873
5506	-2	4	22877
5507	-2	4	22881
5508	-2	4	22885
5509	-2	4	22889
5510	-2	4	22893
5511	-2	4	22897
5512	-2	4	22901
5513	-2	4	22905
5514	-2	4	22909
5515	-4	6	22915
5516	-2	4	22919
5517	-2	4	22923
5518	-2	4	22927
5519	-2	4	22931
5520	-2	4	22935
5521	-2	4	22939
5522	-2	4	22943
5523	-2	4	22947
5524	-2	4	22951
5525	-2	4	22955
5526	-2	4	22959
5527	-2	4	22963
5528	-2	4	22967
5529	-2	4	22971
5530	-2	4	22975
5531	-2	4	22979
5532	-2	4	22983
5533	-2	4	22987
5534	-2	4	22991
5535	-2	4	22995
5536	-2	4	22999
5537	-2	4	23003
5538	-2	4	23007
5539	-2	4	23011
5540	-2	4	23015
5541	-2	4	23019
5542	-2	4	23023
5543	-2	4	23027
5544	-2	4	23031
5545	-4	6	23037
5546	-2	4	23041
5547	-2	4	23045
5548	-2	4	23049
5549	-4	6	23055
5550	-2	4	23059
5551	-2	4	23063
5552	-2	4	23067
5553	-2	4	23071
5554	-2	4	23075
5555	-2	4	23079
5556	-2	4	23083
5557	-2	4	23087
5558	-2	4	23091
5559	-2	4	23095
5560	-2	4	23099
5561	-2	4	23103
5562	-2	4	23107
5563	-2	4	23111
5564	-2	4	23115
5565	-2	4	23119
5566	-4	6	23125
5567	-2	4	23129
5568	-2	4	23133
5569	-2	4	23137
5570	-2	4	23141
5571	-2	4	23145
5572	-2	4	23149
5573	-2	4	23153
5574	-2	4	23157
5575	-2	4	23161
5576	-2	4	23165
5577	-2	4	23169
5578	-2	4	23173
5579	-2	4	23177
5580	-2	4	23181
5581	-2	4	23185
5582	-2	4	23189
5583	-2	4	23193
5584	-2	4	23197
5585	-2	4	23201
5586	-2	4	23205
5587	-2	4	23209
5588	-2	4	23213
5589	-2	4	23217
5590	-4	6	23223
5591	-2	4	23227
5592	-2	4	23231
5593	-2	4	23235
5594	-4	6	23241
5595	-2	4	23245
5596	-2	4	23249
5597	-2	4	23253
5598	-2	4	23257
5599	-2	4	23261
5600	-2	4	23265
5601	-2	4	23269
5602	-2	4	23273
5603	-2	4	23277
5604	-2	4	23281
5605	-2	4	23285
5606	-2	4	23289
5607	-2	4	23293
5608	-2	4	23297
5609	-4	6	23303
5610	-2	4	23307
5611	-2	4	23311
5612	-2	4	23315
5613	-2	4	23319
5614	-2	4	23323
5615	-2	4	23327
5616	-2	4	23331
5617	-2	4	23335
5618	-2	4	23339
5619	-2	4	23343
5620	-2	4	23347
5621	-4	6	23353
5622	-2	4	23357
5623	-2	4	23361
5624	-2	4	23365
5625	-2	4	23369
5626	-2	4	23373
5627	-2	4	23377
5628	-2	4	23381
5629	-2	4	23385
5630	-2	4	23389
5631	-4	6	23395
5632	-2	4	23399
5633	-2	4	23403
5634	-2	4	23407
5635	-2	4	23411
5636	-2	4	23415
5637	-2	4	23419
5638	-2	4	23423
5639	-2	4	23427
5640	-2	4	23431
5641	-2	4	23435
5642	-2	4	23439
5643	-2	4	23443
5644	-2	4	23447
5645	-2	4	23451
5646	-2	4	23455
5647	-2	4	23459
5648	-2	4	23463
5649	-2	4	23467
5650	-2	4	23471
5651	-2	4	23475
5652	-2	4	23479
5653	-2	4	23483
5654	-2	4	23487
5655	-2	4	23491
5656	-2	4	23495
5657	-2	4	23499
5658	-2	4	23503
5659	-4	6	23509
5660	-2	4	23513
5661	-2	4	23517
5662	-2	4	23521
5663	-2	4	23525
5664	-2	4	23529
5665	-2	4	23533
5666	-2	4	23537
5667	-2	4	23541
5668	-2	4	23545
5669	-2	4	23549
5670	-2	4	23553
5671	-2	4	23557
5672	-2	4	23561
5673	-2	4	23565
5674	-2	4	23569
5675	-2	4	23573
5676	-2	4	23577
5677	-2	4	23581
5678	-2	4	23585
5679	-2	4	23589
5680	-2	4	23593
5681	-2	4	23597
5682	-2	4	23601
5683	-2	4	23605
5684	-6	8	23613
5685	-2	4	23617
5686	-2	4	23621
5687	-2	4	23625
5688	-2	4	23629
5689	-2	4	23633
5690	-2	4	23637
5691	-2	4	23641
5692	-2	4	23645
5693	-2	4	23649
5694	-2	4	23653
5695	-2	4	23657
5696	-2	4	23661
5697	-2	4	23665
5698	-4	6	23671
5699	-2	4	23675
5700	-2	4	23679
5701	-2	4	23683
5702	-2	4	23687
5703	-2	4	23691
5704	-2	4	23695
5705	-2	4	23699
5706	-2	4	23703
5707	-2	4	23707
5708	-2	4	23711
5709	-2	4	23715
5710	-2	4	23719
5711	-2	4	23723
5712	-2	4	23727
5713	-2	4	23731
5714	-2	4	23735
5715	-2	4	23739
5716	-2	4	23743
5717	-2	4	23747
5718	-2	4	23751
5719	-4	6	23757
5720	-2	4	23761
5721	-3	5	23766
5722	-2	4	23770
5723	-2	4	23774
5724	-2	4	23778
5725	-2	4	23782
5726	-2	4	23786
5727	-2	4	23790
5728	-2	4	23794
5729	-2	4	23798
5730	-2	4	23802
5731	-2	4	23806
5732	-2	4	23810
5733	-2	4	23814
5734	-2	4	23818
5735	-2	4	23822
5736	-2	4	23826
5737	-2	4	23830
5738	-2	4	23834
5739	-3	5	23839
5740	-2	4	23843
5741	-2	4	23847
5742	-2	4	23851
5743	-2	4	23855
5744	-2	4	23859
5745	-2	4	23863
5746	-2	4	23867
5747	-2	4	23871
5748	-4	6	23877
5749	-2	4	23881
5750	-2	4	23885
5751	-2	4	23889
5752	-2	4	23893
5753	-2	4	23897
5754	-2	4	23901
5755	-2	4	23905
5756	-2	4	23909
5757	-2	4	23913
5758	-2	4	23917
5759	-2	4	23921
5760	-2	4	23925
5761	-2	4	23929
5762	-2	4	23933
5763	-2	4	23937
5764	-2	4	23941
5765	-2	4	23945
5766	-2	4	23949
5767	-2	4	23953
5768	-2	4	23957
5769	-2	4	23961
5770	-2	4	23965
5771	-2	4	23969
5772	-2	4	23973
5773	-2	4	23977
5774	-2	4	23981
5775	-2	4	23985
5776	-2	4	23989
5777	-2	4	23993
5778	-2	4	23997
5779	-2	4	24001
5780	-2	4	24005
5781	-2	4	24009
5782	-2	4	24013
5783	-2	4	24017
5784	-2	4	24021
5785	-2	4	24025
5786	-2	4	24029
5787	-2	4	24033
5788	-2	4	24037
5789	-2	4	24041
5790	-2	4	24045
5791	-2	4	24049
5792	-2	4	24053
5793	-4	6	24059
5794	-2	4	24063
5795	-2	4	24067
5796	-2	4	24071
5797	-2	4	24075
5798	-2	4	24079
5799	-2	4	24083
5800	-2	4	24087
5801	-2	4	24091
5802	-2	4	24095
5803	-2	4	24099
5804	-2	4	24103
5805	-2	4	24107
5806	-2	4	24111
5807	-2	4	24115
5808	-2	4	24119
5809	-2	4	24123
5810	-4	6	24129
5811	-2	4	24133
5812	-2	4	24137
5813	-2	4	24141
5814	-2	4	24145
5815	-2	4	24149
5816	-2	4	24153
5817	-2	4	24157
5818	-4	6	24163
5819	-2	4	24167
5820	-2	4	24171
5821	-2	4	24175
5822	-2	4	24179
5823	-2	4	24183
5824	-2	4	24187
5825	-2	4	24191
5826	-2	4	24195
5827	-2	4	24199
5828	-2	4	24203
5829	-4	6	24209
5830	-2	4	24213
5831	-2	4	24217
5832	-2	4	24221
5833	-2	4	24225
5834	-2	4	24229
5835	-2	4	24233
5836	-2	4	24237
5837	-2	4	24241
5838	-2	4	24245
5839	-4	6	24251
5840	-2	4	24255
5841	-2	4	24259
5842	-2	4	24263
5843	-2	4	24267
5844	-4	6	24273
5845	-4	6	24279
5846	-2	4	24283
5847	-2	4	24287
5848	-2	4	24291
5849	-4	6	24297
5850	-2	4	24301
5851	-2	4	24305
5852	-2	4	24309
5853	-2	4	24313
5854	-2	4	24317
5855	-2	4	24321
5856	-2	4	24325
5857	-2	4	24329
5858	-2	4	24333
5859	-2	4	24337
5860	-2	4	24341
5861	-2	4	24345
5862	-2	4	24349
5863	-2	4	24353
5864	-2	4	24357
5865	-2	4	24361
5866	-2	4	24365
5867	-2	4	24369
5868	-2	4	24373
5869	-2	4	24377
5870	-2	4	24381
5871	-2	4	24385
5872	-2	4	24389
5873	-2	4	24393
5874	-2	4	24397
5875	-2	4	24401
5876	-2	4	24405
5877	-2	4	24409
5878	-2	4	24413
5879	-2	4	24417
5880	-2	4	24421
5881	-2	4	24425
5882	-2	4	24429
5883	-2	4	24433
5884	-2	4	24437
5885	-2	4	24441
5886	-2	4	24445
5887	-2	4	24449
5888	-2	4	24453
5889	-2	4	24457
5890	-2	4	24461
5891	-2	4	24465
5892	-2	4	24469
5893	-2	4	24473
5894	-2	4	24477
5895	-2	4	24481
5896	-2	4	24485
5897	-2	4	24489
5898	-2	4	24493
5899	-2	4	24497
5900	-2	4	24501
5901	-2	4	24505
5902	-2	4	24509
5903	-2	4	24513
5904	-2	4	24517
5905	-2	4	24521
5906	-2	4	24525
5907	-2	4	24529
5908	-2	4	24533
5909	-2	4	24537
5910	-4	6	24543
5911	-2	4	24547
5912	-2	4	24551
5913	-2	4	24555
5914	-2	4	24559
5915	-2	4	24563
5916	-2	4	24567
5917	-2	4	24571
5918	-2	4	24575
5919	-2	4	24579
5920	-2	4	24583
5921	-2	4	24587
5922	-2	4	24591
5923	-2	4	24595
5924	-2	4	24599
5925	-4	6	24605
5926	-2	4	24609
5927	-2	4	24613
5928	-2	4	24617
5929	-2	4	24621
5930	-2	4	24625
5931	-2	4	24629
5932	-4	6	24635
5933	-2	4	24639
5934	-2	4	24643
5935	-2	4	24647
5936	-2	4	24651
5937	-2	4	24655
5938	-2	4	24659
5939	-2	4	24663
5940	-2	4	24667
5941	-2	4	24671
5942	-2	4	24675
5943	-2	4	24679
5944	-2	4	24683
5945	-2	4	24687
5946	-2	4	24691
5947	-2	4	24695
5948	-2	4	24699
5949	-4	6	24705
5950	-2	4	24709
5951	-2	4	24713
5952	-2	4	24717
5953	-2	4	24721
5954	-2	4	24725
5955	-2	4	24729
5956	-2	4	24733
5957	-2	4	24737
5958	-2	4	24741
5959	-2	4	24745
5960	-2	4	24749
5961	-2	4	24753
5962	-2	4	24757
5963	-2	4	24761
5964	-2	4	24765
5965	-2	4	24769
5966	-2	4	24773
5967	-2	4	24777
5968	-2	4	24781
5969	-2	4	24785
5970	-2	4	24789
5971	-2	4	24793
5972	-2	4	24797
5973	-2	4	24801
5974	-2	4	24805
5975	-2	4	24809
5976	-2	4	24813
5977	-2	4	24817
5978	-2	4	24821
5979	-4	6	24827
5980	-2	4	24831
5981	-2	4	24835
5982	-2	4	24839
5983	-2	4	24843
5984	-2	4	24847
5985	-2	4	24851
5986	-2	4	24855
5987	-2	4	24859
5988	-2	4	24863
5989	-2	4	24867
5990	-2	4	24871
5991	-2	4	24875
5992	-2	4	24879
5993	-2	4	24883
5994	-2	4	24887
5995	-2	4	24891
5996	-2	4	24895
5997	-2	4	24899
5998	-2	4	24903
5999	-2	4	24907
6000	-2	4	24911
6001	-2	4	24915
6002	-2	4	24919
6003	-4	6	24925
6004	-2	4	24929
6005	-2	4	24933
6006	-2	4	24937
6007	-2	4	24941
6008	-2	4	24945
6009	-2	4	24949
6010	-2	4	24953
6011	-2	4	24957
6012	-2	4	24961
6013	-2	4	24965
6014	-2	4	24969
6015	-2	4	24973
6016	-2	4	24977
6017	-2	4	24981
6018	-2	4	24985
6019	-2	4	24989
6020	-2	4	24993
6021	-2	4	24997
6022	-2	4	25001
6023	-4	6	25007
6024	-2	4	25011
6025	-4	6	25017
6026	-2	4	25021
6027	-4	6	25027
6028	-2	4	25031
6029	-2	4	25035
6030	-2	4	25039
6031	-2	4	25043
6032	-2	4	25047
6033	-2	4	25051
6034	-2	4	25055
6035	-2	4	25059
6036	-2	4	25063
6037	-2	4	25067
6038	-2	4	25071
6039	-2	4	25075
6040	-2	4	25079
6041	-2	4	25083
6042	-2	4	25087
6043	-2	4	25091
6044	-4	6	25097
6045	-2	4	25101
6046	-2	4	25105
6047	-2	4	25109
6048	-2	4	25113
6049	-2	4	25117
6050	-2	4	25121
6051	-2	4	25125
6052	-2	4	25129
6053	-2	4	25133
6054	-2	4	25137
6055	-4	6	25143
6056	-2	4	25147
6057	-2	4	25151
6058	-2	4	25155
6059	-2	4	25159
6060	-2	4	25163
6061	-2	4	25167
6062	-2	4	25171
6063	-2	4	25175
6064	-2	4	25179
6065	-2	4	25183
6066	-2	4	25187
6067	-2	4	25191
6068	-2	4	25195
6069	-2	4	25199
6070	-2	4	25203
6071	-2	4	25207
6072	-2	4	25211
6073	-4	6	25217
6074	-2	4	25221
6075	-2	4	25225
6076	-2	4	25229
6077	-2	4	25233
6078	-2	4	25237
6079	-2	4	25241
6080	-2	4	25245
6081	-2	4	25249
6082	-2	4	25253
6083	-2	4	25257
6084	-2	4	25261
6085	-2	4	25265
6086	-2	4	25269
6087	-2	4	25273
6088	-2	4	25277
6089	-2	4	25281
6090	-2	4	25285
6091	-2	4	25289
6092	-2	4	25293
6093	-2	4	25297
6094	-2	4	25301
6095	-2	4	25305
6096	-2	4	25309
6097	-2	4	25313
6098	-3	5	25318
6099	-2	4	25322
6100	-2	4	25326
6101	-2	4	25330
6102	-4	6	25336
6103	-2	4	25340
6104	-2	4	25344
6105	-2	4	25348
6106	-2	4	25352
6107	-2	4	25356
6108	-2	4	25360
6109	-2	4	25364
6110	-2	4	25368
6111	-2	4	25372
6112	-2	4	25376
6113	-3	5	25381
6114	-2	4	25385
6115	-2	4	25389
6116	-2	4	25393
6117	-2	4	25397
6118	-2	4	25401
6119	-2	4	25405
6120	-2	4	25409
6121	-2	4	25413
6122	-2	4	25417
6123	-2	4	25421
6124	-2	4	25425
6125	-2	4	25429
6126	-2	4	25433
6127	-2	4	25437
6128	-2	4	25441
6129	-2	4	25445
6130	-4	6	25451
6131	-2	4	25455
6132	-2	4	25459
6133	-2	4	25463
6134	-2	4	25467
6135	-2	4	25471
6136	-2	4	25475
6137	-2	4	25479
6138	-2	4	25483
6139	-2	4	25487
6140	-2	4	25491
6141	-4	6	25497
6142	-2	4	25501
6143	-2	4	25505
6144	-2	4	25509
6145	-2	4	25513
6146	-2	4	25517
6147	-2	4	25521
6148	-2	4	25525
6149	-2	4	25529
6150	-2	4	25533
6151	-2	4	25537
6152	-2	4	25541
6153	-2	4	25545
6154	-2	4	25549
6155	-2	4	25553
6156	-2	4	25557
6157	-2	4	25561
6158	-2	4	25565
6159	-2	4	25569
6160	-2	4	25573
6161	-2	4	25577
6162	-2	4	25581
6163	-2	4	25585
6164	-2	4	25589
6165	-2	4	25593
6166	-2	4	25597
6167	-2	4	25601
6168	-2	4	25605
6169	-2	4	25609
6170	-2	4	25613
6171	-2	4	25617
6172	-2	4	25621
6173	-2	4	25625
6174	-2	4	25629
6175	-2	4	25633
6176	-2	4	25637
6177	-2	4	25641
6178	-2	4	25645
6179	-2	4	25649
6180	-2	4	25653
6181	-2	4	25657
6182	-2	4	25661
6183	-2	4	25665
6184	-2	4	25669
6185	-2	4	25673
6186	-2	4	25677
6187	-2	4	25681
6188	-2	4	25685
6189	-2	4	25689
6190	-2	4	25693
6191	-2	4	25697
6192	-2	4	25701
6193	-2	4	25705
6194	-2	4	25709
6195	-2	4	25713
6196	-2	4	25717
6197	-2	4	25721
6198	-2	4	25725
6199	-2	4	25729
6200	-2	4	25733
6201	-2	4	25737
6202	-2	4	25741
6203	-2	4	25745
6204	-2	4	25749
6205	-2	4	25753
6206	-2	4	25757
6207	-2	4	25761
6208	-2	4	25765
6209	-2	4	25769
6210	-2	4	25773
6211	-2	4	25777
6212	-2	4	25781
6213	-2	4	25785
6214	-2	4	25789
6215	-2	4	25793
6216	-2	4	25797
6217	-2	4	25801
6218	-2	4	25805
6219	-2	4	25809
6220	-4	6	25815
6221	-4	6	25821
6222	-2	4	25825
6223	-2	4	25829
6224	-2	4	25833
6225	-2	4	25837
6226	-2	4	25841
6227	-2	4	25845
6228	-2	4	25849
6229	-2	4	25853
6230	-2	4	25857
6231	-2	4	25861
6232	-2	4	25865
6233	-2	4	25869
6234	-2	4	25873
6235	-2	4	25877
6236	-2	4	25881
6237	-2	4	25885
6238	-2	4	25889
6239	-2	4	25893
6240	-2	4	25897
6241	-2	4	25901
6242	-2	4	25905
6243	-2	4	25909
6244	-2	4	25913
6245	-2	4	25917
6246	-2	4	25921
6247	-2	4	25925
6248	-2	4	25929
6249	-2	4	25933
6250	-2	4	25937
6251	-2	4	25941
6252	-2	4	25945
6253	-2	4	25949
6254	-2	4	25953
6255	-2	4	25957
6256	-2	4	25961
6257	-2	4	25965
6258	-2	4	25969
6259	-2	4	25973
6260	-2	4	25977
6261	-3	5	25982
6262	-2	4	25986
6263	-2	4	25990
6264	-2	4	25994
6265	-2	4	25998
6266	-2	4	26002
6267	-2	4	26006
6268	-2	4	26010
6269	-2	4	26014
6270	-2	4	26018
6271	-2	4	26022
6272	-2	4	26026
6273	-2	4	26030
6274	-2	4	26034
6275	-2	4	26038
6276	-2	4	26042
6277	-4	6	26048
6278	-2	4	26052
6279	-2	4	26056
6280	-2	4	26060
6281	-2	4	26064
6282	-2	4	26068
6283	-2	4	26072
6284	-2	4	26076
6285	-2	4	26080
6286	-2	4	26084
6287	-2	4	26088
6288	-2	4	26092
6289	-2	4	26096
6290	-2	4	26100
6291	-2	4	26104
6292	-2	4	26108
6293	-2	4	26112
6294	-2	4	26116
6295	-2	4	26120
6296	-4	6	26126
6297	-2	4	26130
6298	-2	4	26134
6299	-2	4	26138
6300	-2	4	26142
6301	-2	4	26146
6302	-2	4	26150
6303	-2	4	26154
6304	-2	4	26158
6305	-2	4	26162
6306	-2	4	26166
6307	-2	4	26170
6308	-2	4	26174
6309	-2	4	26178
6310	-2	4	26182
6311	-2	4	26186
6312	-2	4	26190
6313	-2	4	26194
6314	-2	4	26198
6315	-4	6	26204
6316	-2	4	26208
6317	-2	4	26212
6318	-2	4	26216
6319	-2	4	26220
6320	-2	4	26224
6321	-2	4	26228
6322	-2	4	26232
6323	-2	4	26236
6324	-2	4	26240
6325	-2	4	26244
6326	-2	4	26248
6327	-2	4	26252
6328	-2	4	26256
6329	-2	4	26260
6330	-2	4	26264
6331	-2	4	26268
6332	-2	4	26272
6333	-2	4	26276
6334	-2	4	26280
6335	-2	4	26284
6336	-2	4	26288
6337	-2	4	26292
6338	-2	4	26296
6339	-2	4	26300
6340	-2	4	26304
6341	-2	4	26308
6342	-2	4	26312
6343	-4	6	26318
6344	-2	4	26322
6345	-2	4	26326
6346	-2	4	26330
6347	-2	4	26334
6348	-2	4	26338
6349	-2	4	26342
6350	-2	4	26346
6351	-2	4	26350
6352	-2	4	26354
6353	-2	4	26358
6354	-2	4	26362
6355	-2	4	26366
6356	-2	4	26370
6357	-4	6	26376
6358	-2	4	26380
6359	-2	4	26384
6360	-2	4	26388
6361	-2	4	26392
6362	-2	4	26396
6363	-2	4	26400
6364	-2	4	26404
6365	-2	4	26408
6366	-2	4	26412
6367	-2	4	26416
6368	-2	4	26420
6369	-2	4	26424
6370	-2	4	26428
6371	-2	4	26432
6372	-2	4	26436
6373	-2	4	26440
6374	-2	4	26444
6375	-2	4	26448
6376	-2	4	26452
6377	-2	4	26456
6378	-4	6	26462
6379	-2	4	26466
6380	-2	4	26470
6381	-2	4	26474
6382	-2	4	26478
6383	-2	4	26482
6384	-2	4	26486
6385	-2	4	26490
6386	-2	4	26494
6387	-2	4	26498
6388	-2	4	26502
6389	-2	4	26506
6390	-2	4	26510
6391	-2	4	26514
6392	-2	4	26518
6393	-4	6	26524
6394	-2	4	26528
6395	-2	4	26532
6396	-4	6	26538
6397	-2	4	26542
6398	-2	4	26546
6399	-2	4	26550
6400	-4	6	26556
6401	-2	4	26560
6402	-2	4	26564
6403	-2	4	26568
6404	-2	4	26572
6405	-3	5	26577
6406	-2	4	26581
6407	-2	4	26585
6408	-2	4	26589
6409	-2	4	26593
6410	-2	4	26597
6411	-2	4	26601
6412	-2	4	26605
6413	-2	4	26609
6414	-2	4	26613
6415	-2	4	26617
6416	-2	4	26621
6417	-2	4	26625
6418	-2	4	26629
6419	-2	4	26633
6420	-2	4	26637
6421	-2	4	26641
6422	-2	4	26645
6423	-2	4	26649
6424	-2	4	26653
6425	-2	4	26657
6426	-2	4	26661
6427	-2	4	26665
6428	-2	4	26669
6429	-2	4	26673
6430	-2	4	26677
6431	-4	6	26683
6432	-2	4	26687
6433	-2	4	26691
6434	-2	4	26695
6435	-2	4	26699
6436	-2	4	26703
6437	-2	4	26707
6438	-2	4	26711
6439	-2	4	26715
6440	-2	4	26719
6441	-2	4	26723
6442	-2	4	26727
6443	-2	4	26731
6444	-2	4	26735
6445	-2	4	26739
6446	-2	4	26743
6447	-2	4	26747
6448	-4	6	26753
6449	-2	4	26757
6450	-2	4	26761
6451	-2	4	26765
6452	-2	4	26769
6453	-2	4	26773
6454	-2	4	26777
6455	-2	4	26781
6456	-2	4	26785
6457	-2	4	26789
6458	-2	4	26793
6459	-2	4	26797
6460	-2	4	26801
6461	-2	4	26805
6462	-2	4	26809
6463	-2	4	26813
6464	-2	4	26817
6465	-2	4	26821
6466	-2	4	26825
6467	-4	6	26831
6468	-2	4	26835
6469	-2	4	26839
6470	-2	4	26843
6471	-2	4	26847
6472	-2	4	26851
6473	-2	4	26855
6474	-2	4	26859
6475	-2	4	26863
6476	-2	4	26867
6477	-2	4	26871
6478	-2	4	26875
6479	-2	4	26879
6480	-2	4	26883
6481	-2	4	26887
6482	-2	4	26891
6483	-2	4	26895
6484	-2	4	26899
6485	-2	4	26903
6486	-2	4	26907
6487	-2	4	26911
6488	-2	4	26915
6489	-2	4	26919
6490	-2	4	26923
6491	-2	4	26927
6492	-2	4	26931
6493	-2	4	26935
6494	-2	4	26939
6495	-2	4	26943
6496	-2	4	26947
6497	-2	4	26951
6498	-2	4	26955
6499	-2	4	26959
6500	-2	4	26963
6501	-2	4	26967
6502	-2	4	26971
6503	-2	4	26975
6504	-2	4	26979
6505	-2	4	26983
6506	-2	4	26987
6507	-2	4	26991
6508	-2	4	26995
6509	-2	4	26999
6510	-2	4	27003
6511	-2	4	27007
6512	-2	4	27011
6513	-2	4	27015
6514	-2	4	27019
6515	-4	6	27025
6516	-2	4	27029
6517	-2	4	27033
6518	-2	4	27037
6519	-2	4	27041
6520	-2	4	27045
6521	-2	4	27049
6522	-2	4	27053
6523	-2	4	27057
6524	-2	4	27061
6525	-2	4	27065
6526	-2	4	27069
6527	-2	4	27073
6528	-2	4	27077
6529	-2	4	27081
6530	-2	4	27085
6531	-2	4	27089
6532	-2	4	27093
6533	-2	4	27097
6534	-2	4	27101
6535	-2	4	27105
6536	-2	4	27109
6537	-2	4	27113
6538	-2	4	27117
6539	-2	4	27121
6540	-2	4	27125
6541	-2	4	27129
6542	-2	4	27133
6543	-2	4	27137
6544	-2	4	27141
6545	-2	4	27145
6546	-2	4	27149
6547	-2	4	27153
6548	-2	4	27157
6549	-2	4	27161
6550	-2	4	27165
6551	-2	4	27169
6552	-2	4	27173
6553	-2	4	27177
6554	-2	4	27181
6555	-2	4	27185
6556	-2	4	27189
6557	-2	4	27193
6558	-2	4	27197
6559	-2	4	27201
6560	-3	5	27206
6561	-2	4	27210
6562	-2	4	27214
6563	-2	4	27218
6564	-2	4	27222
6565	-2	4	27226
6566	-2	4	27230
6567	-2	4	27234
6568	-2	4	27238
6569	-3	5	27243
6570	-2	4	27247
6571	-2	4	27251
6572	-2	4	27255
6573	-2	4	27259
6574	-2	4	27263
6575	-2	4	27267
6576	-2	4	27271
6577	-2	4	27275
6578	-3	5	27280
6579	-2	4	27284
6580	-2	4	27288
6581	-2	4	27292
6582	-2	4	27296
6583	-2	4	27300
6584	-2	4	27304
6585	-2	4	27308
6586	-2	4	27312
6587	-2	4	27316
6588	-2	4	27320
6589	-2	4	27324
6590	-2	4	27328
6591	-2	4	27332
6592	-2	4	27336
6593	-2	4	27340
6594	-2	4	27344
6595	-2	4	27348
6596	-2	4	27352
6597	-2	4	27356
6598	-2	4	27360
6599	-2	4	27364
6600	-2	4	27368
6601	-2	4	27372
6602	-2	4	27376
6603	-2	4	27380
6604	-2	4	27384
6605	-2	4	27388
6606	-2	4	27392
6607	-2	4	27396
6608	-2	4	27400
6609	-2	4	27404
6610	-2	4	27408
6611	-4	6	27414
6612	-2	4	27418
6613	-2	4	27422
6614	-2	4	27426
6615	-2	4	27430
6616	-2	4	27434
6617	-2	4	27438
6618	-2	4	27442
6619	-2	4	27446
6620	-4	6	27452
6621	-2	4	27456
6622	-2	4	27460
6623	-2	4	27464
6624	-2	4	27468
6625	-2	4	27472
6626	-2	4	27476
6627	-2	4	27480
6628	-2	4	27484
6629	-2	4	27488
6630	-3	5	27493
6631	-4	6	27499
6632	-2	4	27503
6633	-4	6	27509
6634	-4	6	27515
6635	-3	5	27520
6636	-2	4	27524
6637	-2	4	27528
6638	-2	4	27532
6639	-2	4	27536
6640	-2	4	27540
6641	-2	4	27544
6642	-4	6	27550
6643	-2	4	27554
6644	-2	4	27558
6645	-4	6	27564
6646	-2	4	27568
6647	-2	4	27572
6648	-4	6	27578
6649	-2	4	27582
6650	-2	4	27586
6651	-2	4	27590
6652	-2	4	27594
6653	-2	4	27598
6654	-2	4	27602
6655	-2	4	27606
6656	-4	6	27612
6657	-2	4	27616
6658	-2	4	27620
6659	-2	4	27624
6660	-2	4	27628
6661	-2	4	27632
6662	-2	4	27636
6663	-2	4	27640
6664	-2	4	27644
6665	-2	4	27648
6666	-2	4	27652
6667	-2	4	27656
6668	-2	4	27660
6669	-2	4	27664
6670	-4	6	27670
6671	-2	4	27674
6672	-2	4	27678
6673	-2	4	27682
6674	-2	4	27686
6675	-2	4	27690
6676	-2	4	27694
6677	-2	4	27698
6678	-2	4	27702
6679	-2	4	27706
6680	-2	4	27710
6681	-2	4	27714
6682	-2	4	27718
6683	-2	4	27722
6684	-2	4	27726
6685	-2	4	27730
6686	-2	4	27734
6687	-2	4	27738
6688	-2	4	27742
6689	-3	5	27747
6690	-2	4	27751
6691	-2	4	27755
6692	-2	4	27759
6693	-2	4	27763
6694	-2	4	27767
6695	-2	4	27771
6696	-2	4	27775
6697	-2	4	27779
6698	-2	4	27783
6699	-2	4	27787
6700	-4	6	27793
6701	-2	4	27797
6702	-2	4	27801
6703	-2	4	27805
6704	-2	4	27809
6705	-2	4	27813
6706	-2	4	27817
6707	-2	4	27821
6708	-2	4	27825
6709	-2	4	27829
6710	-2	4	27833
6711	-2	4	27837
6712	-2	4	27841
6713	-2	4	27845
6714	-2	4	27849
6715	-2	4	27853
6716	-2	4	27857
6717	-2	4	27861
6718	-2	4	27865
6719	-2	4	27869
6720	-2	4	27873
6721	-2	4	27877
6722	-2	4	27881
6723	-2	4	27885
6724	-2	4	27889
6725	-4	6	27895
6726	-2	4	27899
6727	-2	4	27903
6728	-2	4	27907
6729	-2	4	27911
6730	-2	4	27915
6731	-2	4	27919
6732	-2	4	27923
6733	-2	4	27927
6734	-2	4	27931
6735	-2	4	27935
6736	-2	4	27939
6737	-2	4	27943
6738	-2	4	27947
6739	-2	4	27951
6740	-2	4	27955
6741	-2	4	27959
6742	-2	4	27963
6743	-2	4	27967
6744	-2	4	27971
6745	-2	4	27975
6746	-2	4	27979
6747	-2	4	27983
6748	-2	4	27987
6749	-2	4	27991
6750	-2	4	27995
6751	-2	4	27999
6752	-2	4	28003
6753	-2	4	28007
6754	-2	4	28011
6755	-2	4	28015
6756	-2	4	28019
6757	-2	4	28023
6758	-2	4	28027
6759	-2	4	28031
6760	-2	4	28035
6761	-2	4	28039
6762	-2	4	28043
6763	-2	4	28047
6764	-2	4	28051
6765	-2	4	28055
6766	-2	4	28059
6767	-2	4	28063
6768	-2	4	28067
6769	-2	4	28071
6770	-2	4	28075
6771	-2	4	28079
6772	-2	4	28083
6773	-2	4	28087
6774	-2	4	28091
6775	-4	6	28097
6776	-2	4	28101
6777	-2	4	28105
6778	-2	4	28109
6779	-2	4	28113
6780	-2	4	28117
6781	-2	4	28121
6782	-2	4	28125
6783	-2	4	28129
6784	-2	4	28133
6785	-2	4	28137
6786	-2	4	28141
6787	-2	4	28145
6788	-2	4	28149
6789	-2	4	28153
6790	-4	6	28159
6791	-2	4	28163
6792	-4	6	28169
6793	-2	4	28173
6794	-2	4	28177
6795	-2	4	28181
6796	-2	4	28185
6797	-2	4	28189
6798	-2	4	28193
6799	-2	4	28197
6800	-4	6	28203
6801	-4	6	28209
6802	-2	4	28213
6803	-2	4	28217
6804	-3	5	28222
6805	-2	4	28226
6806	-2	4	28230
6807	-2	4	28234
6808	-2	4	28238
6809	-2	4	28242
6810	-2	4	28246
6811	-2	4	28250
6812	-4	6	28256
6813	-2	4	28260
6814	-2	4	28264
6815	-2	4	28268
6816	-2	4	28272
6817	-2	4	28276
6818	-2	4	28280
6819	-2	4	28284
6820	-2	4	28288
6821	-2	4	28292
6822	-2	4	28296
6823	-2	4	28300
6824	-2	4	28304
6825	-2	4	28308
6826	-2	4	28312
6827	-2	4	28316
6828	-2	4	28320
6829	-2	4	28324
6830	-2	4	28328
6831	-2	4	28332
6832	-2	4	28336
6833	-2	4	28340
6834	-2	4	28344
6835	-2	4	28348
6836	-3	5	28353
6837	-2	4	28357
6838	-2	4	28361
6839	-2	4	28365
6840	-2	4	28369
6841	-2	4	28373
6842	-2	4	28377
6843	-2	4	28381
6844	-2	4	28385
6845	-2	4	28389
6846	-2	4	28393
6847	-2	4	28397
6848	-2	4	28401
6849	-2	4	28405
6850	-2	4	28409
6851	-2	4	28413
6852	-4	6	28419
6853	-2	4	28423
6854	-2	4	28427
6855	-2	4	28431
6856	-2	4	28435
6857	-2	4	28439
6858	-2	4	28443
6859	-2	4	28447
6860	-2	4	28451
6861	-2	4	28455
6862	-4	6	28461
6863	-2	4	28465
6864	-2	4	28469
6865	-2	4	28473
6866	-2	4	28477
6867	-2	4	28481
6868	-2	4	28485
6869	-2	4	28489
6870	-2	4	28493
6871	-2	4	28497
6872	-2	4	28501
6873	-2	4	28505
6874	-2	4	28509
6875	-2	4	28513
6876	-2	4	28517
6877	-2	4	28521
6878	-2	4	28525
6879	-2	4	28529
6880	-2	4	28533
6881	-2	4	28537
6882	-2	4	28541
6883	-2	4	28545
6884	-2	4	28549
6885	-2	4	28553
6886	-2	4	28557
6887	-2	4	28561
6888	-2	4	28565
6889	-4	6	28571
6890	-2	4	28575
6891	-2	4	28579
6892	-2	4	28583
6893	-2	4	28587
6894	-2	4	28591
6895	-2	4	28595
6896	-2	4	28599
6897	-2	4	28603
6898	-2	4	28607
6899	-2	4	28611
6900	-2	4	28615
6901	-2	4	28619
6902	-2	4	28623
6903	-2	4	28627
6904	-2	4	28631
6905	-2	4	28635
6906	-2	4	28639
6907	-2	4	28643
6908	-2	4	28647
6909	-2	4	28651
6910	-2	4	28655
6911	-2	4	28659
6912	-2	4	28663
6913	-2	4	28667
6914	-3	5	28672
6915	-2	4	28676
6916	-2	4	28680
6917	-2	4	28684
6918	-2	4	28688
6919	-2	4	28692
6920	-2	4	28696
6921	-2	4	28700
6922	-2	4	28704
6923	-2	4	28708
6924	-2	4	28712
6925	-2	4	28716
6926	-2	4	28720
6927	-2	4	28724
6928	-2	4	28728
6929	-2	4	28732
6930	-2	4	28736
6931	-2	4	28740
6932	-2	4	28744
6933	-2	4	28748
6934	-4	6	28754
6935	-2	4	28758
6936	-2	4	28762
6937	-2	4	28766
6938	-2	4	28770
6939	-2	4	28774
6940	-2	4	28778
6941	-2	4	28782
6942	-2	4	28786
6943	-2	4	28790
6944	-2	4	28794
6945	-2	4	28798
6946	-2	4	28802
6947	-2	4	28806
6948	-2	4	28810
6949	-2	4	28814
6950	-2	4	28818
6951	-4	6	28824
6952	-2	4	28828
6953	-2	4	28832
6954	-2	4	28836
6955	-2	4	28840
6956	-2	4	28844
6957	-2	4	28848
6958	-2	4	28852
6959	-6	8	28860
6960	-2	4	28864
6961	-2	4	28868
6962	-2	4	28872
6963	-2	4	28876
6964	-2	4	28880
6965	-2	4	28884
6966	-2	4	28888
6967	-2	4	28892
6968	-2	4	28896
6969	-2	4	28900
6970	-2	4	28904
6971	-2	4	28908
6972	-2	4	28912
6973	-2	4	28916
6974	-2	4	28920
6975	-2	4	28924
6976	-2	4	28928
6977	-2	4	28932
6978	-2	4	28936
6979	-2	4	28940
6980	-2	4	28944
6981	-2	4	28948
6982	-2	4	28952
6983	-2	4	28956
6984	-2	4	28960
6985	-2	4	28964
6986	-2	4	28968
6987	-2	4	28972
6988	-2	4	28976
6989	-2	4	28980
6990	-2	4	28984
6991	-2	4	28988
6992	-2	4	28992
6993	-2	4	28996
6994	-2	4	29000
6995	-2	4	29004
6996	-6	8	29012
6997	-2	4	29016
6998	-4	6	29022
6999	-2	4	29026
7000	-2	4	29030
7001	-2	4	29034
7002	-2	4	29038
7003	-2	4	29042
7004	-2	4	29046
7005	-2	4	29050
7006	-2	4	29054
7007	-2	4	29058
7008	-2	4	29062
7009	-2	4	29066
7010	-2	4	29070
7011	-2	4	29074
7012	-2	4	29078
7013	-2	4	29082
7014	-2	4	29086
7015	-2	4	29090
7016	-2	4	29094
7017	-2	4	29098
7018	-2	4	29102
7019	-2	4	29106
7020	-2	4	29110
7021	-2	4	29114
7022	-2	4	29118
7023	-2	4	29122
7024	-2	4	29126
7025	-3	5	29131
7026	-2	4	29135
7027	-2	4	29139
7028	-2	4	29143
7029	-2	4	29147
7030	-2	4	29151
7031	-3	5	29156
7032	-2	4	29160
7033	-2	4	29164
7034	-2	4	29168
7035	-2	4	29172
7036	-2	4	29176
7037	-4	6	29182
7038	-2	4	29186
7039	-2	4	29190
7040	-2	4	29194
7041	-2	4	29198
7042	-2	4	29202
7043	-2	4	29206
7044	-2	4	29210
7045	-2	4	29214
7046	-2	4	29218
7047	-2	4	29222
7048	-2	4	29226
7049	-2	4	29230
7050	-3	5	29235
7051	-2	4	29239
7052	-2	4	29243
7053	-2	4	29247
7054	-2	4	29251
7055	-4	6	29257
7056	-2	4	29261
7057	-2	4	29265
7058	-2	4	29269
7059	-2	4	29273
7060	-2	4	29277
7061	-2	4	29281
7062	-2	4	29285
7063	-2	4	29289
7064	-2	4	29293
7065	-2	4	29297
7066	-2	4	29301
7067	-2	4	29305
7068	-2	4	29309
7069	-2	4	29313
7070	-2	4	29317
7071	-2	4	29321
7072	-2	4	29325
7073	-2	4	29329
7074	-2	4	29333
7075	-4	6	29339
7076	-2	4	29343
7077	-2	4	29347
7078	-2	4	29351
7079	-2	4	29355
7080	-2	4	29359
7081	-2	4	29363
7082	-2	4	29367
7083	-2	4	29371
7084	-2	4	29375
7085	-2	4	29379
7086	-2	4	29383
7087	-2	4	29387
7088	-2	4	29391
7089	-2	4	29395
7090	-2	4	29399
7091	-2	4	29403
7092	-2	4	29407
7093	-2	4	29411
7094	-2	4	29415
7095	-2	4	29419
7096	-2	4	29423
7097	-2	4	29427
7098	-2	4	29431
7099	-2	4	29435
7100	-2	4	29439
7101	-2	4	29443
7102	-2	4	29447
7103	-2	4	29451
7104	-2	4	29455
7105	-2	4	29459
7106	-4	6	29465
7107	-2	4	29469
7108	-2	4	29473
7109	-2	4	29477
7110	-2	4	29481
7111	-2	4	29485
7112	-2	4	29489
7113	-4	6	29495
7114	-2	4	29499
7115	-2	4	29503
7116	-4	6	29509
7117	-2	4	29513
7118	-2	4	29517
7119	-2	4	29521
7120	-4	6	29527
7121	-4	6	29533
7122	-2	4	29537
7123	-2	4	29541
7124	-2	4	29545
7125	-2	4	29549
7126	-2	4	29553
7127	-2	4	29557
7128	-3	5	29562
7129	-2	4	29566
7130	-2	4	29570
7131	-2	4	29574
7132	-2	4	29578
7133	-2	4	29582
7134	-2	4	29586
7135	-2	4	29590
7136	-2	4	29594
7137	-2	4	29598
7138	-2	4	29602
7139	-2	4	29606
7140	-2	4	29610
7141	-2	4	29614
7142	-4	6	29620
7143	-2	4	29624
7144	-2	4	29628
7145	-2	4	29632
7146	-2	4	29636
7147	-2	4	29640
7148	-2	4	29644
7149	-2	4	29648
7150	-2	4	29652
7151	-2	4	29656
7152	-2	4	29660
7153	-2	4	29664
7154	-2	4	29668
7155	-4	6	29674
7156	-2	4	29678
7157	-2	4	29682
7158	-4	6	29688
7159	-2	4	29692
7160	-2	4	29696
7161	-2	4	29700
7162	-2	4	29704
7163	-2	4	29708
7164	-2	4	29712
7165	-2	4	29716
7166	-2	4	29720
7167	-2	4	29724
7168	-2	4	29728
7169	-2	4	29732
7170	-2	4	29736
7171	-2	4	29740
7172	-2	4	29744
7173	-2	4	29748
7174	-2	4	29752
7175	-3	5	29757
7176	-2	4	29761
7177	-2	4	29765
7178	-3	5	29770
7179	-2	4	29774
7180	-2	4	29778
7181	-2	4	29782
7182	-2	4	29786
7183	-2	4	29790
7184	-2	4	29794
7185	-2	4	29798
7186	-2	4	29802
7187	-2	4	29806
7188	-2	4	29810
7189	-2	4	29814
7190	-4	6	29820
7191	-2	4	29824
7192	-2	4	29828
7193	-2	4	29832
7194	-2	4	29836
7195	-2	4	29840
7196	-2	4	29844
7197	-2	4	29848
7198	-2	4	29852
7199	-2	4	29856
7200	-2	4	29860
7201	-2	4	29864
7202	-2	4	29868
7203	-2	4	29872
7204	-2	4	29876
7205	-2	4	29880
7206	-2	4	29884
7207	-2	4	29888
7208	-2	4	29892
7209	-2	4	29896
7210	-2	4	29900
7211	-2	4	29904
7212	-2	4	29908
7213	-2	4	29912
7214	-2	4	29916
7215	-2	4	29920
7216	-2	4	29924
7217	-2	4	29928
7218	-2	4	29932
7219	-2	4	29936
7220	-3	5	29941
7221	-2	4	29945
7222	-2	4	29949
7223	-2	4	29953
7224	-2	4	29957
7225	-4	6	29963
7226	-2	4	29967
7227	-4	6	29973
7228	-2	4	29977
7229	-4	6	29983
7230	-2	4	29987
7231	-2	4	29991
7232	-2	4	29995
7233	-2	4	29999
7234	-2	4	30003
7235	-2	4	30007
7236	-2	4	30011
7237	-2	4	30015
7238	-2	4	30019
7239	-2	4	30023
7240	-2	4	30027
7241	-2	4	30031
7242	-2	4	30035
7243	-2	4	30039
7244	-2	4	30043
7245	-2	4	30047
7246	-2	4	30051
7247	-2	4	30055
7248	-2	4	30059
7249	-2	4	30063
7250	-2	4	30067
7251	-2	4	30071
7252	-2	4	30075
7253	-2	4	30079
7254	-6	8	30087
7255	-2	4	30091
7256	-2	4	30095
7257	-2	4	30099
7258	-2	4	30103
7259	-2	4	30107
7260	-2	4	30111
7261	-2	4	30115
7262	-2	4	30119
7263	-2	4	30123
7264	-2	4	30127
7265	-2	4	30131
7266	-2	4	30135
7267	-2	4	30139
7268	-2	4	30143
7269	-2	4	30147
7270	-2	4	30151
7271	-2	4	30155
7272	-2	4	30159
7273	-3	5	30164
7274	-2	4	30168
7275	-2	4	30172
7276	-2	4	30176
7277	-2	4	30180
7278	-2	4	30184
7279	-2	4	30188
7280	-2	4	30192
7281	-2	4	30196
7282	-2	4	30200
7283	-2	4	30204
7284	-2	4	30208
7285	-2	4	30212
7286	-2	4	30216
7287	-2	4	30220
7288	-2	4	30224
7289	-2	4	30228
7290	-2	4	30232
7291	-2	4	30236
7292	-2	4	30240
7293	-2	4	30244
7294	-2	4	30248
7295	-2	4	30252
7296	-2	4	30256
7297	-2	4	30260
7298	-2	4	30264
7299	-2	4	30268
7300	-2	4	30272
7301	-2	4	30276
7302	-2	4	30280
7303	-2	4	30284
7304	-4	6	30290
7305	-2	4	30294
7306	-2	4	30298
7307	-2	4	30302
7308	-2	4	30306
7309	-2	4	30310
7310	-2	4	30314
7311	-2	4	30318
7312	-2	4	30322
7313	-2	4	30326
7314	-2	4	30330
7315	-2	4	30334
7316	-4	6	30340
7317	-2	4	30344
7318	-2	4	30348
7319	-2	4	30352
7320	-4	6	30358
7321	-2	4	30362
7322	-2	4	30366
7323	-2	4	30370
7324	-2	4	30374
7325	-2	4	30378
7326	-2	4	30382
7327	-2	4	30386
7328	-2	4	30390
7329	-2	4	30394
7330	-2	4	30398
7331	-2	4	30402
7332	-2	4	30406
7333	-2	4	30410
7334	-2	4	30414
7335	-2	4	30418
7336	-2	4	30422
7337	-2	4	30426
7338	-2	4	30430
7339	-2	4	30434
7340	-2	4	30438
7341	-2	4	30442
7342	-2	4	30446
7343	-2	4	30450
7344	-2	4	30454
7345	-2	4	30458
7346	-4	6	30464
7347	-2	4	30468
7348	-2	4	30472
7349	-2	4	30476
7350	-2	4	30480
7351	-2	4	30484
7352	-2	4	30488
7353	-2	4	30492
7354	-2	4	30496
7355	-2	4	30500
7356	-2	4	30504
7357	-2	4	30508
7358	-2	4	30512
7359	-2	4	30516
7360	-2	4	30520
7361	-2	4	30524
7362	-2	4	30528
7363	-2	4	30532
7364	-2	4	30536
7365	-2	4	30540
7366	-2	4	30544
7367	-2	4	30548
7368	-2	4	30552
7369	-2	4	30556
7370	-2	4	30560
7371	-2	4	30564
7372	-2	4	30568
7373	-2	4	30572
7374	-2	4	30576
7375	-2	4	30580
7376	-2	4	30584
7377	-4	6	30590
7378	-2	4	30594
7379	-2	4	30598
7380	-2	4	30602
7381	-2	4	30606
7382	-2	4	30610
7383	-2	4	30614
7384	-2	4	30618
7385	-2	4	30622
7386	-2	4	30626
7387	-2	4	30630
7388	-2	4	30634
7389	-2	4	30638
7390	-2	4	30642
7391	-2	4	30646
7392	-2	4	30650
7393	-2	4	30654
7394	-2	4	30658
7395	-2	4	30662
7396	-2	4	30666
7397	-2	4	30670
7398	-2	4	30674
7399	-2	4	30678
7400	-2	4	30682
7401	-2	4	30686
7402	-2	4	30690
7403	-2	4	30694
7404	-2	4	30698
7405	-2	4	30702
7406	-2	4	30706
7407	-2	4	30710
7408	-2	4	30714
7409	-2	4	30718
7410	-2	4	30722
7411	-2	4	30726
7412	-2	4	30730
7413	-2	4	30734
7414	-2	4	30738
7415	-2	4	30742
7416	-2	4	30746
7417	-2	4	30750
7418	-2	4	30754
7419	-2	4	30758
7420	-2	4	30762
7421	-2	4	30766
7422	-2	4	30770
7423	-2	4	30774
7424	-2	4	30778
7425	-2	4	30782
7426	-2	4	30786
7427	-2	4	30790
7428	-2	4	30794
7429	-2	4	30798
7430	-2	4	30802
7431	-2	4	30806
7432	-2	4	30810
7433	-2	4	30814
7434	-2	4	30818
7435	-2	4	30822
7436	-2	4	30826
7437	-2	4	30830
7438	-2	4	30834
7439	-2	4	30838
7440	-2	4	30842
7441	-2	4	30846
7442	-2	4	30850
7443	-4	6	30856
7444	-2	4	30860
7445	-2	4	30864
7446	-2	4	30868
7447	-2	4	30872
7448	-2	4	30876
7449	-2	4	30880
7450	-2	4	30884
7451	-2	4	30888
7452	-2	4	30892
7453	-2	4	30896
7454	-2	4	30900
7455	-2	4	30904
7456	-2	4	30908
7457	-2	4	30912
7458	-2	4	30916
7459	-2	4	30920
7460	-4	6	30926
7461	-2	4	30930
7462	-2	4	30934
7463	-2	4	30938
7464	-2	4	30942
7465	-2	4	30946
7466	-2	4	30950
7467	-2	4	30954
7468	-2	4	30958
7469	-4	6	30964
7470	-2	4	30968
7471	-2	4	30972
7472	-2	4	30976
7473	-2	4	30980
7474	-2	4	30984
7475	-4	6	30990
7476	-2	4	30994
7477	-2	4	30998
7478	-2	4	31002
7479	-2	4	31006
7480	-2	4	31010
7481	-2	4	31014
7482	-2	4	31018
7483	-2	4	31022
7484	-2	4	31026
7485	-2	4	31030
7486	-2	4	31034
7487	-2	4	31038
7488	-2	4	31042
7489	-2	4	31046
7490	-2	4	31050
7491	-2	4	31054
7492	-2	4	31058
7493	-2	4	31062
7494	-2	4	31066
7495	-2	4	31070
7496	-2	4	31074
7497	-2	4	31078
7498	-2	4	31082
7499	-2	4	31086
7500	-2	4	31090
7501	-2	4	31094
7502	-2	4	31098
7503	-2	4	31102
7504	-2	4	31106
7505	-2	4	31110
7506	-4	6	31116
7507	-2	4	31120
7508	-2	4	31124
7509	-2	4	31128
7510	-2	4	31132
7511	-2	4	31136
7512	-2	4	31140
7513	-2	4	31144
7514	-2	4	31148
7515	-2	4	31152
7516	-3	5	31157
7517	-2	4	31161
7518	-2	4	31165
7519	-2	4	31169
7520	-2	4	31173
7521	-2	4	31177
7522	-2	4	31181
7523	-2	4	31185
7524	-2	4	31189
7525	-2	4	31193
7526	-2	4	31197
7527	-2	4	31201
7528	-2	4	31205
7529	-2	4	31209
7530	-2	4	31213
7531	-2	4	31217
7532	-2	4	31221
7533	-2	4	31225
7534	-4	6	31231
7535	-2	4	31235
7536	-2	4	31239
7537	-2	4	31243
7538	-2	4	31247
7539	-2	4	31251
7540	-2	4	31255
7541	-2	4	31259
7542	-2	4	31263
7543	-2	4	31267
7544	-2	4	31271
7545	-2	4	31275
7546	-2	4	31279
7547	-2	4	31283
7548	-2	4	31287
7549	-2	4	31291
7550	-2	4	31295
7551	-2	4	31299
7552	-2	4	31303
7553	-2	4	31307
7554	-2	4	31311
7555	-2	4	31315
7556	-2	4	31319
7557	-2	4	31323
7558	-2	4	31327
7559	-2	4	31331
7560	-2	4	31335
7561	-4	6	31341
7562	-2	4	31345
7563	-2	4	31349
7564	-2	4	31353
7565	-2	4	31357
7566	-2	4	31361
7567	-2	4	31365
7568	-2	4	31369
7569	-2	4	31373
7570	-2	4	31377
7571	-2	4	31381
7572	-2	4	31385
7573	-2	4	31389
7574	-2	4	31393
7575	-2	4	31397
7576	-2	4	31401
7577	-2	4	31405
7578	-2	4	31409
7579	-2	4	31413
7580	-2	4	31417
7581	-2	4	31421
7582	-2	4	31425
7583	-2	4	31429
7584	-2	4	31433
7585	-2	4	31437
7586	-2	4	31441
7587	-2	4	31445
7588	-2	4	31449
7589	-2	4	31453
7590	-2	4	31457
7591	-2	4	31461
7592	-2	4	31465
7593	-2	4	31469
7594	-2	4	31473
7595	-2	4	31477
7596	-2	4	31481
7597	-2	4	31485
7598	-2	4	31489
7599	-2	4	31493
7600	-2	4	31497
7601	-2	4	31501
7602	-2	4	31505
7603	-2	4	31509
7604	-2	4	31513
7605	-2	4	31517
7606	-2	4	31521
7607	-2	4	31525
7608	-2	4	31529
7609	-2	4	31533
7610	-2	4	31537
7611	-2	4	31541
7612	-2	4	31545
7613	-4	6	31551
7614	-2	4	31555
7615	-2	4	31559
7616	-2	4	31563
7617	-2	4	31567
7618	-2	4	31571
7619	-2	4	31575
7620	-4	6	31581
7621	-2	4	31585
7622	-2	4	31589
7623	-2	4	31593
7624	-2	4	31597
7625	-2	4	31601
7626	-2	4	31605
7627	-2	4	31609
7628	-2	4	31613
7629	-2	4	31617
7630	-2	4	31621
7631	-2	4	31625
7632	-2	4	31629
7633	-2	4	31633
7634	-4	6	31639
7635	-2	4	31643
7636	-2	4	31647
7637	-2	4	31651
7638	-2	4	31655
7639	-4	6	31661
7640	-2	4	31665
7641	-2	4	31669
7642	-2	4	31673
7643	-2	4	31677
7644	-2	4	31681
7645	-2	4	31685
7646	-2	4	31689
7647	-2	4	31693
7648	-2	4	31697
7649	-2	4	31701
7650	-2	4	31705
7651	-2	4	31709
7652	-2	4	31713
7653	-2	4	31717
7654	-2	4	31721
7655	-2	4	31725
7656	-4	6	31731
7657	-2	4	31735
7658	-2	4	31739
7659	-2	4	31743
7660	-2	4	31747
7661	-2	4	31751
7662	-2	4	31755
7663	-2	4	31759
7664	-3	5	31764
7665	-2	4	31768
7666	-2	4	31772
7667	-2	4	31776
7668	-2	4	31780
7669	-2	4	31784
7670	-2	4	31788
7671	-2	4	31792
7672	-2	4	31796
7673	-2	4	31800
7674	-2	4	31804
7675	-2	4	31808
7676	-2	4	31812
7677	-2	4	31816
7678	-2	4	31820
7679	-2	4	31824
7680	-2	4	31828
7681	-2	4	31832
7682	-2	4	31836
7683	-2	4	31840
7684	-4	6	31846
7685	-2	4	31850
7686	-2	4	31854
7687	-2	4	31858
7688	-2	4	31862
7689	-2	4	31866
7690	-2	4	31870
7691	-2	4	31874
7692	-2	4	31878
7693	-2	4	31882
7694	-2	4	31886
7695	-2	4	31890
7696	-2	4	31894
7697	-2	4	31898
7698	-2	4	31902
7699	-2	4	31906
7700	-2	4	31910
7701	-2	4	31914
7702	-2	4	31918
7703	-2	4	31922
7704	-2	4	31926
7705	-2	4	31930
7706	-2	4	31934
7707	-2	4	31938
7708	-2	4	31942
7709	-2	4	31946
7710	-2	4	31950
7711	-4	6	31956
7712	-2	4	31960
7713	-2	4	31964
7714	-2	4	31968
7715	-2	4	31972
7716	-2	4	31976
7717	-4	6	31982
7718	-2	4	31986
7719	-2	4	31990
7720	-2	4	31994
7721	-2	4	31998
7722	-2	4	32002
7723	-2	4	32006
7724	-2	4	32010
7725	-2	4	32014
7726	-2	4	32018
7727	-2	4	32022
7728	-2	4	32026
7729	-2	4	32030
7730	-2	4	32034
7731	-2	4	32038
7732	-2	4	32042
7733	-2	4	32046
7734	-2	4	32050
7735	-2	4	32054
7736	-2	4	32058
7737	-2	4	32062
7738	-2	4	32066
7739	-2	4	32070
7740	-2	4	32074
7741	-2	4	32078
7742	-2	4	32082
7743	-2	4	32086
7744	-2	4	32090
7745	-2	4	32094
7746	-2	4	32098
7747	-2	4	32102
7748	-2	4	32106
7749	-2	4	32110
7750	-2	4	32114
7751	-2	4	32118
7752	-2	4	32122
7753	-2	4	32126
7754	-2	4	32130
7755	-2	4	32134
7756	-2	4	32138
7757	-2	4	32142
7758	-2	4	32146
7759	-2	4	32150
7760	-2	4	32154
7761	-2	4	32158
7762	-2	4	32162
7763	-4	6	32168
7764	-3	5	32173
7765	-2	4	32177
7766	-2	4	32181
7767	-4	6	32187
7768	-2	4	32191
7769	-2	4	32195
7770	-2	4	32199
7771	-4	6	32205
7772	-2	4	32209
7773	-2	4	32213
7774	-2	4	32217
7775	-2	4	32221
7776	-2	4	32225
7777	-2	4	32229
7778	-2	4	32233
7779	-2	4	32237
7780	-2	4	32241
7781	-2	4	32245
7782	-2	4	32249
7783	-2	4	32253
7784	-2	4	32257
7785	-2	4	32261
7786	-2	4	32265
7787	-2	4	32269
7788	-2	4	32273
7789	-4	6	32279
7790	-2	4	32283
7791	-2	4	32287
7792	-2	4	32291
7793	-2	4	32295
7794	-2	4	32299
7795	-2	4	32303
7796	-2	4	32307
7797	-2	4	32311
7798	-2	4	32315
7799	-2	4	32319
7800	-2	4	32323
7801	-2	4	32327
7802	-2	4	32331
7803	-2	4	32335
7804	-2	4	32339
7805	-2	4	32343
7806	-2	4	32347
7807	-2	4	32351
7808	-2	4	32355
7809	-2	4	32359
7810	-2	4	32363
7811	-2	4	32367
7812	-2	4	32371
7813	-2	4	32375
7814	-2	4	32379
7815	-2	4	32383
7816	-2	4	32387
7817	-2	4	32391
7818	-2	4	32395
7819	-2	4	32399
7820	-2	4	32403
7821	-2	4	32407
7822	-2	4	32411
7823	-2	4	32415
7824	-2	4	32419
7825	-2	4	32423
7826	-2	4	32427
7827	-2	4	32431
7828	-2	4	32435
7829	-2	4	32439
7830	-2	4	32443
7831	-2	4	32447
7832	-2	4	32451
7833	-2	4	32455
7834	-2	4	32459
7835	-2	4	32463
7836	-2	4	32467
7837	-2	4	32471
7838	-2	4	32475
7839	-2	4	32479
7840	-2	4	32483
7841	-2	4	32487
7842	-2	4	32491
7843	-2	4	32495
7844	-4	6	32501
7845	-2	4	32505
7846	-2	4	32509
7847	-2	4	32513
7848	-2	4	32517
7849	-2	4	32521
7850	-2	4	32525
7851	-2	4	32529
7852	-2	4	32533
7853	-2	4	32537
7854	-2	4	32541
7855	-2	4	32545
7856	-4	6	32551
7857	-2	4	32555
7858	-4	6	32561
7859	-4	6	32567
7860	-2	4	32571
7861	-2	4	32575
7862	-2	4	32579
7863	-2	4	32583
7864	-2	4	32587
7865	-3	5	32592
7866	-2	4	32596
7867	-2	4	32600
7868	-2	4	32604
7869	-2	4	32608
7870	-2	4	32612
7871	-2	4	32616
7872	-2	4	32620
7873	-2	4	32624
7874	-2	4	32628
7875	-2	4	32632
7876	-2	4	32636
7877	-2	4	32640
7878	-2	4	32644
7879	-2	4	32648
7880	-2	4	32652
7881	-2	4	32656
7882	-2	4	32660
7883	-2	4	32664
7884	-2	4	32668
7885	-2	4	32672
7886	-2	4	32676
7887	-2	4	32680
7888	-2	4	32684
7889	-2	4	32688
7890	-2	4	32692
7891	-2	4	32696
7892	-2	4	32700
7893	-2	4	32704
7894	-2	4	32708
7895	-2	4	32712
7896	-2	4	32716
7897	-2	4	32720
7898	-2	4	32724
7899	-2	4	32728
7900	-2	4	32732
7901	-2	4	32736
7902	-2	4	32740
7903	-2	4	32744
7904	-2	4	32748
7905	-4	6	32754
7906	-2	4	32758
7907	-2	4	32762
7908	-2	4	32766
7909	-2	4	32770
7910	-2	4	32774
7911	-2	4	32778
7912	-2	4	32782
7913	-2	4	32786
7914	-2	4	32790
7915	-2	4	32794
7916	-2	4	32798
7917	-2	4	32802
7918	-2	4	32806
7919	-2	4	32810
7920	-3	5	32815
7921	-2	4	32819
7922	-2	4	32823
7923	-2	4	32827
7924	-2	4	32831
7925	-2	4	32835
7926	-2	4	32839
7927	-2	4	32843
7928	-2	4	32847
7929	-2	4	32851
7930	-2	4	32855
7931	-2	4	32859
7932	-2	4	32863
7933	-2	4	32867
7934	-2	4	32871
7935	-2	4	32875
7936	-2	4	32879
7937	-2	4	32883
7938	-2	4	32887
7939	-2	4	32891
7940	-2	4	32895
7941	-2	4	32899
7942	-2	4	32903
7943	-2	4	32907
7944	-2	4	32911
7945	-2	4	32915
7946	-2	4	32919
7947	-2	4	32923
7948	-2	4	32927
7949	-2	4	32931
7950	-2	4	32935
7951	-2	4	32939
7952	-4	6	32945
7953	-2	4	32949
7954	-2	4	32953
7955	-2	4	32957
7956	-2	4	32961
7957	-2	4	32965
7958	-2	4	32969
7959	-2	4	32973
7960	-2	4	32977
7961	-2	4	32981
7962	-2	4	32985
7963	-2	4	32989
7964	-2	4	32993
7965	-2	4	32997
7966	-2	4	33001
7967	-2	4	33005
7968	-2	4	33009
7969	-2	4	33013
7970	-2	4	33017
7971	-2	4	33021
7972	-2	4	33025
7973	-2	4	33029
7974	-2	4	33033
7975	-2	4	33037
7976	-2	4	33041
7977	-2	4	33045
7978	-2	4	33049
7979	-2	4	33053
7980	-2	4	33057
7981	-4	6	33063
7982	-2	4	33067
7983	-2	4	33071
7984	-4	6	33077
7985	-2	4	33081
7986	-2	4	33085
7987	-4	6	33091
7988	-2	4	33095
7989	-2	4	33099
7990	-2	4	33103
7991	-2	4	33107
7992	-2	4	33111
7993	-2	4	33115
7994	-2	4	33119
7995	-2	4	33123
7996	-2	4	33127
7997	-2	4	33131
7998	-2	4	33135
7999	-2	4	33139
8000	-2	4	33143
8001	-2	4	33147
8002	-2	4	33151
8003	-2	4	33155
8004	-4	6	33161
8005	-2	4	33165
8006	-2	4	33169
8007	-2	4	33173
8008	-2	4	33177
8009	-2	4	33181
8010	-2	4	33185
8011	-2	4	33189
8012	-2	4	33193
8013	-2	4	33197
8014	-2	4	33201
8015	-2	4	33205
8016	-2	4	33209
8017	-2	4	33213
8018	-2	4	33217
8019	-2	4	33221
8020	-2	4	33225
8021	-2	4	33229
8022	-2	4	33233
8023	-2	4	33237
8024	-2	4	33241
8025	-2	4	33245
8026	-2	4	33249
8027	-2	4	33253
8028	-2	4	33257
8029	-2	4	33261
8030	-2	4	33265
8031	-2	4	33269
8032	-2	4	33273
8033	-2	4	33277
8034	-2	4	33281
8035	-2	4	33285
8036	-2	4	33289
8037	-2	4	33293
8038	-2	4	33297
8039	-2	4	33301
8040	-2	4	33305
8041	-2	4	33309
8042	-2	4	33313
8043	-2	4	33317
8044	-2	4	33321
8045	-2	4	33325
8046	-4	6	33331
8047	-2	4	33335
8048	-2	4	33339
8049	-2	4	33343
8050	-2	4	33347
8051	-4	6	33353
8052	-2	4	33357
8053	-2	4	33361
8054	-2	4	33365
8055	-2	4	33369
8056	-2	4	33373
8057	-2	4	33377
8058	-2	4	33381
8059	-2	4	33385
8060	-2	4	33389
8061	-2	4	33393
8062	-2	4	33397
8063	-2	4	33401
8064	-2	4	33405
8065	-2	4	33409
8066	-2	4	33413
8067	-2	4	33417
8068	-2	4	33421
8069	-2	4	33425
8070	-2	4	33429
8071	-2	4	33433
8072	-2	4	33437
8073	-2	4	33441
8074	-2	4	33445
8075	-2	4	33449
8076	-2	4	33453
8077	-2	4	33457
8078	-2	4	33461
8079	-2	4	33465
8080	-4	6	33471
8081	-6	8	33479
8082	-2	4	33483
8083	-2	4	33487
8084	-2	4	33491
8085	-2	4	33495
8086	-2	4	33499
8087	-2	4	33503
8088	-2	4	33507
8089	-2	4	33511
8090	-2	4	33515
8091	-2	4	33519
8092	-2	4	33523
8093	-2	4	33527
8094	-2	4	33531
8095	-2	4	33535
8096	-2	4	33539
8097	-2	4	33543
8098	-2	4	33547
8099	-2	4	33551
8100	-2	4	33555
8101	-2	4	33559
8102	-2	4	33563
8103	-2	4	33567
8104	-2	4	33571
8105	-4	6	33577
8106	-2	4	33581
8107	-2	4	33585
8108	-2	4	33589
8109	-2	4	33593
8110	-2	4	33597
8111	-2	4	33601
8112	-2	4	33605
8113	-2	4	33609
8114	-2	4	33613
8115	-2	4	33617
8116	-2	4	33621
8117	-2	4	33625
8118	-2	4	33629
8119	-2	4	33633
8120	-4	6	33639
8121	-2	4	33643
8122	-2	4	33647
8123	-2	4	33651
8124	-2	4	33655
8125	-2	4	33659
8126	-2	4	33663
8127	-2	4	33667
8128	-2	4	33671
8129	-2	4	33675
8130	-2	4	33679
8131	-2	4	33683
8132	-3	5	33688
8133	-2	4	33692
8134	-2	4	33696
8135	-2	4	33700
8136	-2	4	33704
8137	-2	4	33708
8138	-2	4	33712
8139	-2	4	33716
8140	-2	4	33720
8141	-2	4	33724
8142	-2	4	33728
8143	-2	4	33732
8144	-4	6	33738
8145	-2	4	33742
8146	-2	4	33746
8147	-2	4	33750
8148	-2	4	33754
8149	-2	4	33758
8150	-2	4	33762
8151	-2	4	33766
8152	-4	6	33772
8153	-2	4	33776
8154	-2	4	33780
8155	-2	4	33784
8156	-2	4	33788
8157	-2	4	33792
8158	-2	4	33796
8159	-4	6	33802
8160	-2	4	33806
8161	-2	4	33810
8162	-2	4	33814
8163	-2	4	33818
8164	-2	4	33822
8165	-2	4	33826
8166	-2	4	33830
8167	-2	4	33834
8168	-2	4	33838
8169	-2	4	33842
8170	-2	4	33846
8171	-2	4	33850
8172	-2	4	33854
8173	-2	4	33858
8174	-2	4	33862
8175	-2	4	33866
8176	-2	4	33870
8177	-2	4	33874
8178	-2	4	33878
8179	-2	4	33882
8180	-2	4	33886
8181	-2	4	33890
8182	-2	4	33894
8183	-2	4	33898
8184	-2	4	33902
8185	-2	4	33906
8186	-2	4	33910
8187	-2	4	33914
8188	-2	4	33918
8189	-2	4	33922
8190	-2	4	33926
8191	-4	6	33932
8192	-2	4	33936
8193	-2	4	33940
8194	-2	4	33944
8195	-4	6	33950
8196	-2	4	33954
8197	-2	4	33958
8198	-2	4	33962
8199	-2	4	33966
8200	-2	4	33970
8201	-2	4	33974
8202	-2	4	33978
8203	-2	4	33982
8204	-2	4	33986
8205	-2	4	33990
8206	-2	4	33994
8207	-4	6	34000
8208	-2	4	34004
8209	-2	4	34008
8210	-2	4	34012
8211	-3	5	34017
8212	-2	4	34021
8213	-2	4	34025
8214	-2	4	34029
8215	-2	4	34033
8216	-2	4	34037
8217	-2	4	34041
8218	-2	4	34045
8219	-2	4	34049
8220	-2	4	34053
8221	-2	4	34057
8222	-2	4	34061
8223	-2	4	34065
8224	-2	4	34069
8225	-2	4	34073
8226	-2	4	34077
8227	-2	4	34081
8228	-2	4	34085
8229	-2	4	34089
8230	-2	4	34093
8231	-2	4	34097
8232	-2	4	34101
8233	-2	4	34105
8234	-2	4	34109
8235	-2	4	34113
8236	-2	4	34117
8237	-2	4	34121
8238	-2	4	34125
8239	-2	4	34129
8240	-3	5	34134
8241	-2	4	34138
8242	-2	4	34142
8243	-2	4	34146
8244	-2	4	34150
8245	-2	4	34154
8246	-2	4	34158
8247	-2	4	34162
8248	-2	4	34166
8249	-2	4	34170
8250	-2	4	34174
8251	-2	4	34178
8252	-2	4	34182
8253	-2	4	34186
8254	-2	4	34190
8255	-2	4	34194
8256	-2	4	34198
8257	-4	6	34204
8258	-4	6	34210
8259	-2	4	34214
8260	-2	4	34218
8261	-2	4	34222
8262	-2	4	34226
8263	-2	4	34230
8264	-2	4	34234
8265	-2	4	34238
8266	-2	4	34242
8267	-2	4	34246
8268	-2	4	34250
8269	-2	4	34254
8270	-2	4	34258
8271	-2	4	34262
8272	-2	4	34266
8273	-2	4	34270
8274	-2	4	34274
8275	-2	4	34278
8276	-2	4	34282
8277	-2	4	34286
8278	-2	4	34290
8279	-2	4	34294
8280	-2	4	34298
8281	-2	4	34302
8282	-2	4	34306
8283	-2	4	34310
8284	-2	4	34314
8285	-2	4	34318
8286	-2	4	34322
8287	-4	6	34328
8288	-2	4	34332
8289	-2	4	34336
8290	-2	4	34340
8291	-2	4	34344
8292	-2	4	34348
8293	-2	4	34352
8294	-2	4	34356
8295	-2	4	34360
8296	-2	4	34364
8297	-2	4	34368
8298	-2	4	34372
8299	-4	6	34378
8300	-2	4	34382
8301	-2	4	34386
8302	-2	4	34390
8303	-2	4	34394
8304	-2	4	34398
8305	-2	4	34402
8306	-4	6	34408
8307	-2	4	34412
8308	-2	4	34416
8309	-2	4	34420
8310	-2	4	34424
8311	-2	4	34428
8312	-2	4	34432
8313	-2	4	34436
8314	-2	4	34440
8315	-4	6	34446
8316	-2	4	34450
8317	-2	4	34454
8318	-2	4	34458
8319	-4	6	34464
8320	-2	4	34468
8321	-2	4	34472
8322	-2	4	34476
8323	-2	4	34480
8324	-2	4	34484
8325	-2	4	34488
8326	-2	4	34492
8327	-2	4	34496
8328	-2	4	34500
8329	-2	4	34504
8330	-2	4	34508
8331	-2	4	34512
8332	-2	4	34516
8333	-2	4	34520
8334	-2	4	34524
8335	-4	6	34530
8336	-2	4	34534
8337	-2	4	34538
8338	-2	4	34542
8339	-2	4	34546
8340	-2	4	34550
8341	-2	4	34554
8342	-2	4	34558
8343	-2	4	34562
8344	-2	4	34566
8345	-2	4	34570
8346	-2	4	34574
8347	-2	4	34578
8348	-2	4	34582
8349	-2	4	34586
8350	-2	4	34590
8351	-2	4	34594
8352	-2	4	34598
8353	-2	4	34602
8354	-2	4	34606
8355	-2	4	34610
8356	-2	4	34614
8357	-2	4	34618
8358	-2	4	34622
8359	-2	4	34626
8360	-2	4	34630
8361	-2	4	34634
8362	-2	4	34638
8363	-2	4	34642
8364	-2	4	34646
8365	-2	4	34650
8366	-2	4	34654
8367	-2	4	34658
8368	-2	4	34662
8369	-2	4	34666
8370	-2	4	34670
8371	-2	4	34674
8372	-2	4	34678
8373	-2	4	34682
8374	-2	4	34686
8375	-2	4	34690
8376	-2	4	34694
8377	-2	4	34698
8378	-2	4	34702
8379	-2	4	34706
8380	-2	4	34710
8381	-2	4	34714
8382	-2	4	34718
8383	-2	4	34722
8384	-2	4	34726
8385	-2	4	34730
8386	-2	4	34734
8387	-4	6	34740
8388	-2	4	34744
8389	-2	4	34748
8390	-2	4	34752
8391	-2	4	34756
8392	-2	4	34760
8393	-2	4	34764
8394	-4	6	34770
8395	-2	4	34774
8396	-2	4	34778
8397	-2	4	34782
8398	-2	4	34786
8399	-2	4	34790
8400	-2	4	34794
8401	-2	4	34798
8402	-2	4	34802
8403	-2	4	34806
8404	-2	4	34810
8405	-2	4	34814
8406	-2	4	34818
8407	-2	4	34822
8408	-2	4	34826
8409	-2	4	34830
8410	-2	4	34834
8411	-2	4	34838
8412	-2	4	34842
8413	-2	4	34846
8414	-2	4	34850
8415	-2	4	34854
8416	-2	4	34858
8417	-2	4	34862
8418	-2	4	34866
8419	-2	4	34870
8420	-4	6	34876
8421	-2	4	34880
8422	-4	6	34886
8423	-2	4	34890
8424	-2	4	34894
8425	-2	4	34898
8426	-6	8	34906
8427	-2	4	34910
8428	-2	4	34914
8429	-2	4	34918
8430	-2	4	34922
8431	-2	4	34926
8432	-2	4	34930
8433	-2	4	34934
8434	-2	4	34938
8435	-2	4	34942
8436	-2	4	34946
8437	-2	4	34950
8438	-2	4	34954
8439	-2	4	34958
8440	-2	4	34962
8441	-2	4	34966
8442	-2	4	34970
8443	-2	4	34974
8444	-2	4	34978
8445	-2	4	34982
8446	-2	4	34986
8447	-2	4	34990
8448	-2	4	34994
8449	-2	4	34998
8450	-2	4	35002
8451	-2	4	35006
8452	-2	4	35010
8453	-2	4	35014
8454	-2	4	35018
8455	-2	4	35022
8456	-2	4	35026
8457	-2	4	35030
8458	-2	4	35034
8459	-2	4	35038
8460	-2	4	35042
8461	-2	4	35046
8462	-2	4	35050
8463	-2	4	35054
8464	-2	4	35058
8465	-2	4	35062
8466	-2	4	35066
8467	-2	4	35070
8468	-2	4	35074
8469	-2	4	35078
8470	-2	4	35082
8471	-2	4	35086
8472	-2	4	35090
8473	-2	4	35094
8474	-2	4	35098
8475	-2	4	35102
8476	-2	4	35106
8477	-2	4	35110
8478	-2	4	35114
8479	-2	4	35118
8480	-2	4	35122
8481	-4	6	35128
8482	-2	4	35132
8483	-4	6	35138
8484	-2	4	35142
8485	-2	4	35146
8486	-2	4	35150
8487	-2	4	35154
8488	-4	6	35160
8489	-2	4	35164
8490	-2	4	35168
8491	-2	4	35172
8492	-2	4	35176
8493	-2	4	35180
8494	-2	4	35184
8495	-2	4	35188
8496	-2	4	35192
8497	-2	4	35196
8498	-2	4	35200
8499	-2	4	35204
8500	-3	5	35209
8501	-2	4	35213
8502	-2	4	35217
8503	-2	4	35221
8504	-2	4	35225
8505	-2	4	35229
8506	-2	4	35233
8507	-2	4	35237
8508	-2	4	35241
8509	-2	4	35245
8510	-2	4	35249
8511	-2	4	35253
8512	-2	4	35257
8513	-2	4	35261
8514	-2	4	35265
8515	-2	4	35269
8516	-2	4	35273
8517	-2	4	35277
8518	-2	4	35281
8519	-2	4	35285
8520	-2	4	35289
8521	-2	4	35293
8522	-5	7	35300
8523	-2	4	35304
8524	-2	4	35308
8525	-2	4	35312
8526	-2	4	35316
8527	-2	4	35320
8528	-2	4	35324
8529	-2	4	35328
8530	-2	4	35332
8531	-2	4	35336
8532	-2	4	35340
8533	-2	4	35344
8534	-3	5	35349
8535	-2	4	35353
8536	-2	4	35357
8537	-2	4	35361
8538	-2	4	35365
8539	-2	4	35369
8540	-2	4	35373
8541	-4	6	35379
8542	-2	4	35383
8543	-2	4	35387
8544	-2	4	35391
8545	-2	4	35395
8546	-2	4	35399
8547	-2	4	35403
8548	-2	4	35407
8549	-2	4	35411
8550	-2	4	35415
8551	-2	4	35419
8552	-2	4	35423
8553	-2	4	35427
8554	-2	4	35431
8555	-2	4	35435
8556	-4	6	35441
8557	-2	4	35445
8558	-2	4	35449
8559	-2	4	35453
8560	-4	6	35459
8561	-2	4	35463
8562	-2	4	35467
8563	-2	4	35471
8564	-2	4	35475
8565	-2	4	35479
8566	-2	4	35483
8567	-2	4	35487
8568	-2	4	35491
8569	-2	4	35495
8570	-2	4	35499
8571	-2	4	35503
8572	-4	6	35509
8573	-2	4	35513
8574	-2	4	35517
8575	-2	4	35521
8576	-2	4	35525
8577	-2	4	35529
8578	-2	4	35533
8579	-2	4	35537
8580	-2	4	35541
8581	-2	4	35545
8582	-2	4	35549
8583	-2	4	35553
8584	-2	4	35557
8585	-2	4	35561
8586	-2	4	35565
8587	-4	6	35571
8588	-2	4	35575
8589	-2	4	35579
8590	-2	4	35583
8591	-2	4	35587
8592	-2	4	35591
8593	-2	4	35595
8594	-2	4	35599
8595	-2	4	35603
8596	-2	4	35607
8597	-2	4	35611
8598	-2	4	35615
8599	-3	5	35620
8600	-2	4	35624
8601	-2	4	35628
8602	-2	4	35632
8603	-2	4	35636
8604	-2	4	35640
8605	-2	4	35644
8606	-6	8	35652
8607	-2	4	35656
8608	-2	4	35660
8609	-2	4	35664
8610	-2	4	35668
8611	-2	4	35672
8612	-2	4	35676
8613	-2	4	35680
8614	-2	4	35684
8615	-2	4	35688
8616	-2	4	35692
8617	-2	4	35696
8618	-2	4	35700
8619	-2	4	35704
8620	-2	4	35708
8621	-2	4	35712
8622	-2	4	35716
8623	-2	4	35720
8624	-2	4	35724
8625	-2	4	35728
8626	-2	4	35732
8627	-2	4	35736
8628	-2	4	35740
8629	-2	4	35744
8630	-2	4	35748
8631	-2	4	35752
8632	-2	4	35756
8633	-2	4	35760
8634	-2	4	35764
8635	-2	4	35768
8636	-2	4	35772
8637	-2	4	35776
8638	-2	4	35780
8639	-2	4	35784
8640	-2	4	35788
8641	-2	4	35792
8642	-2	4	35796
8643	-2	4	35800
8644	-2	4	35804
8645	-2	4	35808
8646	-2	4	35812
8647	-3	5	35817
8648	-2	4	35821
8649	-2	4	35825
8650	-2	4	35829
8651	-2	4	35833
8652	-2	4	35837
8653	-2	4	35841
8654	-2	4	35845
8655	-4	6	35851
8656	-2	4	35855
8657	-2	4	35859
8658	-2	4	35863
8659	-2	4	35867
8660	-2	4	35871
8661	-2	4	35875
8662	-4	6	35881
8663	-2	4	35885
8664	-2	4	35889
8665	-2	4	35893
8666	-2	4	35897
8667	-2	4	35901
8668	-2	4	35905
8669	-2	4	35909
8670	-2	4	35913
8671	-2	4	35917
8672	-2	4	35921
8673	-2	4	35925
8674	-2	4	35929
8675	-2	4	35933
8676	-2	4	35937
8677	-4	6	35943
8678	-2	4	35947
8679	-2	4	35951
8680	-2	4	35955
8681	-2	4	35959
8682	-2	4	35963
8683	-2	4	35967
8684	-2	4	35971
8685	-2	4	35975
8686	-2	4	35979
8687	-2	4	35983
8688	-2	4	35987
8689	-2	4	35991
8690	-2	4	35995
8691	-2	4	35999
8692	-2	4	36003
8693	-2	4	36007
8694	-2	4	36011
8695	-2	4	36015
8696	-2	4	36019
8697	-2	4	36023
8698	-2	4	36027
8699	-2	4	36031
8700	-2	4	36035
8701	-2	4	36039
8702	-2	4	36043
8703	-2	4	36047
8704	-2	4	36051
8705	-2	4	36055
8706	-2	4	36059
8707	-2	4	36063
8708	-2	4	36067
8709	-2	4	36071
8710	-2	4	36075
8711	-2	4	36079
8712	-2	4	36083
8713	-2	4	36087
8714	-2	4	36091
8715	-2	4	36095
8716	-2	4	36099
8717	-2	4	36103
8718	-2	4	36107
8719	-2	4	36111
8720	-2	4	36115
8721	-2	4	36119
8722	-2	4	36123
8723	-2	4	36127
8724	-2	4	36131
8725	-2	4	36135
8726	-2	4	36139
8727	-2	4	36143
8728	-3	5	36148
8729	-2	4	36152
8730	-2	4	36156
8731	-2	4	36160
8732	-2	4	36164
8733	-2	4	36168
8734	-2	4	36172
8735	-4	6	36178
8736	-2	4	36182
8737	-2	4	36186
8738	-2	4	36190
8739	-2	4	36194
8740	-2	4	36198
8741	-2	4	36202
8742	-2	4	36206
8743	-2	4	36210
8744	-2	4	36214
8745	-3	5	36219
8746	-2	4	36223
8747	-2	4	36227
8748	-2	4	36231
8749	-2	4	36235
8750	-2	4	36239
8751	-2	4	36243
8752	-2	4	36247
8753	-2	4	36251
8754	-2	4	36255
8755	-2	4	36259
8756	-2	4	36263
8757	-2	4	36267
8758	-2	4	36271
8759	-4	6	36277
8760	-2	4	36281
8761	-2	4	36285
8762	-2	4	36289
8763	-2	4	36293
8764	-2	4	36297
8765	-2	4	36301
8766	-2	4	36305
8767	-2	4	36309
8768	-2	4	36313
8769	-2	4	36317
8770	-2	4	36321
8771	-2	4	36325
8772	-2	4	36329
8773	-2	4	36333
8774	-2	4	36337
8775	-2	4	36341
8776	-2	4	36345
8777	-2	4	36349
8778	-2	4	36353
8779	-2	4	36357
8780	-2	4	36361
8781	-2	4	36365
8782	-2	4	36369
8783	-2	4	36373
8784	-2	4	36377
8785	-2	4	36381
8786	-2	4	36385
8787	-2	4	36389
8788	-2	4	36393
8789	-2	4	36397
8790	-2	4	36401
8791	-2	4	36405
8792	-2	4	36409
8793	-2	4	36413
8794	-2	4	36417
8795	-2	4	36421
8796	-4	6	36427
8797	-2	4	36431
8798	-2	4	36435
8799	-2	4	36439
8800	-4	6	36445
8801	-2	4	36449
8802	-2	4	36453
8803	-2	4	36457
8804	-4	6	36463
8805	-2	4	36467
8806	-2	4	36471
8807	-2	4	36475
8808	-2	4	36479
8809	-2	4	36483
8810	-2	4	36487
8811	-2	4	36491
8812	-2	4	36495
8813	-4	6	36501
8814	-2	4	36505
8815	-2	4	36509
8816	-4	6	36515
8817	-2	4	36519
8818	-2	4	36523
8819	-2	4	36527
8820	-2	4	36531
8821	-2	4	36535
8822	-2	4	36539
8823	-2	4	36543
8824	-2	4	36547
8825	-2	4	36551
8826	-2	4	36555
8827	-2	4	36559
8828	-2	4	36563
8829	-2	4	36567
8830	-4	6	36573
8831	-2	4	36577
8832	-2	4	36581
8833	-2	4	36585
8834	-2	4	36589
8835	-2	4	36593
8836	-6	8	36601
8837	-4	6	36607
8838	-2	4	36611
8839	-2	4	36615
8840	-2	4	36619
8841	-2	4	36623
8842	-2	4	36627
8843	-2	4	36631
8844	-2	4	36635
8845	-2	4	36639
8846	-2	4	36643
8847	-2	4	36647
8848	-2	4	36651
8849	-2	4	36655
8850	-2	4	36659
8851	-2	4	36663
8852	-2	4	36667
8853	-2	4	36671
8854	-2	4	36675
8855	-2	4	36679
8856	-2	4	36683
8857	-2	4	36687
8858	-2	4	36691
8859	-2	4	36695
8860	-2	4	36699
8861	-2	4	36703
8862	-2	4	36707
8863	-2	4	36711
8864	-2	4	36715
8865	-2	4	36719
8866	-2	4	36723
8867	-3	5	36728
8868	-2	4	36732
8869	-2	4	36736
8870	-2	4	36740
8871	-2	4	36744
8872	-2	4	36748
8873	-2	4	36752
8874	-2	4	36756
8875	-2	4	36760
8876	-2	4	36764
8877	-2	4	36768
8878	-2	4	36772
8879	-2	4	36776
8880	-2	4	36780
8881	-2	4	36784
8882	-2	4	36788
8883	-2	4	36792
8884	-2	4	36796
8885	-2	4	36800
8886	-2	4	36804
8887	-2	4	36808
8888	-2	4	36812
8889	-2	4	36816
8890	-2	4	36820
8891	-2	4	36824
8892	-2	4	36828
8893	-2	4	36832
8894	-2	4	36836
8895	-2	4	36840
8896	-2	4	36844
8897	-4	6	36850
8898	-2	4	36854
8899	-2	4	36858
8900	-2	4	36862
8901	-4	6	36868
8902	-2	4	36872
8903	-2	4	36876
8904	-2	4	36880
8905	-2	4	36884
8906	-2	4	36888
8907	-2	4	36892
8908	-2	4	36896
8909	-2	4	36900
8910	-2	4	36904
8911	-2	4	36908
8912	-2	4	36912
8913	-2	4	36916
8914	-2	4	36920
8915	-2	4	36924
8916	-2	4	36928
8917	-2	4	36932
8918	-2	4	36936
8919	-2	4	36940
8920	-2	4	36944
8921	-2	4	36948
8922	-2	4	36952
8923	-2	4	36956
8924	-2	4	36960
8925	-2	4	36964
8926	-2	4	36968
8927	-2	4	36972
8928	-2	4	36976
8929	-2	4	36980
8930	-2	4	36984
8931	-2	4	36988
8932	-2	4	36992
8933	-2	4	36996
8934	-2	4	37000
8935	-2	4	37004
8936	-2	4	37008
8937	-2	4	37012
8938	-2	4	37016
8939	-2	4	37020
8940	-2	4	37024
8941	-4	6	37030
8942	-3	5	37035
8943	-2	4	37039
8944	-2	4	37043
8945	-2	4	37047
8946	-2	4	37051
8947	-2	4	37055
8948	-2	4	37059
8949	-2	4	37063
8950	-2	4	37067
8951	-2	4	37071
8952	-2	4	37075
8953	-2	4	37079
8954	-2	4	37083
8955	-2	4	37087
8956	-2	4	37091
8957	-4	6	37097
8958	-2	4	37101
8959	-2	4	37105
8960	-2	4	37109
8961	-2	4	37113
8962	-2	4	37117
8963	-4	6	37123
8964	-2	4	37127
8965	-2	4	37131
8966	-2	4	37135
8967	-2	4	37139
8968	-2	4	37143
8969	-2	4	37147
8970	-2	4	37151
8971	-2	4	37155
8972	-2	4	37159
8973	-2	4	37163
8974	-2	4	37167
8975	-2	4	37171
8976	-2	4	37175
8977	-2	4	37179
8978	-2	4	37183
8979	-4	6	37189
8980	-2	4	37193
8981	-2	4	37197
8982	-2	4	37201
8983	-2	4	37205
8984	-2	4	37209
8985	-2	4	37213
8986	-2	4	37217
8987	-2	4	37221
8988	-2	4	37225
8989	-4	6	37231
8990	-2	4	37235
8991	-2	4	37239
8992	-2	4	37243
8993	-2	4	37247
8994	-2	4	37251
8995	-2	4	37255
8996	-2	4	37259
8997	-2	4	37263
8998	-2	4	37267
8999	-2	4	37271
9000	-2	4	37275
9001	-2	4	37279
9002	-2	4	37283
9003	-2	4	37287
9004	-2	4	37291
9005	-2	4	37295
9006	-2	4	37299
9007	-2	4	37303
9008	-2	4	37307
9009	-2	4	37311
9010	-2	4	37315
9011	-2	4	37319
9012	-2	4	37323
9013	-6	8	37331
9014	-2	4	37335
9015	-2	4	37339
9016	-2	4	37343
9017	-2	4	37347
9018	-2	4	37351
9019	-2	4	37355
9020	-2	4	37359
9021	-2	4	37363
9022	-2	4	37367
9023	-2	4	37371
9024	-2	4	37375
9025	-2	4	37379
9026	-2	4	37383
9027	-2	4	37387
9028	-2	4	37391
9029	-2	4	37395
9030	-2	4	37399
9031	-2	4	37403
9032	-2	4	37407
9033	-2	4	37411
9034	-2	4	37415
9035	-3	5	37420
9036	-2	4	37424
9037	-2	4	37428
9038	-2	4	37432
9039	-2	4	37436
9040	-2	4	37440
9041	-2	4	37444
9042	-2	4	37448
9043	-2	4	37452
9044	-2	4	37456
9045	-2	4	37460
9046	-2	4	37464
9047	-4	6	37470
9048	-2	4	37474
9049	-2	4	37478
9050	-2	4	37482
9051	-2	4	37486
9052	-2	4	37490
9053	-2	4	37494
9054	-2	4	37498
9055	-2	4	37502
9056	-2	4	37506
9057	-2	4	37510
9058	-2	4	37514
9059	-2	4	37518
9060	-2	4	37522
9061	-2	4	37526
9062	-2	4	37530
9063	-2	4	37534
9064	-2	4	37538
9065	-2	4	37542
9066	-2	4	37546
9067	-2	4	37550
9068	-2	4	37554
9069	-2	4	37558
9070	-2	4	37562
9071	-2	4	37566
9072	-2	4	37570
9073	-2	4	37574
9074	-4	6	37580
9075	-2	4	37584
9076	-2	4	37588
9077	-2	4	37592
9078	-2	4	37596
9079	-2	4	37600
9080	-2	4	37604
9081	-2	4	37608
9082	-2	4	37612
9083	-2	4	37616
9084	-2	4	37620
9085	-2	4	37624
9086	-2	4	37628
9087	-2	4	37632
9088	-2	4	37636
9089	-2	4	37640
9090	-2	4	37644
9091	-2	4	37648
9092	-2	4	37652
9093	-2	4	37656
9094	-2	4	37660
9095	-2	4	37664
9096	-2	4	37668
9097	-2	4	37672
9098	-2	4	37676
9099	-2	4	37680
9100	-2	4	37684
9101	-2	4	37688
9102	-2	4	37692
9103	-2	4	37696
9104	-2	4	37700
9105	-2	4	37704
9106	-2	4	37708
9107	-4	6	37714
9108	-2	4	37718
9109	-4	6	37724
9110	-2	4	37728
9111	-2	4	37732
9112	-2	4	37736
9113	-2	4	37740
9114	-2	4	37744
9115	-2	4	37748
9116	-2	4	37752
9117	-2	4	37756
9118	-2	4	37760
9119	-2	4	37764
9120	-2	4	37768
9121	-2	4	37772
9122	-2	4	37776
9123	-2	4	37780
9124	-2	4	37784
9125	-2	4	37788
9126	-2	4	37792
9127	-2	4	37796
9128	-2	4	37800
9129	-2	4	37804
9130	-2	4	37808
9131	-2	4	37812
9132	-2	4	37816
9133	-2	4	37820
9134	-2	4	37824
9135	-2	4	37828
9136	-4	6	37834
9137	-2	4	37838
9138	-2	4	37842
9139	-2	4	37846
9140	-2	4	37850
9141	-2	4	37854
9142	-2	4	37858
9143	-2	4	37862
9144	-2	4	37866
9145	-2	4	37870
9146	-2	4	37874
9147	-2	4	37878
9148	-2	4	37882
9149	-2	4	37886
9150	-2	4	37890
9151	-4	6	37896
9152	-2	4	37900
9153	-2	4	37904
9154	-2	4	37908
9155	-2	4	37912
9156	-2	4	37916
9157	-2	4	37920
9158	-2	4	37924
9159	-2	4	37928
9160	-2	4	37932
9161	-2	4	37936
9162	-2	4	37940
9163	-2	4	37944
9164	-2	4	37948
9165	-2	4	37952
9166	-2	4	37956
9167	-2	4	37960
9168	-2	4	37964
9169	-2	4	37968
9170	-2	4	37972
9171	-2	4	37976
9172	-2	4	37980
9173	-2	4	37984
9174	-2	4	37988
9175	-2	4	37992
9176	-2	4	37996
9177	-2	4	38000
9178	-2	4	38004
9179	-2	4	38008
9180	-2	4	38012
9181	-2	4	38016
9182	-2	4	38020
9183	-2	4	38024
9184	-2	4	38028
9185	-2	4	38032
9186	-2	4	38036
9187	-2	4	38040
9188	-2	4	38044
9189	-2	4	38048
9190	-2	4	38052
9191	-2	4	38056
9192	-2	4	38060
9193	-2	4	38064
9194	-2	4	38068
9195	-2	4	38072
9196	-2	4	38076
9197	-2	4	38080
9198	-2	4	38084
9199	-2	4	38088
9200	-2	4	38092
9201	-2	4	38096
9202	-2	4	38100
9203	-3	5	38105
9204	-2	4	38109
9205	-4	6	38115
9206	-2	4	38119
9207	-2	4	38123
9208	-2	4	38127
9209	-2	4	38131
9210	-2	4	38135
9211	-2	4	38139
9212	-2	4	38143
9213	-2	4	38147
9214	-2	4	38151
9215	-2	4	38155
9216	-4	6	38161
9217	-2	4	38165
9218	-2	4	38169
9219	-2	4	38173
9220	-2	4	38177
9221	-4	6	38183
9222	-2	4	38187
9223	-2	4	38191
9224	-2	4	38195
9225	-3	5	38200
9226	-2	4	38204
9227	-2	4	38208
9228	-2	4	38212
9229	-2	4	38216
9230	-2	4	38220
9231	-2	4	38224
9232	-2	4	38228
9233	-2	4	38232
9234	-2	4	38236
9235	-2	4	38240
9236	-2	4	38244
9237	-2	4	38248
9238	-2	4	38252
9239	-2	4	38256
9240	-2	4	38260
9241	-2	4	38264
9242	-2	4	38268
9243	-4	6	38274
9244	-2	4	38278
9245	-2	4	38282
9246	-2	4	38286
9247	-2	4	38290
9248	-2	4	38294
9249	-4	6	38300
9250	-2	4	38304
9251	-2	4	38308
9252	-2	4	38312
9253	-2	4	38316
9254	-2	4	38320
9255	-2	4	38324
9256	-2	4	38328
9257	-2	4	38332
9258	-2	4	38336
9259	-4	6	38342
9260	-2	4	38346
9261	-4	6	38352
9262	-2	4	38356
9263	-2	4	38360
9264	-2	4	38364
9265	-2	4	38368
9266	-2	4	38372
9267	-2	4	38376
9268	-2	4	38380
9269	-2	4	38384
9270	-2	4	38388
9271	-2	4	38392
9272	-2	4	38396
9273	-2	4	38400
9274	-2	4	38404
9275	-2	4	38408
9276	-2	4	38412
9277	-2	4	38416
9278	-2	4	38420
9279	-2	4	38424
9280	-2	4	38428
9281	-2	4	38432
9282	-2	4	38436
9283	-2	4	38440
9284	-2	4	38444
9285	-2	4	38448
9286	-2	4	38452
9287	-2	4	38456
9288	-2	4	38460
9289	-2	4	38464
9290	-2	4	38468
9291	-3	5	38473
9292	-2	4	38477
9293	-2	4	38481
9294	-2	4	38485
9295	-2	4	38489
9296	-2	4	38493
9297	-2	4	38497
9298	-2	4	38501
9299	-2	4	38505
9300	-2	4	38509
9301	-2	4	38513
9302	-2	4	38517
9303	-2	4	38521
9304	-2	4	38525
9305	-2	4	38529
9306	-2	4	38533
9307	-2	4	38537
9308	-2	4	38541
9309	-2	4	38545
9310	-2	4	38549
9311	-2	4	38553
9312	-2	4	38557
9313	-2	4	38561
9314	-4	6	38567
9315	-2	4	38571
9316	-2	4	38575
9317	-2	4	38579
9318	-2	4	38583
9319	-2	4	38587
9320	-2	4	38591
9321	-2	4	38595
9322	-2	4	38599
9323	-3	5	38604
9324	-2	4	38608
9325	-2	4	38612
9326	-2	4	38616
9327	-2	4	38620
9328	-2	4	38624
9329	-2	4	38628
9330	-2	4	38632
9331	-2	4	38636
9332	-2	4	38640
9333	-2	4	38644
9334	-3	5	38649
9335	-2	4	38653
9336	-2	4	38657
9337	-2	4	38661
9338	-2	4	38665
9339	-2	4	38669
9340	-2	4	38673
9341	-2	4	38677
9342	-2	4	38681
9343	-2	4	38685
9344	-2	4	38689
9345	-2	4	38693
9346	-2	4	38697
9347	-2	4	38701
9348	-3	5	38706
9349	-2	4	38710
9350	-2	4	38714
9351	-4	6	38720
9352	-2	4	38724
9353	-2	4	38728
9354	-2	4	38732
9355	-2	4	38736
9356	-2	4	38740
9357	-2	4	38744
9358	-2	4	38748
9359	-2	4	38752
9360	-2	4	38756
9361	-2	4	38760
9362	-2	4	38764
9363	-2	4	38768
9364	-2	4	38772
9365	-4	6	38778
9366	-2	4	38782
9367	-2	4	38786
9368	-2	4	38790
9369	-2	4	38794
9370	-2	4	38798
9371	-2	4	38802
9372	-2	4	38806
9373	-2	4	38810
9374	-2	4	38814
9375	-2	4	38818
9376	-2	4	38822
9377	-2	4	38826
9378	-2	4	38830
9379	-2	4	38834
9380	-2	4	38838
9381	-2	4	38842
9382	-2	4	38846
9383	-3	5	38851
9384	-2	4	38855
9385	-2	4	38859
9386	-2	4	38863
9387	-2	4	38867
9388	-2	4	38871
9389	-2	4	38875
9390	-2	4	38879
9391	-2	4	38883
9392	-2	4	38887
9393	-2	4	38891
9394	-2	4	38895
9395	-2	4	38899
9396	-2	4	38903
9397	-2	4	38907
9398	-2	4	38911
9399	-2	4	38915
9400	-2	4	38919
9401	-2	4	38923
9402	-2	4	38927
9403	-2	4	38931
9404	-4	6	38937
9405	-2	4	38941
9406	-2	4	38945
9407	-2	4	38949
9408	-2	4	38953
9409	-2	4	38957
9410	-2	4	38961
9411	-2	4	38965
9412	-2	4	38969
9413	-2	4	38973
9414	-2	4	38977
9415	-2	4	38981
9416	-2	4	38985
9417	-2	4	38989
9418	-2	4	38993
9419	-2	4	38997
9420	-2	4	39001
9421	-2	4	39005
9422	-2	4	39009
9423	-2	4	39013
9424	-2	4	39017
9425	-2	4	39021
9426	-2	4	39025
9427	-2	4	39029
9428	-2	4	39033
9429	-2	4	39037
9430	-2	4	39041
9431	-2	4	39045
9432	-2	4	39049
9433	-2	4	39053
9434	-2	4	39057
9435	-2	4	39061
9436	-2	4	39065
9437	-2	4	39069
9438	-2	4	39073
9439	-2	4	39077
9440	-2	4	39081
9441	-4	6	39087
9442	-4	6	39093
9443	-2	4	39097
9444	-2	4	39101
9445	-2	4	39105
9446	-2	4	39109
9447	-2	4	39113
9448	-2	4	39117
9449	-2	4	39121
9450	-2	4	39125
9451	-2	4	39129
9452	-4	6	39135
9453	-2	4	39139
9454	-2	4	39143
9455	-2	4	39147
9456	-2	4	39151
9457	-2	4	39155
9458	-2	4	39159
9459	-2	4	39163
9460	-2	4	39167
9461	-2	4	39171
9462	-2	4	39175
9463	-2	4	39179
9464	-2	4	39183
9465	-3	5	39188
9466	-2	4	39192
9467	-2	4	39196
9468	-2	4	39200
9469	-2	4	39204
9470	-2	4	39208
9471	-2	4	39212
9472	-2	4	39216
9473	-2	4	39220
9474	-2	4	39224
9475	-2	4	39228
9476	-2	4	39232
9477	-2	4	39236
9478	-2	4	39240
9479	-2	4	39244
9480	-2	4	39248
9481	-2	4	39252
9482	-2	4	39256
9483	-2	4	39260
9484	-2	4	39264
9485	-2	4	39268
9486	-2	4	39272
9487	-2	4	39276
9488	-2	4	39280
9489	-2	4	39284
9490	-2	4	39288
9491	-2	4	39292
9492	-2	4	39296
9493	-2	4	39300
9494	-2	4	39304
9495	-2	4	39308
9496	-2	4	39312
9497	-2	4	39316
9498	-2	4	39320
9499	-2	4	39324
9500	-2	4	39328
9501	-2	4	39332
9502	-3	5	39337
9503	-2	4	39341
9504	-2	4	39345
9505	-2	4	39349
9506	-2	4	39353
9507	-2	4	39357
9508	-2	4	39361
9509	-2	4	39365
9510	-2	4	39369
9511	-2	4	39373
9512	-2	4	39377
9513	-2	4	39381
9514	-2	4	39385
9515	-2	4	39389
9516	-2	4	39393
9517	-2	4	39397
9518	-2	4	39401
9519	-2	4	39405
9520	-2	4	39409
9521	-2	4	39413
9522	-2	4	39417
9523	-2	4	39421
9524	-2	4	39425
9525	-2	4	39429
9526	-2	4	39433
9527	-2	4	39437
9528	-2	4	39441
9529	-2	4	39445
9530	-2	4	39449
9531	-2	4	39453
9532	-2	4	39457
9533	-2	4	39461
9534	-2	4	39465
9535	-2	4	39469
9536	-2	4	39473
9537	-4	6	39479
9538	-2	4	39483
9539	-2	4	39487
9540	-2	4	39491
9541	-2	4	39495
9542	-2	4	39499
9543	-2	4	39503
9544	-2	4	39507
9545	-2	4	39511
9546	-2	4	39515
9547	-2	4	39519
9548	-2	4	39523
9549	-2	4	39527
9550	-2	4	39531
9551	-2	4	39535
9552	-2	4	39539
9553	-2	4	39543
9554	-2	4	39547
9555	-4	6	39553
9556	-2	4	39557
9557	-2	4	39561
9558	-2	4	39565
9559	-4	6	39571
9560	-2	4	39575
9561	-2	4	39579
9562	-2	4	39583
9563	-2	4	39587
9564	-2	4	39591
9565	-2	4	39595
9566	-2	4	39599
9567	-2	4	39603
9568	-2	4	39607
9569	-2	4	39611
9570	-2	4	39615
9571	-2	4	39619
9572	-2	4	39623
9573	-2	4	39627
9574	-2	4	39631
9575	-2	4	39635
9576	-2	4	39639
9577	-2	4	39643
9578	-2	4	39647
9579	-2	4	39651
9580	-4	6	39657
9581	-2	4	39661
9582	-2	4	39665
9583	-2	4	39669
9584	-2	4	39673
9585	-2	4	39677
9586	-2	4	39681
9587	-2	4	39685
9588	-2	4	39689
9589	-4	6	39695
9590	-2	4	39699
9591	-2	4	39703
9592	-2	4	39707
9593	-2	4	39711
9594	-2	4	39715
9595	-4	6	39721
9596	-2	4	39725
9597	-2	4	39729
9598	-4	6	39735
9599	-2	4	39739
9600	-2	4	39743
9601	-2	4	39747
9602	-2	4	39751
9603	-2	4	39755
9604	-2	4	39759
9605	-2	4	39763
9606	-2	4	39767
9607	-2	4	39771
9608	-2	4	39775
9609	-2	4	39779
9610	-2	4	39783
9611	-4	6	39789
9612	-2	4	39793
9613	-2	4	39797
9614	-2	4	39801
9615	-2	4	39805
9616	-2	4	39809
9617	-2	4	39813
9618	-2	4	39817
9619	-2	4	39821
9620	-2	4	39825
9621	-2	4	39829
9622	-2	4	39833
9623	-2	4	39837
9624	-2	4	39841
9625	-2	4	39845
9626	-2	4	39849
9627	-2	4	39853
9628	-2	4	39857
9629	-2	4	39861
9630	-2	4	39865
9631	-2	4	39869
9632	-2	4	39873
9633	-2	4	39877
9634	-2	4	39881
9635	-2	4	39885
9636	-2	4	39889
9637	-2	4	39893
9638	-4	6	39899
9639	-2	4	39903
9640	-2	4	39907
9641	-2	4	39911
9642	-2	4	39915
9643	-2	4	39919
9644	-2	4	39923
9645	-2	4	39927
9646	-2	4	39931
9647	-2	4	39935
9648	-2	4	39939
9649	-2	4	39943
9650	-2	4	39947
9651	-2	4	39951
9652	-3	5	39956
9653	-2	4	39960
9654	-2	4	39964
9655	-2	4	39968
9656	-2	4	39972
9657	-2	4	39976
9658	-2	4	39980
9659	-2	4	39984
9660	-2	4	39988
9661	-2	4	39992
9662	-2	4	39996
9663	-2	4	40000
9664	-2	4	40004
9665	-2	4	40008
9666	-2	4	40012
9667	-2	4	40016
9668	-2	4	40020
9669	-2	4	40024
9670	-2	4	40028
9671	-2	4	40032
9672	-2	4	40036
9673	-2	4	40040
9674	-2	4	40044
9675	-2	4	40048
9676	-2	4	40052
9677	-2	4	40056
9678	-2	4	40060
9679	-2	4	40064
9680	-2	4	40068
9681	-2	4	40072
9682	-2	4	40076
9683	-2	4	40080
9684	-2	4	40084
9685	-2	4	40088
9686	-2	4	40092
9687	-2	4	40096
9688	-4	6	40102
9689	-2	4	40106
9690	-2	4	40110
9691	-2	4	40114
9692	-2	4	40118
9693	-2	4	40122
9694	-2	4	40126
9695	-2	4	40130
9696	-2	4	40134
9697	-2	4	40138
9698	-2	4	40142
9699	-2	4	40146
9700	-2	4	40150
9701	-2	4	40154
9702	-2	4	40158
9703	-2	4	40162
9704	-4	6	40168
9705	-3	5	40173
9706	-2	4	40177
9707	-2	4	40181
9708	-2	4	40185
9709	-2	4	40189
9710	-2	4	40193
9711	-2	4	40197
9712	-2	4	40201
9713	-2	4	40205
9714	-2	4	40209
9715	-2	4	40213
9716	-2	4	40217
9717	-2	4	40221
9718	-2	4	40225
9719	-2	4	40229
9720	-2	4	40233
9721	-2	4	40237
9722	-2	4	40241
9723	-2	4	40245
9724	-2	4	40249
9725	-4	6	40255
9726	-2	4	40259
9727	-2	4	40263
9728	-2	4	40267
9729	-2	4	40271
9730	-2	4	40275
9731	-2	4	40279
9732	-2	4	40283
9733	-2	4	40287
9734	-2	4	40291
9735	-2	4	40295
9736	-2	4	40299
9737	-2	4	40303
9738	-2	4	40307
9739	-2	4	40311
9740	-2	4	40315
9741	-2	4	40319
9742	-2	4	40323
9743	-2	4	40327
9744	-2	4	40331
9745	-2	4	40335
9746	-2	4	40339
9747	-2	4	40343
9748	-2	4	40347
9749	-3	5	40352
9750	-2	4	40356
9751	-2	4	40360
9752	-2	4	40364
9753	-2	4	40368
9754	-2	4	40372
9755	-2	4	40376
9756	-2	4	40380
9757	-2	4	40384
9758	-2	4	40388
9759	-3	5	40393
9760	-2	4	40397
9761	-2	4	40401
9762	-2	4	40405
9763	-2	4	40409
9764	-2	4	40413
9765	-2	4	40417
9766	-2	4	40421
9767	-2	4	40425
9768	-2	4	40429
9769	-2	4	40433
9770	-2	4	40437
9771	-2	4	40441
9772	-2	4	40445
9773	-3	5	40450
9774	-2	4	40454
9775	-2	4	40458
9776	-2	4	40462
9777	-2	4	40466
9778	-2	4	40470
9779	-2	4	40474
9780	-2	4	40478
9781	-2	4	40482
9782	-2	4	40486
9783	-2	4	40490
9784	-2	4	40494
9785	-2	4	40498
9786	-2	4	40502
9787	-2	4	40506
9788	-2	4	40510
9789	-2	4	40514
9790	-2	4	40518
9791	-2	4	40522
9792	-2	4	40526
9793	-2	4	40530
9794	-2	4	40534
9795	-2	4	40538
9796	-2	4	40542
9797	-2	4	40546
9798	-2	4	40550
9799	-2	4	40554
9800	-2	4	40558
9801	-2	4	40562
9802	-4	6	40568
9803	-2	4	40572
9804	-2	4	40576
9805	-2	4	40580
9806	-2	4	40584
9807	-2	4	40588
9808	-2	4	40592
9809	-2	4	40596
9810	-2	4	40600
9811	-2	4	40604
9812	-2	4	40608
9813	-2	4	40612
9814	-2	4	40616
9815	-2	4	40620
9816	-2	4	40624
9817	-2	4	40628
9818	-2	4	40632
9819	-2	4	40636
9820	-2	4	40640
9821	-2	4	40644
9822	-2	4	40648
9823	-2	4	40652
9824	-2	4	40656
9825	-2	4	40660
9826	-2	4	40664
9827	-2	4	40668
9828	-2	4	40672
9829	-2	4	40676
9830	-2	4	40680
9831	-2	4	40684
9832	-2	4	40688
9833	-2	4	40692
9834	-2	4	40696
9835	-2	4	40700
9836	-2	4	40704
9837	-2	4	40708
9838	-2	4	40712
9839	-3	5	40717
9840	-2	4	40721
9841	-2	4	40725
9842	-2	4	40729
9843	-2	4	40733
9844	-2	4	40737
9845	-2	4	40741
9846	-4	6	40747
9847	-2	4	40751
9848	-2	4	40755
9849	-2	4	40759
9850	-2	4	40763
9851	-2	4	40767
9852	-2	4	40771
9853	-2	4	40775
9854	-2	4	40779
9855	-2	4	40783
9856	-2	4	40787
9857	-2	4	40791
9858	-2	4	40795
9859	-2	4	40799
9860	-2	4	40803
9861	-2	4	40807
9862	-2	4	40811
9863	-2	4	40815
9864	-2	4	40819
9865	-2	4	40823
9866	-2	4	40827
9867	-2	4	40831
9868	-4	6	40837
9869	-2	4	40841
9870	-2	4	40845
9871	-2	4	40849
9872	-2	4	40853
9873	-2	4	40857
9874	-2	4	40861
9875	-2	4	40865
9876	-4	6	40871
9877	-2	4	40875
9878	-2	4	40879
9879	-2	4	40883
9880	-2	4	40887
9881	-2	4	40891
9882	-2	4	40895
9883	-2	4	40899
9884	-2	4	40903
9885	-2	4	40907
9886	-2	4	40911
9887	-2	4	40915
9888	-2	4	40919
9889	-2	4	40923
9890	-2	4	40927
9891	-2	4	40931
9892	-2	4	40935
9893	-3	5	40940
9894	-2	4	40944
9895	-2	4	40948
9896	-2	4	40952
9897	-2	4	40956
9898	-2	4	40960
9899	-2	4	40964
9900	-2	4	40968
9901	-2	4	40972
9902	-2	4	40976
9903	-2	4	40980
9904	-3	5	40985
9905	-2	4	40989
9906	-2	4	40993
9907	-2	4	40997
9908	-2	4	41001
9909	-2	4	41005
9910	-2	4	41009
9911	-2	4	41013
9912	-4	6	41019
9913	-2	4	41023
9914	-2	4	41027
9915	-2	4	41031
9916	-2	4	41035
9917	-4	6	41041
9918	-2	4	41045
9919	-2	4	41049
9920	-2	4	41053
9921	-2	4	41057
9922	-2	4	41061
9923	-2	4	41065
9924	-2	4	41069
9925	-2	4	41073
9926	-2	4	41077
9927	-2	4	41081
9928	-2	4	41085
9929	-2	4	41089
9930	-2	4	41093
9931	-2	4	41097
9932	-2	4	41101
9933	-2	4	41105
9934	-2	4	41109
9935	-2	4	41113
9936	-5	7	41120
9937	-2	4	41124
9938	-3	5	41129
9939	-2	4	41133
9940	-2	4	41137
9941	-2	4	41141
9942	-2	4	41145
9943	-2	4	41149
9944	-2	4	41153
9945	-2	4	41157
9946	-4	6	41163
9947	-2	4	41167
9948	-2	4	41171
9949	-2	4	41175
9950	-2	4	41179
9951	-2	4	41183
9952	-2	4	41187
9953	-2	4	41191
9954	-2	4	41195
9955	-2	4	41199
9956	-2	4	41203
9957	-2	4	41207
9958	-2	4	41211
9959	-2	4	41215
9960	-2	4	41219
9961	-2	4	41223
9962	-2	4	41227
9963	-2	4	41231
9964	-2	4	41235
9965	-2	4	41239
9966	-2	4	41243
9967	-2	4	41247
9968	-2	4	41251
9969	-2	4	41255
9970	-2	4	41259
9971	-2	4	41263
9972	-2	4	41267
9973	-2	4	41271
9974	-2	4	41275
9975	-2	4	41279
9976	-2	4	41283
9977	-2	4	41287
9978	-2	4	41291
9979	-2	4	41295
9980	-2	4	41299
9981	-2	4	41303
9982	-2	4	41307
9983	-2	4	41311
9984	-2	4	41315
9985	-2	4	41319
9986	-2	4	41323
9987	-2	4	41327
9988	-2	4	41331
9989	-2	4	41335
9990	-2	4	41339
9991	-2	4	41343
9992	-2	4	41347
9993	-2	4	41351
9994	-2	4	41355
9995	-2	4	41359
9996	-2	4	41363
9997	-2	4	41367
9998	-2	4	41371
9999	-2	4	41375
10000	-2	4	41379
10001	-2	4	41383
10002	-2	4	41387
10003	-2	4	41391
10004	-2	4	41395
10005	-2	4	41399
10006	-2	4	41403
10007	-2	4	41407
10008	-2	4	41411
10009	-2	4	41415
10010	-2	4	41419
10011	-2	4	41423
10012	-4	6	41429
10013	-2	4	41433
10014	-2	4	41437
10015	-2	4	41441
10016	-2	4	41445
10017	-2	4	41449
10018	-2	4	41453
10019	-2	4	41457
10020	-2	4	41461
10021	-2	4	41465
10022	-2	4	41469
10023	-2	4	41473
10024	-2	4	41477
10025	-2	4	41481
10026	-2	4	41485
10027	-2	4	41489
10028	-2	4	41493
10029	-2	4	41497
10030	-2	4	41501
10031	-2	4	41505
10032	-2	4	41509
10033	-2	4	41513
10034	-2	4	41517
10035	-2	4	41521
10036	-2	4	41525
10037	-2	4	41529
10038	-2	4	41533
10039	-2	4	41537
10040	-2	4	41541
10041	-2	4	41545
10042	-2	4	41549
10043	-2	4	41553
10044	-2	4	41557
10045	-2	4	41561
10046	-2	4	41565
10047	-4	6	41571
10048	-2	4	41575
10049	-2	4	41579
10050	-2	4	41583
10051	-2	4	41587
10052	-3	5	41592
10053	-2	4	41596
10054	-2	4	41600
10055	-2	4	41604
10056	-2	4	41608
10057	-2	4	41612
10058	-2	4	41616
10059	-2	4	41620
10060	-4	6	41626
10061	-2	4	41630
10062	-2	4	41634
10063	-2	4	41638
10064	-2	4	41642
10065	-4	6	41648
10066	-2	4	41652
10067	-2	4	41656
10068	-2	4	41660
10069	-4	6	41666
10070	-4	6	41672
10071	-2	4	41676
10072	-2	4	41680
10073	-2	4	41684
10074	-2	4	41688
10075	-2	4	41692
10076	-2	4	41696
10077	-2	4	41700
10078	-2	4	41704
10079	-2	4	41708
10080	-2	4	41712
10081	-2	4	41716
10082	-2	4	41720
10083	-2	4	41724
10084	-2	4	41728
10085	-2	4	41732
10086	-2	4	41736
10087	-2	4	41740
10088	-2	4	41744
10089	-2	4	41748
10090	-2	4	41752
10091	-3	5	41757
10092	-2	4	41761
10093	-2	4	41765
10094	-2	4	41769
10095	-2	4	41773
10096	-2	4	41777
10097	-2	4	41781
10098	-2	4	41785
10099	-2	4	41789
10100	-2	4	41793
10101	-2	4	41797
10102	-2	4	41801
10103	-4	6	41807
10104	-2	4	41811
10105	-3	5	41816
10106	-4	6	41822
10107	-2	4	41826
10108	-4	6	41832
10109	-2	4	41836
10110	-2	4	41840
10111	-2	4	41844
10112	-2	4	41848
10113	-2	4	41852
10114	-2	4	41856
10115	-2	4	41860
10116	-2	4	41864
10117	-2	4	41868
10118	-2	4	41872
10119	-2	4	41876
10120	-2	4	41880
10121	-2	4	41884
10122	-2	4	41888
10123	-2	4	41892
10124	-2	4	41896
10125	-2	4	41900
10126	-2	4	41904
10127	-4	6	41910
10128	-2	4	41914
10129	-2	4	41918
10130	-2	4	41922
10131	-2	4	41926
10132	-2	4	41930
10133	-2	4	41934
10134	-2	4	41938
10135	-2	4	41942
10136	-2	4	41946
10137	-2	4	41950
10138	-2	4	41954
10139	-2	4	41958
10140	-4	6	41964
10141	-2	4	41968
10142	-2	4	41972
10143	-2	4	41976
10144	-2	4	41980
10145	-2	4	41984
10146	-2	4	41988
10147	-2	4	41992
10148	-2	4	41996
10149	-2	4	42000
10150	-2	4	42004
10151	-2	4	42008
10152	-2	4	42012
10153	-6	8	42020
10154	-2	4	42024
10155	-2	4	42028
10156	-2	4	42032
10157	-2	4	42036
10158	-2	4	42040
10159	-4	6	42046
10160	-2	4	42050
10161	-2	4	42054
10162	-2	4	42058
10163	-2	4	42062
10164	-2	4	42066
10165	-2	4	42070
10166	-2	4	42074
10167	-2	4	42078
10168	-2	4	42082
10169	-2	4	42086
10170	-2	4	42090
10171	-2	4	42094
10172	-2	4	42098
10173	-2	4	42102
10174	-2	4	42106
10175	-4	6	42112
10176	-2	4	42116
10177	-2	4	42120
10178	-2	4	42124
10179	-2	4	42128
10180	-2	4	42132
10181	-2	4	42136
10182	-2	4	42140
10183	-2	4	42144
10184	-2	4	42148
10185	-2	4	42152
10186	-2	4	42156
10187	-2	4	42160
10188	-2	4	42164
10189	-2	4	42168
10190	-2	4	42172
10191	-2	4	42176
10192	-2	4	42180
10193	-2	4	42184
10194	-2	4	42188
10195	-2	4	42192
10196	-2	4	42196
10197	-2	4	42200
10198	-2	4	42204
10199	-2	4	42208
10200	-4	6	42214
10201	-2	4	42218
10202	-2	4	42222
10203	-2	4	42226
10204	-2	4	42230
10205	-2	4	42234
10206	-2	4	42238
10207	-4	6	42244
10208	-2	4	42248
10209	-2	4	42252
10210	-2	4	42256
10211	-2	4	42260
10212	-2	4	42264
10213	-2	4	42268
10214	-2	4	42272
10215	-2	4	42276
10216	-2	4	42280
10217	-2	4	42284
10218	-2	4	42288
10219	-2	4	42292
10220	-2	4	42296
10221	-2	4	42300
10222	-2	4	42304
10223	-2	4	42308
10224	-2	4	42312
10225	-2	4	42316
10226	-2	4	42320
10227	-2	4	42324
10228	-2	4	42328
10229	-2	4	42332
10230	-2	4	42336
10231	-2	4	42340
10232	-2	4	42344
10233	-2	4	42348
10234	-2	4	42352
10235	-2	4	42356
10236	-2	4	42360
10237	-2	4	42364
10238	-2	4	42368
10239	-2	4	42372
10240	-2	4	42376
10241	-2	4	42380
10242	-2	4	42384
10243	-2	4	42388
10244	-2	4	42392
10245	-2	4	42396
10246	-2	4	42400
10247	-2	4	42404
10248	-2	4	42408
10249	-2	4	42412
10250	-2	4	42416
10251	-2	4	42420
10252	-2	4	42424
10253	-2	4	42428
10254	-2	4	42432
10255	-2	4	42436
10256	-2	4	42440
10257	-2	4	42444
10258	-2	4	42448
10259	-2	4	42452
10260	-2	4	42456
10261	-2	4	42460
10262	-2	4	42464
10263	-2	4	42468
10264	-2	4	42472
10265	-2	4	42476
10266	-2	4	42480
10267	-2	4	42484
10268	-2	4	42488
10269	-2	4	42492
10270	-4	6	42498
10271	-2	4	42502
10272	-2	4	42506
10273	-4	6	42512
10274	-2	4	42516
10275	-2	4	42520
10276	-2	4	42524
10277	-2	4	42528
10278	-2	4	42532
10279	-2	4	42536
10280	-2	4	42540
10281	-2	4	42544
10282	-2	4	42548
10283	-2	4	42552
10284	-2	4	42556
10285	-2	4	42560
10286	-2	4	42564
10287	-2	4	42568
10288	-2	4	42572
10289	-2	4	42576
10290	-2	4	42580
10291	-3	5	42585
10292	-2	4	42589
10293	-2	4	42593
10294	-2	4	42597
10295	-2	4	42601
10296	-2	4	42605
10297	-2	4	42609
10298	-2	4	42613
10299	-2	4	42617
10300	-2	4	42621
10301	-2	4	42625
10302	-2	4	42629
10303	-2	4	42633
10304	-2	4	42637
10305	-2	4	42641
10306	-2	4	42645
10307	-2	4	42649
10308	-2	4	42653
10309	-2	4	42657
10310	-4	6	42663
10311	-2	4	42667
10312	-2	4	42671
10313	-2	4	42675
10314	-2	4	42679
10315	-2	4	42683
10316	-2	4	42687
10317	-2	4	42691
10318	-2	4	42695
10319	-2	4	42699
10320	-2	4	42703
10321	-2	4	42707
10322	-2	4	42711
10323	-2	4	42715
10324	-2	4	42719
10325	-2	4	42723
10326	-2	4	42727
10327	-2	4	42731
10328	-2	4	42735
10329	-2	4	42739
10330	-2	4	42743
10331	-2	4	42747
10332	-2	4	42751
10333	-2	4	42755
10334	-2	4	42759
10335	-2	4	42763
10336	-2	4	42767
10337	-2	4	42771
10338	-2	4	42775
10339	-2	4	42779
10340	-2	4	42783
10341	-2	4	42787
10342	-2	4	42791
10343	-2	4	42795
10344	-2	4	42799
10345	-2	4	42803
10346	-2	4	42807
10347	-2	4	42811
10348	-2	4	42815
10349	-2	4	42819
10350	-2	4	42823
10351	-2	4	42827
10352	-2	4	42831
10353	-2	4	42835
10354	-2	4	42839
10355	-2	4	42843
10356	-2	4	42847
10357	-2	4	42851
10358	-4	6	42857
10359	-2	4	42861
10360	-2	4	42865
10361	-2	4	42869
10362	-2	4	42873
10363	-2	4	42877
10364	-2	4	42881
10365	-2	4	42885
10366	-2	4	42889
10367	-2	4	42893
10368	-2	4	42897
10369	-2	4	42901
10370	-2	4	42905
10371	-2	4	42909
10372	-2	4	42913
10373	-2	4	42917
10374	-2	4	42921
10375	-2	4	42925
10376	-2	4	42929
10377	-2	4	42933
10378	-2	4	42937
10379	-2	4	42941
10380	-2	4	42945
10381	-2	4	42949
10382	-2	4	42953
10383	-2	4	42957
10384	-2	4	42961
10385	-2	4	42965
10386	-2	4	42969
10387	-2	4	42973
10388	-2	4	42977
10389	-2	4	42981
10390	-2	4	42985
10391	-2	4	42989
10392	-2	4	42993
10393	-2	4	42997
10394	-2	4	43001
10395	-2	4	43005
10396	-2	4	43009
10397	-2	4	43013
10398	-2	4	43017
10399	-2	4	43021
10400	-2	4	43025
10401	-2	4	43029
10402	-2	4	43033
10403	-2	4	43037
10404	-2	4	43041
10405	-2	4	43045
10406	-2	4	43049
10407	-2	4	43053
10408	-2	4	43057
10409	-2	4	43061
10410	-2	4	43065
10411	-4	6	43071
10412	-2	4	43075
10413	-2	4	43079
10414	-2	4	43083
10415	-2	4	43087
10416	-2	4	43091
10417	-2	4	43095
10418	-2	4	43099
10419	-2	4	43103
10420	-4	6	43109
10421	-2	4	43113
10422	-2	4	43117
10423	-2	4	43121
10424	-2	4	43125
10425	-2	4	43129
10426	-2	4	43133
10427	-2	4	43137
10428	-2	4	43141
10429	-2	4	43145
10430	-2	4	43149
10431	-2	4	43153
10432	-2	4	43157
10433	-2	4	43161
10434	-2	4	43165
10435	-2	4	43169
10436	-2	4	43173
10437	-2	4	43177
10438	-2	4	43181
10439	-2	4	43185
10440	-2	4	43189
10441	-2	4	43193
10442	-2	4	43197
10443	-2	4	43201
10444	-2	4	43205
10445	-2	4	43209
10446	-2	4	43213
10447	-2	4	43217
10448	-2	4	43221
10449	-2	4	43225
10450	-2	4	43229
10451	-2	4	43233
10452	-4	6	43239
10453	-2	4	43243
10454	-2	4	43247
10455	-2	4	43251
10456	-2	4	43255
10457	-2	4	43259
10458	-2	4	43263
10459	-2	4	43267
10460	-2	4	43271
10461	-2	4	43275
10462	-2	4	43279
10463	-3	5	43284
10464	-2	4	43288
10465	-2	4	43292
10466	-2	4	43296
10467	-2	4	43300
10468	-4	6	43306
10469	-2	4	43310
10470	-2	4	43314
10471	-2	4	43318
10472	-2	4	43322
10473	-4	6	43328
10474	-2	4	43332
10475	-2	4	43336
10476	-2	4	43340
10477	-2	4	43344
10478	-2	4	43348
10479	-2	4	43352
10480	-2	4	43356
10481	-2	4	43360
10482	-2	4	43364
10483	-2	4	43368
10484	-2	4	43372
10485	-2	4	43376
10486	-2	4	43380
10487	-2	4	43384
10488	-2	4	43388
10489	-2	4	43392
10490	-2	4	43396
10491	-2	4	43400
10492	-2	4	43404
10493	-2	4	43408
10494	-2	4	43412
10495	-2	4	43416
10496	-4	6	43422
10497	-2	4	43426
10498	-2	4	43430
10499	-2	4	43434
10500	-2	4	43438
10501	-2	4	43442
10502	-2	4	43446
10503	-2	4	43450
10504	-2	4	43454
10505	-2	4	43458
10506	-2	4	43462
10507	-2	4	43466
10508	-2	4	43470
10509	-2	4	43474
10510	-2	4	43478
10511	-2	4	43482
10512	-2	4	43486
10513	-2	4	43490
10514	-2	4	43494
10515	-4	6	43500
10516	-2	4	43504
10517	-2	4	43508
10518	-2	4	43512
10519	-2	4	43516
10520	-2	4	43520
10521	-2	4	43524
10522	-2	4	43528
10523	-2	4	43532
10524	-2	4	43536
10525	-2	4	43540
10526	-2	4	43544
10527	-2	4	43548
10528	-4	6	43554
10529	-2	4	43558
10530	-2	4	43562
10531	-2	4	43566
10532	-2	4	43570
10533	-2	4	43574
10534	-2	4	43578
10535	-2	4	43582
10536	-4	6	43588
10537	-2	4	43592
10538	-2	4	43596
10539	-2	4	43600
10540	-2	4	43604
10541	-2	4	43608
10542	-3	5	43613
10543	-2	4	43617
10544	-2	4	43621
10545	-2	4	43625
10546	-2	4	43629
10547	-2	4	43633
10548	-2	4	43637
10549	-2	4	43641
10550	-2	4	43645
10551	-2	4	43649
10552	-2	4	43653
10553	-2	4	43657
10554	-2	4	43661
10555	-4	6	43667
10556	-2	4	43671
10557	-2	4	43675
10558	-2	4	43679
10559	-2	4	43683
10560	-2	4	43687
10561	-2	4	43691
10562	-2	4	43695
10563	-2	4	43699
10564	-2	4	43703
10565	-6	8	43711
10566	-2	4	43715
10567	-2	4	43719
10568	-2	4	43723
10569	-2	4	43727
10570	-2	4	43731
10571	-2	4	43735
10572	-2	4	43739
10573	-4	6	43745
10574	-2	4	43749
10575	-2	4	43753
10576	-2	4	43757
10577	-2	4	43761
10578	-2	4	43765
10579	-2	4	43769
10580	-2	4	43773
10581	-2	4	43777
10582	-2	4	43781
10583	-2	4	43785
10584	-4	6	43791
10585	-2	4	43795
10586	-2	4	43799
10587	-2	4	43803
10588	-2	4	43807
10589	-3	5	43812
10590	-2	4	43816
10591	-2	4	43820
10592	-2	4	43824
10593	-2	4	43828
10594	-2	4	43832
10595	-2	4	43836
10596	-2	4	43840
10597	-2	4	43844
10598	-2	4	43848
10599	-3	5	43853
10600	-2	4	43857
10601	-2	4	43861
10602	-2	4	43865
10603	-2	4	43869
10604	-2	4	43873
10605	-2	4	43877
10606	-2	4	43881
10607	-2	4	43885
10608	-2	4	43889
10609	-2	4	43893
10610	-2	4	43897
10611	-2	4	43901
10612	-2	4	43905
10613	-2	4	43909
10614	-2	4	43913
10615	-2	4	43917
10616	-2	4	43921
10617	-2	4	43925
10618	-2	4	43929
10619	-2	4	43933
10620	-2	4	43937
10621	-2	4	43941
10622	-2	4	43945
10623	-2	4	43949
10624	-2	4	43953
10625	-2	4	43957
10626	-2	4	43961
10627	-2	4	43965
10628	-2	4	43969
10629	-2	4	43973
10630	-2	4	43977
10631	-2	4	43981
10632	-2	4	43985
10633	-2	4	43989
10634	-2	4	43993
10635	-2	4	43997
10636	-2	4	44001
10637	-2	4	44005
10638	-2	4	44009
10639	-2	4	44013
10640	-2	4	44017
10641	-2	4	44021
10642	-2	4	44025
10643	-2	4	44029
10644	-2	4	44033
10645	-4	6	44039
10646	-2	4	44043
10647	-2	4	44047
10648	-3	5	44052
10649	-2	4	44056
10650	-2	4	44060
10651	-2	4	44064
10652	-2	4	44068
10653	-2	4	44072
10654	-2	4	44076
10655	-2	4	44080
10656	-2	4	44084
10657	-2	4	44088
10658	-2	4	44092
10659	-2	4	44096
10660	-2	4	44100
10661	-2	4	44104
10662	-2	4	44108
10663	-2	4	44112
10664	-2	4	44116
10665	-2	4	44120
10666	-2	4	44124
10667	-2	4	44128
10668	-2	4	44132
10669	-2	4	44136
10670	-2	4	44140
10671	-2	4	44144
10672	-2	4	44148
10673	-2	4	44152
10674	-2	4	44156
10675	-2	4	44160
10676	-3	5	44165
10677	-2	4	44169
10678	-2	4	44173
10679	-4	6	44179
10680	-4	6	44185
10681	-2	4	44189
10682	-2	4	44193
10683	-4	6	44199
10684	-2	4	44203
10685	-2	4	44207
10686	-4	6	44213
10687	-2	4	44217
10688	-2	4	44221
10689	-2	4	44225
10690	-2	4	44229
10691	-2	4	44233
10692	-2	4	44237
10693	-2	4	44241
10694	-2	4	44245
10695	-2	4	44249
10696	-3	5	44254
10697	-2	4	44258
10698	-2	4	44262
10699	-2	4	44266
10700	-2	4	44270
10701	-2	4	44274
10702	-2	4	44278
10703	-2	4	44282
10704	-2	4	44286
10705	-2	4	44290
10706	-2	4	44294
10707	-2	4	44298
10708	-2	4	44302
10709	-2	4	44306
10710	-2	4	44310
10711	-2	4	44314
10712	-2	4	44318
10713	-2	4	44322
10714	-2	4	44326
10715	-2	4	44330
10716	-2	4	44334
10717	-2	4	44338
10718	-4	6	44344
10719	-2	4	44348
10720	-2	4	44352
10721	-2	4	44356
10722	-2	4	44360
10723	-2	4	44364
10724	-2	4	44368
10725	-2	4	44372
10726	-2	4	44376
10727	-2	4	44380
10728	-2	4	44384
10729	-2	4	44388
10730	-2	4	44392
10731	-2	4	44396
10732	-2	4	44400
10733	-2	4	44404
10734	-2	4	44408
10735	-3	5	44413
10736	-2	4	44417
10737	-2	4	44421
10738	-2	4	44425
10739	-2	4	44429
10740	-2	4	44433
10741	-2	4	44437
10742	-2	4	44441
10743	-2	4	44445
10744	-2	4	44449
10745	-2	4	44453
10746	-2	4	44457
10747	-2	4	44461
10748	-2	4	44465
10749	-2	4	44469
10750	-2	4	44473
10751	-2	4	44477
10752	-2	4	44481
10753	-2	4	44485
10754	-2	4	44489
10755	-2	4	44493
10756	-4	6	44499
10757	-2	4	44503
10758	-2	4	44507
10759	-2	4	44511
10760	-2	4	44515
10761	-2	4	44519
10762	-2	4	44523
10763	-2	4	44527
10764	-2	4	44531
10765	-2	4	44535
10766	-2	4	44539
10767	-2	4	44543
10768	-2	4	44547
10769	-3	5	44552
10770	-2	4	44556
10771	-2	4	44560
10772	-2	4	44564
10773	-2	4	44568
10774	-4	6	44574
10775	-2	4	44578
10776	-2	4	44582
10777	-4	6	44588
10778	-2	4	44592
10779	-2	4	44596
10780	-2	4	44600
10781	-2	4	44604
10782	-2	4	44608
10783	-2	4	44612
10784	-2	4	44616
10785	-4	6	44622
10786	-2	4	44626
10787	-2	4	44630
10788	-2	4	44634
10789	-2	4	44638
10790	-2	4	44642
10791	-2	4	44646
10792	-2	4	44650
10793	-2	4	44654
10794	-2	4	44658
10795	-2	4	44662
10796	-2	4	44666
10797	-2	4	44670
10798	-2	4	44674
10799	-2	4	44678
10800	-2	4	44682
10801	-2	4	44686
10802	-2	4	44690
10803	-2	4	44694
10804	-2	4	44698
10805	-2	4	44702
10806	-2	4	44706
10807	-2	4	44710
10808	-2	4	44714
10809	-2	4	44718
10810	-2	4	44722
10811	-2	4	44726
10812	-2	4	44730
10813	-2	4	44734
10814	-2	4	44738
10815	-3	5	44743
10816	-2	4	44747
10817	-2	4	44751
10818	-2	4	44755
10819	-2	4	44759
10820	-2	4	44763
10821	-2	4	44767
10822	-2	4	44771
10823	-3	5	44776
10824	-2	4	44780
10825	-4	6	44786
10826	-2	4	44790
10827	-2	4	44794
10828	-2	4	44798
10829	-2	4	44802
10830	-2	4	44806
10831	-2	4	44810
10832	-2	4	44814
10833	-2	4	44818
10834	-2	4	44822
10835	-2	4	44826
10836	-2	4	44830
10837	-2	4	44834
10838	-2	4	44838
10839	-2	4	44842
10840	-2	4	44846
10841	-2	4	44850
10842	-2	4	44854
10843	-2	4	44858
10844	-2	4	44862
10845	-2	4	44866
10846	-2	4	44870
10847	-4	6	44876
10848	-2	4	44880
10849	-2	4	44884
10850	-2	4	44888
10851	-2	4	44892
10852	-2	4	44896
10853	-2	4	44900
10854	-2	4	44904
10855	-2	4	44908
10856	-2	4	44912
10857	-2	4	44916
10858	-2	4	44920
10859	-2	4	44924
10860	-2	4	44928
10861	-2	4	44932
10862	-2	4	44936
10863	-2	4	44940
10864	-2	4	44944
10865	-2	4	44948
10866	-3	5	44953
10867	-2	4	44957
10868	-2	4	44961
10869	-4	6	44967
10870	-2	4	44971
10871	-2	4	44975
10872	-2	4	44979
10873	-2	4	44983
10874	-2	4	44987
10875	-2	4	44991
10876	-2	4	44995
10877	-2	4	44999
10878	-4	6	45005
10879	-2	4	45009
10880	-2	4	45013
10881	-2	4	45017
10882	-2	4	45021
10883	-2	4	45025
10884	-2	4	45029
10885	-2	4	45033
10886	-2	4	45037
10887	-2	4	45041
10888	-2	4	45045
10889	-2	4	45049
10890	-2	4	45053
10891	-2	4	45057
10892	-2	4	45061
10893	-2	4	45065
10894	-2	4	45069
10895	-3	5	45074
10896	-2	4	45078
10897	-2	4	45082
10898	-2	4	45086
10899	-2	4	45090
10900	-2	4	45094
10901	-2	4	45098
10902	-2	4	45102
10903	-2	4	45106
10904	-2	4	45110
10905	-2	4	45114
10906	-2	4	45118
10907	-2	4	45122
10908	-2	4	45126
10909	-2	4	45130
10910	-2	4	45134
10911	-2	4	45138
10912	-2	4	45142
10913	-2	4	45146
10914	-2	4	45150
10915	-2	4	45154
10916	-2	4	45158
10917	-2	4	45162
10918	-2	4	45166
10919	-2	4	45170
10920	-2	4	45174
10921	-4	6	45180
10922	-2	4	45184
10923	-2	4	45188
10924	-2	4	45192
10925	-2	4	45196
10926	-2	4	45200
10927	-2	4	45204
10928	-2	4	45208
10929	-2	4	45212
10930	-2	4	45216
10931	-2	4	45220
10932	-2	4	45224
10933	-2	4	45228
10934	-2	4	45232
10935	-2	4	45236
10936	-2	4	45240
10937	-2	4	45244
10938	-2	4	45248
10939	-2	4	45252
10940	-2	4	45256
10941	-2	4	45260
10942	-2	4	45264
10943	-2	4	45268
10944	-2	4	45272
10945	-4	6	45278
10946	-2	4	45282
10947	-4	6	45288
10948	-2	4	45292
10949	-2	4	45296
10950	-2	4	45300
10951	-2	4	45304
10952	-4	6	45310
10953	-2	4	45314
10954	-2	4	45318
10955	-2	4	45322
10956	-2	4	45326
10957	-2	4	45330
10958	-2	4	45334
10959	-2	4	45338
10960	-2	4	45342
10961	-2	4	45346
10962	-2	4	45350
10963	-2	4	45354
10964	-2	4	45358
10965	-4	6	45364
10966	-2	4	45368
10967	-2	4	45372
10968	-2	4	45376
10969	-2	4	45380
10970	-2	4	45384
10971	-2	4	45388
10972	-2	4	45392
10973	-2	4	45396
10974	-2	4	45400
10975	-2	4	45404
10976	-2	4	45408
10977	-4	6	45414
10978	-4	6	45420
10979	-2	4	45424
10980	-2	4	45428
10981	-2	4	45432
10982	-2	4	45436
10983	-2	4	45440
10984	-2	4	45444
10985	-2	4	45448
10986	-2	4	45452
10987	-2	4	45456
10988	-2	4	45460
10989	-2	4	45464
10990	-2	4	45468
10991	-2	4	45472
10992	-2	4	45476
10993	-2	4	45480
10994	-2	4	45484
10995	-2	4	45488
10996	-2	4	45492
10997	-2	4	45496
10998	-2	4	45500
10999	-2	4	45504
11000	-2	4	45508
11001	-2	4	45512
11002	-2	4	45516
11003	-2	4	45520
11004	-2	4	45524
11005	-2	4	45528
11006	-2	4	45532
11007	-2	4	45536
11008	-2	4	45540
11009	-2	4	45544
11010	-2	4	45548
11011	-2	4	45552
11012	-2	4	45556
11013	-2	4	45560
11014	-2	4	45564
11015	-2	4	45568
11016	-2	4	45572
11017	-2	4	45576
11018	-2	4	45580
11019	-2	4	45584
11020	-2	4	45588
11021	-4	6	45594
11022	-2	4	45598
11023	-2	4	45602
11024	-2	4	45606
11025	-2	4	45610
11026	-2	4	45614
11027	-2	4	45618
11028	-2	4	45622
11029	-2	4	45626
11030	-2	4	45630
11031	-2	4	45634
11032	-4	6	45640
11033	-2	4	45644
11034	-2	4	45648
11035	-2	4	45652
11036	-2	4	45656
11037	-2	4	45660
11038	-2	4	45664
11039	-2	4	45668
11040	-2	4	45672
11041	-2	4	45676
11042	-2	4	45680
11043	-2	4	45684
11044	-2	4	45688
11045	-2	4	45692
11046	-2	4	45696
11047	-2	4	45700
11048	-2	4	45704
11049	-2	4	45708
11050	-2	4	45712
11051	-2	4	45716
11052	-2	4	45720
11053	-2	4	45724
11054	-2	4	45728
11055	-2	4	45732
11056	-2	4	45736
11057	-2	4	45740
11058	-2	4	45744
11059	-2	4	45748
11060	-2	4	45752
11061	-2	4	45756
11062	-3	5	45761
11063	-2	4	45765
11064	-2	4	45769
11065	-4	6	45775
11066	-2	4	45779
11067	-2	4	45783
11068	-2	4	45787
11069	-2	4	45791
11070	-2	4	45795
11071	-2	4	45799
11072	-2	4	45803
11073	-2	4	45807
11074	-2	4	45811
11075	-2	4	45815
11076	-2	4	45819
11077	-2	4	45823
11078	-2	4	45827
11079	-2	4	45831
11080	-2	4	45835
11081	-2	4	45839
11082	-2	4	45843
11083	-4	6	45849
11084	-2	4	45853
11085	-2	4	45857
11086	-2	4	45861
11087	-2	4	45865
11088	-2	4	45869
11089	-2	4	45873
11090	-2	4	45877
11091	-2	4	45881
11092	-2	4	45885
11093	-2	4	45889
11094	-2	4	45893
11095	-2	4	45897
11096	-2	4	45901
11097	-2	4	45905
11098	-2	4	45909
11099	-2	4	45913
11100	-2	4	45917
11101	-2	4	45921
11102	-2	4	45925
11103	-2	4	45929
11104	-4	6	45935
11105	-2	4	45939
11106	-2	4	45943
11107	-2	4	45947
11108	-2	4	45951
11109	-2	4	45955
11110	-2	4	45959
11111	-2	4	45963
11112	-2	4	45967
11113	-2	4	45971
11114	-2	4	45975
11115	-2	4	45979
11116	-2	4	45983
11117	-2	4	45987
11118	-2	4	45991
11119	-2	4	45995
11120	-3	5	46000
11121	-2	4	46004
11122	-2	4	46008
11123	-2	4	46012
11124	-2	4	46016
11125	-2	4	46020
11126	-2	4	46024
11127	-2	4	46028
11128	-2	4	46032
11129	-2	4	46036
11130	-2	4	46040
11131	-2	4	46044
11132	-2	4	46048
11133	-2	4	46052
11134	-2	4	46056
11135	-2	4	46060
11136	-2	4	46064
11137	-2	4	46068
11138	-2	4	46072
11139	-2	4	46076
11140	-2	4	46080
11141	-2	4	46084
11142	-2	4	46088
11143	-2	4	46092
11144	-2	4	46096
11145	-2	4	46100
11146	-2	4	46104
11147	-2	4	46108
11148	-2	4	46112
11149	-2	4	46116
11150	-2	4	46120
11151	-2	4	46124
11152	-2	4	46128
11153	-4	6	46134
11154	-2	4	46138
11155	-2	4	46142
11156	-2	4	46146
11157	-2	4	46150
11158	-2	4	46154
11159	-2	4	46158
11160	-2	4	46162
11161	-2	4	46166
11162	-2	4	46170
11163	-2	4	46174
11164	-2	4	46178
11165	-2	4	46182
11166	-2	4	46186
11167	-2	4	46190
11168	-2	4	46194
11169	-2	4	46198
11170	-2	4	46202
11171	-2	4	46206
11172	-2	4	46210
11173	-2	4	46214
11174	-2	4	46218
11175	-2	4	46222
11176	-2	4	46226
11177	-2	4	46230
11178	-2	4	46234
11179	-2	4	46238
11180	-2	4	46242
11181	-2	4	46246
11182	-2	4	46250
11183	-2	4	46254
11184	-2	4	46258
11185	-2	4	46262
11186	-2	4	46266
11187	-2	4	46270
11188	-2	4	46274
11189	-2	4	46278
11190	-2	4	46282
11191	-4	6	46288
11192	-2	4	46292
11193	-2	4	46296
11194	-2	4	46300
11195	-2	4	46304
11196	-2	4	46308
11197	-2	4	46312
11198	-2	4	46316
11199	-2	4	46320
11200	-2	4	46324
11201	-2	4	46328
11202	-2	4	46332
11203	-2	4	46336
11204	-2	4	46340
11205	-2	4	46344
11206	-2	4	46348
11207	-2	4	46352
11208	-2	4	46356
11209	-2	4	46360
11210	-2	4	46364
11211	-2	4	46368
11212	-2	4	46372
11213	-2	4	46376
11214	-2	4	46380
11215	-2	4	46384
11216	-2	4	46388
11217	-2	4	46392
11218	-2	4	46396
11219	-2	4	46400
11220	-2	4	46404
11221	-2	4	46408
11222	-2	4	46412
11223	-2	4	46416
11224	-2	4	46420
11225	-2	4	46424
11226	-2	4	46428
11227	-2	4	46432
11228	-2	4	46436
11229	-2	4	46440
11230	-2	4	46444
11231	-2	4	46448
11232	-2	4	46452
11233	-2	4	46456
11234	-2	4	46460
11235	-2	4	46464
11236	-4	6	46470
11237	-2	4	46474
11238	-2	4	46478
11239	-2	4	46482
11240	-2	4	46486
11241	-2	4	46490
11242	-2	4	46494
11243	-2	4	46498
11244	-2	4	46502
11245	-2	4	46506
11246	-4	6	46512
11247	-2	4	46516
11248	-2	4	46520
11249	-2	4	46524
11250	-2	4	46528
11251	-2	4	46532
11252	-4	6	46538
11253	-2	4	46542
11254	-2	4	46546
11255	-2	4	46550
11256	-2	4	46554
11257	-2	4	46558
11258	-2	4	46562
11259	-2	4	46566
11260	-2	4	46570
11261	-2	4	46574
11262	-2	4	46578
11263	-2	4	46582
11264	-2	4	46586
11265	-2	4	46590
11266	-2	4	46594
11267	-2	4	46598
11268	-2	4	46602
11269	-2	4	46606
11270	-4	6	46612
11271	-2	4	46616
11272	-2	4	46620
11273	-2	4	46624
11274	-4	6	46630
11275	-2	4	46634
11276	-2	4	46638
11277	-2	4	46642
11278	-2	4	46646
11279	-2	4	46650
11280	-2	4	46654
11281	-4	6	46660
11282	-2	4	46664
11283	-2	4	46668
11284	-2	4	46672
11285	-2	4	46676
11286	-2	4	46680
11287	-2	4	46684
11288	-2	4	46688
11289	-2	4	46692
11290	-4	6	46698
11291	-4	6	46704
11292	-2	4	46708
11293	-2	4	46712
11294	-4	6	46718
11295	-2	4	46722
11296	-2	4	46726
11297	-2	4	46730
11298	-2	4	46734
11299	-2	4	46738
11300	-2	4	46742
11301	-2	4	46746
11302	-2	4	46750
11303	-2	4	46754
11304	-2	4	46758
11305	-2	4	46762
11306	-2	4	46766
11307	-2	4	46770
11308	-2	4	46774
11309	-2	4	46778
11310	-4	6	46784
11311	-2	4	46788
11312	-2	4	46792
11313	-2	4	46796
11314	-2	4	46800
11315	-2	4	46804
11316	-2	4	46808
11317	-2	4	46812
11318	-2	4	46816
11319	-2	4	46820
11320	-2	4	46824
11321	-2	4	46828
11322	-2	4	46832
11323	-2	4	46836
11324	-2	4	46840
11325	-2	4	46844
11326	-2	4	46848
11327	-2	4	46852
11328	-2	4	46856
11329	-2	4	46860
11330	-2	4	46864
11331	-2	4	46868
11332	-2	4	46872
11333	-2	4	46876
11334	-2	4	46880
11335	-2	4	46884
11336	-2	4	46888
11337	-2	4	46892
11338	-2	4	46896
11339	-2	4	46900
11340	-2	4	46904
11341	-2	4	46908
11342	-4	6	46914
11343	-2	4	46918
11344	-2	4	46922
11345	-2	4	46926
11346	-2	4	46930
11347	-2	4	46934
11348	-2	4	46938
11349	-2	4	46942
11350	-2	4	46946
11351	-2	4	46950
11352	-2	4	46954
11353	-2	4	46958
11354	-2	4	46962
11355	-2	4	46966
11356	-2	4	46970
11357	-2	4	46974
11358	-2	4	46978
11359	-2	4	46982
11360	-2	4	46986
11361	-2	4	46990
11362	-2	4	46994
11363	-2	4	46998
11364	-2	4	47002
11365	-2	4	47006
11366	-2	4	47010
11367	-4	6	47016
11368	-4	6	47022
11369	-2	4	47026
11370	-2	4	47030
11371	-2	4	47034
11372	-2	4	47038
11373	-2	4	47042
11374	-2	4	47046
11375	-2	4	47050
11376	-2	4	47054
11377	-2	4	47058
11378	-2	4	47062
11379	-2	4	47066
11380	-2	4	47070
11381	-2	4	47074
11382	-2	4	47078
11383	-2	4	47082
11384	-2	4	47086
11385	-2	4	47090
11386	-2	4	47094
11387	-2	4	47098
11388	-2	4	47102
11389	-2	4	47106
11390	-2	4	47110
11391	-2	4	47114
11392	-5	7	47121
11393	-2	4	47125
11394	-2	4	47129
11395	-2	4	47133
11396	-2	4	47137
11397	-2	4	47141
11398	-2	4	47145
11399	-2	4	47149
11400	-2	4	47153
11401	-2	4	47157
11402	-2	4	47161
11403	-2	4	47165
11404	-2	4	47169
11405	-2	4	47173
11406	-2	4	47177
11407	-2	4	47181
11408	-2	4	47185
11409	-2	4	47189
11410	-2	4	47193
11411	-2	4	47197
11412	-2	4	47201
11413	-2	4	47205
11414	-2	4	47209
11415	-2	4	47213
11416	-2	4	47217
11417	-2	4	47221
11418	-2	4	47225
11419	-2	4	47229
11420	-2	4	47233
11421	-2	4	47237
11422	-2	4	47241
11423	-2	4	47245
11424	-2	4	47249
11425	-2	4	47253
11426	-2	4	47257
11427	-2	4	47261
11428	-2	4	47265
11429	-2	4	47269
11430	-2	4	47273
11431	-2	4	47277
11432	-2	4	47281
11433	-4	6	47287
11434	-2	4	47291
11435	-2	4	47295
11436	-2	4	47299
11437	-2	4	47303
11438	-2	4	47307
11439	-2	4	47311
11440	-2	4	47315
11441	-2	4	47319
11442	-2	4	47323
11443	-2	4	47327
11444	-2	4	47331
11445	-4	6	47337
11446	-2	4	47341
11447	-2	4	47345
11448	-2	4	47349
11449	-2	4	47353
11450	-2	4	47357
11451	-2	4	47361
11452	-2	4	47365
11453	-2	4	47369
11454	-2	4	47373
11455	-2	4	47377
11456	-2	4	47381
11457	-2	4	47385
11458	-2	4	47389
11459	-2	4	47393
11460	-2	4	47397
11461	-2	4	47401
11462	-4	6	47407
11463	-2	4	47411
11464	-2	4	47415
11465	-2	4	47419
11466	-2	4	47423
11467	-2	4	47427
11468	-2	4	47431
11469	-2	4	47435
11470	-2	4	47439
11471	-2	4	47443
11472	-2	4	47447
11473	-2	4	47451
11474	-2	4	47455
11475	-2	4	47459
11476	-2	4	47463
11477	-2	4	47467
11478	-2	4	47471
11479	-2	4	47475
11480	-2	4	47479
11481	-2	4	47483
11482	-2	4	47487
11483	-2	4	47491
11484	-2	4	47495
11485	-2	4	47499
11486	-2	4	47503
11487	-2	4	47507
11488	-2	4	47511
11489	-2	4	47515
11490	-2	4	47519
11491	-4	6	47525
11492	-2	4	47529
11493	-2	4	47533
11494	-2	4	47537
11495	-2	4	47541
11496	-4	6	47547
11497	-2	4	47551
11498	-2	4	47555
11499	-2	4	47559
11500	-2	4	47563
11501	-2	4	47567
11502	-2	4	47571
11503	-2	4	47575
11504	-2	4	47579
11505	-2	4	47583
11506	-3	5	47588
11507	-4	6	47594
11508	-2	4	47598
11509	-2	4	47602
11510	-2	4	47606
11511	-2	4	47610
11512	-2	4	47614
11513	-2	4	47618
11514	-4	6	47624
11515	-2	4	47628
11516	-2	4	47632
11517	-2	4	47636
11518	-2	4	47640
11519	-2	4	47644
11520	-2	4	47648
11521	-2	4	47652
11522	-2	4	47656
11523	-2	4	47660
11524	-2	4	47664
11525	-2	4	47668
11526	-2	4	47672
11527	-2	4	47676
11528	-2	4	47680
11529	-2	4	47684
11530	-2	4	47688
11531	-3	5	47693
11532	-2	4	47697
11533	-2	4	47701
11534	-2	4	47705
11535	-2	4	47709
11536	-2	4	47713
11537	-2	4	47717
11538	-2	4	47721
11539	-2	4	47725
11540	-2	4	47729
11541	-2	4	47733
11542	-2	4	47737
11543	-2	4	47741
11544	-2	4	47745
11545	-2	4	47749
11546	-2	4	47753
11547	-2	4	47757
11548	-4	6	47763
11549	-2	4	47767
11550	-2	4	47771
11551	-2	4	47775
11552	-2	4	47779
11553	-2	4	47783
11554	-2	4	47787
11555	-2	4	47791
11556	-2	4	47795
11557	-2	4	47799
11558	-2	4	47803
11559	-2	4	47807
11560	-4	6	47813
11561	-2	4	47817
11562	-2	4	47821
11563	-2	4	47825
11564	-2	4	47829
11565	-2	4	47833
11566	-2	4	47837
11567	-2	4	47841
11568	-2	4	47845
11569	-2	4	47849
11570	-2	4	47853
11571	-2	4	47857
11572	-2	4	47861
11573	-2	4	47865
11574	-2	4	47869
11575	-4	6	47875
11576	-2	4	47879
11577	-2	4	47883
11578	-2	4	47887
11579	-2	4	47891
11580	-2	4	47895
11581	-2	4	47899
11582	-2	4	47903
11583	-2	4	47907
11584	-2	4	47911
11585	-2	4	47915
11586	-2	4	47919
11587	-2	4	47923
11588	-2	4	47927
11589	-2	4	47931
11590	-3	5	47936
11591	-2	4	47940
11592	-2	4	47944
11593	-2	4	47948
11594	-2	4	47952
11595	-2	4	47956
11596	-2	4	47960
11597	-2	4	47964
11598	-2	4	47968
11599	-2	4	47972
11600	-2	4	47976
11601	-2	4	47980
11602	-2	4	47984
11603	-2	4	47988
11604	-2	4	47992
11605	-2	4	47996
11606	-2	4	48000
11607	-2	4	48004
11608	-2	4	48008
11609	-2	4	48012
11610	-2	4	48016
11611	-2	4	48020
11612	-2	4	48024
11613	-2	4	48028
11614	-2	4	48032
11615	-2	4	48036
11616	-2	4	48040
11617	-2	4	48044
11618	-2	4	48048
11619	-2	4	48052
11620	-2	4	48056
11621	-2	4	48060
11622	-2	4	48064
11623	-2	4	48068
11624	-2	4	48072
11625	-4	6	48078
11626	-2	4	48082
11627	-2	4	48086
11628	-2	4	48090
11629	-2	4	48094
11630	-2	4	48098
11631	-2	4	48102
11632	-2	4	48106
11633	-2	4	48110
11634	-2	4	48114
11635	-2	4	48118
11636	-2	4	48122
11637	-2	4	48126
11638	-2	4	48130
11639	-2	4	48134
11640	-2	4	48138
11641	-2	4	48142
11642	-2	4	48146
11643	-2	4	48150
11644	-2	4	48154
11645	-2	4	48158
11646	-2	4	48162
11647	-2	4	48166
11648	-2	4	48170
11649	-2	4	48174
11650	-2	4	48178
11651	-2	4	48182
11652	-2	4	48186
11653	-2	4	48190
11654	-2	4	48194
11655	-2	4	48198
11656	-2	4	48202
11657	-2	4	48206
11658	-2	4	48210
11659	-2	4	48214
11660	-2	4	48218
11661	-2	4	48222
11662	-4	6	48228
11663	-2	4	48232
11664	-2	4	48236
11665	-2	4	48240
11666	-2	4	48244
11667	-2	4	48248
11668	-2	4	48252
11669	-2	4	48256
11670	-2	4	48260
11671	-2	4	48264
11672	-2	4	48268
11673	-2	4	48272
11674	-2	4	48276
11675	-2	4	48280
11676	-2	4	48284
11677	-2	4	48288
11678	-2	4	48292
11679	-2	4	48296
11680	-2	4	48300
11681	-2	4	48304
11682	-2	4	48308
11683	-2	4	48312
11684	-2	4	48316
11685	-2	4	48320
11686	-2	4	48324
11687	-2	4	48328
11688	-2	4	48332
11689	-4	6	48338
11690	-2	4	48342
11691	-2	4	48346
11692	-2	4	48350
11693	-2	4	48354
11694	-2	4	48358
11695	-2	4	48362
11696	-2	4	48366
11697	-2	4	48370
11698	-2	4	48374
11699	-2	4	48378
11700	-2	4	48382
11701	-2	4	48386
11702	-2	4	48390
11703	-2	4	48394
11704	-2	4	48398
11705	-2	4	48402
11706	-2	4	48406
11707	-2	4	48410
11708	-2	4	48414
11709	-2	4	48418
11710	-2	4	48422
11711	-2	4	48426
11712	-2	4	48430
11713	-2	4	48434
11714	-2	4	48438
11715	-2	4	48442
11716	-2	4	48446
11717	-2	4	48450
11718	-2	4	48454
11719	-2	4	48458
11720	-2	4	48462
11721	-2	4	48466
11722	-2	4	48470
11723	-2	4	48474
11724	-2	4	48478
11725	-2	4	48482
11726	-2	4	48486
11727	-2	4	48490
11728	-2	4	48494
11729	-2	4	48498
11730	-2	4	48502
11731	-4	6	48508
11732	-2	4	48512
11733	-2	4	48516
11734	-2	4	48520
11735	-2	4	48524
11736	-2	4	48528
11737	-2	4	48532
11738	-2	4	48536
11739	-2	4	48540
11740	-2	4	48544
11741	-2	4	48548
11742	-2	4	48552
11743	-2	4	48556
11744	-2	4	48560
11745	-4	6	48566
11746	-4	6	48572
11747	-2	4	48576
11748	-2	4	48580
11749	-2	4	48584
11750	-2	4	48588
11751	-2	4	48592
11752	-2	4	48596
11753	-2	4	48600
11754	-2	4	48604
11755	-2	4	48608
11756	-2	4	48612
11757	-2	4	48616
11758	-2	4	48620
11759	-2	4	48624
11760	-2	4	48628
11761	-2	4	48632
11762	-2	4	48636
11763	-2	4	48640
11764	-2	4	48644
11765	-2	4	48648
11766	-2	4	48652
11767	-2	4	48656
11768	-2	4	48660
11769	-2	4	48664
11770	-2	4	48668
11771	-2	4	48672
11772	-2	4	48676
11773	-2	4	48680
11774	-2	4	48684
11775	-2	4	48688
11776	-2	4	48692
11777	-2	4	48696
11778	-2	4	48700
11779	-2	4	48704
11780	-2	4	48708
11781	-2	4	48712
11782	-2	4	48716
11783	-4	6	48722
11784	-2	4	48726
11785	-2	4	48730
11786	-2	4	48734
11787	-2	4	48738
11788	-4	6	48744
11789	-2	4	48748
11790	-2	4	48752
11791	-2	4	48756
11792	-2	4	48760
11793	-2	4	48764
11794	-2	4	48768
11795	-2	4	48772
11796	-2	4	48776
11797	-2	4	48780
11798	-3	5	48785
11799	-2	4	48789
11800	-2	4	48793
11801	-2	4	48797
11802	-2	4	48801
11803	-2	4	48805
11804	-2	4	48809
11805	-2	4	48813
11806	-2	4	48817
11807	-2	4	48821
11808	-2	4	48825
11809	-4	6	48831
11810	-2	4	48835
11811	-2	4	48839
11812	-2	4	48843
11813	-2	4	48847
11814	-2	4	48851
11815	-2	4	48855
11816	-2	4	48859
11817	-4	6	48865
11818	-2	4	48869
11819	-2	4	48873
11820	-2	4	48877
11821	-2	4	48881
11822	-2	4	48885
11823	-2	4	48889
11824	-3	5	48894
11825	-2	4	48898
11826	-2	4	48902
11827	-2	4	48906
11828	-2	4	48910
11829	-2	4	48914
11830	-2	4	48918
11831	-2	4	48922
11832	-2	4	48926
11833	-2	4	48930
11834	-2	4	48934
11835	-2	4	48938
11836	-2	4	48942
11837	-2	4	48946
11838	-2	4	48950
11839	-2	4	48954
11840	-2	4	48958
11841	-2	4	48962
11842	-2	4	48966
11843	-2	4	48970
11844	-2	4	48974
11845	-2	4	48978
11846	-2	4	48982
11847	-2	4	48986
11848	-2	4	48990
11849	-2	4	48994
11850	-2	4	48998
11851	-4	6	49004
11852	-2	4	49008
11853	-2	4	49012
11854	-2	4	49016
11855	-2	4	49020
11856	-2	4	49024
11857	-2	4	49028
11858	-2	4	49032
11859	-2	4	49036
11860	-4	6	49042
11861	-2	4	49046
11862	-2	4	49050
11863	-2	4	49054
11864	-2	4	49058
11865	-2	4	49062
11866	-2	4	49066
11867	-2	4	49070
11868	-2	4	49074
11869	-2	4	49078
11870	-2	4	49082
11871	-2	4	49086
11872	-2	4	49090
11873	-4	6	49096
11874	-2	4	49100
11875	-2	4	49104
11876	-2	4	49108
11877	-2	4	49112
11878	-2	4	49116
11879	-2	4	49120
11880	-2	4	49124
11881	-2	4	49128
11882	-2	4	49132
11883	-2	4	49136
11884	-3	5	49141
11885	-2	4	49145
11886	-2	4	49149
11887	-2	4	49153
11888	-2	4	49157
11889	-2	4	49161
11890	-2	4	49165
11891	-2	4	49169
11892	-2	4	49173
11893	-2	4	49177
11894	-2	4	49181
11895	-2	4	49185
11896	-2	4	49189
11897	-2	4	49193
11898	-2	4	49197
11899	-2	4	49201
11900	-2	4	49205
11901	-2	4	49209
11902	-2	4	49213
11903	-2	4	49217
11904	-2	4	49221
11905	-2	4	49225
11906	-2	4	49229
11907	-2	4	49233
11908	-2	4	49237
11909	-2	4	49241
11910	-2	4	49245
11911	-2	4	49249
11912	-2	4	49253
11913	-2	4	49257
11914	-4	6	49263
11915	-2	4	49267
11916	-2	4	49271
11917	-2	4	49275
11918	-2	4	49279
11919	-2	4	49283
11920	-3	5	49288
11921	-4	6	49294
11922	-2	4	49298
11923	-2	4	49302
11924	-2	4	49306
11925	-2	4	49310
11926	-2	4	49314
11927	-2	4	49318
11928	-2	4	49322
11929	-4	6	49328
11930	-2	4	49332
11931	-2	4	49336
11932	-2	4	49340
11933	-2	4	49344
11934	-2	4	49348
11935	-2	4	49352
11936	-2	4	49356
11937	-2	4	49360
11938	-2	4	49364
11939	-2	4	49368
11940	-2	4	49372
11941	-2	4	49376
11942	-2	4	49380
11943	-2	4	49384
11944	-2	4	49388
11945	-2	4	49392
11946	-2	4	49396
11947	-2	4	49400
11948	-2	4	49404
11949	-2	4	49408
11950	-2	4	49412
11951	-2	4	49416
11952	-2	4	49420
11953	-2	4	49424
11954	-2	4	49428
11955	-2	4	49432
11956	-2	4	49436
11957	-2	4	49440
11958	-2	4	49444
11959	-2	4	49448
11960	-2	4	49452
11961	-2	4	49456
11962	-2	4	49460
11963	-2	4	49464
11964	-4	6	49470
11965	-4	6	49476
11966	-2	4	49480
11967	-2	4	49484
11968	-2	4	49488
11969	-2	4	49492
11970	-2	4	49496
11971	-2	4	49500
11972	-2	4	49504
11973	-2	4	49508
11974	-2	4	49512
11975	-2	4	49516
11976	-2	4	49520
11977	-2	4	49524
11978	-2	4	49528
11979	-2	4	49532
11980	-2	4	49536
11981	-2	4	49540
11982	-4	6	49546
11983	-2	4	49550
11984	-2	4	49554
11985	-2	4	49558
11986	-2	4	49562
11987	-2	4	49566
11988	-2	4	49570
11989	-2	4	49574
11990	-2	4	49578
11991	-2	4	49582
11992	-2	4	49586
11993	-2	4	49590
11994	-2	4	49594
11995	-2	4	49598
11996	-2	4	49602
11997	-2	4	49606
11998	-2	4	49610
11999	-2	4	49614
12000	-2	4	49618
12001	-2	4	49622
12002	-2	4	49626
12003	-2	4	49630
12004	-2	4	49634
12005	-2	4	49638
12006	-2	4	49642
12007	-2	4	49646
12008	-2	4	49650
12009	-2	4	49654
12010	-2	4	49658
12011	-2	4	49662
12012	-2	4	49666
12013	-2	4	49670
12014	-2	4	49674
12015	-2	4	49678
12016	-2	4	49682
12017	-2	4	49686
12018	-4	6	49692
12019	-2	4	49696
12020	-2	4	49700
12021	-2	4	49704
12022	-2	4	49708
12023	-2	4	49712
12024	-2	4	49716
12025	-2	4	49720
12026	-2	4	49724
12027	-2	4	49728
12028	-2	4	49732
12029	-2	4	49736
12030	-2	4	49740
12031	-2	4	49744
12032	-2	4	49748
12033	-2	4	49752
12034	-4	6	49758
12035	-2	4	49762
12036	-2	4	49766
12037	-4	6	49772
12038	-2	4	49776
12039	-2	4	49780
12040	-2	4	49784
12041	-2	4	49788
12042	-2	4	49792
12043	-2	4	49796
12044	-2	4	49800
12045	-4	6	49806
12046	-2	4	49810
12047	-2	4	49814
12048	-2	4	49818
12049	-2	4	49822
12050	-2	4	49826
12051	-2	4	49830
12052	-2	4	49834
12053	-2	4	49838
12054	-2	4	49842
12055	-2	4	49846
12056	-2	4	49850
12057	-2	4	49854
12058	-2	4	49858
12059	-2	4	49862
12060	-2	4	49866
12061	-4	6	49872
12062	-2	4	49876
12063	-2	4	49880
12064	-2	4	49884
12065	-2	4	49888
12066	-2	4	49892
12067	-2	4	49896
12068	-2	4	49900
12069	-2	4	49904
12070	-2	4	49908
12071	-2	4	49912
12072	-2	4	49916
12073	-2	4	49920
12074	-2	4	49924
12075	-2	4	49928
12076	-2	4	49932
12077	-2	4	49936
12078	-4	6	49942
12079	-2	4	49946
12080	-2	4	49950
12081	-2	4	49954
12082	-2	4	49958
12083	-2	4	49962
12084	-2	4	49966
12085	-4	6	49972
12086	-2	4	49976
12087	-2	4	49980
12088	-2	4	49984
12089	-2	4	49988
12090	-2	4	49992
12091	-2	4	49996
12092	-2	4	50000
12093	-2	4	50004
12094	-2	4	50008
12095	-2	4	50012
12096	-2	4	50016
12097	-2	4	50020
12098	-2	4	50024
12099	-2	4	50028
12100	-2	4	50032
12101	-4	6	50038
12102	-2	4	50042
12103	-2	4	50046
12104	-2	4	50050
12105	-2	4	50054
12106	-2	4	50058
12107	-2	4	50062
12108	-2	4	50066
12109	-2	4	50070
12110	-2	4	50074
12111	-2	4	50078
12112	-2	4	50082
12113	-2	4	50086
12114	-2	4	50090
12115	-2	4	50094
12116	-2	4	50098
12117	-2	4	50102
12118	-2	4	50106
12119	-2	4	50110
12120	-2	4	50114
12121	-2	4	50118
12122	-2	4	50122
12123	-2	4	50126
12124	-2	4	50130
12125	-4	6	50136
12126	-2	4	50140
12127	-2	4	50144
12128	-2	4	50148
12129	-2	4	50152
12130	-2	4	50156
12131	-2	4	50160
12132	-2	4	50164
12133	-2	4	50168
12134	-2	4	50172
12135	-2	4	50176
12136	-2	4	50180
12137	-2	4	50184
12138	-2	4	50188
12139	-4	6	50194
12140	-2	4	50198
12141	-2	4	50202
12142	-2	4	50206
12143	-2	4	50210
12144	-2	4	50214
12145	-2	4	50218
12146	-2	4	50222
12147	-2	4	50226
12148	-2	4	50230
12149	-2	4	50234
12150	-2	4	50238
12151	-2	4	50242
12152	-2	4	50246
12153	-2	4	50250
12154	-2	4	50254
12155	-2	4	50258
12156	-2	4	50262
12157	-2	4	50266
12158	-2	4	50270
12159	-2	4	50274
12160	-2	4	50278
12161	-2	4	50282
12162	-2	4	50286
12163	-2	4	50290
12164	-2	4	50294
12165	-2	4	50298
12166	-2	4	50302
12167	-2	4	50306
12168	-2	4	50310
12169	-2	4	50314
12170	-2	4	50318
12171	-2	4	50322
12172	-2	4	50326
12173	-2	4	50330
12174	-2	4	50334
12175	-2	4	50338
12176	-2	4	50342
12177	-2	4	50346
12178	-2	4	50350
12179	-2	4	50354
12180	-2	4	50358
12181	-2	4	50362
12182	-2	4	50366
12183	-2	4	50370
12184	-2	4	50374
12185	-2	4	50378
12186	-2	4	50382
12187	-2	4	50386
12188	-2	4	50390
12189	-2	4	50394
12190	-4	6	50400
12191	-2	4	50404
12192	-2	4	50408
12193	-2	4	50412
12194	-2	4	50416
12195	-2	4	50420
12196	-2	4	50424
12197	-2	4	50428
12198	-2	4	50432
12199	-2	4	50436
12200	-2	4	50440
12201	-2	4	50444
12202	-2	4	50448
12203	-2	4	50452
12204	-2	4	50456
12205	-2	4	50460
12206	-2	4	50464
12207	-2	4	50468
12208	-2	4	50472
12209	-2	4	50476
12210	-2	4	50480
12211	-2	4	50484
12212	-2	4	50488
12213	-2	4	50492
12214	-2	4	50496
12215	-2	4	50500
12216	-2	4	50504
12217	-2	4	50508
12218	-2	4	50512
12219	-2	4	50516
12220	-2	4	50520
12221	-2	4	50524
12222	-2	4	50528
12223	-2	4	50532
12224	-2	4	50536
12225	-2	4	50540
12226	-2	4	50544
12227	-2	4	50548
12228	-2	4	50552
12229	-2	4	50556
12230	-2	4	50560
12231	-6	8	50568
12232	-5	7	50575
12233	-2	4	50579
12234	-2	4	50583
12235	-2	4	50587
12236	-3	5	50592
12237	-2	4	50596
12238	-2	4	50600
12239	-2	4	50604
12240	-2	4	50608
12241	-2	4	50612
12242	-2	4	50616
12243	-2	4	50620
12244	-2	4	50624
12245	-2	4	50628
12246	-2	4	50632
12247	-2	4	50636
12248	-2	4	50640
12249	-2	4	50644
12250	-2	4	50648
12251	-2	4	50652
12252	-2	4	50656
12253	-3	5	50661
12254	-2	4	50665
12255	-2	4	50669
12256	-2	4	50673
12257	-2	4	50677
12258	-2	4	50681
12259	-2	4	50685
12260	-2	4	50689
12261	-2	4	50693
12262	-2	4	50697
12263	-2	4	50701
12264	-2	4	50705
12265	-4	6	50711
12266	-2	4	50715
12267	-2	4	50719
12268	-2	4	50723
12269	-2	4	50727
12270	-4	6	50733
12271	-2	4	50737
12272	-2	4	50741
12273	-2	4	50745
12274	-2	4	50749
12275	-2	4	50753
12276	-2	4	50757
12277	-2	4	50761
12278	-2	4	50765
12279	-2	4	50769
12280	-2	4	50773
12281	-2	4	50777
12282	-4	6	50783
12283	-2	4	50787
12284	-2	4	50791
12285	-2	4	50795
12286	-2	4	50799
12287	-2	4	50803
12288	-2	4	50807
12289	-2	4	50811
12290	-2	4	50815
12291	-2	4	50819
12292	-2	4	50823
12293	-2	4	50827
12294	-2	4	50831
12295	-2	4	50835
12296	-4	6	50841
12297	-2	4	50845
12298	-2	4	50849
12299	-2	4	50853
12300	-2	4	50857
12301	-2	4	50861
12302	-2	4	50865
12303	-2	4	50869
12304	-2	4	50873
12305	-2	4	50877
12306	-2	4	50881
12307	-2	4	50885
12308	-2	4	50889
12309	-2	4	50893
12310	-2	4	50897
12311	-2	4	50901
12312	-2	4	50905
12313	-2	4	50909
12314	-2	4	50913
12315	-2	4	50917
12316	-2	4	50921
12317	-2	4	50925
12318	-2	4	50929
12319	-2	4	50933
12320	-2	4	50937
12321	-2	4	50941
12322	-2	4	50945
12323	-2	4	50949
12324	-2	4	50953
12325	-2	4	50957
12326	-2	4	50961
12327	-2	4	50965
12328	-2	4	50969
12329	-2	4	50973
12330	-2	4	50977
12331	-2	4	50981
12332	-2	4	50985
12333	-2	4	50989
12334	-2	4	50993
12335	-2	4	50997
12336	-2	4	51001
12337	-2	4	51005
12338	-2	4	51009
12339	-2	4	51013
12340	-2	4	51017
12341	-2	4	51021
12342	-2	4	51025
12343	-2	4	51029
12344	-2	4	51033
12345	-2	4	51037
12346	-4	6	51043
12347	-2	4	51047
12348	-2	4	51051
12349	-2	4	51055
12350	-2	4	51059
12351	-2	4	51063
12352	-2	4	51067
12353	-2	4	51071
12354	-4	6	51077
12355	-2	4	51081
12356	-2	4	51085
12357	-2	4	51089
12358	-2	4	51093
12359	-2	4	51097
12360	-2	4	51101
12361	-2	4	51105
12362	-2	4	51109
12363	-2	4	51113
12364	-2	4	51117
12365	-2	4	51121
12366	-2	4	51125
12367	-2	4	51129
12368	-2	4	51133
12369	-2	4	51137
12370	-2	4	51141
12371	-2	4	51145
12372	-2	4	51149
12373	-2	4	51153
12374	-2	4	51157
12375	-2	4	51161
12376	-2	4	51165
12377	-2	4	51169
12378	-2	4	51173
12379	-2	4	51177
12380	-2	4	51181
12381	-2	4	51185
12382	-2	4	51189
12383	-2	4	51193
12384	-2	4	51197
12385	-4	6	51203
12386	-2	4	51207
12387	-2	4	51211
12388	-2	4	51215
12389	-2	4	51219
12390	-2	4	51223
12391	-2	4	51227
12392	-2	4	51231
12393	-2	4	51235
12394	-2	4	51239
12395	-2	4	51243
12396	-2	4	51247
12397	-2	4	51251
12398	-2	4	51255
12399	-2	4	51259
12400	-2	4	51263
12401	-2	4	51267
12402	-2	4	51271
12403	-2	4	51275
12404	-2	4	51279
12405	-2	4	51283
12406	-2	4	51287
12407	-2	4	51291
12408	-2	4	51295
12409	-2	4	51299
12410	-2	4	51303
12411	-2	4	51307
12412	-2	4	51311
12413	-2	4	51315
12414	-2	4	51319
12415	-2	4	51323
12416	-2	4	51327
12417	-2	4	51331
12418	-2	4	51335
12419	-2	4	51339
12420	-2	4	51343
12421	-2	4	51347
12422	-2	4	51351
12423	-2	4	51355
12424	-2	4	51359
12425	-2	4	51363
12426	-2	4	51367
12427	-2	4	51371
12428	-2	4	51375
12429	-2	4	51379
12430	-4	6	51385
12431	-2	4	51389
12432	-2	4	51393
12433	-2	4	51397
12434	-6	8	51405
12435	-2	4	51409
12436	-2	4	51413
12437	-2	4	51417
12438	-2	4	51421
12439	-2	4	51425
12440	-2	4	51429
12441	-2	4	51433
12442	-2	4	51437
12443	-2	4	51441
12444	-2	4	51445
12445	-2	4	51449
12446	-2	4	51453
12447	-2	4	51457
12448	-2	4	51461
12449	-2	4	51465
12450	-2	4	51469
12451	-2	4	51473
12452	-2	4	51477
12453	-2	4	51481
12454	-2	4	51485
12455	-2	4	51489
12456	-2	4	51493
12457	-2	4	51497
12458	-2	4	51501
12459	-2	4	51505
12460	-2	4	51509
12461	-2	4	51513
12462	-2	4	51517
12463	-2	4	51521
12464	-2	4	51525
12465	-2	4	51529
12466	-2	4	51533
12467	-2	4	51537
12468	-2	4	51541
12469	-2	4	51545
12470	-2	4	51549
12471	-2	4	51553
12472	-2	4	51557
12473	-2	4	51561
12474	-2	4	51565
12475	-2	4	51569
12476	-2	4	51573
12477	-2	4	51577
12478	-2	4	51581
12479	-2	4	51585
12480	-2	4	51589
12481	-2	4	51593
12482	-2	4	51597
12483	-2	4	51601
12484	-2	4	51605
12485	-2	4	51609
12486	-2	4	51613
12487	-2	4	51617
12488	-2	4	51621
12489	-2	4	51625
12490	-2	4	51629
12491	-2	4	51633
12492	-3	5	51638
12493	-2	4	51642
12494	-2	4	51646
12495	-2	4	51650
12496	-2	4	51654
12497	-2	4	51658
12498	-2	4	51662
12499	-2	4	51666
12500	-2	4	51670
12501	-2	4	51674
12502	-2	4	51678
12503	-2	4	51682
12504	-2	4	51686
12505	-2	4	51690
12506	-4	6	51696
12507	-2	4	51700
12508	-2	4	51704
12509	-2	4	51708
12510	-2	4	51712
12511	-2	4	51716
12512	-2	4	51720
12513	-2	4	51724
12514	-2	4	51728
12515	-2	4	51732
12516	-2	4	51736
12517	-2	4	51740
12518	-2	4	51744
12519	-2	4	51748
12520	-2	4	51752
12521	-2	4	51756
12522	-2	4	51760
12523	-2	4	51764
12524	-2	4	51768
12525	-2	4	51772
12526	-2	4	51776
12527	-2	4	51780
12528	-3	5	51785
12529	-4	6	51791
12530	-2	4	51795
12531	-2	4	51799
12532	-2	4	51803
12533	-6	8	51811
12534	-2	4	51815
12535	-2	4	51819
12536	-2	4	51823
12537	-2	4	51827
12538	-2	4	51831
12539	-6	8	51839
12540	-2	4	51843
12541	-2	4	51847
12542	-2	4	51851
12543	-2	4	51855
12544	-2	4	51859
12545	-2	4	51863
12546	-2	4	51867
12547	-2	4	51871
12548	-2	4	51875
12549	-2	4	51879
12550	-2	4	51883
12551	-2	4	51887
12552	-2	4	51891
12553	-3	5	51896
12554	-2	4	51900
12555	-2	4	51904
12556	-2	4	51908
12557	-2	4	51912
12558	-2	4	51916
12559	-2	4	51920
12560	-2	4	51924
12561	-2	4	51928
12562	-2	4	51932
12563	-2	4	51936
12564	-2	4	51940
12565	-2	4	51944
12566	-2	4	51948
12567	-2	4	51952
12568	-2	4	51956
12569	-2	4	51960
12570	-2	4	51964
12571	-2	4	51968
12572	-2	4	51972
12573	-2	4	51976
12574	-2	4	51980
12575	-2	4	51984
12576	-2	4	51988
12577	-2	4	51992
12578	-2	4	51996
12579	-2	4	52000
12580	-2	4	52004
12581	-2	4	52008
12582	-2	4	52012
12583	-2	4	52016
12584	-2	4	52020
12585	-2	4	52024
12586	-2	4	52028
12587	-2	4	52032
12588	-2	4	52036
12589	-2	4	52040
12590	-6	8	52048
12591	-2	4	52052
12592	-2	4	52056
12593	-2	4	52060
12594	-2	4	52064
12595	-2	4	52068
12596	-2	4	52072
12597	-2	4	52076
12598	-2	4	52080
12599	-2	4	52084
12600	-2	4	52088
12601	-2	4	52092
12602	-2	4	52096
12603	-2	4	52100
12604	-2	4	52104
12605	-4	6	52110
12606	-2	4	52114
12607	-2	4	52118
12608	-2	4	52122
12609	-2	4	52126
12610	-2	4	52130
12611	-2	4	52134
12612	-2	4	52138
12613	-2	4	52142
12614	-2	4	52146
12615	-2	4	52150
12616	-2	4	52154
12617	-2	4	52158
12618	-2	4	52162
12619	-2	4	52166
12620	-2	4	52170
12621	-2	4	52174
12622	-2	4	52178
12623	-2	4	52182
12624	-2	4	52186
12625	-2	4	52190
12626	-2	4	52194
12627	-2	4	52198
12628	-2	4	52202
12629	-4	6	52208
12630	-2	4	52212
12631	-2	4	52216
12632	-2	4	52220
12633	-2	4	52224
12634	-2	4	52228
12635	-2	4	52232
12636	-2	4	52236
12637	-2	4	52240
12638	-2	4	52244
12639	-2	4	52248
12640	-2	4	52252
12641	-2	4	52256
12642	-2	4	52260
12643	-2	4	52264
12644	-3	5	52269
12645	-2	4	52273
12646	-2	4	52277
12647	-2	4	52281
12648	-2	4	52285
12649	-2	4	52289
12650	-2	4	52293
12651	-2	4	52297
12652	-2	4	52301
12653	-2	4	52305
12654	-2	4	52309
12655	-2	4	52313
12656	-2	4	52317
12657	-2	4	52321
12658	-2	4	52325
12659	-2	4	52329
12660	-2	4	52333
12661	-2	4	52337
12662	-2	4	52341
12663	-2	4	52345
12664	-2	4	52349
12665	-2	4	52353
12666	-2	4	52357
12667	-2	4	52361
12668	-2	4	52365
12669	-2	4	52369
12670	-2	4	52373
12671	-2	4	52377
12672	-2	4	52381
12673	-2	4	52385
12674	-2	4	52389
12675	-4	6	52395
12676	-3	5	52400
12677	-2	4	52404
12678	-2	4	52408
12679	-2	4	52412
12680	-2	4	52416
12681	-2	4	52420
12682	-2	4	52424
12683	-4	6	52430
12684	-2	4	52434
12685	-2	4	52438
12686	-4	6	52444
12687	-2	4	52448
12688	-2	4	52452
12689	-2	4	52456
12690	-2	4	52460
12691	-2	4	52464
12692	-2	4	52468
12693	-2	4	52472
12694	-2	4	52476
12695	-2	4	52480
12696	-2	4	52484
12697	-2	4	52488
12698	-2	4	52492
12699	-2	4	52496
12700	-2	4	52500
12701	-2	4	52504
12702	-2	4	52508
12703	-2	4	52512
12704	-2	4	52516
12705	-2	4	52520
12706	-2	4	52524
12707	-2	4	52528
12708	-4	6	52534
12709	-2	4	52538
12710	-2	4	52542
12711	-2	4	52546
12712	-2	4	52550
12713	-2	4	52554
12714	-2	4	52558
12715	-2	4	52562
12716	-2	4	52566
12717	-2	4	52570
12718	-2	4	52574
12719	-2	4	52578
12720	-2	4	52582
12721	-2	4	52586
12722	-2	4	52590
12723	-2	4	52594
12724	-2	4	52598
12725	-3	5	52603
12726	-2	4	52607
12727	-2	4	52611
12728	-4	6	52617
12729	-2	4	52621
12730	-2	4	52625
12731	-2	4	52629
12732	-2	4	52633
12733	-2	4	52637
12734	-4	6	52643
12735	-2	4	52647
12736	-2	4	52651
12737	-2	4	52655
12738	-2	4	52659
12739	-2	4	52663
12740	-2	4	52667
12741	-2	4	52671
12742	-2	4	52675
12743	-2	4	52679
12744	-2	4	52683
12745	-2	4	52687
12746	-2	4	52691
12747	-2	4	52695
12748	-2	4	52699
12749	-2	4	52703
12750	-2	4	52707
12751	-2	4	52711
12752	-2	4	52715
12753	-2	4	52719
12754	-2	4	52723
12755	-2	4	52727
12756	-2	4	52731
12757	-2	4	52735
12758	-2	4	52739
12759	-2	4	52743
12760	-2	4	52747
12761	-2	4	52751
12762	-2	4	52755
12763	-2	4	52759
12764	-2	4	52763
12765	-2	4	52767
12766	-2	4	52771
12767	-2	4	52775
12768	-2	4	52779
12769	-2	4	52783
12770	-2	4	52787
12771	-2	4	52791
12772	-2	4	52795
12773	-2	4	52799
12774	-2	4	52803
12775	-2	4	52807
12776	-2	4	52811
12777	-2	4	52815
12778	-2	4	52819
12779	-2	4	52823
12780	-2	4	52827
12781	-2	4	52831
12782	-2	4	52835
12783	-2	4	52839
12784	-2	4	52843
12785	-2	4	52847
12786	-2	4	52851
12787	-2	4	52855
12788	-2	4	52859
12789	-4	6	52865
12790	-2	4	52869
12791	-2	4	52873
12792	-2	4	52877
12793	-2	4	52881
12794	-2	4	52885
12795	-2	4	52889
12796	-2	4	52893
12797	-2	4	52897
12798	-2	4	52901
12799	-2	4	52905
12800	-2	4	52909
12801	-2	4	52913
12802	-2	4	52917
12803	-2	4	52921
12804	-2	4	52925
12805	-2	4	52929
12806	-2	4	52933
12807	-2	4	52937
12808	-2	4	52941
12809	-2	4	52945
12810	-2	4	52949
12811	-2	4	52953
12812	-2	4	52957
12813	-2	4	52961
12814	-2	4	52965
12815	-2	4	52969
12816	-2	4	52973
12817	-2	4	52977
12818	-2	4	52981
12819	-2	4	52985
12820	-2	4	52989
12821	-2	4	52993
12822	-2	4	52997
12823	-2	4	53001
12824	-2	4	53005
12825	-4	6	53011
12826	-2	4	53015
12827	-2	4	53019
12828	-2	4	53023
12829	-2	4	53027
12830	-2	4	53031
12831	-2	4	53035
12832	-2	4	53039
12833	-2	4	53043
12834	-2	4	53047
12835	-2	4	53051
12836	-2	4	53055
12837	-2	4	53059
12838	-2	4	53063
12839	-2	4	53067
12840	-2	4	53071
12841	-2	4	53075
12842	-2	4	53079
12843	-2	4	53083
12844	-2	4	53087
12845	-2	4	53091
12846	-2	4	53095
12847	-2	4	53099
12848	-2	4	53103
12849	-2	4	53107
12850	-2	4	53111
12851	-2	4	53115
12852	-2	4	53119
12853	-2	4	53123
12854	-2	4	53127
12855	-2	4	53131
12856	-2	4	53135
12857	-2	4	53139
12858	-2	4	53143
12859	-2	4	53147
12860	-2	4	53151
12861	-2	4	53155
12862	-2	4	53159
12863	-2	4	53163
12864	-2	4	53167
12865	-2	4	53171
12866	-2	4	53175
12867	-2	4	53179
12868	-2	4	53183
12869	-6	8	53191
12870	-2	4	53195
12871	-2	4	53199
12872	-2	4	53203
12873	-2	4	53207
12874	-2	4	53211
12875	-2	4	53215
12876	-2	4	53219
12877	-2	4	53223
12878	-2	4	53227
12879	-2	4	53231
12880	-2	4	53235
12881	-2	4	53239
12882	-2	4	53243
12883	-2	4	53247
12884	-2	4	53251
12885	-2	4	53255
12886	-2	4	53259
12887	-2	4	53263
12888	-2	4	53267
12889	-2	4	53271
12890	-2	4	53275
12891	-2	4	53279
12892	-4	6	53285
12893	-2	4	53289
12894	-2	4	53293
12895	-2	4	53297
12896	-2	4	53301
12897	-2	4	53305
12898	-2	4	53309
12899	-2	4	53313
12900	-2	4	53317
12901	-2	4	53321
12902	-2	4	53325
12903	-2	4	53329
12904	-2	4	53333
12905	-2	4	53337
12906	-2	4	53341
12907	-2	4	53345
12908	-2	4	53349
12909	-2	4	53353
12910	-2	4	53357
12911	-2	4	53361
12912	-2	4	53365
12913	-2	4	53369
12914	-2	4	53373
12915	-2	4	53377
12916	-2	4	53381
12917	-2	4	53385
12918	-2	4	53389
12919	-2	4	53393
12920	-2	4	53397
12921	-2	4	53401
12922	-2	4	53405
12923	-2	4	53409
12924	-2	4	53413
12925	-2	4	53417
12926	-2	4	53421
12927	-3	5	53426
12928	-2	4	53430
12929	-2	4	53434
12930	-2	4	53438
12931	-2	4	53442
12932	-2	4	53446
12933	-2	4	53450
12934	-2	4	53454
12935	-2	4	53458
12936	-2	4	53462
12937	-2	4	53466
12938	-2	4	53470
12939	-2	4	53474
12940	-2	4	53478
12941	-2	4	53482
12942	-2	4	53486
12943	-3	5	53491
12944	-2	4	53495
12945	-2	4	53499
12946	-2	4	53503
12947	-2	4	53507
12948	-2	4	53511
12949	-2	4	53515
12950	-2	4	53519
12951	-2	4	53523
12952	-2	4	53527
12953	-2	4	53531
12954	-2	4	53535
12955	-2	4	53539
12956	-2	4	53543
12957	-2	4	53547
12958	-2	4	53551
12959	-2	4	53555
12960	-2	4	53559
12961	-4	6	53565
12962	-2	4	53569
12963	-2	4	53573
12964	-2	4	53577
12965	-2	4	53581
12966	-2	4	53585
12967	-2	4	53589
12968	-2	4	53593
12969	-2	4	53597
12970	-2	4	53601
12971	-2	4	53605
12972	-2	4	53609
12973	-2	4	53613
12974	-4	6	53619
12975	-2	4	53623
12976	-2	4	53627
12977	-2	4	53631
12978	-2	4	53635
12979	-2	4	53639
12980	-2	4	53643
12981	-2	4	53647
12982	-2	4	53651
12983	-2	4	53655
12984	-2	4	53659
12985	-2	4	53663
12986	-2	4	53667
12987	-2	4	53671
12988	-2	4	53675
12989	-2	4	53679
12990	-4	6	53685
12991	-2	4	53689
12992	-2	4	53693
12993	-2	4	53697
12994	-4	6	53703
12995	-2	4	53707
12996	-2	4	53711
12997	-2	4	53715
12998	-2	4	53719
12999	-2	4	53723
13000	-2	4	53727
13001	-2	4	53731
13002	-2	4	53735
13003	-4	6	53741
13004	-2	4	53745
13005	-2	4	53749
13006	-2	4	53753
13007	-2	4	53757
13008	-2	4	53761
13009	-2	4	53765
13010	-2	4	53769
13011	-2	4	53773
13012	-2	4	53777
13013	-2	4	53781
13014	-2	4	53785
13015	-2	4	53789
13016	-2	4	53793
13017	-2	4	53797
13018	-2	4	53801
13019	-2	4	53805
13020	-2	4	53809
13021	-4	6	53815
13022	-2	4	53819
13023	-2	4	53823
13024	-4	6	53829
13025	-2	4	53833
13026	-2	4	53837
13027	-2	4	53841
13028	-2	4	53845
13029	-2	4	53849
13030	-2	4	53853
13031	-2	4	53857
13032	-2	4	53861
13033	-2	4	53865
13034	-2	4	53869
13035	-2	4	53873
13036	-2	4	53877
13037	-2	4	53881
13038	-2	4	53885
13039	-2	4	53889
13040	-2	4	53893
13041	-2	4	53897
13042	-2	4	53901
13043	-2	4	53905
13044	-2	4	53909
13045	-2	4	53913
13046	-2	4	53917
13047	-2	4	53921
13048	-2	4	53925
13049	-2	4	53929
13050	-2	4	53933
13051	-2	4	53937
13052	-2	4	53941
13053	-2	4	53945
13054	-3	5	53950
13055	-2	4	53954
13056	-2	4	53958
13057	-2	4	53962
13058	-2	4	53966
13059	-4	6	53972
13060	-2	4	53976
13061	-2	4	53980
13062	-2	4	53984
13063	-2	4	53988
13064	-2	4	53992
13065	-2	4	53996
13066	-2	4	54000
13067	-2	4	54004
13068	-2	4	54008
13069	-2	4	54012
13070	-2	4	54016
13071	-2	4	54020
13072	-2	4	54024
13073	-2	4	54028
13074	-4	6	54034
13075	-2	4	54038
13076	-2	4	54042
13077	-2	4	54046
13078	-2	4	54050
13079	-2	4	54054
13080	-2	4	54058
13081	-2	4	54062
13082	-2	4	54066
13083	-2	4	54070
13084	-4	6	54076
13085	-2	4	54080
13086	-2	4	54084
13087	-2	4	54088
13088	-2	4	54092
13089	-2	4	54096
13090	-2	4	54100
13091	-2	4	54104
13092	-2	4	54108
13093	-2	4	54112
13094	-2	4	54116
13095	-2	4	54120
13096	-2	4	54124
13097	-2	4	54128
13098	-2	4	54132
13099	-2	4	54136
13100	-2	4	54140
13101	-2	4	54144
13102	-2	4	54148
13103	-2	4	54152
13104	-2	4	54156
13105	-2	4	54160
13106	-2	4	54164
13107	-2	4	54168
13108	-2	4	54172
13109	-2	4	54176
13110	-2	4	54180
13111	-2	4	54184
13112	-4	6	54190
13113	-2	4	54194
13114	-2	4	54198
13115	-2	4	54202
13116	-2	4	54206
13117	-2	4	54210
13118	-2	4	54214
13119	-4	6	54220
13120	-2	4	54224
13121	-2	4	54228
13122	-2	4	54232
13123	-2	4	54236
13124	-2	4	54240
13125	-4	6	54246
13126	-2	4	54250
13127	-2	4	54254
13128	-2	4	54258
13129	-2	4	54262
13130	-2	4	54266
13131	-2	4	54270
13132	-2	4	54274
13133	-2	4	54278
13134	-2	4	54282
13135	-2	4	54286
13136	-2	4	54290
13137	-2	4	54294
13138	-2	4	54298
13139	-2	4	54302
13140	-2	4	54306
13141	-2	4	54310
13142	-2	4	54314
13143	-2	4	54318
13144	-2	4	54322
13145	-2	4	54326
13146	-2	4	54330
13147	-2	4	54334
13148	-2	4	54338
13149	-6	8	54346
13150	-2	4	54350
13151	-2	4	54354
13152	-2	4	54358
13153	-2	4	54362
13154	-2	4	54366
13155	-2	4	54370
13156	-2	4	54374
13157	-2	4	54378
13158	-2	4	54382
13159	-2	4	54386
13160	-2	4	54390
13161	-4	6	54396
13162	-2	4	54400
13163	-4	6	54406
13164	-2	4	54410
13165	-2	4	54414
13166	-4	6	54420
13167	-2	4	54424
13168	-2	4	54428
13169	-4	6	54434
13170	-2	4	54438
13171	-2	4	54442
13172	-2	4	54446
13173	-2	4	54450
13174	-2	4	54454
13175	-2	4	54458
13176	-2	4	54462
13177	-2	4	54466
13178	-3	5	54471
13179	-2	4	54475
13180	-2	4	54479
13181	-2	4	54483
13182	-2	4	54487
13183	-2	4	54491
13184	-2	4	54495
13185	-2	4	54499
13186	-2	4	54503
13187	-2	4	54507
13188	-2	4	54511
13189	-2	4	54515
13190	-2	4	54519
13191	-2	4	54523
13192	-2	4	54527
13193	-2	4	54531
13194	-2	4	54535
13195	-2	4	54539
13196	-4	6	54545
13197	-2	4	54549
13198	-2	4	54553
13199	-2	4	54557
13200	-2	4	54561
13201	-2	4	54565
13202	-2	4	54569
13203	-2	4	54573
13204	-2	4	54577
13205	-2	4	54581
13206	-2	4	54585
13207	-2	4	54589
13208	-2	4	54593
13209	-2	4	54597
13210	-2	4	54601
13211	-2	4	54605
13212	-2	4	54609
13213	-2	4	54613
13214	-2	4	54617
13215	-2	4	54621
13216	-3	5	54626
13217	-2	4	54630
13218	-2	4	54634
13219	-2	4	54638
13220	-2	4	54642
13221	-2	4	54646
13222	-2	4	54650
13223	-2	4	54654
13224	-2	4	54658
13225	-2	4	54662
13226	-2	4	54666
13227	-4	6	54672
13228	-4	6	54678
13229	-2	4	54682
13230	-2	4	54686
13231	-2	4	54690
13232	-2	4	54694
13233	-2	4	54698
13234	-2	4	54702
13235	-2	4	54706
13236	-2	4	54710
13237	-2	4	54714
13238	-2	4	54718
13239	-2	4	54722
13240	-2	4	54726
13241	-2	4	54730
13242	-2	4	54734
13243	-2	4	54738
13244	-2	4	54742
13245	-2	4	54746
13246	-2	4	54750
13247	-2	4	54754
13248	-2	4	54758
13249	-2	4	54762
13250	-2	4	54766
13251	-2	4	54770
13252	-2	4	54774
13253	-2	4	54778
13254	-2	4	54782
13255	-4	6	54788
13256	-2	4	54792
13257	-2	4	54796
13258	-2	4	54800
13259	-2	4	54804
13260	-2	4	54808
13261	-2	4	54812
13262	-2	4	54816
13263	-2	4	54820
13264	-2	4	54824
13265	-2	4	54828
13266	-2	4	54832
13267	-2	4	54836
13268	-2	4	54840
13269	-4	6	54846
13270	-2	4	54850
13271	-2	4	54854
13272	-2	4	54858
13273	-2	4	54862
13274	-2	4	54866
13275	-2	4	54870
13276	-4	6	54876
13277	-2	4	54880
13278	-2	4	54884
13279	-2	4	54888
13280	-2	4	54892
13281	-2	4	54896
13282	-2	4	54900
13283	-2	4	54904
13284	-2	4	54908
13285	-2	4	54912
13286	-2	4	54916
13287	-2	4	54920
13288	-2	4	54924
13289	-2	4	54928
13290	-3	5	54933
13291	-2	4	54937
13292	-2	4	54941
13293	-2	4	54945
13294	-4	6	54951
13295	-2	4	54955
13296	-2	4	54959
13297	-2	4	54963
13298	-2	4	54967
13299	-2	4	54971
13300	-2	4	54975
13301	-2	4	54979
13302	-2	4	54983
13303	-2	4	54987
13304	-2	4	54991
13305	-2	4	54995
13306	-2	4	54999
13307	-2	4	55003
13308	-2	4	55007
13309	-2	4	55011
13310	-2	4	55015
13311	-2	4	55019
13312	-2	4	55023
13313	-2	4	55027
13314	-2	4	55031
13315	-2	4	55035
13316	-2	4	55039
13317	-2	4	55043
13318	-2	4	55047
13319	-4	6	55053
13320	-2	4	55057
13321	-2	4	55061
13322	-2	4	55065
13323	-2	4	55069
13324	-2	4	55073
13325	-2	4	55077
13326	-2	4	55081
13327	-2	4	55085
13328	-2	4	55089
13329	-2	4	55093
13330	-2	4	55097
13331	-4	6	55103
13332	-2	4	55107
13333	-2	4	55111
13334	-2	4	55115
13335	-2	4	55119
13336	-2	4	55123
13337	-2	4	55127
13338	-2	4	55131
13339	-2	4	55135
13340	-2	4	55139
13341	-2	4	55143
13342	-2	4	55147
13343	-2	4	55151
13344	-2	4	55155
13345	-2	4	55159
13346	-2	4	55163
13347	-2	4	55167
13348	-2	4	55171
13349	-2	4	55175
13350	-2	4	55179
13351	-2	4	55183
13352	-2	4	55187
13353	-2	4	55191
13354	-2	4	55195
13355	-2	4	55199
13356	-2	4	55203
13357	-2	4	55207
13358	-2	4	55211
13359	-2	4	55215
13360	-2	4	55219
13361	-2	4	55223
13362	-2	4	55227
13363	-2	4	55231
13364	-2	4	55235
13365	-2	4	55239
13366	-2	4	55243
13367	-2	4	55247
13368	-2	4	55251
13369	-2	4	55255
13370	-2	4	55259
13371	-2	4	55263
13372	-4	6	55269
13373	-2	4	55273
13374	-2	4	55277
13375	-2	4	55281
13376	-2	4	55285
13377	-2	4	55289
13378	-2	4	55293
13379	-2	4	55297
13380	-2	4	55301
13381	-2	4	55305
13382	-5	7	55312
13383	-2	4	55316
13384	-2	4	55320
13385	-2	4	55324
13386	-2	4	55328
13387	-2	4	55332
13388	-2	4	55336
13389	-2	4	55340
13390	-2	4	55344
13391	-2	4	55348
13392	-2	4	55352
13393	-2	4	55356
13394	-2	4	55360
13395	-2	4	55364
13396	-2	4	55368
13397	-4	6	55374
13398	-2	4	55378
13399	-2	4	55382
13400	-2	4	55386
13401	-2	4	55390
13402	-2	4	55394
13403	-2	4	55398
13404	-2	4	55402
13405	-2	4	55406
13406	-2	4	55410
13407	-2	4	55414
13408	-2	4	55418
13409	-4	6	55424
13410	-2	4	55428
13411	-2	4	55432
13412	-2	4	55436
13413	-2	4	55440
13414	-2	4	55444
13415	-2	4	55448
13416	-2	4	55452
13417	-2	4	55456
13418	-2	4	55460
13419	-2	4	55464
13420	-2	4	55468
13421	-2	4	55472
13422	-2	4	55476
13423	-2	4	55480
13424	-3	5	55485
13425	-2	4	55489
13426	-2	4	55493
13427	-2	4	55497
13428	-2	4	55501
13429	-2	4	55505
13430	-2	4	55509
13431	-2	4	55513
13432	-2	4	55517
13433	-2	4	55521
13434	-2	4	55525
13435	-2	4	55529
13436	-2	4	55533
13437	-2	4	55537
13438	-2	4	55541
13439	-2	4	55545
13440	-2	4	55549
13441	-4	6	55555
13442	-2	4	55559
13443	-2	4	55563
13444	-2	4	55567
13445	-2	4	55571
13446	-2	4	55575
13447	-2	4	55579
13448	-2	4	55583
13449	-2	4	55587
13450	-2	4	55591
13451	-2	4	55595
13452	-2	4	55599
13453	-2	4	55603
13454	-2	4	55607
13455	-2	4	55611
13456	-2	4	55615
13457	-2	4	55619
13458	-4	6	55625
13459	-2	4	55629
13460	-2	4	55633
13461	-2	4	55637
13462	-2	4	55641
13463	-2	4	55645
13464	-2	4	55649
13465	-2	4	55653
13466	-2	4	55657
13467	-2	4	55661
13468	-2	4	55665
13469	-2	4	55669
13470	-2	4	55673
13471	-2	4	55677
13472	-2	4	55681
13473	-2	4	55685
13474	-2	4	55689
13475	-2	4	55693
13476	-2	4	55697
13477	-2	4	55701
13478	-2	4	55705
13479	-2	4	55709
13480	-2	4	55713
13481	-2	4	55717
13482	-2	4	55721
13483	-2	4	55725
13484	-2	4	55729
13485	-2	4	55733
13486	-2	4	55737
13487	-2	4	55741
13488	-2	4	55745
13489	-2	4	55749
13490	-2	4	55753
13491	-2	4	55757
13492	-4	6	55763
13493	-2	4	55767
13494	-2	4	55771
13495	-2	4	55775
13496	-2	4	55779
13497	-2	4	55783
13498	-2	4	55787
13499	-2	4	55791
13500	-2	4	55795
13501	-2	4	55799
13502	-2	4	55803
13503	-2	4	55807
13504	-2	4	55811
13505	-2	4	55815
13506	-2	4	55819
13507	-2	4	55823
13508	-2	4	55827
13509	-2	4	55831
13510	-2	4	55835
13511	-2	4	55839
13512	-2	4	55843
13513	-4	6	55849
13514	-2	4	55853
13515	-4	6	55859
13516	-2	4	55863
13517	-2	4	55867
13518	-2	4	55871
13519	-4	6	55877
13520	-2	4	55881
13521	-2	4	55885
13522	-2	4	55889
13523	-4	6	55895
13524	-2	4	55899
13525	-4	6	55905
13526	-2	4	55909
13527	-2	4	55913
13528	-2	4	55917
13529	-2	4	55921
13530	-2	4	55925
13531	-2	4	55929
13532	-2	4	55933
13533	-4	6	55939
13534	-2	4	55943
13535	-2	4	55947
13536	-2	4	55951
13537	-2	4	55955
13538	-2	4	55959
13539	-2	4	55963
13540	-2	4	55967
13541	-2	4	55971
13542	-2	4	55975
13543	-2	4	55979
13544	-2	4	55983
13545	-2	4	55987
13546	-3	5	55992
13547	-2	4	55996
13548	-2	4	56000
13549	-2	4	56004
13550	-2	4	56008
13551	-2	4	56012
13552	-2	4	56016
13553	-2	4	56020
13554	-2	4	56024
13555	-2	4	56028
13556	-2	4	56032
13557	-2	4	56036
13558	-2	4	56040
13559	-2	4	56044
13560	-2	4	56048
13561	-2	4	56052
13562	-4	6	56058
13563	-5	7	56065
13564	-2	4	56069
13565	-2	4	56073
13566	-2	4	56077
13567	-2	4	56081
13568	-2	4	56085
13569	-2	4	56089
13570	-2	4	56093
13571	-2	4	56097
13572	-2	4	56101
13573	-2	4	56105
13574	-2	4	56109
13575	-4	6	56115
13576	-2	4	56119
13577	-2	4	56123
13578	-2	4	56127
13579	-2	4	56131
13580	-2	4	56135
13581	-4	6	56141
13582	-3	5	56146
13583	-4	6	56152
13584	-2	4	56156
13585	-2	4	56160
13586	-2	4	56164
13587	-2	4	56168
13588	-2	4	56172
13589	-4	6	56178
13590	-2	4	56182
13591	-2	4	56186
13592	-2	4	56190
13593	-2	4	56194
13594	-2	4	56198
13595	-2	4	56202
13596	-4	6	56208
13597	-2	4	56212
13598	-2	4	56216
13599	-2	4	56220
13600	-2	4	56224
13601	-2	4	56228
13602	-2	4	56232
13603	-2	4	56236
13604	-4	6	56242
13605	-2	4	56246
13606	-2	4	56250
13607	-2	4	56254
13608	-2	4	56258
13609	-2	4	56262
13610	-2	4	56266
13611	-2	4	56270
13612	-2	4	56274
13613	-2	4	56278
13614	-2	4	56282
13615	-2	4	56286
13616	-2	4	56290
13617	-2	4	56294
13618	-2	4	56298
13619	-2	4	56302
13620	-2	4	56306
13621	-2	4	56310
13622	-2	4	56314
13623	-2	4	56318
13624	-2	4	56322
13625	-2	4	56326
13626	-2	4	56330
13627	-2	4	56334
13628	-2	4	56338
13629	-2	4	56342
13630	-2	4	56346
13631	-2	4	56350
13632	-2	4	56354
13633	-2	4	56358
13634	-2	4	56362
13635	-2	4	56366
13636	-2	4	56370
13637	-2	4	56374
13638	-2	4	56378
13639	-2	4	56382
13640	-2	4	56386
13641	-2	4	56390
13642	-2	4	56394
13643	-2	4	56398
13644	-2	4	56402
13645	-2	4	56406
13646	-2	4	56410
13647	-2	4	56414
13648	-2	4	56418
13649	-4	6	56424
13650	-2	4	56428
13651	-2	4	56432
13652	-2	4	56436
13653	-2	4	56440
13654	-2	4	56444
13655	-2	4	56448
13656	-2	4	56452
13657	-2	4	56456
13658	-4	6	56462
13659	-2	4	56466
13660	-2	4	56470
13661	-2	4	56474
13662	-2	4	56478
13663	-2	4	56482
13664	-2	4	56486
13665	-2	4	56490
13666	-4	6	56496
13667	-2	4	56500
13668	-2	4	56504
13669	-2	4	56508
13670	-2	4	56512
13671	-2	4	56516
13672	-2	4	56520
13673	-2	4	56524
13674	-2	4	56528
13675	-2	4	56532
13676	-2	4	56536
13677	-2	4	56540
13678	-2	4	56544
13679	-2	4	56548
13680	-2	4	56552
13681	-2	4	56556
13682	-2	4	56560
13683	-2	4	56564
13684	-2	4	56568
13685	-2	4	56572
13686	-2	4	56576
13687	-2	4	56580
13688	-2	4	56584
13689	-2	4	56588
13690	-2	4	56592
13691	-2	4	56596
13692	-2	4	56600
13693	-2	4	56604
13694	-2	4	56608
13695	-2	4	56612
13696	-2	4	56616
13697	-2	4	56620
13698	-2	4	56624
13699	-2	4	56628
13700	-2	4	56632
13701	-2	4	56636
13702	-2	4	56640
13703	-2	4	56644
13704	-2	4	56648
13705	-2	4	56652
13706	-2	4	56656
13707	-2	4	56660
13708	-2	4	56664
13709	-2	4	56668
13710	-2	4	56672
13711	-4	6	56678
13712	-2	4	56682
13713	-2	4	56686
13714	-2	4	56690
13715	-2	4	56694
13716	-2	4	56698
13717	-2	4	56702
13718	-2	4	56706
13719	-2	4	56710
13720	-2	4	56714
13721	-2	4	56718
13722	-2	4	56722
13723	-2	4	56726
13724	-2	4	56730
13725	-2	4	56734
13726	-2	4	56738
13727	-2	4	56742
13728	-2	4	56746
13729	-2	4	56750
13730	-2	4	56754
13731	-2	4	56758
13732	-2	4	56762
13733	-2	4	56766
13734	-2	4	56770
13735	-2	4	56774
13736	-2	4	56778
13737	-2	4	56782
13738	-2	4	56786
13739	-2	4	56790
13740	-2	4	56794
13741	-4	6	56800
13742	-4	6	56806
13743	-2	4	56810
13744	-2	4	56814
13745	-2	4	56818
13746	-2	4	56822
13747	-2	4	56826
13748	-2	4	56830
13749	-2	4	56834
13750	-2	4	56838
13751	-2	4	56842
13752	-2	4	56846
13753	-2	4	56850
13754	-2	4	56854
13755	-2	4	56858
13756	-2	4	56862
13757	-2	4	56866
13758	-2	4	56870
13759	-2	4	56874
13760	-2	4	56878
13761	-2	4	56882
13762	-2	4	56886
13763	-2	4	56890
13764	-2	4	56894
13765	-2	4	56898
13766	-2	4	56902
13767	-2	4	56906
13768	-2	4	56910
13769	-2	4	56914
13770	-2	4	56918
13771	-2	4	56922
13772	-2	4	56926
13773	-2	4	56930
13774	-2	4	56934
13775	-2	4	56938
13776	-2	4	56942
13777	-2	4	56946
13778	-2	4	56950
13779	-2	4	56954
13780	-2	4	56958
13781	-2	4	56962
13782	-2	4	56966
13783	-2	4	56970
13784	-2	4	56974
13785	-2	4	56978
13786	-2	4	56982
13787	-2	4	56986
13788	-2	4	56990
13789	-2	4	56994
13790	-2	4	56998
13791	-2	4	57002
13792	-2	4	57006
13793	-2	4	57010
13794	-2	4	57014
13795	-2	4	57018
13796	-2	4	57022
13797	-2	4	57026
13798	-4	6	57032
13799	-2	4	57036
13800	-2	4	57040
13801	-2	4	57044
13802	-2	4	57048
13803	-2	4	57052
13804	-2	4	57056
13805	-2	4	57060
13806	-2	4	57064
13807	-2	4	57068
13808	-2	4	57072
13809	-2	4	57076
13810	-2	4	57080
13811	-2	4	57084
13812	-2	4	57088
13813	-2	4	57092
13814	-2	4	57096
13815	-2	4	57100
13816	-2	4	57104
13817	-2	4	57108
13818	-2	4	57112
13819	-2	4	57116
13820	-2	4	57120
13821	-2	4	57124
13822	-2	4	57128
13823	-4	6	57134
13824	-2	4	57138
13825	-2	4	57142
13826	-2	4	57146
13827	-2	4	57150
13828	-2	4	57154
13829	-2	4	57158
13830	-2	4	57162
13831	-2	4	57166
13832	-2	4	57170
13833	-2	4	57174
13834	-2	4	57178
13835	-2	4	57182
13836	-2	4	57186
13837	-2	4	57190
13838	-2	4	57194
13839	-2	4	57198
13840	-2	4	57202
13841	-2	4	57206
13842	-2	4	57210
13843	-2	4	57214
13844	-2	4	57218
13845	-2	4	57222
13846	-2	4	57226
13847	-2	4	57230
13848	-2	4	57234
13849	-2	4	57238
13850	-2	4	57242
13851	-2	4	57246
13852	-2	4	57250
13853	-2	4	57254
13854	-2	4	57258
13855	-2	4	57262
13856	-2	4	57266
13857	-4	6	57272
13858	-2	4	57276
13859	-2	4	57280
13860	-2	4	57284
13861	-4	6	57290
13862	-2	4	57294
13863	-2	4	57298
13864	-2	4	57302
13865	-2	4	57306
13866	-2	4	57310
13867	-4	6	57316
13868	-2	4	57320
13869	-2	4	57324
13870	-2	4	57328
13871	-2	4	57332
13872	-2	4	57336
13873	-2	4	57340
13874	-2	4	57344
13875	-2	4	57348
13876	-2	4	57352
13877	-2	4	57356
13878	-2	4	57360
13879	-2	4	57364
13880	-2	4	57368
13881	-2	4	57372
13882	-2	4	57376
13883	-2	4	57380
13884	-2	4	57384
13885	-2	4	57388
13886	-2	4	57392
13887	-2	4	57396
13888	-2	4	57400
13889	-2	4	57404
13890	-2	4	57408
13891	-2	4	57412
13892	-2	4	57416
13893	-2	4	57420
13894	-2	4	57424
13895	-3	5	57429
13896	-2	4	57433
13897	-2	4	57437
13898	-2	4	57441
13899	-2	4	57445
13900	-2	4	57449
13901	-2	4	57453
13902	-2	4	57457
13903	-2	4	57461
13904	-2	4	57465
13905	-2	4	57469
13906	-2	4	57473
13907	-2	4	57477
13908	-2	4	57481
13909	-2	4	57485
13910	-2	4	57489
13911	-2	4	57493
13912	-2	4	57497
13913	-2	4	57501
13914	-2	4	57505
13915	-2	4	57509
13916	-2	4	57513
13917	-2	4	57517
13918	-2	4	57521
13919	-2	4	57525
13920	-3	5	57530
13921	-4	6	57536
13922	-2	4	57540
13923	-2	4	57544
13924	-4	6	57550
13925	-2	4	57554
13926	-2	4	57558
13927	-2	4	57562
13928	-2	4	57566
13929	-2	4	57570
13930	-2	4	57574
13931	-2	4	57578
13932	-2	4	57582
13933	-2	4	57586
13934	-2	4	57590
13935	-2	4	57594
13936	-2	4	57598
13937	-2	4	57602
13938	-2	4	57606
13939	-2	4	57610
13940	-2	4	57614
13941	-2	4	57618
13942	-4	6	57624
13943	-2	4	57628
13944	-2	4	57632
13945	-2	4	57636
13946	-2	4	57640
13947	-2	4	57644
13948	-2	4	57648
13949	-2	4	57652
13950	-2	4	57656
13951	-2	4	57660
13952	-2	4	57664
13953	-2	4	57668
13954	-2	4	57672
13955	-2	4	57676
13956	-2	4	57680
13957	-2	4	57684
13958	-2	4	57688
13959	-2	4	57692
13960	-2	4	57696
13961	-2	4	57700
13962	-2	4	57704
13963	-2	4	57708
13964	-2	4	57712
13965	-2	4	57716
13966	-2	4	57720
13967	-2	4	57724
13968	-2	4	57728
13969	-2	4	57732
13970	-2	4	57736
13971	-2	4	57740
13972	-2	4	57744
13973	-2	4	57748
13974	-2	4	57752
13975	-2	4	57756
13976	-2	4	57760
13977	-4	6	57766
13978	-2	4	57770
13979	-2	4	57774
13980	-2	4	57778
13981	-2	4	57782
13982	-2	4	57786
13983	-2	4	57790
13984	-2	4	57794
13985	-2	4	57798
13986	-2	4	57802
13987	-2	4	57806
13988	-2	4	57810
13989	-2	4	57814
13990	-2	4	57818
13991	-2	4	57822
13992	-2	4	57826
13993	-2	4	57830
13994	-2	4	57834
13995	-4	6	57840
13996	-2	4	57844
13997	-2	4	57848
13998	-4	6	57854
13999	-2	4	57858
14000	-2	4	57862
14001	-2	4	57866
14002	-2	4	57870
14003	-2	4	57874
14004	-2	4	57878
14005	-2	4	57882
14006	-2	4	57886
14007	-2	4	57890
14008	-4	6	57896
14009	-2	4	57900
14010	-2	4	57904
14011	-2	4	57908
14012	-2	4	57912
14013	-2	4	57916
14014	-2	4	57920
14015	-2	4	57924
14016	-2	4	57928
14017	-2	4	57932
14018	-2	4	57936
14019	-2	4	57940
14020	-2	4	57944
14021	-2	4	57948
14022	-2	4	57952
14023	-2	4	57956
14024	-2	4	57960
14025	-2	4	57964
14026	-2	4	57968
14027	-2	4	57972
14028	-2	4	57976
14029	-2	4	57980
14030	-2	4	57984
14031	-2	4	57988
14032	-2	4	57992
14033	-2	4	57996
14034	-2	4	58000
14035	-2	4	58004
14036	-2	4	58008
14037	-2	4	58012
14038	-2	4	58016
14039	-2	4	58020
14040	-2	4	58024
14041	-2	4	58028
14042	-2	4	58032
14043	-2	4	58036
14044	-2	4	58040
14045	-2	4	58044
14046	-2	4	58048
14047	-2	4	58052
14048	-2	4	58056
14049	-2	4	58060
14050	-2	4	58064
14051	-2	4	58068
14052	-2	4	58072
14053	-2	4	58076
14054	-2	4	58080
14055	-2	4	58084
14056	-2	4	58088
14057	-4	6	58094
14058	-2	4	58098
14059	-2	4	58102
14060	-2	4	58106
14061	-2	4	58110
14062	-2	4	58114
14063	-2	4	58118
14064	-2	4	58122
14065	-2	4	58126
14066	-2	4	58130
14067	-2	4	58134
14068	-2	4	58138
14069	-2	4	58142
14070	-2	4	58146
14071	-2	4	58150
14072	-2	4	58154
14073	-2	4	58158
14074	-4	6	58164
14075	-2	4	58168
14076	-2	4	58172
14077	-2	4	58176
14078	-2	4	58180
14079	-6	8	58188
14080	-2	4	58192
14081	-2	4	58196
14082	-2	4	58200
14083	-4	6	58206
14084	-2	4	58210
14085	-2	4	58214
14086	-2	4	58218
14087	-2	4	58222
14088	-2	4	58226
14089	-2	4	58230
14090	-2	4	58234
14091	-2	4	58238
14092	-2	4	58242
14093	-2	4	58246
14094	-2	4	58250
14095	-2	4	58254
14096	-2	4	58258
14097	-4	6	58264
14098	-2	4	58268
14099	-2	4	58272
14100	-2	4	58276
14101	-4	6	58282
14102	-2	4	58286
14103	-2	4	58290
14104	-2	4	58294
14105	-2	4	58298
14106	-2	4	58302
14107	-2	4	58306
14108	-2	4	58310
14109	-2	4	58314
14110	-2	4	58318
14111	-2	4	58322
14112	-2	4	58326
14113	-2	4	58330
14114	-2	4	58334
14115	-2	4	58338
14116	-2	4	58342
14117	-2	4	58346
14118	-2	4	58350
14119	-2	4	58354
14120	-2	4	58358
14121	-2	4	58362
14122	-2	4	58366
14123	-2	4	58370
14124	-2	4	58374
14125	-2	4	58378
14126	-2	4	58382
14127	-2	4	58386
14128	-2	4	58390
14129	-2	4	58394
14130	-2	4	58398
14131	-2	4	58402
14132	-2	4	58406
14133	-2	4	58410
14134	-2	4	58414
14135	-2	4	58418
14136	-2	4	58422
14137	-2	4	58426
14138	-2	4	58430
14139	-2	4	58434
14140	-2	4	58438
14141	-4	6	58444
14142	-2	4	58448
14143	-2	4	58452
14144	-2	4	58456
14145	-2	4	58460
14146	-2	4	58464
14147	-2	4	58468
14148	-2	4	58472
14149	-2	4	58476
14150	-2	4	58480
14151	-2	4	58484
14152	-2	4	58488
14153	-2	4	58492
14154	-2	4	58496
14155	-2	4	58500
14156	-2	4	58504
14157	-2	4	58508
14158	-2	4	58512
14159	-2	4	58516
14160	-2	4	58520
14161	-2	4	58524
14162	-2	4	58528
14163	-2	4	58532
14164	-2	4	58536
14165	-2	4	58540
14166	-2	4	58544
14167	-2	4	58548
14168	-2	4	58552
14169	-2	4	58556
14170	-2	4	58560
14171	-8	10	58570
14172	-2	4	58574
14173	-2	4	58578
14174	-2	4	58582
14175	-4	6	58588
14176	-2	4	58592
14177	-2	4	58596
14178	-2	4	58600
14179	-2	4	58604
14180	-2	4	58608
14181	-2	4	58612
14182	-2	4	58616
14183	-2	4	58620
14184	-2	4	58624
14185	-2	4	58628
14186	-2	4	58632
14187	-2	4	58636
14188	-2	4	58640
14189	-2	4	58644
14190	-2	4	58648
14191	-2	4	58652
14192	-2	4	58656
14193	-2	4	58660
14194	-2	4	58664
14195	-2	4	58668
14196	-2	4	58672
14197	-2	4	58676
14198	-2	4	58680
14199	-2	4	58684
14200	-2	4	58688
14201	-2	4	58692
14202	-2	4	58696
14203	-2	4	58700
14204	-2	4	58704
14205	-2	4	58708
14206	-2	4	58712
14207	-2	4	58716
14208	-2	4	58720
14209	-2	4	58724
14210	-2	4	58728
14211	-2	4	58732
14212	-2	4	58736
14213	-2	4	58740
14214	-2	4	58744
14215	-2	4	58748
14216	-2	4	58752
14217	-2	4	58756
14218	-2	4	58760
14219	-2	4	58764
14220	-2	4	58768
14221	-2	4	58772
14222	-2	4	58776
14223	-4	6	58782
14224	-2	4	58786
14225	-2	4	58790
14226	-2	4	58794
14227	-2	4	58798
14228	-2	4	58802
14229	-2	4	58806
14230	-4	6	58812
14231	-2	4	58816
14232	-2	4	58820
14233	-2	4	58824
14234	-4	6	58830
14235	-4	6	58836
14236	-2	4	58840
14237	-2	4	58844
14238	-2	4	58848
14239	-2	4	58852
14240	-2	4	58856
14241	-2	4	58860
14242	-2	4	58864
14243	-2	4	58868
14244	-2	4	58872
14245	-2	4	58876
14246	-4	6	58882
14247	-2	4	58886
14248	-2	4	58890
14249	-2	4	58894
14250	-2	4	58898
14251	-4	6	58904
14252	-2	4	58908
14253	-2	4	58912
14254	-2	4	58916
14255	-2	4	58920
14256	-2	4	58924
14257	-2	4	58928
14258	-2	4	58932
14259	-2	4	58936
14260	-2	4	58940
14261	-2	4	58944
14262	-2	4	58948
14263	-2	4	58952
14264	-2	4	58956
14265	-2	4	58960
14266	-2	4	58964
14267	-2	4	58968
14268	-2	4	58972
14269	-2	4	58976
14270	-2	4	58980
14271	-2	4	58984
14272	-2	4	58988
14273	-2	4	58992
14274	-4	6	58998
14275	-2	4	59002
14276	-2	4	59006
14277	-2	4	59010
14278	-2	4	59014
14279	-4	6	59020
14280	-2	4	59024
14281	-2	4	59028
14282	-2	4	59032
14283	-2	4	59036
14284	-2	4	59040
14285	-2	4	59044
14286	-2	4	59048
14287	-2	4	59052
14288	-2	4	59056
14289	-2	4	59060
14290	-2	4	59064
14291	-2	4	59068
14292	-2	4	59072
14293	-2	4	59076
14294	-2	4	59080
14295	-2	4	59084
14296	-2	4	59088
14297	-2	4	59092
14298	-2	4	59096
14299	-2	4	59100
14300	-2	4	59104
14301	-2	4	59108
14302	-2	4	59112
14303	-2	4	59116
14304	-2	4	59120
14305	-2	4	59124
14306	-2	4	59128
14307	-2	4	59132
14308	-2	4	59136
14309	-2	4	59140
14310	-2	4	59144
14311	-2	4	59148
14312	-2	4	59152
14313	-2	4	59156
14314	-2	4	59160
14315	-2	4	59164
14316	-2	4	59168
14317	-2	4	59172
14318	-2	4	59176
14319	-2	4	59180
14320	-2	4	59184
14321	-2	4	59188
14322	-2	4	59192
14323	-2	4	59196
14324	-2	4	59200
14325	-2	4	59204
14326	-2	4	59208
14327	-2	4	59212
14328	-2	4	59216
14329	-4	6	59222
14330	-2	4	59226
14331	-2	4	59230
14332	-2	4	59234
14333	-2	4	59238
14334	-2	4	59242
14335	-2	4	59246
14336	-4	6	59252
14337	-2	4	59256
14338	-2	4	59260
14339	-3	5	59265
14340	-2	4	59269
14341	-2	4	59273
14342	-2	4	59277
14343	-2	4	59281
14344	-2	4	59285
14345	-2	4	59289
14346	-2	4	59293
14347	-2	4	59297
14348	-2	4	59301
14349	-2	4	59305
14350	-2	4	59309
14351	-2	4	59313
14352	-2	4	59317
14353	-2	4	59321
14354	-2	4	59325
14355	-2	4	59329
14356	-2	4	59333
14357	-2	4	59337
14358	-2	4	59341
14359	-2	4	59345
14360	-2	4	59349
14361	-2	4	59353
14362	-2	4	59357
14363	-2	4	59361
14364	-2	4	59365
14365	-2	4	59369
14366	-2	4	59373
14367	-2	4	59377
14368	-2	4	59381
14369	-2	4	59385
14370	-2	4	59389
14371	-2	4	59393
14372	-2	4	59397
14373	-2	4	59401
14374	-2	4	59405
14375	-2	4	59409
14376	-2	4	59413
14377	-2	4	59417
14378	-2	4	59421
14379	-2	4	59425
14380	-2	4	59429
14381	-2	4	59433
14382	-2	4	59437
14383	-2	4	59441
14384	-2	4	59445
14385	-2	4	59449
14386	-2	4	59453
14387	-2	4	59457
14388	-2	4	59461
14389	-2	4	59465
14390	-2	4	59469
14391	-2	4	59473
14392	-2	4	59477
14393	-2	4	59481
14394	-2	4	59485
14395	-4	6	59491
14396	-2	4	59495
14397	-2	4	59499
14398	-4	6	59505
14399	-4	6	59511
14400	-2	4	59515
14401	-2	4	59519
14402	-2	4	59523
14403	-2	4	59527
14404	-2	4	59531
14405	-2	4	59535
14406	-2	4	59539
14407	-2	4	59543
14408	-2	4	59547
14409	-2	4	59551
14410	-2	4	59555
14411	-2	4	59559
14412	-2	4	59563
14413	-2	4	59567
14414	-2	4	59571
14415	-2	4	59575
14416	-2	4	59579
14417	-2	4	59583
14418	-2	4	59587
14419	-2	4	59591
14420	-2	4	59595
14421	-2	4	59599
14422	-2	4	59603
14423	-2	4	59607
14424	-2	4	59611
14425	-2	4	59615
14426	-2	4	59619
14427	-2	4	59623
14428	-2	4	59627
14429	-2	4	59631
14430	-2	4	59635
14431	-2	4	59639
14432	-2	4	59643
14433	-2	4	59647
14434	-2	4	59651
14435	-2	4	59655
14436	-2	4	59659
14437	-2	4	59663
14438	-2	4	59667
14439	-2	4	59671
14440	-2	4	59675
14441	-4	6	59681
14442	-2	4	59685
14443	-2	4	59689
14444	-2	4	59693
14445	-2	4	59697
14446	-2	4	59701
14447	-2	4	59705
14448	-2	4	59709
14449	-2	4	59713
14450	-2	4	59717
14451	-4	6	59723
14452	-3	5	59728
14453	-2	4	59732
14454	-2	4	59736
14455	-2	4	59740
14456	-3	5	59745
14457	-2	4	59749
14458	-2	4	59753
14459	-2	4	59757
14460	-2	4	59761
14461	-4	6	59767
14462	-2	4	59771
14463	-2	4	59775
14464	-2	4	59779
14465	-2	4	59783
14466	-2	4	59787
14467	-2	4	59791
14468	-2	4	59795
14469	-2	4	59799
14470	-2	4	59803
14471	-2	4	59807
14472	-2	4	59811
14473	-2	4	59815
14474	-2	4	59819
14475	-2	4	59823
14476	-2	4	59827
14477	-2	4	59831
14478	-2	4	59835
14479	-2	4	59839
14480	-2	4	59843
14481	-2	4	59847
14482	-2	4	59851
14483	-2	4	59855
14484	-2	4	59859
14485	-2	4	59863
14486	-2	4	59867
14487	-2	4	59871
14488	-2	4	59875
14489	-2	4	59879
14490	-2	4	59883
14491	-2	4	59887
14492	-2	4	59891
14493	-4	6	59897
14494	-2	4	59901
14495	-2	4	59905
14496	-2	4	59909
14497	-2	4	59913
14498	-2	4	59917
14499	-2	4	59921
14500	-2	4	59925
14501	-2	4	59929
14502	-2	4	59933
14503	-2	4	59937
14504	-2	4	59941
14505	-2	4	59945
14506	-2	4	59949
14507	-2	4	59953
14508	-2	4	59957
14509	-2	4	59961
14510	-2	4	59965
14511	-2	4	59969
14512	-2	4	59973
14513	-2	4	59977
14514	-2	4	59981
14515	-2	4	59985
14516	-2	4	59989
14517	-2	4	59993
14518	-2	4	59997
14519	-4	6	60003
14520	-2	4	60007
14521	-2	4	60011
14522	-2	4	60015
14523	-2	4	60019
14524	-2	4	60023
14525	-2	4	60027
14526	-4	6	60033
14527	-2	4	60037
14528	-2	4	60041
14529	-2	4	60045
14530	-2	4	60049
14531	-2	4	60053
14532	-2	4	60057
14533	-2	4	60061
14534	-2	4	60065
14535	-2	4	60069
14536	-2	4	60073
14537	-2	4	60077
14538	-2	4	60081
14539	-2	4	60085
14540	-2	4	60089
14541	-2	4	60093
14542	-2	4	60097
14543	-2	4	60101
14544	-2	4	60105
14545	-2	4	60109
14546	-4	6	60115
14547	-2	4	60119
14548	-2	4	60123
14549	-2	4	60127
14550	-2	4	60131
14551	-2	4	60135
14552	-4	6	60141
14553	-2	4	60145
14554	-2	4	60149
14555	-2	4	60153
14556	-2	4	60157
14557	-2	4	60161
14558	-2	4	60165
14559	-2	4	60169
14560	-2	4	60173
14561	-2	4	60177
14562	-2	4	60181
14563	-2	4	60185
14564	-2	4	60189
14565	-2	4	60193
14566	-2	4	60197
14567	-2	4	60201
14568	-2	4	60205
14569	-2	4	60209
14570	-2	4	60213
14571	-2	4	60217
14572	-2	4	60221
14573	-2	4	60225
14574	-4	6	60231
14575	-2	4	60235
14576	-2	4	60239
14577	-2	4	60243
14578	-4	6	60249
14579	-2	4	60253
14580	-2	4	60257
14581	-2	4	60261
14582	-4	6	60267
14583	-2	4	60271
14584	-2	4	60275
14585	-2	4	60279
14586	-2	4	60283
14587	-2	4	60287
14588	-2	4	60291
14589	-2	4	60295
14590	-2	4	60299
14591	-4	6	60305
14592	-2	4	60309
14593	-2	4	60313
14594	-2	4	60317
14595	-2	4	60321
14596	-2	4	60325
14597	-2	4	60329
14598	-2	4	60333
14599	-2	4	60337
14600	-2	4	60341
14601	-2	4	60345
14602	-2	4	60349
14603	-2	4	60353
14604	-3	5	60358
14605	-2	4	60362
14606	-2	4	60366
14607	-2	4	60370
14608	-2	4	60374
14609	-2	4	60378
14610	-2	4	60382
14611	-2	4	60386
14612	-2	4	60390
14613	-2	4	60394
14614	-4	6	60400
14615	-2	4	60404
14616	-2	4	60408
14617	-2	4	60412
14618	-2	4	60416
14619	-2	4	60420
14620	-2	4	60424
14621	-2	4	60428
14622	-2	4	60432
14623	-2	4	60436
14624	-2	4	60440
14625	-2	4	60444
14626	-2	4	60448
14627	-2	4	60452
14628	-2	4	60456
14629	-2	4	60460
14630	-2	4	60464
14631	-2	4	60468
14632	-2	4	60472
14633	-2	4	60476
14634	-2	4	60480
14635	-2	4	60484
14636	-2	4	60488
14637	-2	4	60492
14638	-2	4	60496
14639	-2	4	60500
14640	-2	4	60504
14641	-4	6	60510
14642	-2	4	60514
14643	-2	4	60518
14644	-2	4	60522
14645	-2	4	60526
14646	-2	4	60530
14647	-2	4	60534
14648	-2	4	60538
14649	-2	4	60542
14650	-2	4	60546
14651	-2	4	60550
14652	-2	4	60554
14653	-2	4	60558
14654	-4	6	60564
14655	-2	4	60568
14656	-2	4	60572
14657	-2	4	60576
14658	-2	4	60580
14659	-2	4	60584
14660	-2	4	60588
14661	-2	4	60592
14662	-2	4	60596
14663	-2	4	60600
14664	-2	4	60604
14665	-2	4	60608
14666	-2	4	60612
14667	-2	4	60616
14668	-2	4	60620
14669	-2	4	60624
14670	-2	4	60628
14671	-2	4	60632
14672	-2	4	60636
14673	-2	4	60640
14674	-2	4	60644
14675	-2	4	60648
14676	-2	4	60652
14677	-2	4	60656
14678	-2	4	60660
14679	-2	4	60664
14680	-2	4	60668
14681	-2	4	60672
14682	-2	4	60676
14683	-2	4	60680
14684	-2	4	60684
14685	-2	4	60688
14686	-2	4	60692
14687	-3	5	60697
14688	-2	4	60701
14689	-2	4	60705
14690	-2	4	60709
14691	-2	4	60713
14692	-2	4	60717
14693	-2	4	60721
14694	-4	6	60727
14695	-4	6	60733
14696	-2	4	60737
14697	-2	4	60741
14698	-2	4	60745
14699	-2	4	60749
14700	-2	4	60753
14701	-2	4	60757
14702	-2	4	60761
14703	-2	4	60765
14704	-2	4	60769
14705	-2	4	60773
14706	-2	4	60777
14707	-2	4	60781
14708	-2	4	60785
14709	-2	4	60789
14710	-4	6	60795
14711	-2	4	60799
14712	-2	4	60803
14713	-2	4	60807
14714	-2	4	60811
14715	-2	4	60815
14716	-2	4	60819
14717	-2	4	60823
14718	-2	4	60827
14719	-2	4	60831
14720	-2	4	60835
14721	-2	4	60839
14722	-2	4	60843
14723	-2	4	60847
14724	-2	4	60851
14725	-2	4	60855
14726	-2	4	60859
14727	-2	4	60863
14728	-2	4	60867
14729	-2	4	60871
14730	-2	4	60875
14731	-2	4	60879
14732	-2	4	60883
14733	-2	4	60887
14734	-2	4	60891
14735	-2	4	60895
14736	-2	4	60899
14737	-2	4	60903
14738	-2	4	60907
14739	-2	4	60911
14740	-2	4	60915
14741	-2	4	60919
14742	-2	4	60923
14743	-2	4	60927
14744	-2	4	60931
14745	-2	4	60935
14746	-2	4	60939
14747	-2	4	60943
14748	-2	4	60947
14749	-2	4	60951
14750	-2	4	60955
14751	-2	4	60959
14752	-2	4	60963
14753	-2	4	60967
14754	-2	4	60971
14755	-2	4	60975
14756	-2	4	60979
14757	-2	4	60983
14758	-2	4	60987
14759	-2	4	60991
14760	-2	4	60995
14761	-2	4	60999
14762	-2	4	61003
14763	-2	4	61007
14764	-2	4	61011
14765	-4	6	61017
14766	-2	4	61021
14767	-2	4	61025
14768	-2	4	61029
14769	-2	4	61033
14770	-2	4	61037
14771	-2	4	61041
14772	-2	4	61045
14773	-2	4	61049
14774	-2	4	61053
14775	-2	4	61057
14776	-2	4	61061
14777	-2	4	61065
14778	-2	4	61069
14779	-2	4	61073
14780	-2	4	61077
14781	-2	4	61081
14782	-2	4	61085
14783	-2	4	61089
14784	-2	4	61093
14785	-2	4	61097
14786	-2	4	61101
14787	-2	4	61105
14788	-2	4	61109
14789	-2	4	61113
14790	-2	4	61117
14791	-2	4	61121
14792	-4	6	61127
14793	-2	4	61131
14794	-2	4	61135
14795	-2	4	61139
14796	-2	4	61143
14797	-2	4	61147
14798	-2	4	61151
14799	-2	4	61155
14800	-2	4	61159
14801	-2	4	61163
14802	-2	4	61167
14803	-2	4	61171
14804	-2	4	61175
14805	-2	4	61179
14806	-2	4	61183
14807	-2	4	61187
14808	-2	4	61191
14809	-2	4	61195
14810	-2	4	61199
14811	-2	4	61203
14812	-2	4	61207
14813	-2	4	61211
14814	-2	4	61215
14815	-2	4	61219
14816	-2	4	61223
14817	-2	4	61227
14818	-2	4	61231
14819	-2	4	61235
14820	-2	4	61239
14821	-2	4	61243
14822	-2	4	61247
14823	-4	6	61253
14824	-2	4	61257
14825	-2	4	61261
14826	-2	4	61265
14827	-2	4	61269
14828	-2	4	61273
14829	-2	4	61277
14830	-2	4	61281
14831	-2	4	61285
14832	-2	4	61289
14833	-2	4	61293
14834	-2	4	61297
14835	-2	4	61301
14836	-2	4	61305
14837	-2	4	61309
14838	-2	4	61313
14839	-2	4	61317
14840	-2	4	61321
14841	-2	4	61325
14842	-2	4	61329
14843	-2	4	61333
14844	-2	4	61337
14845	-2	4	61341
14846	-2	4	61345
14847	-2	4	61349
14848	-2	4	61353
14849	-2	4	61357
14850	-2	4	61361
14851	-2	4	61365
14852	-2	4	61369
14853	-2	4	61373
14854	-2	4	61377
14855	-2	4	61381
14856	-2	4	61385
14857	-2	4	61389
14858	-2	4	61393
14859	-2	4	61397
14860	-4	6	61403
14861	-2	4	61407
14862	-6	8	61415
14863	-2	4	61419
14864	-2	4	61423
14865	-4	6	61429
14866	-2	4	61433
14867	-2	4	61437
14868	-2	4	61441
14869	-2	4	61445
14870	-2	4	61449
14871	-2	4	61453
14872	-2	4	61457
14873	-2	4	61461
14874	-2	4	61465
14875	-2	4	61469
14876	-2	4	61473
14877	-2	4	61477
14878	-2	4	61481
14879	-2	4	61485
14880	-2	4	61489
14881	-2	4	61493
14882	-2	4	61497
14883	-2	4	61501
14884	-2	4	61505
14885	-4	6	61511
14886	-2	4	61515
14887	-2	4	61519
14888	-2	4	61523
14889	-2	4	61527
14890	-2	4	61531
14891	-2	4	61535
14892	-2	4	61539
14893	-2	4	61543
14894	-2	4	61547
14895	-2	4	61551
14896	-2	4	61555
14897	-2	4	61559
14898	-2	4	61563
14899	-2	4	61567
14900	-2	4	61571
14901	-2	4	61575
14902	-2	4	61579
14903	-3	5	61584
14904	-2	4	61588
14905	-2	4	61592
14906	-2	4	61596
14907	-2	4	61600
14908	-2	4	61604
14909	-2	4	61608
14910	-2	4	61612
14911	-2	4	61616
14912	-2	4	61620
14913	-2	4	61624
14914	-2	4	61628
14915	-2	4	61632
14916	-2	4	61636
14917	-2	4	61640
14918	-2	4	61644
14919	-2	4	61648
14920	-2	4	61652
14921	-2	4	61656
14922	-2	4	61660
14923	-2	4	61664
14924	-2	4	61668
14925	-2	4	61672
14926	-2	4	61676
14927	-2	4	61680
14928	-2	4	61684
14929	-2	4	61688
14930	-4	6	61694
14931	-2	4	61698
14932	-2	4	61702
14933	-2	4	61706
14934	-2	4	61710
14935	-2	4	61714
14936	-2	4	61718
14937	-2	4	61722
14938	-2	4	61726
14939	-2	4	61730
14940	-2	4	61734
14941	-2	4	61738
14942	-2	4	61742
14943	-2	4	61746
14944	-2	4	61750
14945	-2	4	61754
14946	-2	4	61758
14947	-2	4	61762
14948	-2	4	61766
14949	-2	4	61770
14950	-2	4	61774
14951	-2	4	61778
14952	-2	4	61782
14953	-2	4	61786
14954	-2	4	61790
14955	-2	4	61794
14956	-2	4	61798
14957	-2	4	61802
14958	-2	4	61806
14959	-2	4	61810
14960	-2	4	61814
14961	-2	4	61818
14962	-2	4	61822
14963	-2	4	61826
14964	-2	4	61830
14965	-2	4	61834
14966	-2	4	61838
14967	-2	4	61842
14968	-2	4	61846
14969	-2	4	61850
14970	-2	4	61854
14971	-2	4	61858
14972	-2	4	61862
14973	-2	4	61866
14974	-2	4	61870
14975	-4	6	61876
14976	-2	4	61880
14977	-2	4	61884
14978	-2	4	61888
14979	-2	4	61892
14980	-2	4	61896
14981	-4	6	61902
14982	-2	4	61906
14983	-2	4	61910
14984	-2	4	61914
14985	-2	4	61918
14986	-2	4	61922
14987	-2	4	61926
14988	-2	4	61930
14989	-2	4	61934
14990	-2	4	61938
14991	-2	4	61942
14992	-2	4	61946
14993	-4	6	61952
14994	-2	4	61956
14995	-4	6	61962
14996	-2	4	61966
14997	-2	4	61970
14998	-2	4	61974
14999	-2	4	61978
15000	-4	6	61984
15001	-4	6	61990
15002	-2	4	61994
15003	-2	4	61998
15004	-2	4	62002
15005	-2	4	62006
15006	-2	4	62010
15007	-2	4	62014
15008	-4	6	62020
15009	-2	4	62024
15010	-4	6	62030
15011	-2	4	62034
15012	-2	4	62038
15013	-2	4	62042
15014	-2	4	62046
15015	-2	4	62050
15016	-2	4	62054
15017	-2	4	62058
15018	-2	4	62062
15019	-2	4	62066
15020	-4	6	62072
15021	-2	4	62076
15022	-2	4	62080
15023	-2	4	62084
15024	-2	4	62088
15025	-2	4	62092
15026	-2	4	62096
15027	-2	4	62100
15028	-2	4	62104
15029	-2	4	62108
15030	-2	4	62112
15031	-2	4	62116
15032	-3	5	62121
15033	-2	4	62125
15034	-2	4	62129
15035	-2	4	62133
15036	-4	6	62139
15037	-2	4	62143
15038	-2	4	62147
15039	-2	4	62151
15040	-2	4	62155
15041	-2	4	62159
15042	-2	4	62163
15043	-2	4	62167
15044	-2	4	62171
15045	-2	4	62175
15046	-2	4	62179
15047	-2	4	62183
15048	-2	4	62187
15049	-2	4	62191
15050	-2	4	62195
15051	-2	4	62199
15052	-2	4	62203
15053	-2	4	62207
15054	-2	4	62211
15055	-2	4	62215
15056	-2	4	62219
15057	-2	4	62223
15058	-2	4	62227
15059	-2	4	62231
15060	-2	4	62235
15061	-2	4	62239
15062	-2	4	62243
15063	-4	6	62249
15064	-2	4	62253
15065	-2	4	62257
15066	-2	4	62261
15067	-2	4	62265
15068	-4	6	62271
15069	-2	4	62275
15070	-2	4	62279
15071	-2	4	62283
15072	-2	4	62287
15073	-4	6	62293
15074	-2	4	62297
15075	-2	4	62301
15076	-2	4	62305
15077	-2	4	62309
15078	-2	4	62313
15079	-2	4	62317
15080	-2	4	62321
15081	-2	4	62325
15082	-2	4	62329
15083	-2	4	62333
15084	-2	4	62337
15085	-2	4	62341
15086	-2	4	62345
15087	-2	4	62349
15088	-2	4	62353
15089	-2	4	62357
15090	-2	4	62361
15091	-2	4	62365
15092	-2	4	62369
15093	-2	4	62373
15094	-2	4	62377
15095	-2	4	62381
15096	-7	9	62390
15097	-2	4	62394
15098	-2	4	62398
15099	-2	4	62402
15100	-2	4	62406
15101	-2	4	62410
15102	-2	4	62414
15103	-2	4	62418
15104	-2	4	62422
15105	-2	4	62426
15106	-2	4	62430
15107	-2	4	62434
15108	-2	4	62438
15109	-2	4	62442
15110	-2	4	62446
15111	-2	4	62450
15112	-2	4	62454
15113	-2	4	62458
15114	-2	4	62462
15115	-2	4	62466
15116	-2	4	62470
15117	-2	4	62474
15118	-2	4	62478
15119	-2	4	62482
15120	-2	4	62486
15121	-2	4	62490
15122	-2	4	62494
15123	-2	4	62498
15124	-2	4	62502
15125	-2	4	62506
15126	-2	4	62510
15127	-2	4	62514
15128	-2	4	62518
15129	-2	4	62522
15130	-4	6	62528
15131	-2	4	62532
15132	-2	4	62536
15133	-2	4	62540
15134	-2	4	62544
15135	-2	4	62548
15136	-2	4	62552
15137	-2	4	62556
15138	-2	4	62560
15139	-2	4	62564
15140	-2	4	62568
15141	-2	4	62572
15142	-2	4	62576
15143	-2	4	62580
15144	-2	4	62584
15145	-2	4	62588
15146	-2	4	62592
15147	-2	4	62596
15148	-2	4	62600
15149	-2	4	62604
15150	-2	4	62608
15151	-2	4	62612
15152	-2	4	62616
15153	-2	4	62620
15154	-4	6	62626
15155	-2	4	62630
15156	-2	4	62634
15157	-2	4	62638
15158	-2	4	62642
15159	-2	4	62646
15160	-2	4	62650
15161	-2	4	62654
15162	-2	4	62658
15163	-2	4	62662
15164	-2	4	62666
15165	-2	4	62670
15166	-2	4	62674
15167	-2	4	62678
15168	-2	4	62682
15169	-2	4	62686
15170	-2	4	62690
15171	-2	4	62694
15172	-2	4	62698
15173	-2	4	62702
15174	-2	4	62706
15175	-2	4	62710
15176	-2	4	62714
15177	-2	4	62718
15178	-2	4	62722
15179	-2	4	62726
15180	-2	4	62730
15181	-2	4	62734
15182	-2	4	62738
15183	-2	4	62742
15184	-2	4	62746
15185	-2	4	62750
15186	-2	4	62754
15187	-2	4	62758
15188	-4	6	62764
15189	-2	4	62768
15190	-2	4	62772
15191	-4	6	62778
15192	-2	4	62782
15193	-2	4	62786
15194	-2	4	62790
15195	-2	4	62794
15196	-2	4	62798
15197	-4	6	62804
15198	-2	4	62808
15199	-2	4	62812
15200	-2	4	62816
15201	-2	4	62820
15202	-2	4	62824
15203	-2	4	62828
15204	-2	4	62832
15205	-2	4	62836
15206	-2	4	62840
15207	-2	4	62844
15208	-2	4	62848
15209	-2	4	62852
15210	-4	6	62858
15211	-2	4	62862
15212	-2	4	62866
15213	-2	4	62870
15214	-2	4	62874
15215	-2	4	62878
15216	-2	4	62882
15217	-2	4	62886
15218	-2	4	62890
15219	-2	4	62894
15220	-2	4	62898
15221	-2	4	62902
15222	-2	4	62906
15223	-2	4	62910
15224	-2	4	62914
15225	-2	4	62918
15226	-2	4	62922
15227	-2	4	62926
15228	-2	4	62930
15229	-2	4	62934
15230	-2	4	62938
15231	-2	4	62942
15232	-2	4	62946
15233	-2	4	62950
15234	-2	4	62954
15235	-2	4	62958
15236	-4	6	62964
15237	-2	4	62968
15238	-2	4	62972
15239	-2	4	62976
15240	-2	4	62980
15241	-2	4	62984
15242	-2	4	62988
15243	-2	4	62992
15244	-2	4	62996
15245	-2	4	63000
15246	-2	4	63004
15247	-2	4	63008
15248	-2	4	63012
15249	-2	4	63016
15250	-2	4	63020
15251	-2	4	63024
15252	-2	4	63028
15253	-2	4	63032
15254	-2	4	63036
15255	-2	4	63040
15256	-2	4	63044
15257	-2	4	63048
15258	-2	4	63052
15259	-2	4	63056
15260	-2	4	63060
15261	-2	4	63064
15262	-2	4	63068
15263	-2	4	63072
15264	-2	4	63076
15265	-2	4	63080
15266	-2	4	63084
15267	-2	4	63088
15268	-2	4	63092
15269	-2	4	63096
15270	-2	4	63100
15271	-2	4	63104
15272	-2	4	63108
15273	-2	4	63112
15274	-2	4	63116
15275	-2	4	63120
15276	-2	4	63124
15277	-2	4	63128
15278	-2	4	63132
15279	-2	4	63136
15280	-2	4	63140
15281	-2	4	63144
15282	-2	4	63148
15283	-2	4	63152
15284	-2	4	63156
15285	-2	4	63160
15286	-2	4	63164
15287	-2	4	63168
15288	-2	4	63172
15289	-2	4	63176
15290	-2	4	63180
15291	-2	4	63184
15292	-2	4	63188
15293	-2	4	63192
15294	-2	4	63196
15295	-2	4	63200
15296	-2	4	63204
15297	-2	4	63208
15298	-2	4	63212
15299	-2	4	63216
15300	-2	4	63220
15301	-2	4	63224
15302	-2	4	63228
15303	-2	4	63232
15304	-4	6	63238
15305	-2	4	63242
15306	-2	4	63246
15307	-2	4	63250
15308	-2	4	63254
15309	-2	4	63258
15310	-2	4	63262
15311	-2	4	63266
15312	-2	4	63270
15313	-2	4	63274
15314	-2	4	63278
15315	-2	4	63282
15316	-2	4	63286
15317	-2	4	63290
15318	-2	4	63294
15319	-2	4	63298
15320	-3	5	63303
15321	-2	4	63307
15322	-2	4	63311
15323	-2	4	63315
15324	-2	4	63319
15325	-2	4	63323
15326	-2	4	63327
15327	-2	4	63331
15328	-2	4	63335
15329	-2	4	63339
15330	-2	4	63343
15331	-2	4	63347
15332	-2	4	63351
15333	-4	6	63357
15334	-2	4	63361
15335	-2	4	63365
15336	-2	4	63369
15337	-2	4	63373
15338	-2	4	63377
15339	-2	4	63381
15340	-2	4	63385
15341	-2	4	63389
15342	-2	4	63393
15343	-2	4	63397
15344	-2	4	63401
15345	-2	4	63405
15346	-2	4	63409
15347	-2	4	63413
15348	-2	4	63417
15349	-2	4	63421
15350	-2	4	63425
15351	-2	4	63429
15352	-2	4	63433
15353	-2	4	63437
15354	-2	4	63441
15355	-2	4	63445
15356	-2	4	63449
15357	-2	4	63453
15358	-2	4	63457
15359	-2	4	63461
15360	-2	4	63465
15361	-2	4	63469
15362	-2	4	63473
15363	-2	4	63477
15364	-3	5	63482
15365	-2	4	63486
15366	-2	4	63490
15367	-2	4	63494
15368	-2	4	63498
15369	-4	6	63504
15370	-2	4	63508
15371	-2	4	63512
15372	-4	6	63518
15373	-2	4	63522
15374	-2	4	63526
15375	-2	4	63530
15376	-2	4	63534
15377	-2	4	63538
15378	-2	4	63542
15379	-2	4	63546
15380	-2	4	63550
15381	-2	4	63554
15382	-2	4	63558
15383	-2	4	63562
15384	-2	4	63566
15385	-3	5	63571
15386	-2	4	63575
15387	-2	4	63579
15388	-2	4	63583
15389	-2	4	63587
15390	-2	4	63591
15391	-2	4	63595
15392	-2	4	63599
15393	-2	4	63603
15394	-2	4	63607
15395	-2	4	63611
15396	-2	4	63615
15397	-2	4	63619
15398	-2	4	63623
15399	-2	4	63627
15400	-4	6	63633
15401	-2	4	63637
15402	-2	4	63641
15403	-2	4	63645
15404	-4	6	63651
15405	-2	4	63655
15406	-2	4	63659
15407	-2	4	63663
15408	-2	4	63667
15409	-2	4	63671
15410	-2	4	63675
15411	-4	6	63681
15412	-4	6	63687
15413	-2	4	63691
15414	-2	4	63695
15415	-2	4	63699
15416	-2	4	63703
15417	-2	4	63707
15418	-2	4	63711
15419	-2	4	63715
15420	-2	4	63719
15421	-2	4	63723
15422	-4	6	63729
15423	-2	4	63733
15424	-2	4	63737
15425	-2	4	63741
15426	-2	4	63745
15427	-2	4	63749
15428	-2	4	63753
15429	-2	4	63757
15430	-2	4	63761
15431	-2	4	63765
15432	-2	4	63769
15433	-2	4	63773
15434	-2	4	63777
15435	-2	4	63781
15436	-2	4	63785
15437	-2	4	63789
15438	-2	4	63793
15439	-2	4	63797
15440	-2	4	63801
15441	-2	4	63805
15442	-2	4	63809
15443	-2	4	63813
15444	-2	4	63817
15445	-2	4	63821
15446	-2	4	63825
15447	-2	4	63829
15448	-2	4	63833
15449	-2	4	63837
15450	-2	4	63841
15451	-4	6	63847
15452	-2	4	63851
15453	-2	4	63855
15454	-2	4	63859
15455	-2	4	63863
15456	-4	6	63869
15457	-2	4	63873
15458	-2	4	63877
15459	-2	4	63881
15460	-2	4	63885
15461	-2	4	63889
15462	-2	4	63893
15463	-2	4	63897
15464	-2	4	63901
15465	-2	4	63905
15466	-2	4	63909
15467	-2	4	63913
15468	-2	4	63917
15469	-2	4	63921
15470	-2	4	63925
15471	-2	4	63929
15472	-2	4	63933
15473	-2	4	63937
15474	-4	6	63943
15475	-4	6	63949
15476	-2	4	63953
15477	-2	4	63957
15478	-2	4	63961
15479	-2	4	63965
15480	-2	4	63969
15481	-2	4	63973
15482	-2	4	63977
15483	-2	4	63981
15484	-2	4	63985
15485	-2	4	63989
15486	-2	4	63993
15487	-2	4	63997
15488	-2	4	64001
15489	-2	4	64005
15490	-2	4	64009
15491	-2	4	64013
15492	-2	4	64017
15493	-2	4	64021
15494	-2	4	64025
15495	-2	4	64029
15496	-2	4	64033
15497	-2	4	64037
15498	-2	4	64041
15499	-2	4	64045
15500	-2	4	64049
15501	-2	4	64053
15502	-4	6	64059
15503	-2	4	64063
15504	-4	6	64069
15505	-2	4	64073
15506	-2	4	64077
15507	-2	4	64081
15508	-2	4	64085
15509	-2	4	64089
15510	-2	4	64093
15511	-2	4	64097
15512	-2	4	64101
15513	-2	4	64105
15514	-2	4	64109
15515	-2	4	64113
15516	-2	4	64117
15517	-4	6	64123
15518	-2	4	64127
15519	-4	6	64133
15520	-2	4	64137
15521	-2	4	64141
15522	-2	4	64145
15523	-2	4	64149
15524	-2	4	64153
15525	-2	4	64157
15526	-2	4	64161
15527	-2	4	64165
15528	-2	4	64169
15529	-2	4	64173
15530	-2	4	64177
15531	-2	4	64181
15532	-2	4	64185
15533	-2	4	64189
15534	-2	4	64193
15535	-2	4	64197
15536	-2	4	64201
15537	-2	4	64205
15538	-2	4	64209
15539	-2	4	64213
15540	-2	4	64217
15541	-2	4	64221
15542	-2	4	64225
15543	-2	4	64229
15544	-2	4	64233
15545	-2	4	64237
15546	-2	4	64241
15547	-2	4	64245
15548	-2	4	64249
15549	-2	4	64253
15550	-2	4	64257
15551	-2	4	64261
15552	-2	4	64265
15553	-2	4	64269
15554	-2	4	64273
15555	-2	4	64277
15556	-2	4	64281
15557	-2	4	64285
15558	-2	4	64289
15559	-2	4	64293
15560	-2	4	64297
15561	-2	4	64301
15562	-2	4	64305
15563	-2	4	64309
15564	-2	4	64313
15565	-2	4	64317
15566	-2	4	64321
15567	-2	4	64325
15568	-2	4	64329
15569	-2	4	64333
15570	-2	4	64337
15571	-2	4	64341
15572	-2	4	64345
15573	-2	4	64349
15574	-2	4	64353
15575	-2	4	64357
15576	-2	4	64361
15577	-2	4	64365
15578	-2	4	64369
15579	-2	4	64373
15580	-2	4	64377
15581	-2	4	64381
15582	-2	4	64385
15583	-2	4	64389
15584	-2	4	64393
15585	-2	4	64397
15586	-2	4	64401
15587	-2	4	64405
15588	-2	4	64409
15589	-2	4	64413
15590	-2	4	64417
15591	-2	4	64421
15592	-2	4	64425
15593	-2	4	64429
15594	-2	4	64433
15595	-2	4	64437
15596	-2	4	64441
15597	-2	4	64445
15598	-2	4	64449
15599	-2	4	64453
15600	-2	4	64457
15601	-2	4	64461
15602	-2	4	64465
15603	-2	4	64469
15604	-2	4	64473
15605	-2	4	64477
15606	-2	4	64481
15607	-2	4	64485
15608	-5	7	64492
15609	-2	4	64496
15610	-2	4	64500
15611	-2	4	64504
15612	-2	4	64508
15613	-2	4	64512
15614	-2	4	64516
15615	-2	4	64520
15616	-2	4	64524
15617	-2	4	64528
15618	-2	4	64532
15619	-2	4	64536
15620	-2	4	64540
15621	-2	4	64544
15622	-2	4	64548
15623	-2	4	64552
15624	-2	4	64556
15625	-2	4	64560
15626	-2	4	64564
15627	-2	4	64568
15628	-2	4	64572
15629	-2	4	64576
15630	-2	4	64580
15631	-2	4	64584
15632	-2	4	64588
15633	-2	4	64592
15634	-2	4	64596
15635	-2	4	64600
15636	-2	4	64604
15637	-2	4	64608
15638	-2	4	64612
15639	-2	4	64616
15640	-2	4	64620
15641	-2	4	64624
15642	-2	4	64628
15643	-2	4	64632
15644	-2	4	64636
15645	-2	4	64640
15646	-2	4	64644
15647	-2	4	64648
15648	-2	4	64652
15649	-2	4	64656
15650	-2	4	64660
15651	-2	4	64664
15652	-2	4	64668
15653	-2	4	64672
15654	-2	4	64676
15655	-2	4	64680
15656	-2	4	64684
15657	-2	4	64688
15658	-2	4	64692
15659	-2	4	64696
15660	-2	4	64700
15661	-2	4	64704
15662	-2	4	64708
15663	-2	4	64712
15664	-2	4	64716
15665	-2	4	64720
15666	-2	4	64724
15667	-2	4	64728
15668	-3	5	64733
15669	-2	4	64737
15670	-2	4	64741
15671	-2	4	64745
15672	-2	4	64749
15673	-2	4	64753
15674	-2	4	64757
15675	-2	4	64761
15676	-2	4	64765
15677	-2	4	64769
15678	-2	4	64773
15679	-2	4	64777
15680	-2	4	64781
15681	-2	4	64785
15682	-2	4	64789
15683	-4	6	64795
15684	-2	4	64799
15685	-2	4	64803
15686	-2	4	64807
15687	-2	4	64811
15688	-4	6	64817
15689	-2	4	64821
15690	-2	4	64825
15691	-2	4	64829
15692	-2	4	64833
15693	-2	4	64837
15694	-2	4	64841
15695	-2	4	64845
15696	-2	4	64849
15697	-2	4	64853
15698	-2	4	64857
15699	-2	4	64861
15700	-3	5	64866
15701	-2	4	64870
15702	-2	4	64874
15703	-2	4	64878
15704	-2	4	64882
15705	-3	5	64887
15706	-2	4	64891
15707	-2	4	64895
15708	-2	4	64899
15709	-2	4	64903
15710	-2	4	64907
15711	-2	4	64911
15712	-2	4	64915
15713	-2	4	64919
15714	-2	4	64923
15715	-4	6	64929
15716	-2	4	64933
15717	-2	4	64937
15718	-2	4	64941
15719	-2	4	64945
15720	-2	4	64949
15721	-2	4	64953
15722	-2	4	64957
15723	-2	4	64961
15724	-2	4	64965
15725	-2	4	64969
15726	-2	4	64973
15727	-2	4	64977
15728	-3	5	64982
15729	-2	4	64986
15730	-2	4	64990
15731	-2	4	64994
15732	-2	4	64998
15733	-2	4	65002
15734	-3	5	65007
15735	-2	4	65011
15736	-2	4	65015
15737	-2	4	65019
15738	-2	4	65023
15739	-2	4	65027
15740	-2	4	65031
15741	-2	4	65035
15742	-2	4	65039
15743	-2	4	65043
15744	-2	4	65047
15745	-2	4	65051
15746	-2	4	65055
15747	-2	4	65059
15748	-2	4	65063
15749	-2	4	65067
15750	-2	4	65071
15751	-2	4	65075
15752	-2	4	65079
15753	-2	4	65083
15754	-2	4	65087
15755	-2	4	65091
15756	-2	4	65095
15757	-2	4	65099
15758	-2	4	65103
15759	-2	4	65107
15760	-2	4	65111
15761	-2	4	65115
15762	-2	4	65119
15763	-2	4	65123
15764	-2	4	65127
15765	-2	4	65131
15766	-2	4	65135
15767	-2	4	65139
15768	-2	4	65143
15769	-2	4	65147
15770	-2	4	65151
15771	-2	4	65155
15772	-4	6	65161
15773	-4	6	65167
15774	-2	4	65171
15775	-2	4	65175
15776	-2	4	65179
15777	-2	4	65183
15778	-2	4	65187
15779	-2	4	65191
15780	-2	4	65195
15781	-2	4	65199
15782	-2	4	65203
15783	-2	4	65207
15784	-2	4	65211
15785	-2	4	65215
15786	-2	4	65219
15787	-2	4	65223
15788	-2	4	65227
15789	-2	4	65231
15790	-2	4	65235
15791	-2	4	65239
15792	-2	4	65243
15793	-2	4	65247
15794	-2	4	65251
15795	-2	4	65255
15796	-2	4	65259
15797	-2	4	65263
15798	-2	4	65267
15799	-2	4	65271
15800	-2	4	65275
15801	-2	4	65279
15802	-2	4	65283
15803	-2	4	65287
15804	-2	4	65291
15805	-2	4	65295
15806	-2	4	65299
15807	-2	4	65303
15808	-2	4	65307
15809	-2	4	65311
15810	-2	4	65315
15811	-2	4	65319
15812	-2	4	65323
15813	-2	4	65327
15814	-2	4	65331
15815	-2	4	65335
15816	-2	4	65339
15817	-2	4	65343
15818	-2	4	65347
15819	-2	4	65351
15820	-2	4	65355
15821	-2	4	65359
15822	-2	4	65363
15823	-2	4	65367
15824	-3	5	65372
15825	-2	4	65376
15826	-2	4	65380
15827	-2	4	65384
15828	-2	4	65388
15829	-2	4	65392
15830	-2	4	65396
15831	-2	4	65400
15832	-4	6	65406
15833	-2	4	65410
15834	-2	4	65414
15835	-2	4	65418
15836	-2	4	65422
15837	-4	6	65428
15838	-2	4	65432
15839	-2	4	65436
15840	-2	4	65440
15841	-4	6	65446
15842	-4	6	65452
15843	-2	4	65456
15844	-2	4	65460
15845	-2	4	65464
15846	-2	4	65468
15847	-2	4	65472
15848	-2	4	65476
15849	-4	6	65482
15850	-2	4	65486
15851	-2	4	65490
15852	-2	4	65494
15853	-2	4	65498
15854	-2	4	65502
15855	-2	4	65506
15856	-2	4	65510
15857	-2	4	65514
15858	-2	4	65518
15859	-2	4	65522
15860	-2	4	65526
15861	-2	4	65530
15862	-2	4	65534
15863	-2	4	65538
15864	-2	4	65542
15865	-2	4	65546
15866	-2	4	65550
15867	-2	4	65554
15868	-2	4	65558
15869	-2	4	65562
15870	-2	4	65566
15871	-2	4	65570
15872	-2	4	65574
15873	-4	6	65580
15874	-2	4	65584
15875	-2	4	65588
15876	-2	4	65592
15877	-2	4	65596
15878	-2	4	65600
15879	-2	4	65604
15880	-2	4	65608
15881	-2	4	65612
15882	-2	4	65616
15883	-2	4	65620
15884	-2	4	65624
15885	-2	4	65628
15886	-2	4	65632
15887	-2	4	65636
15888	-4	6	65642
15889	-2	4	65646
15890	-2	4	65650
15891	-2	4	65654
15892	-2	4	65658
15893	-2	4	65662
15894	-2	4	65666
15895	-2	4	65670
15896	-2	4	65674
15897	-2	4	65678
15898	-2	4	65682
15899	-2	4	65686
15900	-2	4	65690
15901	-2	4	65694
15902	-2	4	65698
15903	-2	4	65702
15904	-2	4	65706
15905	-2	4	65710
15906	-2	4	65714
15907	-2	4	65718
15908	-2	4	65722
15909	-2	4	65726
15910	-2	4	65730
15911	-2	4	65734
15912	-4	6	65740
15913	-2	4	65744
15914	-2	4	65748
15915	-2	4	65752
15916	-2	4	65756
15917	-2	4	65760
15918	-2	4	65764
15919	-2	4	65768
15920	-2	4	65772
15921	-2	4	65776
15922	-2	4	65780
15923	-2	4	65784
15924	-2	4	65788
15925	-2	4	65792
15926	-2	4	65796
15927	-4	6	65802
15928	-6	8	65810
15929	-4	6	65816
15930	-2	4	65820
15931	-2	4	65824
15932	-2	4	65828
15933	-2	4	65832
15934	-2	4	65836
15935	-2	4	65840
15936	-2	4	65844
15937	-4	6	65850
15938	-2	4	65854
15939	-2	4	65858
15940	-2	4	65862
15941	-2	4	65866
15942	-2	4	65870
15943	-2	4	65874
15944	-2	4	65878
15945	-2	4	65882
15946	-2	4	65886
15947	-2	4	65890
15948	-2	4	65894
15949	-4	6	65900
15950	-2	4	65904
15951	-2	4	65908
15952	-2	4	65912
15953	-2	4	65916
15954	-2	4	65920
15955	-2	4	65924
15956	-2	4	65928
15957	-2	4	65932
15958	-2	4	65936
15959	-2	4	65940
15960	-2	4	65944
15961	-2	4	65948
15962	-2	4	65952
15963	-4	6	65958
15964	-2	4	65962
15965	-2	4	65966
15966	-2	4	65970
15967	-2	4	65974
15968	-2	4	65978
15969	-2	4	65982
15970	-2	4	65986
15971	-2	4	65990
15972	-4	6	65996
15973	-2	4	66000
15974	-2	4	66004
15975	-2	4	66008
15976	-2	4	66012
15977	-2	4	66016
15978	-2	4	66020
15979	-2	4	66024
15980	-2	4	66028
15981	-2	4	66032
15982	-2	4	66036
15983	-2	4	66040
15984	-2	4	66044
15985	-2	4	66048
15986	-2	4	66052
15987	-2	4	66056
15988	-2	4	66060
15989	-2	4	66064
15990	-2	4	66068
15991	-2	4	66072
15992	-2	4	66076
15993	-2	4	66080
15994	-2	4	66084
15995	-2	4	66088
15996	-2	4	66092
15997	-2	4	66096
15998	-4	6	66102
15999	-2	4	66106
16000	-2	4	66110
16001	-2	4	66114
16002	-2	4	66118
16003	-2	4	66122
16004	-4	6	66128
16005	-2	4	66132
16006	-2	4	66136
16007	-4	6	66142
16008	-2	4	66146
16009	-2	4	66150
16010	-2	4	66154
16011	-2	4	66158
16012	-2	4	66162
16013	-2	4	66166
16014	-2	4	66170
16015	-2	4	66174
16016	-2	4	66178
16017	-2	4	66182
16018	-2	4	66186
16019	-2	4	66190
16020	-2	4	66194
16021	-4	6	66200
16022	-2	4	66204
16023	-2	4	66208
16024	-2	4	66212
16025	-2	4	66216
16026	-2	4	66220
16027	-2	4	66224
16028	-2	4	66228
16029	-2	4	66232
16030	-2	4	66236
16031	-2	4	66240
16032	-4	6	66246
16033	-2	4	66250
16034	-2	4	66254
16035	-2	4	66258
16036	-2	4	66262
16037	-2	4	66266
16038	-2	4	66270
16039	-2	4	66274
16040	-2	4	66278
16041	-2	4	66282
16042	-2	4	66286
16043	-2	4	66290
16044	-2	4	66294
16045	-2	4	66298
16046	-2	4	66302
16047	-2	4	66306
16048	-2	4	66310
16049	-2	4	66314
16050	-2	4	66318
16051	-2	4	66322
16052	-2	4	66326
16053	-2	4	66330
16054	-2	4	66334
16055	-2	4	66338
16056	-2	4	66342
16057	-2	4	66346
16058	-2	4	66350
16059	-2	4	66354
16060	-2	4	66358
16061	-2	4	66362
16062	-2	4	66366
16063	-2	4	66370
16064	-2	4	66374
16065	-2	4	66378
16066	-2	4	66382
16067	-2	4	66386
16068	-2	4	66390
16069	-4	6	66396
16070	-2	4	66400
16071	-3	5	66405
16072	-2	4	66409
16073	-2	4	66413
16074	-2	4	66417
16075	-2	4	66421
16076	-2	4	66425
16077	-2	4	66429
16078	-2	4	66433
16079	-2	4	66437
16080	-2	4	66441
16081	-2	4	66445
16082	-2	4	66449
16083	-2	4	66453
16084	-2	4	66457
16085	-2	4	66461
16086	-2	4	66465
16087	-2	4	66469
16088	-2	4	66473
16089	-2	4	66477
16090	-2	4	66481
16091	-2	4	66485
16092	-2	4	66489
16093	-2	4	66493
16094	-2	4	66497
16095	-2	4	66501
16096	-2	4	66505
16097	-2	4	66509
16098	-2	4	66513
16099	-2	4	66517
16100	-2	4	66521
16101	-2	4	66525
16102	-2	4	66529
16103	-2	4	66533
16104	-2	4	66537
16105	-2	4	66541
16106	-2	4	66545
16107	-2	4	66549
16108	-2	4	66553
16109	-2	4	66557
16110	-2	4	66561
16111	-2	4	66565
16112	-2	4	66569
16113	-2	4	66573
16114	-2	4	66577
16115	-2	4	66581
16116	-2	4	66585
16117	-2	4	66589
16118	-2	4	66593
16119	-2	4	66597
16120	-2	4	66601
16121	-2	4	66605
16122	-2	4	66609
16123	-2	4	66613
16124	-2	4	66617
16125	-2	4	66621
16126	-2	4	66625
16127	-2	4	66629
16128	-2	4	66633
16129	-2	4	66637
16130	-2	4	66641
16131	-2	4	66645
16132	-2	4	66649
16133	-2	4	66653
16134	-2	4	66657
16135	-2	4	66661
16136	-2	4	66665
16137	-2	4	66669
16138	-2	4	66673
16139	-2	4	66677
16140	-2	4	66681
16141	-2	4	66685
16142	-2	4	66689
16143	-2	4	66693
16144	-2	4	66697
16145	-2	4	66701
16146	-2	4	66705
16147	-2	4	66709
16148	-2	4	66713
16149	-4	6	66719
16150	-2	4	66723
16151	-2	4	66727
16152	-2	4	66731
16153	-4	6	66737
16154	-2	4	66741
16155	-2	4	66745
16156	-2	4	66749
16157	-2	4	66753
16158	-2	4	66757
16159	-2	4	66761
16160	-2	4	66765
16161	-2	4	66769
16162	-2	4	66773
16163	-2	4	66777
16164	-2	4	66781
16165	-2	4	66785
16166	-2	4	66789
16167	-2	4	66793
16168	-2	4	66797
16169	-2	4	66801
16170	-2	4	66805
16171	-2	4	66809
16172	-2	4	66813
16173	-2	4	66817
16174	-2	4	66821
16175	-2	4	66825
16176	-2	4	66829
16177	-2	4	66833
16178	-2	4	66837
16179	-2	4	66841
16180	-2	4	66845
16181	-2	4	66849
16182	-2	4	66853
16183	-2	4	66857
16184	-2	4	66861
16185	-2	4	66865
16186	-2	4	66869
16187	-2	4	66873
16188	-2	4	66877
16189	-2	4	66881
16190	-2	4	66885
16191	-3	5	66890
16192	-2	4	66894
16193	-2	4	66898
16194	-2	4	66902
16195	-2	4	66906
16196	-2	4	66910
16197	-2	4	66914
16198	-2	4	66918
16199	-4	6	66924
16200	-2	4	66928
16201	-2	4	66932
16202	-2	4	66936
16203	-2	4	66940
16204	-2	4	66944
16205	-2	4	66948
16206	-2	4	66952
16207	-2	4	66956
16208	-2	4	66960
16209	-2	4	66964
16210	-2	4	66968
16211	-2	4	66972
16212	-2	4	66976
16213	-2	4	66980
16214	-2	4	66984
16215	-2	4	66988
16216	-2	4	66992
16217	-2	4	66996
16218	-2	4	67000
16219	-2	4	67004
16220	-2	4	67008
16221	-2	4	67012
16222	-2	4	67016
16223	-2	4	67020
16224	-2	4	67024
16225	-2	4	67028
16226	-2	4	67032
16227	-2	4	67036
16228	-2	4	67040
16229	-2	4	67044
16230	-2	4	67048
16231	-2	4	67052
16232	-2	4	67056
16233	-4	6	67062
16234	-2	4	67066
16235	-2	4	67070
16236	-2	4	67074
16237	-4	6	67080
16238	-2	4	67084
16239	-2	4	67088
16240	-2	4	67092
16241	-2	4	67096
16242	-2	4	67100
16243	-2	4	67104
16244	-2	4	67108
16245	-2	4	67112
16246	-2	4	67116
16247	-2	4	67120
16248	-2	4	67124
16249	-2	4	67128
16250	-2	4	67132
16251	-2	4	67136
16252	-2	4	67140
16253	-2	4	67144
16254	-2	4	67148
16255	-2	4	67152
16256	-2	4	67156
16257	-2	4	67160
16258	-2	4	67164
16259	-2	4	67168
16260	-2	4	67172
16261	-4	6	67178
16262	-2	4	67182
16263	-2	4	67186
16264	-2	4	67190
16265	-2	4	67194
16266	-2	4	67198
16267	-2	4	67202
16268	-2	4	67206
16269	-2	4	67210
16270	-2	4	67214
16271	-2	4	67218
16272	-2	4	67222
16273	-2	4	67226
16274	-4	6	67232
16275	-2	4	67236
16276	-2	4	67240
16277	-2	4	67244
16278	-2	4	67248
16279	-2	4	67252
16280	-2	4	67256
16281	-2	4	67260
16282	-2	4	67264
16283	-2	4	67268
16284	-2	4	67272
16285	-2	4	67276
16286	-2	4	67280
16287	-2	4	67284
16288	-2	4	67288
16289	-2	4	67292
16290	-2	4	67296
16291	-2	4	67300
16292	-4	6	67306
16293	-2	4	67310
16294	-2	4	67314
16295	-2	4	67318
16296	-2	4	67322
16297	-2	4	67326
16298	-2	4	67330
16299	-4	6	67336
16300	-2	4	67340
16301	-2	4	67344
16302	-2	4	67348
16303	-2	4	67352
16304	-2	4	67356
16305	-2	4	67360
16306	-2	4	67364
16307	-2	4	67368
16308	-2	4	67372
16309	-2	4	67376
16310	-2	4	67380
16311	-2	4	67384
16312	-2	4	67388
16313	-2	4	67392
16314	-2	4	67396
16315	-2	4	67400
16316	-2	4	67404
16317	-2	4	67408
16318	-2	4	67412
16319	-2	4	67416
16320	-2	4	67420
16321	-4	6	67426
16322	-2	4	67430
16323	-2	4	67434
16324	-2	4	67438
16325	-2	4	67442
16326	-4	6	67448
16327	-2	4	67452
16328	-2	4	67456
16329	-2	4	67460
16330	-2	4	67464
16331	-2	4	67468
16332	-2	4	67472
16333	-2	4	67476
16334	-2	4	67480
16335	-2	4	67484
16336	-2	4	67488
16337	-2	4	67492
16338	-2	4	67496
16339	-2	4	67500
16340	-2	4	67504
16341	-2	4	67508
16342	-4	6	67514
16343	-3	5	67519
16344	-2	4	67523
16345	-2	4	67527
16346	-2	4	67531
16347	-2	4	67535
16348	-2	4	67539
16349	-2	4	67543
16350	-2	4	67547
16351	-2	4	67551
16352	-2	4	67555
16353	-2	4	67559
16354	-2	4	67563
16355	-2	4	67567
16356	-2	4	67571
16357	-2	4	67575
16358	-2	4	67579
16359	-2	4	67583
16360	-2	4	67587
16361	-2	4	67591
16362	-4	6	67597
16363	-2	4	67601
16364	-2	4	67605
16365	-2	4	67609
16366	-2	4	67613
16367	-2	4	67617
16368	-2	4	67621
16369	-2	4	67625
16370	-2	4	67629
16371	-2	4	67633
16372	-2	4	67637
16373	-2	4	67641
16374	-2	4	67645
16375	-2	4	67649
16376	-4	6	67655
16377	-2	4	67659
16378	-2	4	67663
16379	-2	4	67667
16380	-2	4	67671
16381	-2	4	67675
16382	-2	4	67679
16383	-2	4	67683
16384	-2	4	67687
16385	-2	4	67691
16386	-2	4	67695
16387	-2	4	67699
16388	-2	4	67703
16389	-2	4	67707
16390	-4	6	67713
16391	-2	4	67717
16392	-2	4	67721
16393	-2	4	67725
16394	-2	4	67729
16395	-2	4	67733
16396	-2	4	67737
16397	-2	4	67741
16398	-2	4	67745
16399	-2	4	67749
16400	-2	4	67753
16401	-2	4	67757
16402	-2	4	67761
16403	-2	4	67765
16404	-2	4	67769
16405	-2	4	67773
16406	-2	4	67777
16407	-2	4	67781
16408	-2	4	67785
16409	-2	4	67789
16410	-2	4	67793
16411	-2	4	67797
16412	-4	6	67803
16413	-2	4	67807
16414	-4	6	67813
16415	-2	4	67817
16416	-2	4	67821
16417	-2	4	67825
16418	-2	4	67829
16419	-2	4	67833
16420	-3	5	67838
16421	-2	4	67842
16422	-2	4	67846
16423	-2	4	67850
16424	-2	4	67854
16425	-2	4	67858
16426	-2	4	67862
16427	-2	4	67866
16428	-2	4	67870
16429	-2	4	67874
16430	-2	4	67878
16431	-2	4	67882
16432	-2	4	67886
16433	-2	4	67890
16434	-2	4	67894
16435	-2	4	67898
16436	-2	4	67902
16437	-2	4	67906
16438	-2	4	67910
16439	-2	4	67914
16440	-2	4	67918
16441	-2	4	67922
16442	-2	4	67926
16443	-2	4	67930
16444	-3	5	67935
16445	-2	4	67939
16446	-2	4	67943
16447	-4	6	67949
16448	-2	4	67953
16449	-2	4	67957
16450	-2	4	67961
16451	-2	4	67965
16452	-2	4	67969
16453	-2	4	67973
16454	-2	4	67977
16455	-2	4	67981
16456	-2	4	67985
16457	-2	4	67989
16458	-2	4	67993
16459	-2	4	67997
16460	-2	4	68001
16461	-2	4	68005
16462	-2	4	68009
16463	-2	4	68013
16464	-2	4	68017
16465	-2	4	68021
16466	-2	4	68025
16467	-2	4	68029
16468	-2	4	68033
16469	-4	6	68039
16470	-2	4	68043
16471	-2	4	68047
16472	-2	4	68051
16473	-2	4	68055
16474	-2	4	68059
16475	-2	4	68063
16476	-2	4	68067
16477	-2	4	68071
16478	-2	4	68075
16479	-2	4	68079
16480	-2	4	68083
16481	-2	4	68087
16482	-2	4	68091
16483	-2	4	68095
16484	-2	4	68099
16485	-2	4	68103
16486	-2	4	68107
16487	-2	4	68111
16488	-2	4	68115
16489	-2	4	68119
16490	-2	4	68123
16491	-4	6	68129
16492	-2	4	68133
16493	-2	4	68137
16494	-2	4	68141
16495	-2	4	68145
16496	-2	4	68149
16497	-2	4	68153
16498	-2	4	68157
16499	-2	4	68161
16500	-2	4	68165
16501	-2	4	68169
16502	-2	4	68173
16503	-2	4	68177
16504	-2	4	68181
16505	-2	4	68185
16506	-2	4	68189
16507	-2	4	68193
16508	-2	4	68197
16509	-2	4	68201
16510	-2	4	68205
16511	-2	4	68209
16512	-2	4	68213
16513	-2	4	68217
16514	-2	4	68221
16515	-2	4	68225
16516	-2	4	68229
16517	-2	4	68233
16518	-2	4	68237
16519	-2	4	68241
16520	-2	4	68245
16521	-2	4	68249
16522	-2	4	68253
16523	-2	4	68257
16524	-2	4	68261
16525	-2	4	68265
16526	-2	4	68269
16527	-2	4	68273
16528	-2	4	68277
16529	-2	4	68281
16530	-2	4	68285
16531	-2	4	68289
16532	-2	4	68293
16533	-2	4	68297
16534	-2	4	68301
16535	-2	4	68305
16536	-2	4	68309
16537	-2	4	68313
16538	-2	4	68317
16539	-2	4	68321
16540	-2	4	68325
16541	-2	4	68329
16542	-2	4	68333
16543	-4	6	68339
16544	-2	4	68343
16545	-2	4	68347
16546	-2	4	68351
16547	-2	4	68355
16548	-2	4	68359
16549	-2	4	68363
16550	-2	4	68367
16551	-2	4	68371
16552	-2	4	68375
16553	-2	4	68379
16554	-2	4	68383
16555	-2	4	68387
16556	-2	4	68391
16557	-2	4	68395
16558	-2	4	68399
16559	-2	4	68403
16560	-2	4	68407
16561	-2	4	68411
16562	-2	4	68415
16563	-2	4	68419
16564	-2	4	68423
16565	-2	4	68427
16566	-2	4	68431
16567	-2	4	68435
16568	-2	4	68439
16569	-2	4	68443
16570	-2	4	68447
16571	-2	4	68451
16572	-2	4	68455
16573	-2	4	68459
16574	-2	4	68463
16575	-2	4	68467
16576	-2	4	68471
16577	-3	5	68476
16578	-2	4	68480
16579	-2	4	68484
16580	-2	4	68488
16581	-2	4	68492
16582	-2	4	68496
16583	-2	4	68500
16584	-2	4	68504
16585	-2	4	68508
16586	-2	4	68512
16587	-2	4	68516
16588	-2	4	68520
16589	-2	4	68524
16590	-4	6	68530
16591	-2	4	68534
16592	-2	4	68538
16593	-3	5	68543
16594	-2	4	68547
16595	-2	4	68551
16596	-2	4	68555
16597	-2	4	68559
16598	-3	5	68564
16599	-2	4	68568
16600	-2	4	68572
16601	-2	4	68576
16602	-2	4	68580
16603	-2	4	68584
16604	-2	4	68588
16605	-2	4	68592
16606	-2	4	68596
16607	-2	4	68600
16608	-2	4	68604
16609	-2	4	68608
16610	-2	4	68612
16611	-2	4	68616
16612	-2	4	68620
16613	-2	4	68624
16614	-2	4	68628
16615	-2	4	68632
16616	-2	4	68636
16617	-2	4	68640
16618	-2	4	68644
16619	-2	4	68648
16620	-2	4	68652
16621	-2	4	68656
16622	-2	4	68660
16623	-2	4	68664
16624	-2	4	68668
16625	-2	4	68672
16626	-2	4	68676
16627	-2	4	68680
16628	-2	4	68684
16629	-2	4	68688
16630	-2	4	68692
16631	-2	4	68696
16632	-2	4	68700
16633	-2	4	68704
16634	-2	4	68708
16635	-2	4	68712
16636	-2	4	68716
16637	-2	4	68720
16638	-2	4	68724
16639	-2	4	68728
16640	-2	4	68732
16641	-2	4	68736
16642	-2	4	68740
16643	-2	4	68744
16644	-2	4	68748
16645	-2	4	68752
16646	-2	4	68756
16647	-2	4	68760
16648	-2	4	68764
16649	-2	4	68768
16650	-2	4	68772
16651	-2	4	68776
16652	-2	4	68780
16653	-4	6	68786
16654	-2	4	68790
16655	-2	4	68794
16656	-2	4	68798
16657	-2	4	68802
16658	-2	4	68806
16659	-2	4	68810
16660	-2	4	68814
16661	-2	4	68818
16662	-2	4	68822
16663	-2	4	68826
16664	-4	6	68832
16665	-2	4	68836
16666	-2	4	68840
16667	-2	4	68844
16668	-2	4	68848
16669	-2	4	68852
16670	-2	4	68856
16671	-2	4	68860
16672	-2	4	68864
16673	-2	4	68868
16674	-2	4	68872
16675	-2	4	68876
16676	-2	4	68880
16677	-2	4	68884
16678	-2	4	68888
16679	-2	4	68892
16680	-2	4	68896
16681	-2	4	68900
16682	-2	4	68904
16683	-2	4	68908
16684	-2	4	68912
16685	-2	4	68916
16686	-3	5	68921
16687	-4	6	68927
16688	-2	4	68931
16689	-2	4	68935
16690	-2	4	68939
16691	-2	4	68943
16692	-2	4	68947
16693	-2	4	68951
16694	-2	4	68955
16695	-2	4	68959
16696	-2	4	68963
16697	-2	4	68967
16698	-2	4	68971
16699	-2	4	68975
16700	-2	4	68979
16701	-2	4	68983
16702	-2	4	68987
16703	-2	4	68991
16704	-2	4	68995
16705	-2	4	68999
16706	-2	4	69003
16707	-2	4	69007
16708	-2	4	69011
16709	-2	4	69015
16710	-2	4	69019
16711	-2	4	69023
16712	-2	4	69027
16713	-4	6	69033
16714	-2	4	69037
16715	-2	4	69041
16716	-2	4	69045
16717	-4	6	69051
16718	-2	4	69055
16719	-2	4	69059
16720	-2	4	69063
16721	-2	4	69067
16722	-2	4	69071
16723	-2	4	69075
16724	-2	4	69079
16725	-2	4	69083
16726	-2	4	69087
16727	-2	4	69091
16728	-2	4	69095
16729	-2	4	69099
16730	-2	4	69103
16731	-2	4	69107
16732	-2	4	69111
16733	-2	4	69115
16734	-2	4	69119
16735	-4	6	69125
16736	-2	4	69129
16737	-2	4	69133
16738	-2	4	69137
16739	-2	4	69141
16740	-2	4	69145
16741	-2	4	69149
16742	-2	4	69153
16743	-2	4	69157
16744	-2	4	69161
16745	-2	4	69165
16746	-2	4	69169
16747	-4	6	69175
16748	-2	4	69179
16749	-2	4	69183
16750	-2	4	69187
16751	-3	5	69192
16752	-2	4	69196
16753	-2	4	69200
16754	-2	4	69204
16755	-2	4	69208
16756	-2	4	69212
16757	-2	4	69216
16758	-2	4	69220
16759	-2	4	69224
16760	-2	4	69228
16761	-2	4	69232
16762	-2	4	69236
16763	-2	4	69240
16764	-2	4	69244
16765	-2	4	69248
16766	-2	4	69252
16767	-2	4	69256
16768	-2	4	69260
16769	-2	4	69264
16770	-2	4	69268
16771	-2	4	69272
16772	-2	4	69276
16773	-2	4	69280
16774	-2	4	69284
16775	-2	4	69288
16776	-2	4	69292
16777	-2	4	69296
16778	-2	4	69300
16779	-2	4	69304
16780	-2	4	69308
16781	-2	4	69312
16782	-2	4	69316
16783	-2	4	69320
16784	-2	4	69324
16785	-2	4	69328
16786	-2	4	69332
16787	-2	4	69336
16788	-4	6	69342
16789	-2	4	69346
16790	-4	6	69352
16791	-2	4	69356
16792	-4	6	69362
16793	-2	4	69366
16794	-2	4	69370
16795	-2	4	69374
16796	-3	5	69379
16797	-2	4	69383
16798	-2	4	69387
16799	-2	4	69391
16800	-2	4	69395
16801	-2	4	69399
16802	-2	4	69403
16803	-2	4	69407
16804	-2	4	69411
16805	-2	4	69415
16806	-2	4	69419
16807	-2	4	69423
16808	-2	4	69427
16809	-2	4	69431
16810	-2	4	69435
16811	-2	4	69439
16812	-2	4	69443
16813	-2	4	69447
16814	-2	4	69451
16815	-6	8	69459
16816	-2	4	69463
16817	-2	4	69467
16818	-2	4	69471
16819	-2	4	69475
16820	-2	4	69479
16821	-2	4	69483
16822	-2	4	69487
16823	-2	4	69491
16824	-2	4	69495
16825	-2	4	69499
16826	-2	4	69503
16827	-2	4	69507
16828	-2	4	69511
16829	-2	4	69515
16830	-2	4	69519
16831	-2	4	69523
16832	-4	6	69529
16833	-2	4	69533
16834	-2	4	69537
16835	-2	4	69541
16836	-2	4	69545
16837	-2	4	69549
16838	-2	4	69553
16839	-2	4	69557
16840	-4	6	69563
16841	-2	4	69567
16842	-2	4	69571
16843	-2	4	69575
16844	-2	4	69579
16845	-2	4	69583
16846	-2	4	69587
16847	-2	4	69591
16848	-2	4	69595
16849	-2	4	69599
16850	-2	4	69603
16851	-3	5	69608
16852	-2	4	69612
16853	-2	4	69616
16854	-2	4	69620
16855	-2	4	69624
16856	-2	4	69628
16857	-4	6	69634
16858	-2	4	69638
16859	-2	4	69642
16860	-2	4	69646
16861	-2	4	69650
16862	-2	4	69654
16863	-2	4	69658
16864	-2	4	69662
16865	-2	4	69666
16866	-2	4	69670
16867	-2	4	69674
16868	-2	4	69678
16869	-2	4	69682
16870	-2	4	69686
16871	-2	4	69690
16872	-2	4	69694
16873	-2	4	69698
16874	-2	4	69702
16875	-2	4	69706
16876	-4	6	69712
16877	-4	6	69718
16878	-2	4	69722
16879	-2	4	69726
16880	-2	4	69730
16881	-2	4	69734
16882	-2	4	69738
16883	-2	4	69742
16884	-4	6	69748
16885	-2	4	69752
16886	-2	4	69756
16887	-2	4	69760
16888	-2	4	69764
16889	-2	4	69768
16890	-5	7	69775
16891	-2	4	69779
16892	-2	4	69783
16893	-2	4	69787
16894	-2	4	69791
16895	-2	4	69795
16896	-2	4	69799
16897	-2	4	69803
16898	-2	4	69807
16899	-2	4	69811
16900	-2	4	69815
16901	-2	4	69819
16902	-2	4	69823
16903	-2	4	69827
16904	-2	4	69831
16905	-2	4	69835
16906	-2	4	69839
16907	-2	4	69843
16908	-2	4	69847
16909	-4	6	69853
16910	-2	4	69857
16911	-2	4	69861
16912	-2	4	69865
16913	-2	4	69869
16914	-2	4	69873
16915	-2	4	69877
16916	-2	4	69881
16917	-2	4	69885
16918	-2	4	69889
16919	-2	4	69893
16920	-2	4	69897
16921	-2	4	69901
16922	-2	4	69905
16923	-2	4	69909
16924	-2	4	69913
16925	-2	4	69917
16926	-2	4	69921
16927	-3	5	69926
16928	-2	4	69930
16929	-2	4	69934
16930	-2	4	69938
16931	-2	4	69942
16932	-2	4	69946
16933	-2	4	69950
16934	-2	4	69954
16935	-2	4	69958
16936	-2	4	69962
16937	-2	4	69966
16938	-2	4	69970
16939	-2	4	69974
16940	-2	4	69978
16941	-2	4	69982
16942	-2	4	69986
16943	-2	4	69990
16944	-2	4	69994
16945	-2	4	69998
16946	-2	4	70002
16947	-2	4	70006
16948	-2	4	70010
16949	-2	4	70014
16950	-2	4	70018
16951	-2	4	70022
16952	-4	6	70028
16953	-2	4	70032
16954	-2	4	70036
16955	-2	4	70040
16956	-2	4	70044
16957	-2	4	70048
16958	-2	4	70052
16959	-2	4	70056
16960	-2	4	70060
16961	-2	4	70064
16962	-2	4	70068
16963	-2	4	70072
16964	-2	4	70076
16965	-3	5	70081
16966	-2	4	70085
16967	-2	4	70089
16968	-6	8	70097
16969	-2	4	70101
16970	-2	4	70105
16971	-2	4	70109
16972	-2	4	70113
16973	-2	4	70117
16974	-2	4	70121
16975	-2	4	70125
16976	-2	4	70129
16977	-2	4	70133
16978	-2	4	70137
16979	-2	4	70141
16980	-2	4	70145
16981	-2	4	70149
16982	-2	4	70153
16983	-4	6	70159
16984	-2	4	70163
16985	-4	6	70169
16986	-2	4	70173
16987	-2	4	70177
16988	-2	4	70181
16989	-4	6	70187
16990	-2	4	70191
16991	-2	4	70195
16992	-2	4	70199
16993	-2	4	70203
16994	-2	4	70207
16995	-2	4	70211
16996	-2	4	70215
16997	-2	4	70219
16998	-2	4	70223
16999	-2	4	70227
17000	-3	5	70232
17001	-2	4	70236
17002	-2	4	70240
17003	-2	4	70244
17004	-2	4	70248
17005	-2	4	70252
17006	-2	4	70256
17007	-2	4	70260
17008	-2	4	70264
17009	-2	4	70268
17010	-2	4	70272
17011	-2	4	70276
17012	-2	4	70280
17013	-2	4	70284
17014	-2	4	70288
17015	-2	4	70292
17016	-2	4	70296
17017	-2	4	70300
17018	-2	4	70304
17019	-2	4	70308
17020	-2	4	70312
17021	-2	4	70316
17022	-2	4	70320
17023	-2	4	70324
17024	-2	4	70328
17025	-2	4	70332
17026	-2	4	70336
17027	-2	4	70340
17028	-2	4	70344
17029	-2	4	70348
17030	-2	4	70352
17031	-2	4	70356
17032	-2	4	70360
17033	-2	4	70364
17034	-2	4	70368
17035	-3	5	70373
17036	-2	4	70377
17037	-2	4	70381
17038	-2	4	70385
17039	-2	4	70389
17040	-2	4	70393
17041	-2	4	70397
17042	-2	4	70401
17043	-2	4	70405
17044	-4	6	70411
17045	-2	4	70415
17046	-2	4	70419
17047	-2	4	70423
17048	-2	4	70427
17049	-2	4	70431
17050	-2	4	70435
17051	-2	4	70439
17052	-2	4	70443
17053	-2	4	70447
17054	-2	4	70451
17055	-2	4	70455
17056	-2	4	70459
17057	-2	4	70463
17058	-2	4	70467
17059	-2	4	70471
17060	-2	4	70475
17061	-2	4	70479
17062	-2	4	70483
17063	-2	4	70487
17064	-2	4	70491
17065	-2	4	70495
17066	-2	4	70499
17067	-2	4	70503
17068	-2	4	70507
17069	-2	4	70511
17070	-2	4	70515
17071	-2	4	70519
17072	-2	4	70523
17073	-2	4	70527
17074	-2	4	70531
17075	-2	4	70535
17076	-2	4	70539
17077	-2	4	70543
17078	-2	4	70547
17079	-2	4	70551
17080	-2	4	70555
17081	-2	4	70559
17082	-2	4	70563
17083	-2	4	70567
17084	-2	4	70571
17085	-2	4	70575
17086	-2	4	70579
17087	-2	4	70583
17088	-2	4	70587
17089	-2	4	70591
17090	-2	4	70595
17091	-4	6	70601
17092	-2	4	70605
17093	-2	4	70609
17094	-2	4	70613
17095	-2	4	70617
17096	-2	4	70621
17097	-2	4	70625
17098	-2	4	70629
17099	-2	4	70633
17100	-2	4	70637
17101	-2	4	70641
17102	-2	4	70645
17103	-2	4	70649
17104	-2	4	70653
17105	-2	4	70657
17106	-2	4	70661
17107	-2	4	70665
17108	-2	4	70669
17109	-2	4	70673
17110	-2	4	70677
17111	-2	4	70681
17112	-2	4	70685
17113	-5	7	70692
17114	-2	4	70696
17115	-2	4	70700
17116	-2	4	70704
17117	-2	4	70708
17118	-2	4	70712
17119	-2	4	70716
17120	-2	4	70720
17121	-2	4	70724
17122	-2	4	70728
17123	-2	4	70732
17124	-2	4	70736
17125	-2	4	70740
17126	-2	4	70744
17127	-2	4	70748
17128	-2	4	70752
17129	-2	4	70756
17130	-2	4	70760
17131	-2	4	70764
17132	-2	4	70768
17133	-2	4	70772
17134	-2	4	70776
17135	-2	4	70780
17136	-2	4	70784
17137	-2	4	70788
17138	-2	4	70792
17139	-2	4	70796
17140	-2	4	70800
17141	-2	4	70804
17142	-2	4	70808
17143	-2	4	70812
17144	-2	4	70816
17145	-2	4	70820
17146	-2	4	70824
17147	-2	4	70828
17148	-2	4	70832
17149	-2	4	70836
17150	-2	4	70840
17151	-2	4	70844
17152	-2	4	70848
17153	-2	4	70852
17154	-2	4	70856
17155	-2	4	70860
17156	-2	4	70864
17157	-2	4	70868
17158	-2	4	70872
17159	-4	6	70878
17160	-2	4	70882
17161	-2	4	70886
17162	-2	4	70890
17163	-2	4	70894
17164	-2	4	70898
17165	-2	4	70902
17166	-2	4	70906
17167	-2	4	70910
17168	-2	4	70914
17169	-2	4	70918
17170	-2	4	70922
17171	-2	4	70926
17172	-2	4	70930
17173	-2	4	70934
17174	-2	4	70938
17175	-2	4	70942
17176	-2	4	70946
17177	-2	4	70950
17178	-2	4	70954
17179	-2	4	70958
17180	-2	4	70962
17181	-2	4	70966
17182	-2	4	70970
17183	-2	4	70974
17184	-2	4	70978
17185	-2	4	70982
17186	-2	4	70986
17187	-2	4	70990
17188	-2	4	70994
17189	-2	4	70998
17190	-4	6	71004
17191	-2	4	71008
17192	-2	4	71012
17193	-2	4	71016
17194	-2	4	71020
17195	-2	4	71024
17196	-2	4	71028
17197	-2	4	71032
17198	-2	4	71036
17199	-2	4	71040
17200	-2	4	71044
17201	-2	4	71048
17202	-2	4	71052
17203	-2	4	71056
17204	-2	4	71060
17205	-2	4	71064
17206	-2	4	71068
17207	-2	4	71072
17208	-2	4	71076
17209	-4	6	71082
17210	-2	4	71086
17211	-4	6	71092
17212	-2	4	71096
17213	-2	4	71100
17214	-2	4	71104
17215	-4	6	71110
17216	-2	4	71114
17217	-2	4	71118
17218	-2	4	71122
17219	-2	4	71126
17220	-2	4	71130
17221	-2	4	71134
17222	-2	4	71138
17223	-2	4	71142
17224	-2	4	71146
17225	-2	4	71150
17226	-2	4	71154
17227	-2	4	71158
17228	-2	4	71162
17229	-2	4	71166
17230	-2	4	71170
17231	-2	4	71174
17232	-2	4	71178
17233	-2	4	71182
17234	-2	4	71186
17235	-2	4	71190
17236	-2	4	71194
17237	-4	6	71200
17238	-2	4	71204
17239	-2	4	71208
17240	-2	4	71212
17241	-2	4	71216
17242	-2	4	71220
17243	-2	4	71224
17244	-2	4	71228
17245	-2	4	71232
17246	-2	4	71236
17247	-2	4	71240
17248	-2	4	71244
17249	-2	4	71248
17250	-2	4	71252
17251	-2	4	71256
17252	-2	4	71260
17253	-2	4	71264
17254	-2	4	71268
17255	-2	4	71272
17256	-2	4	71276
17257	-2	4	71280
17258	-2	4	71284
17259	-2	4	71288
17260	-2	4	71292
17261	-2	4	71296
17262	-2	4	71300
17263	-2	4	71304
17264	-2	4	71308
17265	-2	4	71312
17266	-4	6	71318
17267	-2	4	71322
17268	-2	4	71326
17269	-2	4	71330
17270	-2	4	71334
17271	-2	4	71338
17272	-2	4	71342
17273	-2	4	71346
17274	-2	4	71350
17275	-2	4	71354
17276	-2	4	71358
17277	-2	4	71362
17278	-2	4	71366
17279	-2	4	71370
17280	-2	4	71374
17281	-2	4	71378
17282	-2	4	71382
17283	-2	4	71386
17284	-2	4	71390
17285	-2	4	71394
17286	-2	4	71398
17287	-4	6	71404
17288	-2	4	71408
17289	-2	4	71412
17290	-2	4	71416
17291	-2	4	71420
17292	-2	4	71424
17293	-2	4	71428
17294	-2	4	71432
17295	-2	4	71436
17296	-2	4	71440
17297	-4	6	71446
17298	-2	4	71450
17299	-4	6	71456
17300	-2	4	71460
17301	-2	4	71464
17302	-2	4	71468
17303	-2	4	71472
17304	-2	4	71476
17305	-2	4	71480
17306	-2	4	71484
17307	-2	4	71488
17308	-2	4	71492
17309	-2	4	71496
17310	-2	4	71500
17311	-2	4	71504
17312	-2	4	71508
17313	-2	4	71512
17314	-2	4	71516
17315	-2	4	71520
17316	-3	5	71525
17317	-2	4	71529
17318	-2	4	71533
17319	-2	4	71537
17320	-2	4	71541
17321	-2	4	71545
17322	-2	4	71549
17323	-2	4	71553
17324	-2	4	71557
17325	-2	4	71561
17326	-2	4	71565
17327	-2	4	71569
17328	-4	6	71575
17329	-2	4	71579
17330	-2	4	71583
17331	-2	4	71587
17332	-2	4	71591
17333	-2	4	71595
17334	-2	4	71599
17335	-2	4	71603
17336	-2	4	71607
17337	-2	4	71611
17338	-2	4	71615
17339	-4	6	71621
17340	-2	4	71625
17341	-2	4	71629
17342	-2	4	71633
17343	-4	6	71639
17344	-2	4	71643
17345	-2	4	71647
17346	-2	4	71651
17347	-2	4	71655
17348	-2	4	71659
17349	-2	4	71663
17350	-2	4	71667
17351	-2	4	71671
17352	-3	5	71676
17353	-2	4	71680
17354	-2	4	71684
17355	-2	4	71688
17356	-4	6	71694
17357	-2	4	71698
17358	-2	4	71702
17359	-2	4	71706
17360	-2	4	71710
17361	-2	4	71714
17362	-4	6	71720
17363	-2	4	71724
17364	-2	4	71728
17365	-2	4	71732
17366	-2	4	71736
17367	-2	4	71740
17368	-2	4	71744
17369	-2	4	71748
17370	-2	4	71752
17371	-2	4	71756
17372	-2	4	71760
17373	-4	6	71766
17374	-2	4	71770
17375	-2	4	71774
17376	-2	4	71778
17377	-4	6	71784
17378	-2	4	71788
17379	-2	4	71792
17380	-2	4	71796
17381	-2	4	71800
17382	-2	4	71804
17383	-2	4	71808
17384	-2	4	71812
17385	-2	4	71816
17386	-2	4	71820
17387	-2	4	71824
17388	-2	4	71828
17389	-2	4	71832
17390	-2	4	71836
17391	-2	4	71840
17392	-2	4	71844
17393	-2	4	71848
17394	-2	4	71852
17395	-2	4	71856
17396	-2	4	71860
17397	-2	4	71864
17398	-2	4	71868
17399	-2	4	71872
17400	-2	4	71876
17401	-3	5	71881
17402	-2	4	71885
17403	-2	4	71889
17404	-2	4	71893
17405	-2	4	71897
17406	-2	4	71901
17407	-2	4	71905
17408	-2	4	71909
17409	-2	4	71913
17410	-2	4	71917
17411	-2	4	71921
17412	-2	4	71925
17413	-2	4	71929
17414	-2	4	71933
17415	-2	4	71937
17416	-2	4	71941
17417	-2	4	71945
17418	-2	4	71949
17419	-2	4	71953
17420	-2	4	71957
17421	-2	4	71961
17422	-2	4	71965
17423	-2	4	71969
17424	-2	4	71973
17425	-2	4	71977
17426	-2	4	71981
17427	-2	4	71985
17428	-2	4	71989
17429	-2	4	71993
17430	-2	4	71997
17431	-2	4	72001
17432	-2	4	72005
17433	-2	4	72009
17434	-2	4	72013
17435	-2	4	72017
17436	-2	4	72021
17437	-2	4	72025
17438	-2	4	72029
17439	-2	4	72033
17440	-2	4	72037
17441	-4	6	72043
17442	-2	4	72047
17443	-2	4	72051
17444	-2	4	72055
17445	-2	4	72059
17446	-2	4	72063
17447	-2	4	72067
17448	-2	4	72071
17449	-2	4	72075
17450	-2	4	72079
17451	-2	4	72083
17452	-2	4	72087
17453	-2	4	72091
17454	-2	4	72095
17455	-2	4	72099
17456	-2	4	72103
17457	-2	4	72107
17458	-2	4	72111
17459	-2	4	72115
17460	-2	4	72119
17461	-2	4	72123
17462	-2	4	72127
17463	-2	4	72131
17464	-2	4	72135
17465	-2	4	72139
17466	-2	4	72143
17467	-2	4	72147
17468	-2	4	72151
17469	-2	4	72155
17470	-2	4	72159
17471	-2	4	72163
17472	-2	4	72167
17473	-4	6	72173
17474	-2	4	72177
17475	-2	4	72181
17476	-2	4	72185
17477	-4	6	72191
17478	-2	4	72195
17479	-2	4	72199
17480	-2	4	72203
17481	-2	4	72207
17482	-2	4	72211
17483	-2	4	72215
17484	-2	4	72219
17485	-2	4	72223
17486	-4	6	72229
17487	-2	4	72233
17488	-2	4	72237
17489	-2	4	72241
17490	-2	4	72245
17491	-2	4	72249
17492	-2	4	72253
17493	-2	4	72257
17494	-2	4	72261
17495	-2	4	72265
17496	-2	4	72269
17497	-2	4	72273
17498	-2	4	72277
17499	-2	4	72281
17500	-2	4	72285
17501	-2	4	72289
17502	-2	4	72293
17503	-2	4	72297
17504	-2	4	72301
17505	-2	4	72305
17506	-2	4	72309
17507	-2	4	72313
17508	-2	4	72317
17509	-2	4	72321
17510	-2	4	72325
17511	-2	4	72329
17512	-2	4	72333
17513	-2	4	72337
17514	-2	4	72341
17515	-2	4	72345
17516	-2	4	72349
17517	-2	4	72353
17518	-2	4	72357
17519	-2	4	72361
17520	-2	4	72365
17521	-2	4	72369
17522	-2	4	72373
17523	-2	4	72377
17524	-2	4	72381
17525	-2	4	72385
17526	-2	4	72389
17527	-2	4	72393
17528	-2	4	72397
17529	-2	4	72401
17530	-2	4	72405
17531	-2	4	72409
17532	-2	4	72413
17533	-2	4	72417
17534	-2	4	72421
17535	-2	4	72425
17536	-2	4	72429
17537	-2	4	72433
17538	-2	4	72437
17539	-2	4	72441
17540	-2	4	72445
17541	-2	4	72449
17542	-2	4	72453
17543	-2	4	72457
17544	-2	4	72461
17545	-2	4	72465
17546	-2	4	72469
17547	-2	4	72473
17548	-4	6	72479
17549	-2	4	72483
17550	-2	4	72487
17551	-2	4	72491
17552	-4	6	72497
17553	-2	4	72501
17554	-2	4	72505
17555	-2	4	72509
17556	-2	4	72513
17557	-3	5	72518
17558	-4	6	72524
17559	-2	4	72528
17560	-2	4	72532
17561	-2	4	72536
17562	-2	4	72540
17563	-4	6	72546
17564	-2	4	72550
17565	-2	4	72554
17566	-2	4	72558
17567	-2	4	72562
17568	-2	4	72566
17569	-2	4	72570
17570	-4	6	72576
17571	-4	6	72582
17572	-2	4	72586
17573	-2	4	72590
17574	-4	6	72596
17575	-2	4	72600
17576	-2	4	72604
17577	-2	4	72608
17578	-2	4	72612
17579	-2	4	72616
17580	-2	4	72620
17581	-2	4	72624
17582	-2	4	72628
17583	-2	4	72632
17584	-2	4	72636
17585	-2	4	72640
17586	-2	4	72644
17587	-2	4	72648
17588	-2	4	72652
17589	-2	4	72656
17590	-2	4	72660
17591	-2	4	72664
17592	-2	4	72668
17593	-2	4	72672
17594	-2	4	72676
17595	-2	4	72680
17596	-2	4	72684
17597	-2	4	72688
17598	-2	4	72692
17599	-2	4	72696
17600	-2	4	72700
17601	-2	4	72704
17602	-2	4	72708
17603	-2	4	72712
17604	-2	4	72716
17605	-2	4	72720
17606	-2	4	72724
17607	-2	4	72728
17608	-2	4	72732
17609	-2	4	72736
17610	-2	4	72740
17611	-2	4	72744
17612	-2	4	72748
17613	-2	4	72752
17614	-2	4	72756
17615	-2	4	72760
17616	-2	4	72764
17617	-2	4	72768
17618	-2	4	72772
17619	-2	4	72776
17620	-2	4	72780
17621	-2	4	72784
17622	-2	4	72788
17623	-2	4	72792
17624	-2	4	72796
17625	-2	4	72800
17626	-2	4	72804
17627	-2	4	72808
17628	-2	4	72812
17629	-2	4	72816
17630	-4	6	72822
17631	-2	4	72826
17632	-2	4	72830
17633	-2	4	72834
17634	-2	4	72838
17635	-2	4	72842
17636	-2	4	72846
17637	-4	6	72852
17638	-2	4	72856
17639	-2	4	72860
17640	-2	4	72864
17641	-2	4	72868
17642	-2	4	72872
17643	-2	4	72876
17644	-4	6	72882
17645	-2	4	72886
17646	-2	4	72890
17647	-2	4	72894
17648	-2	4	72898
17649	-2	4	72902
17650	-2	4	72906
17651	-2	4	72910
17652	-2	4	72914
17653	-2	4	72918
17654	-2	4	72922
17655	-2	4	72926
17656	-2	4	72930
17657	-2	4	72934
17658	-2	4	72938
17659	-2	4	72942
17660	-2	4	72946
17661	-2	4	72950
17662	-2	4	72954
17663	-4	6	72960
17664	-2	4	72964
17665	-2	4	72968
17666	-2	4	72972
17667	-2	4	72976
17668	-2	4	72980
17669	-2	4	72984
17670	-2	4	72988
17671	-4	6	72994
17672	-5	7	73001
17673	-2	4	73005
17674	-2	4	73009
17675	-2	4	73013
17676	-2	4	73017
17677	-2	4	73021
17678	-2	4	73025
17679	-2	4	73029
17680	-2	4	73033
17681	-2	4	73037
17682	-2	4	73041
17683	-2	4	73045
17684	-2	4	73049
17685	-2	4	73053
17686	-2	4	73057
17687	-2	4	73061
17688	-3	5	73066
17689	-2	4	73070
17690	-2	4	73074
17691	-2	4	73078
17692	-2	4	73082
17693	-2	4	73086
17694	-2	4	73090
17695	-2	4	73094
17696	-2	4	73098
17697	-2	4	73102
17698	-2	4	73106
17699	-2	4	73110
17700	-3	5	73115
17701	-2	4	73119
17702	-2	4	73123
17703	-2	4	73127
17704	-4	6	73133
17705	-2	4	73137
17706	-2	4	73141
17707	-2	4	73145
17708	-2	4	73149
17709	-2	4	73153
17710	-2	4	73157
17711	-6	8	73165
17712	-2	4	73169
17713	-2	4	73173
17714	-2	4	73177
17715	-2	4	73181
17716	-2	4	73185
17717	-2	4	73189
17718	-2	4	73193
17719	-2	4	73197
17720	-2	4	73201
17721	-2	4	73205
17722	-2	4	73209
17723	-3	5	73214
17724	-2	4	73218
17725	-2	4	73222
17726	-3	5	73227
17727	-2	4	73231
17728	-2	4	73235
17729	-2	4	73239
17730	-3	5	73244
17731	-4	6	73250
17732	-2	4	73254
17733	-2	4	73258
17734	-2	4	73262
17735	-2	4	73266
17736	-2	4	73270
17737	-2	4	73274
17738	-2	4	73278
17739	-2	4	73282
17740	-2	4	73286
17741	-2	4	73290
17742	-2	4	73294
17743	-2	4	73298
17744	-2	4	73302
17745	-2	4	73306
17746	-2	4	73310
17747	-3	5	73315
17748	-2	4	73319
17749	-2	4	73323
17750	-2	4	73327
17751	-2	4	73331
17752	-2	4	73335
17753	-2	4	73339
17754	-2	4	73343
17755	-2	4	73347
17756	-2	4	73351
17757	-2	4	73355
17758	-2	4	73359
17759	-2	4	73363
17760	-2	4	73367
17761	-2	4	73371
17762	-3	5	73376
17763	-2	4	73380
17764	-2	4	73384
17765	-2	4	73388
17766	-2	4	73392
17767	-2	4	73396
17768	-2	4	73400
17769	-2	4	73404
17770	-2	4	73408
17771	-2	4	73412
17772	-2	4	73416
17773	-2	4	73420
17774	-2	4	73424
17775	-2	4	73428
17776	-2	4	73432
17777	-2	4	73436
17778	-2	4	73440
17779	-2	4	73444
17780	-4	6	73450
17781	-2	4	73454
17782	-2	4	73458
17783	-2	4	73462
17784	-2	4	73466
17785	-2	4	73470
17786	-2	4	73474
17787	-2	4	73478
17788	-2	4	73482
17789	-2	4	73486
17790	-2	4	73490
17791	-2	4	73494
17792	-2	4	73498
17793	-2	4	73502
17794	-4	6	73508
17795	-2	4	73512
17796	-2	4	73516
17797	-2	4	73520
17798	-2	4	73524
17799	-2	4	73528
17800	-2	4	73532
17801	-2	4	73536
17802	-2	4	73540
17803	-2	4	73544
17804	-2	4	73548
17805	-2	4	73552
17806	-2	4	73556
17807	-2	4	73560
17808	-2	4	73564
17809	-2	4	73568
17810	-2	4	73572
17811	-5	7	73579
17812	-2	4	73583
17813	-2	4	73587
17814	-2	4	73591
17815	-2	4	73595
17816	-2	4	73599
17817	-2	4	73603
17818	-2	4	73607
17819	-2	4	73611
17820	-2	4	73615
17821	-2	4	73619
17822	-2	4	73623
17823	-2	4	73627
17824	-2	4	73631
17825	-2	4	73635
17826	-2	4	73639
17827	-4	6	73645
17828	-2	4	73649
17829	-2	4	73653
17830	-2	4	73657
17831	-2	4	73661
17832	-2	4	73665
17833	-2	4	73669
17834	-2	4	73673
17835	-2	4	73677
17836	-2	4	73681
17837	-2	4	73685
17838	-2	4	73689
17839	-2	4	73693
17840	-2	4	73697
17841	-2	4	73701
17842	-2	4	73705
17843	-2	4	73709
17844	-2	4	73713
17845	-2	4	73717
17846	-2	4	73721
17847	-2	4	73725
17848	-2	4	73729
17849	-2	4	73733
17850	-2	4	73737
17851	-2	4	73741
17852	-2	4	73745
17853	-2	4	73749
17854	-2	4	73753
17855	-2	4	73757
17856	-2	4	73761
17857	-2	4	73765
17858	-2	4	73769
17859	-2	4	73773
17860	-2	4	73777
17861	-2	4	73781
17862	-2	4	73785
17863	-2	4	73789
17864	-2	4	73793
17865	-2	4	73797
17866	-2	4	73801
17867	-2	4	73805
17868	-2	4	73809
17869	-2	4	73813
17870	-2	4	73817
17871	-2	4	73821
17872	-2	4	73825
17873	-2	4	73829
17874	-2	4	73833
17875	-2	4	73837
17876	-2	4	73841
17877	-2	4	73845
17878	-2	4	73849
17879	-2	4	73853
17880	-2	4	73857
17881	-2	4	73861
17882	-4	6	73867
17883	-2	4	73871
17884	-2	4	73875
17885	-2	4	73879
17886	-2	4	73883
17887	-2	4	73887
17888	-2	4	73891
17889	-2	4	73895
17890	-2	4	73899
17891	-2	4	73903
17892	-2	4	73907
17893	-2	4	73911
17894	-2	4	73915
17895	-2	4	73919
17896	-2	4	73923
17897	-2	4	73927
17898	-2	4	73931
17899	-2	4	73935
17900	-2	4	73939
17901	-3	5	73944
17902	-2	4	73948
17903	-4	6	73954
17904	-2	4	73958
17905	-2	4	73962
17906	-2	4	73966
17907	-2	4	73970
17908	-2	4	73974
17909	-2	4	73978
17910	-2	4	73982
17911	-2	4	73986
17912	-2	4	73990
17913	-2	4	73994
17914	-2	4	73998
17915	-2	4	74002
17916	-2	4	74006
17917	-2	4	74010
17918	-2	4	74014
17919	-2	4	74018
17920	-4	6	74024
17921	-2	4	74028
17922	-2	4	74032
17923	-2	4	74036
17924	-2	4	74040
17925	-2	4	74044
17926	-2	4	74048
17927	-4	6	74054
17928	-2	4	74058
17929	-2	4	74062
17930	-2	4	74066
17931	-2	4	74070
17932	-2	4	74074
17933	-2	4	74078
17934	-2	4	74082
17935	-2	4	74086
17936	-4	6	74092
17937	-2	4	74096
17938	-2	4	74100
17939	-2	4	74104
17940	-2	4	74108
17941	-2	4	74112
17942	-2	4	74116
17943	-4	6	74122
17944	-2	4	74126
17945	-2	4	74130
17946	-2	4	74134
17947	-2	4	74138
17948	-2	4	74142
17949	-2	4	74146
17950	-2	4	74150
17951	-2	4	74154
17952	-2	4	74158
17953	-2	4	74162
17954	-2	4	74166
17955	-4	6	74172
17956	-2	4	74176
17957	-2	4	74180
17958	-2	4	74184
17959	-2	4	74188
17960	-2	4	74192
17961	-2	4	74196
17962	-4	6	74202
17963	-2	4	74206
17964	-2	4	74210
17965	-2	4	74214
17966	-4	6	74220
17967	-2	4	74224
17968	-2	4	74228
17969	-2	4	74232
17970	-4	6	74238
17971	-2	4	74242
17972	-2	4	74246
17973	-2	4	74250
17974	-2	4	74254
17975	-2	4	74258
17976	-2	4	74262
17977	-2	4	74266
17978	-2	4	74270
17979	-2	4	74274
17980	-2	4	74278
17981	-2	4	74282
17982	-2	4	74286
17983	-2	4	74290
17984	-2	4	74294
17985	-2	4	74298
17986	-2	4	74302
17987	-2	4	74306
17988	-2	4	74310
17989	-2	4	74314
17990	-2	4	74318
17991	-2	4	74322
17992	-2	4	74326
17993	-2	4	74330
17994	-2	4	74334
17995	-2	4	74338
17996	-2	4	74342
17997	-2	4	74346
17998	-2	4	74350
17999	-2	4	74354
18000	-2	4	74358
18001	-2	4	74362
18002	-2	4	74366
18003	-2	4	74370
18004	-2	4	74374
18005	-2	4	74378
18006	-2	4	74382
18007	-2	4	74386
18008	-2	4	74390
18009	-2	4	74394
18010	-2	4	74398
18011	-2	4	74402
18012	-2	4	74406
18013	-3	5	74411
18014	-2	4	74415
18015	-2	4	74419
18016	-2	4	74423
18017	-2	4	74427
18018	-4	6	74433
18019	-2	4	74437
18020	-2	4	74441
18021	-2	4	74445
18022	-6	8	74453
18023	-2	4	74457
18024	-2	4	74461
18025	-2	4	74465
18026	-4	6	74471
18027	-4	6	74477
18028	-2	4	74481
18029	-3	5	74486
18030	-2	4	74490
18031	-2	4	74494
18032	-2	4	74498
18033	-2	4	74502
18034	-2	4	74506
18035	-2	4	74510
18036	-2	4	74514
18037	-2	4	74518
18038	-2	4	74522
18039	-4	6	74528
18040	-2	4	74532
18041	-2	4	74536
18042	-2	4	74540
18043	-2	4	74544
18044	-2	4	74548
18045	-2	4	74552
18046	-2	4	74556
18047	-2	4	74560
18048	-2	4	74564
18049	-3	5	74569
18050	-2	4	74573
18051	-2	4	74577
18052	-2	4	74581
18053	-2	4	74585
18054	-2	4	74589
18055	-4	6	74595
18056	-2	4	74599
18057	-2	4	74603
18058	-2	4	74607
18059	-2	4	74611
18060	-2	4	74615
18061	-2	4	74619
18062	-2	4	74623
18063	-2	4	74627
18064	-2	4	74631
18065	-2	4	74635
18066	-2	4	74639
18067	-2	4	74643
18068	-2	4	74647
18069	-2	4	74651
18070	-2	4	74655
18071	-2	4	74659
18072	-2	4	74663
18073	-2	4	74667
18074	-2	4	74671
18075	-2	4	74675
18076	-2	4	74679
18077	-2	4	74683
18078	-2	4	74687
18079	-2	4	74691
18080	-2	4	74695
18081	-2	4	74699
18082	-2	4	74703
18083	-2	4	74707
18084	-2	4	74711
18085	-2	4	74715
18086	-2	4	74719
18087	-2	4	74723
18088	-2	4	74727
18089	-2	4	74731
18090	-2	4	74735
18091	-2	4	74739
18092	-2	4	74743
18093	-2	4	74747
18094	-2	4	74751
18095	-2	4	74755
18096	-2	4	74759
18097	-2	4	74763
18098	-2	4	74767
18099	-4	6	74773
18100	-2	4	74777
18101	-2	4	74781
18102	-2	4	74785
18103	-2	4	74789
18104	-2	4	74793
18105	-2	4	74797
18106	-2	4	74801
18107	-2	4	74805
18108	-4	6	74811
18109	-2	4	74815
18110	-2	4	74819
18111	-2	4	74823
18112	-2	4	74827
18113	-2	4	74831
18114	-2	4	74835
18115	-2	4	74839
18116	-2	4	74843
18117	-2	4	74847
18118	-2	4	74851
18119	-2	4	74855
18120	-2	4	74859
18121	-2	4	74863
18122	-2	4	74867
18123	-2	4	74871
18124	-2	4	74875
18125	-2	4	74879
18126	-2	4	74883
18127	-2	4	74887
18128	-2	4	74891
18129	-4	6	74897
18130	-4	6	74903
18131	-2	4	74907
18132	-2	4	74911
18133	-2	4	74915
18134	-4	6	74921
18135	-4	6	74927
18136	-2	4	74931
18137	-2	4	74935
18138	-2	4	74939
18139	-2	4	74943
18140	-2	4	74947
18141	-2	4	74951
18142	-2	4	74955
18143	-2	4	74959
18144	-2	4	74963
18145	-2	4	74967
18146	-2	4	74971
18147	-2	4	74975
18148	-2	4	74979
18149	-2	4	74983
18150	-2	4	74987
18151	-2	4	74991
18152	-2	4	74995
18153	-2	4	74999
18154	-2	4	75003
18155	-2	4	75007
18156	-2	4	75011
18157	-2	4	75015
18158	-2	4	75019
18159	-2	4	75023
18160	-2	4	75027
18161	-2	4	75031
18162	-2	4	75035
18163	-2	4	75039
18164	-2	4	75043
18165	-2	4	75047
18166	-2	4	75051
18167	-2	4	75055
18168	-2	4	75059
18169	-2	4	75063
18170	-2	4	75067
18171	-4	6	75073
18172	-2	4	75077
18173	-2	4	75081
18174	-2	4	75085
18175	-2	4	75089
18176	-2	4	75093
18177	-4	6	75099
18178	-2	4	75103
18179	-2	4	75107
18180	-2	4	75111
18181	-2	4	75115
18182	-2	4	75119
18183	-2	4	75123
18184	-2	4	75127
18185	-2	4	75131
18186	-2	4	75135
18187	-2	4	75139
18188	-2	4	75143
18189	-2	4	75147
18190	-2	4	75151
18191	-2	4	75155
18192	-2	4	75159
18193	-2	4	75163
18194	-2	4	75167
18195	-2	4	75171
18196	-2	4	75175
18197	-2	4	75179
18198	-2	4	75183
18199	-2	4	75187
18200	-2	4	75191
18201	-2	4	75195
18202	-2	4	75199
18203	-2	4	75203
18204	-2	4	75207
18205	-2	4	75211
18206	-2	4	75215
18207	-2	4	75219
18208	-2	4	75223
18209	-2	4	75227
18210	-2	4	75231
18211	-2	4	75235
18212	-2	4	75239
18213	-2	4	75243
18214	-2	4	75247
18215	-2	4	75251
18216	-2	4	75255
18217	-2	4	75259
18218	-2	4	75263
18219	-2	4	75267
18220	-2	4	75271
18221	-2	4	75275
18222	-2	4	75279
18223	-2	4	75283
18224	-2	4	75287
18225	-2	4	75291
18226	-2	4	75295
18227	-2	4	75299
18228	-2	4	75303
18229	-2	4	75307
18230	-2	4	75311
18231	-2	4	75315
18232	-2	4	75319
18233	-2	4	75323
18234	-2	4	75327
18235	-2	4	75331
18236	-2	4	75335
18237	-2	4	75339
18238	-2	4	75343
18239	-2	4	75347
18240	-4	6	75353
18241	-2	4	75357
18242	-2	4	75361
18243	-2	4	75365
18244	-2	4	75369
18245	-2	4	75373
18246	-2	4	75377
18247	-2	4	75381
18248	-2	4	75385
18249	-2	4	75389
18250	-2	4	75393
18251	-2	4	75397
18252	-2	4	75401
18253	-2	4	75405
18254	-2	4	75409
18255	-2	4	75413
18256	-2	4	75417
18257	-2	4	75421
18258	-2	4	75425
18259	-2	4	75429
18260	-2	4	75433
18261	-2	4	75437
18262	-2	4	75441
18263	-2	4	75445
18264	-2	4	75449
18265	-2	4	75453
18266	-2	4	75457
18267	-2	4	75461
18268	-2	4	75465
18269	-2	4	75469
18270	-2	4	75473
18271	-2	4	75477
18272	-2	4	75481
18273	-4	6	75487
18274	-2	4	75491
18275	-2	4	75495
18276	-2	4	75499
18277	-2	4	75503
18278	-2	4	75507
18279	-2	4	75511
18280	-2	4	75515
18281	-2	4	75519
18282	-2	4	75523
18283	-2	4	75527
18284	-2	4	75531
18285	-2	4	75535
18286	-2	4	75539
18287	-2	4	75543
18288	-2	4	75547
18289	-2	4	75551
18290	-2	4	75555
18291	-4	6	75561
18292	-2	4	75565
18293	-2	4	75569
18294	-2	4	75573
18295	-2	4	75577
18296	-4	6	75583
18297	-2	4	75587
18298	-2	4	75591
18299	-2	4	75595
18300	-2	4	75599
18301	-2	4	75603
18302	-2	4	75607
18303	-2	4	75611
18304	-2	4	75615
18305	-2	4	75619
18306	-2	4	75623
18307	-2	4	75627
18308	-2	4	75631
18309	-2	4	75635
18310	-3	5	75640
18311	-2	4	75644
18312	-2	4	75648
18313	-2	4	75652
18314	-2	4	75656
18315	-2	4	75660
18316	-2	4	75664
18317	-2	4	75668
18318	-2	4	75672
18319	-2	4	75676
18320	-2	4	75680
18321	-4	6	75686
18322	-2	4	75690
18323	-2	4	75694
18324	-2	4	75698
18325	-2	4	75702
18326	-2	4	75706
18327	-2	4	75710
18328	-2	4	75714
18329	-2	4	75718
18330	-2	4	75722
18331	-2	4	75726
18332	-2	4	75730
18333	-2	4	75734
18334	-2	4	75738
18335	-2	4	75742
18336	-2	4	75746
18337	-2	4	75750
18338	-3	5	75755
18339	-2	4	75759
18340	-2	4	75763
18341	-3	5	75768
18342	-2	4	75772
18343	-2	4	75776
18344	-2	4	75780
18345	-2	4	75784
18346	-2	4	75788
18347	-2	4	75792
18348	-2	4	75796
18349	-2	4	75800
18350	-2	4	75804
18351	-2	4	75808
18352	-2	4	75812
18353	-2	4	75816
18354	-2	4	75820
18355	-2	4	75824
18356	-2	4	75828
18357	-2	4	75832
18358	-2	4	75836
18359	-2	4	75840
18360	-2	4	75844
18361	-2	4	75848
18362	-2	4	75852
18363	-2	4	75856
18364	-2	4	75860
18365	-3	5	75865
18366	-2	4	75869
18367	-2	4	75873
18368	-2	4	75877
18369	-2	4	75881
18370	-2	4	75885
18371	-2	4	75889
18372	-2	4	75893
18373	-2	4	75897
18374	-2	4	75901
18375	-2	4	75905
18376	-2	4	75909
18377	-2	4	75913
18378	-2	4	75917
18379	-2	4	75921
18380	-2	4	75925
18381	-2	4	75929
18382	-3	5	75934
18383	-4	6	75940
18384	-2	4	75944
18385	-2	4	75948
18386	-2	4	75952
18387	-2	4	75956
18388	-2	4	75960
18389	-2	4	75964
18390	-2	4	75968
18391	-2	4	75972
18392	-2	4	75976
18393	-2	4	75980
18394	-2	4	75984
18395	-2	4	75988
18396	-2	4	75992
18397	-2	4	75996
18398	-2	4	76000
18399	-2	4	76004
18400	-2	4	76008
18401	-2	4	76012
18402	-2	4	76016
18403	-2	4	76020
18404	-2	4	76024
18405	-2	4	76028
18406	-2	4	76032
18407	-2	4	76036
18408	-2	4	76040
18409	-2	4	76044
18410	-2	4	76048
18411	-2	4	76052
18412	-3	5	76057
18413	-2	4	76061
18414	-2	4	76065
18415	-2	4	76069
18416	-2	4	76073
18417	-2	4	76077
18418	-2	4	76081
18419	-2	4	76085
18420	-2	4	76089
18421	-2	4	76093
18422	-2	4	76097
18423	-2	4	76101
18424	-2	4	76105
18425	-2	4	76109
18426	-2	4	76113
18427	-2	4	76117
18428	-2	4	76121
18429	-2	4	76125
18430	-2	4	76129
18431	-3	5	76134
18432	-2	4	76138
18433	-2	4	76142
18434	-2	4	76146
18435	-2	4	76150
18436	-2	4	76154
18437	-2	4	76158
18438	-2	4	76162
18439	-2	4	76166
18440	-2	4	76170
18441	-2	4	76174
18442	-2	4	76178
18443	-2	4	76182
18444	-2	4	76186
18445	-4	6	76192
18446	-2	4	76196
18447	-2	4	76200
18448	-2	4	76204
18449	-2	4	76208
18450	-2	4	76212
18451	-2	4	76216
18452	-2	4	76220
18453	-2	4	76224
18454	-2	4	76228
18455	-2	4	76232
18456	-2	4	76236
18457	-2	4	76240
18458	-2	4	76244
18459	-2	4	76248
18460	-2	4	76252
18461	-2	4	76256
18462	-2	4	76260
18463	-2	4	76264
18464	-2	4	76268
18465	-2	4	76272
18466	-2	4	76276
18467	-4	6	76282
18468	-2	4	76286
18469	-2	4	76290
18470	-2	4	76294
18471	-2	4	76298
18472	-2	4	76302
18473	-2	4	76306
18474	-2	4	76310
18475	-2	4	76314
18476	-2	4	76318
18477	-2	4	76322
18478	-2	4	76326
18479	-2	4	76330
18480	-2	4	76334
18481	-2	4	76338
18482	-2	4	76342
18483	-2	4	76346
18484	-2	4	76350
18485	-2	4	76354
18486	-2	4	76358
18487	-2	4	76362
18488	-2	4	76366
18489	-2	4	76370
18490	-4	6	76376
18491	-2	4	76380
18492	-2	4	76384
18493	-2	4	76388
18494	-2	4	76392
18495	-2	4	76396
18496	-2	4	76400
18497	-2	4	76404
18498	-2	4	76408
18499	-2	4	76412
18500	-2	4	76416
18501	-4	6	76422
18502	-2	4	76426
18503	-2	4	76430
18504	-2	4	76434
18505	-2	4	76438
18506	-2	4	76442
18507	-2	4	76446
18508	-2	4	76450
18509	-2	4	76454
18510	-2	4	76458
18511	-2	4	76462
18512	-2	4	76466
18513	-2	4	76470
18514	-2	4	76474
18515	-2	4	76478
18516	-2	4	76482
18517	-2	4	76486
18518	-2	4	76490
18519	-2	4	76494
18520	-2	4	76498
18521	-2	4	76502
18522	-2	4	76506
18523	-2	4	76510
18524	-2	4	76514
18525	-2	4	76518
18526	-2	4	76522
18527	-2	4	76526
18528	-2	4	76530
18529	-2	4	76534
18530	-2	4	76538
18531	-2	4	76542
18532	-2	4	76546
18533	-2	4	76550
18534	-2	4	76554
18535	-2	4	76558
18536	-2	4	76562
18537	-2	4	76566
18538	-2	4	76570
18539	-2	4	76574
18540	-2	4	76578
18541	-2	4	76582
18542	-2	4	76586
18543	-4	6	76592
18544	-2	4	76596
18545	-2	4	76600
18546	-4	6	76606
18547	-2	4	76610
18548	-2	4	76614
18549	-2	4	76618
18550	-2	4	76622
18551	-2	4	76626
18552	-2	4	76630
18553	-2	4	76634
18554	-2	4	76638
18555	-2	4	76642
18556	-2	4	76646
18557	-2	4	76650
18558	-2	4	76654
18559	-2	4	76658
18560	-2	4	76662
18561	-2	4	76666
18562	-2	4	76670
18563	-2	4	76674
18564	-2	4	76678
18565	-2	4	76682
18566	-2	4	76686
18567	-2	4	76690
18568	-2	4	76694
18569	-2	4	76698
18570	-2	4	76702
18571	-2	4	76706
18572	-3	5	76711
18573	-2	4	76715
18574	-2	4	76719
18575	-2	4	76723
18576	-2	4	76727
18577	-2	4	76731
18578	-2	4	76735
18579	-2	4	76739
18580	-2	4	76743
18581	-2	4	76747
18582	-2	4	76751
18583	-2	4	76755
18584	-2	4	76759
18585	-2	4	76763
18586	-2	4	76767
18587	-4	6	76773
18588	-2	4	76777
18589	-2	4	76781
18590	-2	4	76785
18591	-2	4	76789
18592	-2	4	76793
18593	-2	4	76797
18594	-2	4	76801
18595	-2	4	76805
18596	-2	4	76809
18597	-2	4	76813
18598	-2	4	76817
18599	-2	4	76821
18600	-2	4	76825
18601	-2	4	76829
18602	-2	4	76833
18603	-2	4	76837
18604	-2	4	76841
18605	-2	4	76845
18606	-2	4	76849
18607	-2	4	76853
18608	-2	4	76857
18609	-2	4	76861
18610	-2	4	76865
18611	-2	4	76869
18612	-2	4	76873
18613	-2	4	76877
18614	-2	4	76881
18615	-2	4	76885
18616	-2	4	76889
18617	-4	6	76895
18618	-2	4	76899
18619	-2	4	76903
18620	-2	4	76907
18621	-2	4	76911
18622	-2	4	76915
18623	-2	4	76919
18624	-4	6	76925
18625	-2	4	76929
18626	-2	4	76933
18627	-2	4	76937
18628	-2	4	76941
18629	-2	4	76945
18630	-3	5	76950
18631	-2	4	76954
18632	-2	4	76958
18633	-4	6	76964
18634	-2	4	76968
18635	-2	4	76972
18636	-2	4	76976
18637	-2	4	76980
18638	-2	4	76984
18639	-2	4	76988
18640	-2	4	76992
18641	-2	4	76996
18642	-2	4	77000
18643	-2	4	77004
18644	-2	4	77008
18645	-2	4	77012
18646	-2	4	77016
18647	-2	4	77020
18648	-2	4	77024
18649	-2	4	77028
18650	-2	4	77032
18651	-2	4	77036
18652	-2	4	77040
18653	-2	4	77044
18654	-2	4	77048
18655	-4	6	77054
18656	-2	4	77058
18657	-2	4	77062
18658	-2	4	77066
18659	-2	4	77070
18660	-2	4	77074
18661	-2	4	77078
18662	-2	4	77082
18663	-3	5	77087
18664	-2	4	77091
18665	-2	4	77095
18666	-2	4	77099
18667	-2	4	77103
18668	-2	4	77107
18669	-2	4	77111
18670	-2	4	77115
18671	-2	4	77119
18672	-2	4	77123
18673	-2	4	77127
18674	-2	4	77131
18675	-2	4	77135
18676	-2	4	77139
18677	-2	4	77143
18678	-2	4	77147
18679	-2	4	77151
18680	-2	4	77155
18681	-2	4	77159
18682	-2	4	77163
18683	-2	4	77167
18684	-2	4	77171
18685	-2	4	77175
18686	-2	4	77179
18687	-2	4	77183
18688	-2	4	77187
18689	-2	4	77191
18690	-2	4	77195
18691	-2	4	77199
18692	-2	4	77203
18693	-2	4	77207
18694	-2	4	77211
18695	-2	4	77215
18696	-2	4	77219
18697	-2	4	77223
18698	-2	4	77227
18699	-2	4	77231
18700	-2	4	77235
18701	-2	4	77239
18702	-2	4	77243
18703	-2	4	77247
18704	-2	4	77251
18705	-2	4	77255
18706	-4	6	77261
18707	-2	4	77265
18708	-2	4	77269
18709	-2	4	77273
18710	-2	4	77277
18711	-2	4	77281
18712	-2	4	77285
18713	-2	4	77289
18714	-2	4	77293
18715	-2	4	77297
18716	-2	4	77301
18717	-2	4	77305
18718	-2	4	77309
18719	-4	6	77315
18720	-2	4	77319
18721	-2	4	77323
18722	-4	6	77329
18723	-2	4	77333
18724	-2	4	77337
18725	-2	4	77341
18726	-2	4	77345
18727	-2	4	77349
18728	-2	4	77353
18729	-2	4	77357
18730	-2	4	77361
18731	-2	4	77365
18732	-2	4	77369
18733	-2	4	77373
18734	-2	4	77377
18735	-2	4	77381
18736	-4	6	77387
18737	-2	4	77391
18738	-2	4	77395
18739	-2	4	77399
18740	-2	4	77403
18741	-2	4	77407
18742	-2	4	77411
18743	-2	4	77415
18744	-2	4	77419
18745	-2	4	77423
18746	-2	4	77427
18747	-4	6	77433
18748	-2	4	77437
18749	-2	4	77441
18750	-2	4	77445
18751	-2	4	77449
18752	-2	4	77453
18753	-2	4	77457
18754	-2	4	77461
18755	-4	6	77467
18756	-2	4	77471
18757	-2	4	77475
18758	-2	4	77479
18759	-2	4	77483
18760	-2	4	77487
18761	-2	4	77491
18762	-2	4	77495
18763	-2	4	77499
18764	-2	4	77503
18765	-2	4	77507
18766	-2	4	77511
18767	-2	4	77515
18768	-2	4	77519
18769	-2	4	77523
18770	-2	4	77527
18771	-2	4	77531
18772	-2	4	77535
18773	-2	4	77539
18774	-2	4	77543
18775	-2	4	77547
18776	-4	6	77553
18777	-2	4	77557
18778	-4	6	77563
18779	-3	5	77568
18780	-2	4	77572
18781	-4	6	77578
18782	-2	4	77582
18783	-2	4	77586
18784	-2	4	77590
18785	-2	4	77594
18786	-2	4	77598
18787	-2	4	77602
18788	-2	4	77606
18789	-2	4	77610
18790	-4	6	77616
18791	-2	4	77620
18792	-2	4	77624
18793	-2	4	77628
18794	-2	4	77632
18795	-2	4	77636
18796	-2	4	77640
18797	-2	4	77644
18798	-2	4	77648
18799	-2	4	77652
18800	-2	4	77656
18801	-2	4	77660
18802	-2	4	77664
18803	-2	4	77668
18804	-2	4	77672
18805	-2	4	77676
18806	-2	4	77680
18807	-2	4	77684
18808	-2	4	77688
18809	-2	4	77692
18810	-2	4	77696
18811	-2	4	77700
18812	-2	4	77704
18813	-2	4	77708
18814	-2	4	77712
18815	-2	4	77716
18816	-2	4	77720
18817	-2	4	77724
18818	-4	6	77730
18819	-4	6	77736
18820	-2	4	77740
18821	-2	4	77744
18822	-2	4	77748
18823	-2	4	77752
18824	-2	4	77756
18825	-2	4	77760
18826	-2	4	77764
18827	-2	4	77768
18828	-2	4	77772
18829	-2	4	77776
18830	-2	4	77780
18831	-2	4	77784
18832	-2	4	77788
18833	-2	4	77792
18834	-2	4	77796
18835	-2	4	77800
18836	-2	4	77804
18837	-2	4	77808
18838	-2	4	77812
18839	-2	4	77816
18840	-2	4	77820
18841	-2	4	77824
18842	-2	4	77828
18843	-2	4	77832
18844	-2	4	77836
18845	-2	4	77840
18846	-2	4	77844
18847	-2	4	77848
18848	-2	4	77852
18849	-2	4	77856
18850	-2	4	77860
18851	-2	4	77864
18852	-2	4	77868
18853	-2	4	77872
18854	-2	4	77876
18855	-2	4	77880
18856	-2	4	77884
18857	-2	4	77888
18858	-3	5	77893
18859	-2	4	77897
18860	-4	6	77903
18861	-2	4	77907
18862	-2	4	77911
18863	-2	4	77915
18864	-2	4	77919
18865	-2	4	77923
18866	-2	4	77927
18867	-2	4	77931
18868	-2	4	77935
18869	-2	4	77939
18870	-2	4	77943
18871	-2	4	77947
18872	-3	5	77952
18873	-2	4	77956
18874	-2	4	77960
18875	-2	4	77964
18876	-2	4	77968
18877	-2	4	77972
18878	-2	4	77976
18879	-2	4	77980
18880	-2	4	77984
18881	-2	4	77988
18882	-2	4	77992
18883	-2	4	77996
18884	-2	4	78000
18885	-2	4	78004
18886	-2	4	78008
18887	-2	4	78012
18888	-2	4	78016
18889	-2	4	78020
18890	-2	4	78024
18891	-2	4	78028
18892	-2	4	78032
18893	-2	4	78036
18894	-2	4	78040
18895	-2	4	78044
18896	-2	4	78048
18897	-2	4	78052
18898	-2	4	78056
18899	-2	4	78060
18900	-2	4	78064
18901	-2	4	78068
18902	-2	4	78072
18903	-2	4	78076
18904	-2	4	78080
18905	-2	4	78084
18906	-2	4	78088
18907	-2	4	78092
18908	-2	4	78096
18909	-2	4	78100
18910	-2	4	78104
18911	-2	4	78108
18912	-2	4	78112
18913	-2	4	78116
18914	-2	4	78120
18915	-2	4	78124
18916	-2	4	78128
18917	-4	6	78134
18918	-2	4	78138
18919	-2	4	78142
18920	-2	4	78146
18921	-2	4	78150
18922	-2	4	78154
18923	-2	4	78158
18924	-4	6	78164
18925	-2	4	78168
18926	-2	4	78172
18927	-2	4	78176
18928	-3	5	78181
18929	-2	4	78185
18930	-2	4	78189
18931	-2	4	78193
18932	-2	4	78197
18933	-2	4	78201
18934	-4	6	78207
18935	-2	4	78211
18936	-2	4	78215
18937	-2	4	78219
18938	-2	4	78223
18939	-2	4	78227
18940	-2	4	78231
18941	-2	4	78235
18942	-2	4	78239
18943	-2	4	78243
18944	-2	4	78247
18945	-2	4	78251
18946	-2	4	78255
18947	-2	4	78259
18948	-2	4	78263
18949	-2	4	78267
18950	-2	4	78271
18951	-2	4	78275
18952	-2	4	78279
18953	-2	4	78283
18954	-2	4	78287
18955	-2	4	78291
18956	-2	4	78295
18957	-2	4	78299
18958	-2	4	78303
18959	-2	4	78307
18960	-2	4	78311
18961	-2	4	78315
18962	-2	4	78319
18963	-2	4	78323
18964	-2	4	78327
18965	-2	4	78331
18966	-2	4	78335
18967	-2	4	78339
18968	-2	4	78343
18969	-2	4	78347
18970	-2	4	78351
18971	-2	4	78355
18972	-3	5	78360
18973	-2	4	78364
18974	-2	4	78368
18975	-2	4	78372
18976	-2	4	78376
18977	-2	4	78380
18978	-2	4	78384
18979	-2	4	78388
18980	-2	4	78392
18981	-2	4	78396
18982	-2	4	78400
18983	-2	4	78404
18984	-2	4	78408
18985	-2	4	78412
18986	-2	4	78416
18987	-2	4	78420
18988	-2	4	78424
18989	-2	4	78428
18990	-2	4	78432
18991	-2	4	78436
18992	-2	4	78440
18993	-4	6	78446
18994	-4	6	78452
18995	-2	4	78456
18996	-2	4	78460
18997	-2	4	78464
18998	-2	4	78468
18999	-2	4	78472
19000	-2	4	78476
19001	-2	4	78480
19002	-2	4	78484
19003	-2	4	78488
19004	-2	4	78492
19005	-2	4	78496
19006	-2	4	78500
19007	-2	4	78504
19008	-2	4	78508
19009	-2	4	78512
19010	-2	4	78516
19011	-2	4	78520
19012	-2	4	78524
19013	-4	6	78530
19014	-2	4	78534
19015	-2	4	78538
19016	-2	4	78542
19017	-2	4	78546
19018	-3	5	78551
19019	-2	4	78555
19020	-2	4	78559
19021	-2	4	78563
19022	-2	4	78567
19023	-2	4	78571
19024	-2	4	78575
19025	-2	4	78579
19026	-2	4	78583
19027	-4	6	78589
19028	-2	4	78593
19029	-2	4	78597
19030	-2	4	78601
19031	-2	4	78605
19032	-2	4	78609
19033	-2	4	78613
19034	-2	4	78617
19035	-2	4	78621
19036	-2	4	78625
19037	-2	4	78629
19038	-2	4	78633
19039	-2	4	78637
19040	-2	4	78641
19041	-2	4	78645
19042	-2	4	78649
19043	-2	4	78653
19044	-2	4	78657
19045	-2	4	78661
19046	-4	6	78667
19047	-2	4	78671
19048	-2	4	78675
19049	-2	4	78679
19050	-2	4	78683
19051	-2	4	78687
19052	-2	4	78691
19053	-2	4	78695
19054	-2	4	78699
19055	-2	4	78703
19056	-2	4	78707
19057	-2	4	78711
19058	-2	4	78715
19059	-2	4	78719
19060	-2	4	78723
19061	-2	4	78727
19062	-2	4	78731
19063	-2	4	78735
19064	-2	4	78739
19065	-2	4	78743
19066	-2	4	78747
19067	-2	4	78751
19068	-2	4	78755
19069	-2	4	78759
19070	-4	6	78765
19071	-2	4	78769
19072	-2	4	78773
19073	-2	4	78777
19074	-2	4	78781
19075	-2	4	78785
19076	-2	4	78789
19077	-2	4	78793
19078	-2	4	78797
19079	-2	4	78801
19080	-2	4	78805
19081	-2	4	78809
19082	-2	4	78813
19083	-3	5	78818
19084	-2	4	78822
19085	-2	4	78826
19086	-2	4	78830
19087	-2	4	78834
19088	-2	4	78838
19089	-2	4	78842
19090	-2	4	78846
19091	-2	4	78850
19092	-2	4	78854
19093	-2	4	78858
19094	-2	4	78862
19095	-2	4	78866
19096	-2	4	78870
19097	-2	4	78874
19098	-2	4	78878
19099	-2	4	78882
19100	-2	4	78886
19101	-2	4	78890
19102	-2	4	78894
19103	-2	4	78898
19104	-2	4	78902
19105	-2	4	78906
19106	-2	4	78910
19107	-2	4	78914
19108	-2	4	78918
19109	-2	4	78922
19110	-2	4	78926
19111	-2	4	78930
19112	-2	4	78934
19113	-2	4	78938
19114	-2	4	78942
19115	-2	4	78946
19116	-2	4	78950
19117	-2	4	78954
19118	-2	4	78958
19119	-2	4	78962
19120	-2	4	78966
19121	-2	4	78970
19122	-2	4	78974
19123	-2	4	78978
19124	-4	6	78984
19125	-2	4	78988
19126	-3	5	78993
19127	-2	4	78997
19128	-2	4	79001
19129	-2	4	79005
19130	-2	4	79009
19131	-2	4	79013
19132	-2	4	79017
19133	-2	4	79021
19134	-2	4	79025
19135	-2	4	79029
19136	-2	4	79033
19137	-2	4	79037
19138	-2	4	79041
19139	-2	4	79045
19140	-2	4	79049
19141	-2	4	79053
19142	-2	4	79057
19143	-2	4	79061
19144	-2	4	79065
19145	-2	4	79069
19146	-2	4	79073
19147	-2	4	79077
19148	-2	4	79081
19149	-2	4	79085
19150	-2	4	79089
19151	-2	4	79093
19152	-2	4	79097
19153	-2	4	79101
19154	-2	4	79105
19155	-4	6	79111
19156	-2	4	79115
19157	-2	4	79119
19158	-2	4	79123
19159	-3	5	79128
19160	-2	4	79132
19161	-2	4	79136
19162	-2	4	79140
19163	-2	4	79144
19164	-2	4	79148
19165	-2	4	79152
19166	-2	4	79156
19167	-2	4	79160
19168	-2	4	79164
19169	-2	4	79168
19170	-2	4	79172
19171	-2	4	79176
19172	-2	4	79180
19173	-3	5	79185
19174	-2	4	79189
19175	-4	6	79195
19176	-2	4	79199
19177	-2	4	79203
19178	-2	4	79207
19179	-2	4	79211
19180	-2	4	79215
19181	-2	4	79219
19182	-2	4	79223
19183	-2	4	79227
19184	-2	4	79231
19185	-2	4	79235
19186	-2	4	79239
19187	-2	4	79243
19188	-2	4	79247
19189	-2	4	79251
19190	-2	4	79255
19191	-2	4	79259
19192	-2	4	79263
19193	-2	4	79267
19194	-2	4	79271
19195	-2	4	79275
19196	-2	4	79279
19197	-2	4	79283
19198	-2	4	79287
19199	-2	4	79291
19200	-2	4	79295
19201	-3	5	79300
19202	-2	4	79304
19203	-2	4	79308
19204	-2	4	79312
19205	-2	4	79316
19206	-2	4	79320
19207	-2	4	79324
19208	-2	4	79328
19209	-2	4	79332
19210	-2	4	79336
19211	-2	4	79340
19212	-2	4	79344
19213	-2	4	79348
19214	-2	4	79352
19215	-2	4	79356
19216	-4	6	79362
19217	-2	4	79366
19218	-2	4	79370
19219	-2	4	79374
19220	-2	4	79378
19221	-2	4	79382
19222	-2	4	79386
19223	-2	4	79390
19224	-2	4	79394
19225	-4	6	79400
19226	-2	4	79404
19227	-2	4	79408
19228	-2	4	79412
19229	-2	4	79416
19230	-4	6	79422
19231	-2	4	79426
19232	-2	4	79430
19233	-2	4	79434
19234	-2	4	79438
19235	-2	4	79442
19236	-2	4	79446
19237	-2	4	79450
19238	-2	4	79454
19239	-2	4	79458
19240	-3	5	79463
19241	-2	4	79467
19242	-2	4	79471
19243	-2	4	79475
19244	-2	4	79479
19245	-2	4	79483
19246	-2	4	79487
19247	-2	4	79491
19248	-2	4	79495
19249	-2	4	79499
19250	-2	4	79503
19251	-2	4	79507
19252	-2	4	79511
19253	-2	4	79515
19254	-2	4	79519
19255	-2	4	79523
19256	-2	4	79527
19257	-2	4	79531
19258	-2	4	79535
19259	-2	4	79539
19260	-2	4	79543
19261	-2	4	79547
19262	-4	6	79553
19263	-2	4	79557
19264	-2	4	79561
19265	-4	6	79567
19266	-2	4	79571
19267	-2	4	79575
19268	-2	4	79579
19269	-2	4	79583
19270	-2	4	79587
19271	-2	4	79591
19272	-2	4	79595
19273	-2	4	79599
19274	-2	4	79603
19275	-2	4	79607
19276	-2	4	79611
19277	-2	4	79615
19278	-4	6	79621
19279	-2	4	79625
19280	-2	4	79629
19281	-2	4	79633
19282	-2	4	79637
19283	-2	4	79641
19284	-2	4	79645
19285	-2	4	79649
19286	-2	4	79653
19287	-4	6	79659
19288	-4	6	79665
19289	-2	4	79669
19290	-2	4	79673
19291	-2	4	79677
19292	-2	4	79681
19293	-2	4	79685
19294	-2	4	79689
19295	-2	4	79693
19296	-2	4	79697
19297	-2	4	79701
19298	-2	4	79705
19299	-2	4	79709
19300	-2	4	79713
19301	-2	4	79717
19302	-2	4	79721
19303	-2	4	79725
19304	-2	4	79729
19305	-4	6	79735
19306	-2	4	79739
19307	-2	4	79743
19308	-2	4	79747
19309	-4	6	79753
19310	-2	4	79757
19311	-2	4	79761
19312	-2	4	79765
19313	-2	4	79769
19314	-2	4	79773
19315	-2	4	79777
19316	-2	4	79781
19317	-2	4	79785
19318	-2	4	79789
19319	-2	4	79793
19320	-2	4	79797
19321	-2	4	79801
19322	-2	4	79805
19323	-2	4	79809
19324	-3	5	79814
19325	-2	4	79818
19326	-2	4	79822
19327	-4	6	79828
19328	-2	4	79832
19329	-2	4	79836
19330	-2	4	79840
19331	-2	4	79844
19332	-2	4	79848
19333	-2	4	79852
19334	-2	4	79856
19335	-2	4	79860
19336	-2	4	79864
19337	-2	4	79868
19338	-2	4	79872
19339	-2	4	79876
19340	-2	4	79880
19341	-2	4	79884
19342	-2	4	79888
19343	-2	4	79892
19344	-2	4	79896
19345	-2	4	79900
19346	-2	4	79904
19347	-2	4	79908
19348	-2	4	79912
19349	-2	4	79916
19350	-4	6	79922
19351	-2	4	79926
19352	-2	4	79930
19353	-2	4	79934
19354	-2	4	79938
19355	-2	4	79942
19356	-4	6	79948
19357	-2	4	79952
19358	-2	4	79956
19359	-2	4	79960
19360	-2	4	79964
19361	-2	4	79968
19362	-2	4	79972
19363	-2	4	79976
19364	-2	4	79980
19365	-2	4	79984
19366	-2	4	79988
19367	-2	4	79992
19368	-2	4	79996
19369	-2	4	80000
19370	-2	4	80004
19371	-2	4	80008
19372	-2	4	80012
19373	-3	5	80017
19374	-2	4	80021
19375	-2	4	80025
19376	-2	4	80029
19377	-2	4	80033
19378	-2	4	80037
19379	-2	4	80041
19380	-2	4	80045
19381	-2	4	80049
19382	-2	4	80053
19383	-2	4	80057
19384	-2	4	80061
19385	-2	4	80065
19386	-2	4	80069
19387	-2	4	80073
19388	-2	4	80077
19389	-2	4	80081
19390	-2	4	80085
19391	-2	4	80089
19392	-2	4	80093
19393	-2	4	80097
19394	-2	4	80101
19395	-2	4	80105
19396	-2	4	80109
19397	-2	4	80113
19398	-3	5	80118
19399	-2	4	80122
19400	-2	4	80126
19401	-2	4	80130
19402	-2	4	80134
19403	-2	4	80138
19404	-2	4	80142
19405	-2	4	80146
19406	-2	4	80150
19407	-2	4	80154
19408	-2	4	80158
19409	-2	4	80162
19410	-2	4	80166
19411	-2	4	80170
19412	-2	4	80174
19413	-2	4	80178
19414	-2	4	80182
19415	-2	4	80186
19416	-2	4	80190
19417	-2	4	80194
19418	-2	4	80198
19419	-2	4	80202
19420	-2	4	80206
19421	-2	4	80210
19422	-2	4	80214
19423	-4	6	80220
19424	-2	4	80224
19425	-2	4	80228
19426	-2	4	80232
19427	-2	4	80236
19428	-2	4	80240
19429	-2	4	80244
19430	-2	4	80248
19431	-2	4	80252
19432	-2	4	80256
19433	-2	4	80260
19434	-2	4	80264
19435	-2	4	80268
19436	-2	4	80272
19437	-2	4	80276
19438	-2	4	80280
19439	-2	4	80284
19440	-2	4	80288
19441	-4	6	80294
19442	-2	4	80298
19443	-2	4	80302
19444	-2	4	80306
19445	-2	4	80310
19446	-2	4	80314
19447	-2	4	80318
19448	-2	4	80322
19449	-2	4	80326
19450	-2	4	80330
19451	-2	4	80334
19452	-2	4	80338
19453	-2	4	80342
19454	-2	4	80346
19455	-2	4	80350
19456	-2	4	80354
19457	-2	4	80358
19458	-2	4	80362
19459	-2	4	80366
19460	-2	4	80370
19461	-2	4	80374
19462	-2	4	80378
19463	-2	4	80382
19464	-2	4	80386
19465	-2	4	80390
19466	-2	4	80394
19467	-2	4	80398
19468	-4	6	80404
19469	-2	4	80408
19470	-2	4	80412
19471	-2	4	80416
19472	-2	4	80420
19473	-2	4	80424
19474	-2	4	80428
19475	-2	4	80432
19476	-2	4	80436
19477	-2	4	80440
19478	-2	4	80444
19479	-2	4	80448
19480	-2	4	80452
19481	-4	6	80458
19482	-2	4	80462
19483	-2	4	80466
19484	-2	4	80470
19485	-2	4	80474
19486	-2	4	80478
19487	-2	4	80482
19488	-2	4	80486
19489	-2	4	80490
19490	-2	4	80494
19491	-2	4	80498
19492	-2	4	80502
19493	-2	4	80506
19494	-2	4	80510
19495	-2	4	80514
19496	-2	4	80518
19497	-2	4	80522
19498	-2	4	80526
19499	-2	4	80530
19500	-2	4	80534
19501	-2	4	80538
19502	-2	4	80542
19503	-2	4	80546
19504	-2	4	80550
19505	-2	4	80554
19506	-2	4	80558
19507	-2	4	80562
19508	-2	4	80566
19509	-2	4	80570
19510	-2	4	80574
19511	-2	4	80578
19512	-4	6	80584
19513	-2	4	80588
19514	-2	4	80592
19515	-2	4	80596
19516	-2	4	80600
19517	-2	4	80604
19518	-2	4	80608
19519	-3	5	80613
19520	-2	4	80617
19521	-2	4	80621
19522	-2	4	80625
19523	-2	4	80629
19524	-2	4	80633
19525	-2	4	80637
19526	-4	6	80643
19527	-2	4	80647
19528	-2	4	80651
19529	-2	4	80655
19530	-2	4	80659
19531	-2	4	80663
19532	-2	4	80667
19533	-2	4	80671
19534	-2	4	80675
19535	-2	4	80679
19536	-2	4	80683
19537	-2	4	80687
19538	-2	4	80691
19539	-2	4	80695
19540	-2	4	80699
19541	-2	4	80703
19542	-4	6	80709
19543	-2	4	80713
19544	-2	4	80717
19545	-2	4	80721
19546	-2	4	80725
19547	-2	4	80729
19548	-2	4	80733
19549	-2	4	80737
19550	-2	4	80741
19551	-2	4	80745
19552	-2	4	80749
19553	-2	4	80753
19554	-2	4	80757
19555	-2	4	80761
19556	-2	4	80765
19557	-2	4	80769
19558	-2	4	80773
19559	-2	4	80777
19560	-2	4	80781
19561	-2	4	80785
19562	-2	4	80789
19563	-4	6	80795
19564	-2	4	80799
19565	-2	4	80803
19566	-2	4	80807
19567	-2	4	80811
19568	-2	4	80815
19569	-2	4	80819
19570	-2	4	80823
19571	-2	4	80827
19572	-2	4	80831
19573	-2	4	80835
19574	-2	4	80839
19575	-2	4	80843
19576	-2	4	80847
19577	-2	4	80851
19578	-2	4	80855
19579	-2	4	80859
19580	-2	4	80863
19581	-2	4	80867
19582	-2	4	80871
19583	-2	4	80875
19584	-2	4	80879
19585	-2	4	80883
19586	-2	4	80887
19587	-2	4	80891
19588	-2	4	80895
19589	-2	4	80899
19590	-2	4	80903
19591	-2	4	80907
19592	-2	4	80911
19593	-2	4	80915
19594	-2	4	80919
19595	-2	4	80923
19596	-2	4	80927
19597	-2	4	80931
19598	-2	4	80935
19599	-2	4	80939
19600	-2	4	80943
19601	-2	4	80947
19602	-2	4	80951
19603	-2	4	80955
19604	-2	4	80959
19605	-4	6	80965
19606	-2	4	80969
19607	-2	4	80973
19608	-3	5	80978
19609	-2	4	80982
19610	-2	4	80986
19611	-2	4	80990
19612	-2	4	80994
19613	-2	4	80998
19614	-2	4	81002
19615	-4	6	81008
19616	-2	4	81012
19617	-2	4	81016
19618	-2	4	81020
19619	-2	4	81024
19620	-2	4	81028
19621	-4	6	81034
19622	-2	4	81038
19623	-2	4	81042
19624	-2	4	81046
19625	-2	4	81050
19626	-2	4	81054
19627	-2	4	81058
19628	-2	4	81062
19629	-2	4	81066
19630	-2	4	81070
19631	-2	4	81074
19632	-2	4	81078
19633	-2	4	81082
19634	-2	4	81086
19635	-2	4	81090
19636	-2	4	81094
19637	-2	4	81098
19638	-2	4	81102
19639	-2	4	81106
19640	-2	4	81110
19641	-2	4	81114
19642	-2	4	81118
19643	-2	4	81122
19644	-2	4	81126
19645	-2	4	81130
19646	-2	4	81134
19647	-2	4	81138
19648	-2	4	81142
19649	-2	4	81146
19650	-2	4	81150
19651	-2	4	81154
19652	-2	4	81158
19653	-2	4	81162
19654	-2	4	81166
19655	-2	4	81170
19656	-2	4	81174
19657	-2	4	81178
19658	-2	4	81182
19659	-2	4	81186
19660	-2	4	81190
19661	-2	4	81194
19662	-2	4	81198
19663	-2	4	81202
19664	-2	4	81206
19665	-2	4	81210
19666	-2	4	81214
19667	-2	4	81218
19668	-2	4	81222
19669	-2	4	81226
19670	-2	4	81230
19671	-2	4	81234
19672	-2	4	81238
19673	-2	4	81242
19674	-2	4	81246
19675	-2	4	81250
19676	-2	4	81254
19677	-2	4	81258
19678	-2	4	81262
19679	-2	4	81266
19680	-2	4	81270
19681	-2	4	81274
19682	-2	4	81278
19683	-2	4	81282
19684	-2	4	81286
19685	-2	4	81290
19686	-2	4	81294
19687	-2	4	81298
19688	-2	4	81302
19689	-2	4	81306
19690	-2	4	81310
19691	-2	4	81314
19692	-3	5	81319
19693	-2	4	81323
19694	-2	4	81327
19695	-2	4	81331
19696	-2	4	81335
19697	-2	4	81339
19698	-2	4	81343
19699	-2	4	81347
19700	-2	4	81351
19701	-2	4	81355
19702	-2	4	81359
19703	-2	4	81363
19704	-4	6	81369
19705	-2	4	81373
19706	-2	4	81377
19707	-4	6	81383
19708	-2	4	81387
19709	-2	4	81391
19710	-2	4	81395
19711	-2	4	81399
19712	-2	4	81403
19713	-2	4	81407
19714	-2	4	81411
19715	-2	4	81415
19716	-2	4	81419
19717	-2	4	81423
19718	-2	4	81427
19719	-2	4	81431
19720	-4	6	81437
19721	-2	4	81441
19722	-2	4	81445
19723	-2	4	81449
19724	-2	4	81453
19725	-4	6	81459
19726	-2	4	81463
19727	-4	6	81469
19728	-4	6	81475
19729	-2	4	81479
19730	-2	4	81483
19731	-2	4	81487
19732	-2	4	81491
19733	-2	4	81495
19734	-2	4	81499
19735	-3	5	81504
19736	-2	4	81508
19737	-2	4	81512
19738	-2	4	81516
19739	-2	4	81520
19740	-2	4	81524
19741	-2	4	81528
19742	-2	4	81532
19743	-2	4	81536
19744	-4	6	81542
19745	-2	4	81546
19746	-2	4	81550
19747	-2	4	81554
19748	-2	4	81558
19749	-2	4	81562
19750	-2	4	81566
19751	-2	4	81570
19752	-2	4	81574
19753	-2	4	81578
19754	-2	4	81582
19755	-2	4	81586
19756	-2	4	81590
19757	-2	4	81594
19758	-4	6	81600
19759	-2	4	81604
19760	-2	4	81608
19761	-2	4	81612
19762	-2	4	81616
19763	-2	4	81620
19764	-2	4	81624
19765	-2	4	81628
19766	-2	4	81632
19767	-2	4	81636
19768	-2	4	81640
19769	-2	4	81644
19770	-2	4	81648
19771	-2	4	81652
19772	-2	4	81656
19773	-2	4	81660
19774	-2	4	81664
19775	-2	4	81668
19776	-2	4	81672
19777	-2	4	81676
19778	-2	4	81680
19779	-2	4	81684
19780	-2	4	81688
19781	-2	4	81692
19782	-2	4	81696
19783	-2	4	81700
19784	-2	4	81704
19785	-2	4	81708
19786	-2	4	81712
19787	-2	4	81716
19788	-2	4	81720
19789	-2	4	81724
19790	-2	4	81728
19791	-2	4	81732
19792	-2	4	81736
19793	-2	4	81740
19794	-2	4	81744
19795	-2	4	81748
19796	-2	4	81752
19797	-2	4	81756
19798	-2	4	81760
19799	-2	4	81764
19800	-2	4	81768
19801	-2	4	81772
19802	-2	4	81776
19803	-2	4	81780
19804	-2	4	81784
19805	-2	4	81788
19806	-2	4	81792
19807	-2	4	81796
19808	-2	4	81800
19809	-2	4	81804
19810	-2	4	81808
19811	-3	5	81813
19812	-2	4	81817
19813	-3	5	81822
19814	-2	4	81826
19815	-2	4	81830
19816	-2	4	81834
19817	-2	4	81838
19818	-4	6	81844
19819	-2	4	81848
19820	-2	4	81852
19821	-2	4	81856
19822	-2	4	81860
19823	-2	4	81864
19824	-2	4	81868
19825	-2	4	81872
19826	-2	4	81876
19827	-2	4	81880
19828	-2	4	81884
19829	-2	4	81888
19830	-2	4	81892
19831	-2	4	81896
19832	-2	4	81900
19833	-2	4	81904
19834	-2	4	81908
19835	-2	4	81912
19836	-2	4	81916
19837	-4	6	81922
19838	-2	4	81926
19839	-2	4	81930
19840	-2	4	81934
19841	-2	4	81938
19842	-2	4	81942
19843	-2	4	81946
19844	-2	4	81950
19845	-2	4	81954
19846	-2	4	81958
19847	-2	4	81962
19848	-2	4	81966
19849	-2	4	81970
19850	-2	4	81974
19851	-2	4	81978
19852	-2	4	81982
19853	-2	4	81986
19854	-2	4	81990
19855	-2	4	81994
19856	-2	4	81998
19857	-2	4	82002
19858	-2	4	82006
19859	-2	4	82010
19860	-2	4	82014
19861	-2	4	82018
19862	-2	4	82022
19863	-2	4	82026
19864	-2	4	82030
19865	-2	4	82034
19866	-2	4	82038
19867	-2	4	82042
19868	-2	4	82046
19869	-2	4	82050
19870	-2	4	82054
19871	-2	4	82058
19872	-2	4	82062
19873	-2	4	82066
19874	-2	4	82070
19875	-2	4	82074
19876	-2	4	82078
19877	-2	4	82082
19878	-2	4	82086
19879	-2	4	82090
19880	-2	4	82094
19881	-2	4	82098
19882	-2	4	82102
19883	-2	4	82106
19884	-2	4	82110
19885	-2	4	82114
19886	-2	4	82118
19887	-2	4	82122
19888	-2	4	82126
19889	-2	4	82130
19890	-2	4	82134
19891	-2	4	82138
19892	-2	4	82142
19893	-2	4	82146
19894	-2	4	82150
19895	-2	4	82154
19896	-2	4	82158
19897	-2	4	82162
19898	-2	4	82166
19899	-2	4	82170
19900	-2	4	82174
19901	-2	4	82178
19902	-2	4	82182
19903	-2	4	82186
19904	-2	4	82190
19905	-2	4	82194
19906	-2	4	82198
19907	-2	4	82202
19908	-2	4	82206
19909	-2	4	82210
19910	-2	4	82214
19911	-2	4	82218
19912	-2	4	82222
19913	-2	4	82226
19914	-2	4	82230
19915	-2	4	82234
19916	-2	4	82238
19917	-2	4	82242
19918	-2	4	82246
19919	-2	4	82250
19920	-2	4	82254
19921	-2	4	82258
19922	-2	4	82262
19923	-2	4	82266
19924	-2	4	82270
19925	-2	4	82274
19926	-2	4	82278
19927	-2	4	82282
19928	-2	4	82286
19929	-2	4	82290
19930	-2	4	82294
19931	-2	4	82298
19932	-2	4	82302
19933	-2	4	82306
19934	-2	4	82310
19935	-2	4	82314
19936	-2	4	82318
19937	-2	4	82322
19938	-2	4	82326
19939	-2	4	82330
19940	-2	4	82334
19941	-2	4	82338
19942	-2	4	82342
19943	-2	4	82346
19944	-2	4	82350
19945	-2	4	82354
19946	-2	4	82358
19947	-3	5	82363
19948	-2	4	82367
19949	-2	4	82371
19950	-2	4	82375
19951	-2	4	82379
19952	-2	4	82383
19953	-2	4	82387
19954	-2	4	82391
19955	-2	4	82395
19956	-2	4	82399
19957	-2	4	82403
19958	-2	4	82407
19959	-2	4	82411
19960	-4	6	82417
19961	-2	4	82421
19962	-2	4	82425
19963	-2	4	82429
19964	-2	4	82433
19965	-4	6	82439
19966	-2	4	82443
19967	-2	4	82447
19968	-2	4	82451
19969	-2	4	82455
19970	-2	4	82459
19971	-2	4	82463
19972	-2	4	82467
19973	-2	4	82471
19974	-2	4	82475
19975	-4	6	82481
19976	-2	4	82485
19977	-2	4	82489
19978	-2	4	82493
19979	-2	4	82497
19980	-2	4	82501
19981	-2	4	82505
19982	-2	4	82509
19983	-2	4	82513
19984	-2	4	82517
19985	-4	6	82523
19986	-2	4	82527
19987	-2	4	82531
19988	-2	4	82535
19989	-2	4	82539
19990	-2	4	82543
19991	-2	4	82547
19992	-2	4	82551
19993	-2	4	82555
19994	-2	4	82559
19995	-2	4	82563
19996	-2	4	82567
19997	-2	4	82571
19998	-2	4	82575
19999	-2	4	82579
