Episode	Accumulated Reward	Length	Steps	Episode	Accumulated Reward	Length	Steps	Episode	Accumulated Reward	Length	Steps	Episode	Accumulated Reward	Length	Steps	Episode	Accumulated Reward	Length	Steps	Episode	Accumulated Reward	Length	Steps	Episode	Accumulated Reward	Length	Steps	Episode	Accumulated Reward	Length	Steps	Episode	Accumulated Reward	Length	Steps	Episode	Accumulated Reward	Length	Steps	Episode	Accumulated Reward	Length	Steps	Episode	Accumulated Reward	Length	Steps	Episode	Accumulated Reward	Length	Steps	Episode	Accumulated Reward	Length	Steps	Episode	Accumulated Reward	Length	Steps	Episode	Accumulated Reward	Length	Steps	Episode	Accumulated Reward	Length	Steps	Episode	Accumulated Reward	Length	Steps
0	-500.0	500	500	0	-500.0	500	500	0	-500.0	500	500	0	-500.0	500	500	0	-500.0	500	500	0	-500.0	500	500	0	-500.0	500	500	0	-500.0	500	500	0	-500.0	500	500	0	-500.0	500	500	0	-500.0	500	500	0	-500.0	500	500	0	-500.0	500	500	0	-500.0	500	500	0	-500.0	500	500	0	-500.0	500	500	0	-500.0	500	500	0	-500.0	500	500
1	-500.0	500	1000	1	-500.0	500	1000	1	-500.0	500	1000	1	-500.0	500	1000	1	-500.0	500	1000	1	-500.0	500	1000	1	-500.0	500	1000	1	-500.0	500	1000	1	-500.0	500	1000	1	-500.0	500	1000	1	-500.0	500	1000	1	-500.0	500	1000	1	-500.0	500	1000	1	-500.0	500	1000	1	-500.0	500	1000	1	-500.0	500	1000	1	-500.0	500	1000	1	-500.0	500	1000
2	-500.0	500	1500	2	-500.0	500	1500	2	-500.0	500	1500	2	-500.0	500	1500	2	-500.0	500	1500	2	-500.0	500	1500	2	-500.0	500	1500	2	-500.0	500	1500	2	-500.0	500	1500	2	-500.0	500	1500	2	-500.0	500	1500	2	-500.0	500	1500	2	-500.0	500	1500	2	-500.0	500	1500	2	-500.0	500	1500	2	-500.0	500	1500	2	-500.0	500	1500	2	-500.0	500	1500
3	-420.0	420	1920	3	-420.0	420	1920	3	-420.0	420	1920	3	-420.0	420	1920	3	-420.0	420	1920	3	-420.0	420	1920	3	-420.0	420	1920	3	-420.0	420	1920	3	-420.0	420	1920	3	-420.0	420	1920	3	-420.0	420	1920	3	-420.0	420	1920	3	-420.0	420	1920	3	-420.0	420	1920	3	-420.0	420	1920	3	-420.0	420	1920	3	-420.0	420	1920	3	-420.0	420	1920
4	-282.0	282	2202	4	-282.0	282	2202	4	-282.0	282	2202	4	-282.0	282	2202	4	-282.0	282	2202	4	-282.0	282	2202	4	-282.0	282	2202	4	-282.0	282	2202	4	-282.0	282	2202	4	-282.0	282	2202	4	-282.0	282	2202	4	-282.0	282	2202	4	-282.0	282	2202	4	-282.0	282	2202	4	-282.0	282	2202	4	-282.0	282	2202	4	-282.0	282	2202	4	-282.0	282	2202
5	-403.0	403	2605	5	-403.0	403	2605	5	-403.0	403	2605	5	-403.0	403	2605	5	-403.0	403	2605	5	-403.0	403	2605	5	-403.0	403	2605	5	-403.0	403	2605	5	-403.0	403	2605	5	-403.0	403	2605	5	-403.0	403	2605	5	-403.0	403	2605	5	-403.0	403	2605	5	-403.0	403	2605	5	-403.0	403	2605	5	-403.0	403	2605	5	-403.0	403	2605	5	-403.0	403	2605
6	-277.0	277	2882	6	-277.0	277	2882	6	-277.0	277	2882	6	-277.0	277	2882	6	-277.0	277	2882	6	-277.0	277	2882	6	-277.0	277	2882	6	-277.0	277	2882	6	-277.0	277	2882	6	-277.0	277	2882	6	-277.0	277	2882	6	-277.0	277	2882	6	-277.0	277	2882	6	-277.0	277	2882	6	-277.0	277	2882	6	-277.0	277	2882	6	-277.0	277	2882	6	-277.0	277	2882
7	-284.0	284	3166	7	-284.0	284	3166	7	-284.0	284	3166	7	-284.0	284	3166	7	-284.0	284	3166	7	-284.0	284	3166	7	-284.0	284	3166	7	-284.0	284	3166	7	-284.0	284	3166	7	-284.0	284	3166	7	-284.0	284	3166	7	-284.0	284	3166	7	-284.0	284	3166	7	-284.0	284	3166	7	-284.0	284	3166	7	-284.0	284	3166	7	-284.0	284	3166	7	-284.0	284	3166
8	-274.0	274	3440	8	-274.0	274	3440	8	-274.0	274	3440	8	-274.0	274	3440	8	-274.0	274	3440	8	-274.0	274	3440	8	-274.0	274	3440	8	-274.0	274	3440	8	-274.0	274	3440	8	-274.0	274	3440	8	-274.0	274	3440	8	-274.0	274	3440	8	-274.0	274	3440	8	-274.0	274	3440	8	-274.0	274	3440	8	-274.0	274	3440	8	-274.0	274	3440	8	-274.0	274	3440
9	-337.0	337	3777	9	-337.0	337	3777	9	-337.0	337	3777	9	-337.0	337	3777	9	-337.0	337	3777	9	-337.0	337	3777	9	-337.0	337	3777	9	-337.0	337	3777	9	-337.0	337	3777	9	-337.0	337	3777	9	-337.0	337	3777	9	-337.0	337	3777	9	-337.0	337	3777	9	-337.0	337	3777	9	-337.0	337	3777	9	-337.0	337	3777	9	-337.0	337	3777	9	-337.0	337	3777
10	-195.0	195	3972	10	-195.0	195	3972	10	-195.0	195	3972	10	-195.0	195	3972	10	-195.0	195	3972	10	-195.0	195	3972	10	-195.0	195	3972	10	-195.0	195	3972	10	-195.0	195	3972	10	-195.0	195	3972	10	-195.0	195	3972	10	-195.0	195	3972	10	-195.0	195	3972	10	-195.0	195	3972	10	-195.0	195	3972	10	-195.0	195	3972	10	-195.0	195	3972	10	-195.0	195	3972
11	-277.0	277	4249	11	-277.0	277	4249	11	-277.0	277	4249	11	-277.0	277	4249	11	-277.0	277	4249	11	-277.0	277	4249	11	-277.0	277	4249	11	-277.0	277	4249	11	-277.0	277	4249	11	-277.0	277	4249	11	-277.0	277	4249	11	-277.0	277	4249	11	-277.0	277	4249	11	-277.0	277	4249	11	-277.0	277	4249	11	-277.0	277	4249	11	-277.0	277	4249	11	-277.0	277	4249
12	-161.0	161	4410	12	-161.0	161	4410	12	-161.0	161	4410	12	-161.0	161	4410	12	-161.0	161	4410	12	-161.0	161	4410	12	-161.0	161	4410	12	-161.0	161	4410	12	-161.0	161	4410	12	-161.0	161	4410	12	-161.0	161	4410	12	-161.0	161	4410	12	-161.0	161	4410	12	-161.0	161	4410	12	-161.0	161	4410	12	-161.0	161	4410	12	-161.0	161	4410	12	-161.0	161	4410
13	-159.0	159	4569	13	-159.0	159	4569	13	-159.0	159	4569	13	-159.0	159	4569	13	-159.0	159	4569	13	-159.0	159	4569	13	-159.0	159	4569	13	-159.0	159	4569	13	-159.0	159	4569	13	-159.0	159	4569	13	-159.0	159	4569	13	-159.0	159	4569	13	-159.0	159	4569	13	-159.0	159	4569	13	-159.0	159	4569	13	-159.0	159	4569	13	-159.0	159	4569	13	-159.0	159	4569
14	-292.0	292	4861	14	-292.0	292	4861	14	-292.0	292	4861	14	-292.0	292	4861	14	-292.0	292	4861	14	-292.0	292	4861	14	-292.0	292	4861	14	-292.0	292	4861	14	-292.0	292	4861	14	-292.0	292	4861	14	-292.0	292	4861	14	-292.0	292	4861	14	-292.0	292	4861	14	-292.0	292	4861	14	-292.0	292	4861	14	-292.0	292	4861	14	-292.0	292	4861	14	-292.0	292	4861
15	-160.0	160	5021	15	-160.0	160	5021	15	-160.0	160	5021	15	-160.0	160	5021	15	-160.0	160	5021	15	-160.0	160	5021	15	-160.0	160	5021	15	-160.0	160	5021	15	-160.0	160	5021	15	-160.0	160	5021	15	-160.0	160	5021	15	-160.0	160	5021	15	-160.0	160	5021	15	-160.0	160	5021	15	-160.0	160	5021	15	-160.0	160	5021	15	-160.0	160	5021	15	-160.0	160	5021
16	-268.0	268	5289	16	-268.0	268	5289	16	-268.0	268	5289	16	-268.0	268	5289	16	-268.0	268	5289	16	-268.0	268	5289	16	-268.0	268	5289	16	-268.0	268	5289	16	-268.0	268	5289	16	-268.0	268	5289	16	-268.0	268	5289	16	-268.0	268	5289	16	-268.0	268	5289	16	-268.0	268	5289	16	-268.0	268	5289	16	-268.0	268	5289	16	-268.0	268	5289	16	-268.0	268	5289
17	-224.0	224	5513	17	-224.0	224	5513	17	-224.0	224	5513	17	-224.0	224	5513	17	-224.0	224	5513	17	-224.0	224	5513	17	-224.0	224	5513	17	-224.0	224	5513	17	-224.0	224	5513	17	-224.0	224	5513	17	-224.0	224	5513	17	-224.0	224	5513	17	-224.0	224	5513	17	-224.0	224	5513	17	-224.0	224	5513	17	-224.0	224	5513	17	-224.0	224	5513	17	-224.0	224	5513
18	-227.0	227	5740	18	-227.0	227	5740	18	-227.0	227	5740	18	-227.0	227	5740	18	-227.0	227	5740	18	-227.0	227	5740	18	-227.0	227	5740	18	-227.0	227	5740	18	-227.0	227	5740	18	-227.0	227	5740	18	-227.0	227	5740	18	-227.0	227	5740	18	-227.0	227	5740	18	-227.0	227	5740	18	-227.0	227	5740	18	-227.0	227	5740	18	-227.0	227	5740	18	-227.0	227	5740
19	-192.0	192	5932	19	-192.0	192	5932	19	-192.0	192	5932	19	-192.0	192	5932	19	-192.0	192	5932	19	-192.0	192	5932	19	-192.0	192	5932	19	-192.0	192	5932	19	-192.0	192	5932	19	-192.0	192	5932	19	-192.0	192	5932	19	-192.0	192	5932	19	-192.0	192	5932	19	-192.0	192	5932	19	-192.0	192	5932	19	-192.0	192	5932	19	-192.0	192	5932	19	-192.0	192	5932
20	-224.0	224	6156	20	-224.0	224	6156	20	-224.0	224	6156	20	-224.0	224	6156	20	-224.0	224	6156	20	-224.0	224	6156	20	-224.0	224	6156	20	-224.0	224	6156	20	-224.0	224	6156	20	-224.0	224	6156	20	-224.0	224	6156	20	-224.0	224	6156	20	-224.0	224	6156	20	-224.0	224	6156	20	-224.0	224	6156	20	-224.0	224	6156	20	-224.0	224	6156	20	-224.0	224	6156
21	-203.0	203	6359	21	-203.0	203	6359	21	-203.0	203	6359	21	-203.0	203	6359	21	-203.0	203	6359	21	-203.0	203	6359	21	-203.0	203	6359	21	-203.0	203	6359	21	-203.0	203	6359	21	-203.0	203	6359	21	-203.0	203	6359	21	-203.0	203	6359	21	-203.0	203	6359	21	-203.0	203	6359	21	-203.0	203	6359	21	-203.0	203	6359	21	-203.0	203	6359	21	-203.0	203	6359
22	-182.0	182	6541	22	-182.0	182	6541	22	-182.0	182	6541	22	-182.0	182	6541	22	-182.0	182	6541	22	-182.0	182	6541	22	-182.0	182	6541	22	-182.0	182	6541	22	-182.0	182	6541	22	-182.0	182	6541	22	-182.0	182	6541	22	-182.0	182	6541	22	-182.0	182	6541	22	-182.0	182	6541	22	-182.0	182	6541	22	-182.0	182	6541	22	-182.0	182	6541	22	-182.0	182	6541
23	-229.0	229	6770	23	-229.0	229	6770	23	-229.0	229	6770	23	-229.0	229	6770	23	-229.0	229	6770	23	-229.0	229	6770	23	-229.0	229	6770	23	-229.0	229	6770	23	-229.0	229	6770	23	-229.0	229	6770	23	-229.0	229	6770	23	-229.0	229	6770	23	-229.0	229	6770	23	-229.0	229	6770	23	-229.0	229	6770	23	-229.0	229	6770	23	-229.0	229	6770	23	-229.0	229	6770
24	-186.0	186	6956	24	-186.0	186	6956	24	-186.0	186	6956	24	-186.0	186	6956	24	-186.0	186	6956	24	-186.0	186	6956	24	-186.0	186	6956	24	-186.0	186	6956	24	-186.0	186	6956	24	-186.0	186	6956	24	-186.0	186	6956	24	-186.0	186	6956	24	-186.0	186	6956	24	-186.0	186	6956	24	-186.0	186	6956	24	-186.0	186	6956	24	-186.0	186	6956	24	-186.0	186	6956
25	-150.0	150	7106	25	-150.0	150	7106	25	-150.0	150	7106	25	-150.0	150	7106	25	-150.0	150	7106	25	-150.0	150	7106	25	-150.0	150	7106	25	-150.0	150	7106	25	-150.0	150	7106	25	-150.0	150	7106	25	-150.0	150	7106	25	-150.0	150	7106	25	-150.0	150	7106	25	-150.0	150	7106	25	-150.0	150	7106	25	-150.0	150	7106	25	-150.0	150	7106	25	-150.0	150	7106
26	-148.0	148	7254	26	-148.0	148	7254	26	-148.0	148	7254	26	-148.0	148	7254	26	-148.0	148	7254	26	-148.0	148	7254	26	-148.0	148	7254	26	-148.0	148	7254	26	-148.0	148	7254	26	-148.0	148	7254	26	-148.0	148	7254	26	-148.0	148	7254	26	-148.0	148	7254	26	-148.0	148	7254	26	-148.0	148	7254	26	-148.0	148	7254	26	-148.0	148	7254	26	-148.0	148	7254
27	-231.0	231	7485	27	-231.0	231	7485	27	-231.0	231	7485	27	-231.0	231	7485	27	-231.0	231	7485	27	-231.0	231	7485	27	-231.0	231	7485	27	-231.0	231	7485	27	-231.0	231	7485	27	-231.0	231	7485	27	-231.0	231	7485	27	-231.0	231	7485	27	-231.0	231	7485	27	-231.0	231	7485	27	-231.0	231	7485	27	-231.0	231	7485	27	-231.0	231	7485	27	-231.0	231	7485
28	-206.0	206	7691	28	-206.0	206	7691	28	-206.0	206	7691	28	-206.0	206	7691	28	-206.0	206	7691	28	-206.0	206	7691	28	-206.0	206	7691	28	-206.0	206	7691	28	-206.0	206	7691	28	-206.0	206	7691	28	-206.0	206	7691	28	-206.0	206	7691	28	-206.0	206	7691	28	-206.0	206	7691	28	-206.0	206	7691	28	-206.0	206	7691	28	-206.0	206	7691	28	-206.0	206	7691
29	-198.0	198	7889	29	-198.0	198	7889	29	-198.0	198	7889	29	-198.0	198	7889	29	-198.0	198	7889	29	-198.0	198	7889	29	-198.0	198	7889	29	-198.0	198	7889	29	-198.0	198	7889	29	-198.0	198	7889	29	-198.0	198	7889	29	-198.0	198	7889	29	-198.0	198	7889	29	-198.0	198	7889	29	-198.0	198	7889	29	-198.0	198	7889	29	-198.0	198	7889	29	-198.0	198	7889
30	-165.0	165	8054	30	-165.0	165	8054	30	-165.0	165	8054	30	-165.0	165	8054	30	-165.0	165	8054	30	-165.0	165	8054	30	-165.0	165	8054	30	-165.0	165	8054	30	-165.0	165	8054	30	-165.0	165	8054	30	-165.0	165	8054	30	-165.0	165	8054	30	-165.0	165	8054	30	-165.0	165	8054	30	-165.0	165	8054	30	-165.0	165	8054	30	-165.0	165	8054	30	-165.0	165	8054
31	-145.0	145	8199	31	-145.0	145	8199	31	-145.0	145	8199	31	-145.0	145	8199	31	-145.0	145	8199	31	-145.0	145	8199	31	-145.0	145	8199	31	-145.0	145	8199	31	-145.0	145	8199	31	-145.0	145	8199	31	-145.0	145	8199	31	-145.0	145	8199	31	-145.0	145	8199	31	-145.0	145	8199	31	-145.0	145	8199	31	-145.0	145	8199	31	-145.0	145	8199	31	-145.0	145	8199
32	-239.0	239	8438	32	-239.0	239	8438	32	-239.0	239	8438	32	-239.0	239	8438	32	-239.0	239	8438	32	-239.0	239	8438	32	-239.0	239	8438	32	-239.0	239	8438	32	-239.0	239	8438	32	-239.0	239	8438	32	-239.0	239	8438	32	-239.0	239	8438	32	-239.0	239	8438	32	-239.0	239	8438	32	-239.0	239	8438	32	-239.0	239	8438	32	-239.0	239	8438	32	-239.0	239	8438
33	-151.0	151	8589	33	-151.0	151	8589	33	-151.0	151	8589	33	-151.0	151	8589	33	-151.0	151	8589	33	-151.0	151	8589	33	-151.0	151	8589	33	-151.0	151	8589	33	-151.0	151	8589	33	-151.0	151	8589	33	-151.0	151	8589	33	-151.0	151	8589	33	-151.0	151	8589	33	-151.0	151	8589	33	-151.0	151	8589	33	-151.0	151	8589	33	-151.0	151	8589	33	-151.0	151	8589
34	-185.0	185	8774	34	-185.0	185	8774	34	-185.0	185	8774	34	-185.0	185	8774	34	-185.0	185	8774	34	-185.0	185	8774	34	-185.0	185	8774	34	-185.0	185	8774	34	-185.0	185	8774	34	-185.0	185	8774	34	-185.0	185	8774	34	-185.0	185	8774	34	-185.0	185	8774	34	-185.0	185	8774	34	-185.0	185	8774	34	-185.0	185	8774	34	-185.0	185	8774	34	-185.0	185	8774
35	-191.0	191	8965	35	-191.0	191	8965	35	-191.0	191	8965	35	-191.0	191	8965	35	-191.0	191	8965	35	-191.0	191	8965	35	-191.0	191	8965	35	-191.0	191	8965	35	-191.0	191	8965	35	-191.0	191	8965	35	-191.0	191	8965	35	-191.0	191	8965	35	-191.0	191	8965	35	-191.0	191	8965	35	-191.0	191	8965	35	-191.0	191	8965	35	-191.0	191	8965	35	-191.0	191	8965
36	-118.0	118	9083	36	-118.0	118	9083	36	-118.0	118	9083	36	-118.0	118	9083	36	-118.0	118	9083	36	-118.0	118	9083	36	-118.0	118	9083	36	-118.0	118	9083	36	-118.0	118	9083	36	-118.0	118	9083	36	-118.0	118	9083	36	-118.0	118	9083	36	-118.0	118	9083	36	-118.0	118	9083	36	-118.0	118	9083	36	-118.0	118	9083	36	-118.0	118	9083	36	-118.0	118	9083
37	-163.0	163	9246	37	-163.0	163	9246	37	-163.0	163	9246	37	-163.0	163	9246	37	-163.0	163	9246	37	-163.0	163	9246	37	-163.0	163	9246	37	-163.0	163	9246	37	-163.0	163	9246	37	-163.0	163	9246	37	-163.0	163	9246	37	-163.0	163	9246	37	-163.0	163	9246	37	-163.0	163	9246	37	-163.0	163	9246	37	-163.0	163	9246	37	-163.0	163	9246	37	-163.0	163	9246
38	-254.0	254	9500	38	-254.0	254	9500	38	-254.0	254	9500	38	-254.0	254	9500	38	-254.0	254	9500	38	-254.0	254	9500	38	-254.0	254	9500	38	-254.0	254	9500	38	-254.0	254	9500	38	-254.0	254	9500	38	-254.0	254	9500	38	-254.0	254	9500	38	-254.0	254	9500	38	-254.0	254	9500	38	-254.0	254	9500	38	-254.0	254	9500	38	-254.0	254	9500	38	-254.0	254	9500
39	-143.0	143	9643	39	-143.0	143	9643	39	-143.0	143	9643	39	-143.0	143	9643	39	-143.0	143	9643	39	-143.0	143	9643	39	-143.0	143	9643	39	-143.0	143	9643	39	-143.0	143	9643	39	-143.0	143	9643	39	-143.0	143	9643	39	-143.0	143	9643	39	-143.0	143	9643	39	-143.0	143	9643	39	-143.0	143	9643	39	-143.0	143	9643	39	-143.0	143	9643	39	-143.0	143	9643
40	-141.0	141	9784	40	-141.0	141	9784	40	-141.0	141	9784	40	-141.0	141	9784	40	-141.0	141	9784	40	-141.0	141	9784	40	-141.0	141	9784	40	-141.0	141	9784	40	-141.0	141	9784	40	-141.0	141	9784	40	-141.0	141	9784	40	-141.0	141	9784	40	-141.0	141	9784	40	-141.0	141	9784	40	-141.0	141	9784	40	-141.0	141	9784	40	-141.0	141	9784	40	-141.0	141	9784
41	-139.0	139	9923	41	-139.0	139	9923	41	-139.0	139	9923	41	-139.0	139	9923	41	-139.0	139	9923	41	-139.0	139	9923	41	-139.0	139	9923	41	-139.0	139	9923	41	-139.0	139	9923	41	-139.0	139	9923	41	-139.0	139	9923	41	-139.0	139	9923	41	-139.0	139	9923	41	-139.0	139	9923	41	-139.0	139	9923	41	-139.0	139	9923	41	-139.0	139	9923	41	-139.0	139	9923
42	-139.0	139	10062	42	-139.0	139	10062	42	-139.0	139	10062	42	-139.0	139	10062	42	-139.0	139	10062	42	-139.0	139	10062	42	-139.0	139	10062	42	-139.0	139	10062	42	-139.0	139	10062	42	-139.0	139	10062	42	-139.0	139	10062	42	-139.0	139	10062	42	-139.0	139	10062	42	-139.0	139	10062	42	-139.0	139	10062	42	-139.0	139	10062	42	-139.0	139	10062	42	-139.0	139	10062
43	-156.0	156	10218	43	-156.0	156	10218	43	-156.0	156	10218	43	-156.0	156	10218	43	-156.0	156	10218	43	-156.0	156	10218	43	-156.0	156	10218	43	-156.0	156	10218	43	-156.0	156	10218	43	-156.0	156	10218	43	-156.0	156	10218	43	-156.0	156	10218	43	-156.0	156	10218	43	-156.0	156	10218	43	-156.0	156	10218	43	-156.0	156	10218	43	-156.0	156	10218	43	-156.0	156	10218
44	-153.0	153	10371	44	-153.0	153	10371	44	-153.0	153	10371	44	-153.0	153	10371	44	-153.0	153	10371	44	-153.0	153	10371	44	-153.0	153	10371	44	-153.0	153	10371	44	-153.0	153	10371	44	-153.0	153	10371	44	-153.0	153	10371	44	-153.0	153	10371	44	-153.0	153	10371	44	-153.0	153	10371	44	-153.0	153	10371	44	-153.0	153	10371	44	-153.0	153	10371	44	-153.0	153	10371
45	-154.0	154	10525	45	-154.0	154	10525	45	-154.0	154	10525	45	-154.0	154	10525	45	-154.0	154	10525	45	-154.0	154	10525	45	-154.0	154	10525	45	-154.0	154	10525	45	-154.0	154	10525	45	-154.0	154	10525	45	-154.0	154	10525	45	-154.0	154	10525	45	-154.0	154	10525	45	-154.0	154	10525	45	-154.0	154	10525	45	-154.0	154	10525	45	-154.0	154	10525	45	-154.0	154	10525
46	-144.0	144	10669	46	-144.0	144	10669	46	-144.0	144	10669	46	-144.0	144	10669	46	-144.0	144	10669	46	-144.0	144	10669	46	-144.0	144	10669	46	-144.0	144	10669	46	-144.0	144	10669	46	-144.0	144	10669	46	-144.0	144	10669	46	-144.0	144	10669	46	-144.0	144	10669	46	-144.0	144	10669	46	-144.0	144	10669	46	-144.0	144	10669	46	-144.0	144	10669	46	-144.0	144	10669
47	-148.0	148	10817	47	-148.0	148	10817	47	-148.0	148	10817	47	-148.0	148	10817	47	-148.0	148	10817	47	-148.0	148	10817	47	-148.0	148	10817	47	-148.0	148	10817	47	-148.0	148	10817	47	-148.0	148	10817	47	-148.0	148	10817	47	-148.0	148	10817	47	-148.0	148	10817	47	-148.0	148	10817	47	-148.0	148	10817	47	-148.0	148	10817	47	-148.0	148	10817	47	-148.0	148	10817
48	-152.0	152	10969	48	-152.0	152	10969	48	-152.0	152	10969	48	-152.0	152	10969	48	-152.0	152	10969	48	-152.0	152	10969	48	-152.0	152	10969	48	-152.0	152	10969	48	-152.0	152	10969	48	-152.0	152	10969	48	-152.0	152	10969	48	-152.0	152	10969	48	-152.0	152	10969	48	-152.0	152	10969	48	-152.0	152	10969	48	-152.0	152	10969	48	-152.0	152	10969	48	-152.0	152	10969
49	-131.0	131	11100	49	-131.0	131	11100	49	-131.0	131	11100	49	-131.0	131	11100	49	-131.0	131	11100	49	-131.0	131	11100	49	-131.0	131	11100	49	-131.0	131	11100	49	-131.0	131	11100	49	-131.0	131	11100	49	-131.0	131	11100	49	-131.0	131	11100	49	-131.0	131	11100	49	-131.0	131	11100	49	-131.0	131	11100	49	-131.0	131	11100	49	-131.0	131	11100	49	-131.0	131	11100
50	-144.0	144	11244	50	-144.0	144	11244	50	-144.0	144	11244	50	-144.0	144	11244	50	-144.0	144	11244	50	-144.0	144	11244	50	-144.0	144	11244	50	-144.0	144	11244	50	-144.0	144	11244	50	-144.0	144	11244	50	-144.0	144	11244	50	-144.0	144	11244	50	-144.0	144	11244	50	-144.0	144	11244	50	-144.0	144	11244	50	-144.0	144	11244	50	-144.0	144	11244	50	-144.0	144	11244
51	-147.0	147	11391	51	-147.0	147	11391	51	-147.0	147	11391	51	-147.0	147	11391	51	-147.0	147	11391	51	-147.0	147	11391	51	-147.0	147	11391	51	-147.0	147	11391	51	-147.0	147	11391	51	-147.0	147	11391	51	-147.0	147	11391	51	-147.0	147	11391	51	-147.0	147	11391	51	-147.0	147	11391	51	-147.0	147	11391	51	-147.0	147	11391	51	-147.0	147	11391	51	-147.0	147	11391
52	-116.0	116	11507	52	-116.0	116	11507	52	-116.0	116	11507	52	-116.0	116	11507	52	-116.0	116	11507	52	-116.0	116	11507	52	-116.0	116	11507	52	-116.0	116	11507	52	-116.0	116	11507	52	-116.0	116	11507	52	-116.0	116	11507	52	-116.0	116	11507	52	-116.0	116	11507	52	-116.0	116	11507	52	-116.0	116	11507	52	-116.0	116	11507	52	-116.0	116	11507	52	-116.0	116	11507
53	-162.0	162	11669	53	-162.0	162	11669	53	-162.0	162	11669	53	-162.0	162	11669	53	-162.0	162	11669	53	-162.0	162	11669	53	-162.0	162	11669	53	-162.0	162	11669	53	-162.0	162	11669	53	-162.0	162	11669	53	-162.0	162	11669	53	-162.0	162	11669	53	-162.0	162	11669	53	-162.0	162	11669	53	-162.0	162	11669	53	-162.0	162	11669	53	-162.0	162	11669	53	-162.0	162	11669
54	-126.0	126	11795	54	-126.0	126	11795	54	-126.0	126	11795	54	-126.0	126	11795	54	-126.0	126	11795	54	-126.0	126	11795	54	-126.0	126	11795	54	-126.0	126	11795	54	-126.0	126	11795	54	-126.0	126	11795	54	-126.0	126	11795	54	-126.0	126	11795	54	-126.0	126	11795	54	-126.0	126	11795	54	-126.0	126	11795	54	-126.0	126	11795	54	-126.0	126	11795	54	-126.0	126	11795
55	-150.0	150	11945	55	-150.0	150	11945	55	-150.0	150	11945	55	-150.0	150	11945	55	-150.0	150	11945	55	-150.0	150	11945	55	-150.0	150	11945	55	-150.0	150	11945	55	-150.0	150	11945	55	-150.0	150	11945	55	-150.0	150	11945	55	-150.0	150	11945	55	-150.0	150	11945	55	-150.0	150	11945	55	-150.0	150	11945	55	-150.0	150	11945	55	-150.0	150	11945	55	-150.0	150	11945
56	-143.0	143	12088	56	-143.0	143	12088	56	-143.0	143	12088	56	-143.0	143	12088	56	-143.0	143	12088	56	-143.0	143	12088	56	-143.0	143	12088	56	-143.0	143	12088	56	-143.0	143	12088	56	-143.0	143	12088	56	-143.0	143	12088	56	-143.0	143	12088	56	-143.0	143	12088	56	-143.0	143	12088	56	-143.0	143	12088	56	-143.0	143	12088	56	-143.0	143	12088	56	-143.0	143	12088
57	-155.0	155	12243	57	-155.0	155	12243	57	-155.0	155	12243	57	-155.0	155	12243	57	-155.0	155	12243	57	-155.0	155	12243	57	-155.0	155	12243	57	-155.0	155	12243	57	-155.0	155	12243	57	-155.0	155	12243	57	-155.0	155	12243	57	-155.0	155	12243	57	-155.0	155	12243	57	-155.0	155	12243	57	-155.0	155	12243	57	-155.0	155	12243	57	-155.0	155	12243	57	-155.0	155	12243
58	-154.0	154	12397	58	-154.0	154	12397	58	-154.0	154	12397	58	-154.0	154	12397	58	-154.0	154	12397	58	-154.0	154	12397	58	-154.0	154	12397	58	-154.0	154	12397	58	-154.0	154	12397	58	-154.0	154	12397	58	-154.0	154	12397	58	-154.0	154	12397	58	-154.0	154	12397	58	-154.0	154	12397	58	-154.0	154	12397	58	-154.0	154	12397	58	-154.0	154	12397	58	-154.0	154	12397
59	-161.0	161	12558	59	-161.0	161	12558	59	-161.0	161	12558	59	-161.0	161	12558	59	-161.0	161	12558	59	-161.0	161	12558	59	-161.0	161	12558	59	-161.0	161	12558	59	-161.0	161	12558	59	-161.0	161	12558	59	-161.0	161	12558	59	-161.0	161	12558	59	-161.0	161	12558	59	-161.0	161	12558	59	-161.0	161	12558	59	-161.0	161	12558	59	-161.0	161	12558	59	-161.0	161	12558
60	-110.0	110	12668	60	-110.0	110	12668	60	-110.0	110	12668	60	-110.0	110	12668	60	-110.0	110	12668	60	-110.0	110	12668	60	-110.0	110	12668	60	-110.0	110	12668	60	-110.0	110	12668	60	-110.0	110	12668	60	-110.0	110	12668	60	-110.0	110	12668	60	-110.0	110	12668	60	-110.0	110	12668	60	-110.0	110	12668	60	-110.0	110	12668	60	-110.0	110	12668	60	-110.0	110	12668
61	-156.0	156	12824	61	-156.0	156	12824	61	-156.0	156	12824	61	-156.0	156	12824	61	-156.0	156	12824	61	-156.0	156	12824	61	-156.0	156	12824	61	-156.0	156	12824	61	-156.0	156	12824	61	-156.0	156	12824	61	-156.0	156	12824	61	-156.0	156	12824	61	-156.0	156	12824	61	-156.0	156	12824	61	-156.0	156	12824	61	-156.0	156	12824	61	-156.0	156	12824	61	-156.0	156	12824
62	-131.0	131	12955	62	-131.0	131	12955	62	-131.0	131	12955	62	-131.0	131	12955	62	-131.0	131	12955	62	-131.0	131	12955	62	-131.0	131	12955	62	-131.0	131	12955	62	-131.0	131	12955	62	-131.0	131	12955	62	-131.0	131	12955	62	-131.0	131	12955	62	-131.0	131	12955	62	-131.0	131	12955	62	-131.0	131	12955	62	-131.0	131	12955	62	-131.0	131	12955	62	-131.0	131	12955
63	-201.0	201	13156	63	-201.0	201	13156	63	-201.0	201	13156	63	-201.0	201	13156	63	-201.0	201	13156	63	-201.0	201	13156	63	-201.0	201	13156	63	-201.0	201	13156	63	-201.0	201	13156	63	-201.0	201	13156	63	-201.0	201	13156	63	-201.0	201	13156	63	-201.0	201	13156	63	-201.0	201	13156	63	-201.0	201	13156	63	-201.0	201	13156	63	-201.0	201	13156	63	-201.0	201	13156
64	-118.0	118	13274	64	-118.0	118	13274	64	-118.0	118	13274	64	-118.0	118	13274	64	-118.0	118	13274	64	-118.0	118	13274	64	-118.0	118	13274	64	-118.0	118	13274	64	-118.0	118	13274	64	-118.0	118	13274	64	-118.0	118	13274	64	-118.0	118	13274	64	-118.0	118	13274	64	-118.0	118	13274	64	-118.0	118	13274	64	-118.0	118	13274	64	-118.0	118	13274	64	-118.0	118	13274
65	-190.0	190	13464	65	-190.0	190	13464	65	-190.0	190	13464	65	-190.0	190	13464	65	-190.0	190	13464	65	-190.0	190	13464	65	-190.0	190	13464	65	-190.0	190	13464	65	-190.0	190	13464	65	-190.0	190	13464	65	-190.0	190	13464	65	-190.0	190	13464	65	-190.0	190	13464	65	-190.0	190	13464	65	-190.0	190	13464	65	-190.0	190	13464	65	-190.0	190	13464	65	-190.0	190	13464
66	-147.0	147	13611	66	-147.0	147	13611	66	-147.0	147	13611	66	-147.0	147	13611	66	-147.0	147	13611	66	-147.0	147	13611	66	-147.0	147	13611	66	-147.0	147	13611	66	-147.0	147	13611	66	-147.0	147	13611	66	-147.0	147	13611	66	-147.0	147	13611	66	-147.0	147	13611	66	-147.0	147	13611	66	-147.0	147	13611	66	-147.0	147	13611	66	-147.0	147	13611	66	-147.0	147	13611
67	-138.0	138	13749	67	-138.0	138	13749	67	-138.0	138	13749	67	-138.0	138	13749	67	-138.0	138	13749	67	-138.0	138	13749	67	-138.0	138	13749	67	-138.0	138	13749	67	-138.0	138	13749	67	-138.0	138	13749	67	-138.0	138	13749	67	-138.0	138	13749	67	-138.0	138	13749	67	-138.0	138	13749	67	-138.0	138	13749	67	-138.0	138	13749	67	-138.0	138	13749	67	-138.0	138	13749
68	-222.0	222	13971	68	-222.0	222	13971	68	-222.0	222	13971	68	-222.0	222	13971	68	-222.0	222	13971	68	-222.0	222	13971	68	-222.0	222	13971	68	-222.0	222	13971	68	-222.0	222	13971	68	-222.0	222	13971	68	-222.0	222	13971	68	-222.0	222	13971	68	-222.0	222	13971	68	-222.0	222	13971	68	-222.0	222	13971	68	-222.0	222	13971	68	-222.0	222	13971	68	-222.0	222	13971
69	-141.0	141	14112	69	-141.0	141	14112	69	-141.0	141	14112	69	-141.0	141	14112	69	-141.0	141	14112	69	-141.0	141	14112	69	-141.0	141	14112	69	-141.0	141	14112	69	-141.0	141	14112	69	-141.0	141	14112	69	-141.0	141	14112	69	-141.0	141	14112	69	-141.0	141	14112	69	-141.0	141	14112	69	-141.0	141	14112	69	-141.0	141	14112	69	-141.0	141	14112	69	-141.0	141	14112
70	-198.0	198	14310	70	-198.0	198	14310	70	-198.0	198	14310	70	-198.0	198	14310	70	-198.0	198	14310	70	-198.0	198	14310	70	-198.0	198	14310	70	-198.0	198	14310	70	-198.0	198	14310	70	-198.0	198	14310	70	-198.0	198	14310	70	-198.0	198	14310	70	-198.0	198	14310	70	-198.0	198	14310	70	-198.0	198	14310	70	-198.0	198	14310	70	-198.0	198	14310	70	-198.0	198	14310
71	-114.0	114	14424	71	-114.0	114	14424	71	-114.0	114	14424	71	-114.0	114	14424	71	-114.0	114	14424	71	-114.0	114	14424	71	-114.0	114	14424	71	-114.0	114	14424	71	-114.0	114	14424	71	-114.0	114	14424	71	-114.0	114	14424	71	-114.0	114	14424	71	-114.0	114	14424	71	-114.0	114	14424	71	-114.0	114	14424	71	-114.0	114	14424	71	-114.0	114	14424	71	-114.0	114	14424
72	-157.0	157	14581	72	-157.0	157	14581	72	-157.0	157	14581	72	-157.0	157	14581	72	-157.0	157	14581	72	-157.0	157	14581	72	-157.0	157	14581	72	-157.0	157	14581	72	-157.0	157	14581	72	-157.0	157	14581	72	-157.0	157	14581	72	-157.0	157	14581	72	-157.0	157	14581	72	-157.0	157	14581	72	-157.0	157	14581	72	-157.0	157	14581	72	-157.0	157	14581	72	-157.0	157	14581
73	-179.0	179	14760	73	-179.0	179	14760	73	-179.0	179	14760	73	-179.0	179	14760	73	-179.0	179	14760	73	-179.0	179	14760	73	-179.0	179	14760	73	-179.0	179	14760	73	-179.0	179	14760	73	-179.0	179	14760	73	-179.0	179	14760	73	-179.0	179	14760	73	-179.0	179	14760	73	-179.0	179	14760	73	-179.0	179	14760	73	-179.0	179	14760	73	-179.0	179	14760	73	-179.0	179	14760
74	-153.0	153	14913	74	-153.0	153	14913	74	-153.0	153	14913	74	-153.0	153	14913	74	-153.0	153	14913	74	-153.0	153	14913	74	-153.0	153	14913	74	-153.0	153	14913	74	-153.0	153	14913	74	-153.0	153	14913	74	-153.0	153	14913	74	-153.0	153	14913	74	-153.0	153	14913	74	-153.0	153	14913	74	-153.0	153	14913	74	-153.0	153	14913	74	-153.0	153	14913	74	-153.0	153	14913
75	-210.0	210	15123	75	-210.0	210	15123	75	-210.0	210	15123	75	-210.0	210	15123	75	-210.0	210	15123	75	-210.0	210	15123	75	-210.0	210	15123	75	-210.0	210	15123	75	-210.0	210	15123	75	-210.0	210	15123	75	-210.0	210	15123	75	-210.0	210	15123	75	-210.0	210	15123	75	-210.0	210	15123	75	-210.0	210	15123	75	-210.0	210	15123	75	-210.0	210	15123	75	-210.0	210	15123
76	-212.0	212	15335	76	-212.0	212	15335	76	-212.0	212	15335	76	-212.0	212	15335	76	-212.0	212	15335	76	-212.0	212	15335	76	-212.0	212	15335	76	-212.0	212	15335	76	-212.0	212	15335	76	-212.0	212	15335	76	-212.0	212	15335	76	-212.0	212	15335	76	-212.0	212	15335	76	-212.0	212	15335	76	-212.0	212	15335	76	-212.0	212	15335	76	-212.0	212	15335	76	-212.0	212	15335
77	-162.0	162	15497	77	-162.0	162	15497	77	-162.0	162	15497	77	-162.0	162	15497	77	-162.0	162	15497	77	-162.0	162	15497	77	-162.0	162	15497	77	-162.0	162	15497	77	-162.0	162	15497	77	-162.0	162	15497	77	-162.0	162	15497	77	-162.0	162	15497	77	-162.0	162	15497	77	-162.0	162	15497	77	-162.0	162	15497	77	-162.0	162	15497	77	-162.0	162	15497	77	-162.0	162	15497
78	-181.0	181	15678	78	-181.0	181	15678	78	-181.0	181	15678	78	-181.0	181	15678	78	-181.0	181	15678	78	-181.0	181	15678	78	-181.0	181	15678	78	-181.0	181	15678	78	-181.0	181	15678	78	-181.0	181	15678	78	-181.0	181	15678	78	-181.0	181	15678	78	-181.0	181	15678	78	-181.0	181	15678	78	-181.0	181	15678	78	-181.0	181	15678	78	-181.0	181	15678	78	-181.0	181	15678
79	-183.0	183	15861	79	-183.0	183	15861	79	-183.0	183	15861	79	-183.0	183	15861	79	-183.0	183	15861	79	-183.0	183	15861	79	-183.0	183	15861	79	-183.0	183	15861	79	-183.0	183	15861	79	-183.0	183	15861	79	-183.0	183	15861	79	-183.0	183	15861	79	-183.0	183	15861	79	-183.0	183	15861	79	-183.0	183	15861	79	-183.0	183	15861	79	-183.0	183	15861	79	-183.0	183	15861
80	-178.0	178	16039	80	-178.0	178	16039	80	-178.0	178	16039	80	-178.0	178	16039	80	-178.0	178	16039	80	-178.0	178	16039	80	-178.0	178	16039	80	-178.0	178	16039	80	-178.0	178	16039	80	-178.0	178	16039	80	-178.0	178	16039	80	-178.0	178	16039	80	-178.0	178	16039	80	-178.0	178	16039	80	-178.0	178	16039	80	-178.0	178	16039	80	-178.0	178	16039	80	-178.0	178	16039
81	-118.0	118	16157	81	-118.0	118	16157	81	-118.0	118	16157	81	-118.0	118	16157	81	-118.0	118	16157	81	-118.0	118	16157	81	-118.0	118	16157	81	-118.0	118	16157	81	-118.0	118	16157	81	-118.0	118	16157	81	-118.0	118	16157	81	-118.0	118	16157	81	-118.0	118	16157	81	-118.0	118	16157	81	-118.0	118	16157	81	-118.0	118	16157	81	-118.0	118	16157	81	-118.0	118	16157
82	-184.0	184	16341	82	-184.0	184	16341	82	-184.0	184	16341	82	-184.0	184	16341	82	-184.0	184	16341	82	-184.0	184	16341	82	-184.0	184	16341	82	-184.0	184	16341	82	-184.0	184	16341	82	-184.0	184	16341	82	-184.0	184	16341	82	-184.0	184	16341	82	-184.0	184	16341	82	-184.0	184	16341	82	-184.0	184	16341	82	-184.0	184	16341	82	-184.0	184	16341	82	-184.0	184	16341
83	-145.0	145	16486	83	-145.0	145	16486	83	-145.0	145	16486	83	-145.0	145	16486	83	-145.0	145	16486	83	-145.0	145	16486	83	-145.0	145	16486	83	-145.0	145	16486	83	-145.0	145	16486	83	-145.0	145	16486	83	-145.0	145	16486	83	-145.0	145	16486	83	-145.0	145	16486	83	-145.0	145	16486	83	-145.0	145	16486	83	-145.0	145	16486	83	-145.0	145	16486	83	-145.0	145	16486
84	-144.0	144	16630	84	-144.0	144	16630	84	-144.0	144	16630	84	-144.0	144	16630	84	-144.0	144	16630	84	-144.0	144	16630	84	-144.0	144	16630	84	-144.0	144	16630	84	-144.0	144	16630	84	-144.0	144	16630	84	-144.0	144	16630	84	-144.0	144	16630	84	-144.0	144	16630	84	-144.0	144	16630	84	-144.0	144	16630	84	-144.0	144	16630	84	-144.0	144	16630	84	-144.0	144	16630
85	-145.0	145	16775	85	-145.0	145	16775	85	-145.0	145	16775	85	-145.0	145	16775	85	-145.0	145	16775	85	-145.0	145	16775	85	-145.0	145	16775	85	-145.0	145	16775	85	-145.0	145	16775	85	-145.0	145	16775	85	-145.0	145	16775	85	-145.0	145	16775	85	-145.0	145	16775	85	-145.0	145	16775	85	-145.0	145	16775	85	-145.0	145	16775	85	-145.0	145	16775	85	-145.0	145	16775
86	-143.0	143	16918	86	-143.0	143	16918	86	-143.0	143	16918	86	-143.0	143	16918	86	-143.0	143	16918	86	-143.0	143	16918	86	-143.0	143	16918	86	-143.0	143	16918	86	-143.0	143	16918	86	-143.0	143	16918	86	-143.0	143	16918	86	-143.0	143	16918	86	-143.0	143	16918	86	-143.0	143	16918	86	-143.0	143	16918	86	-143.0	143	16918	86	-143.0	143	16918	86	-143.0	143	16918
87	-139.0	139	17057	87	-139.0	139	17057	87	-139.0	139	17057	87	-139.0	139	17057	87	-139.0	139	17057	87	-139.0	139	17057	87	-139.0	139	17057	87	-139.0	139	17057	87	-139.0	139	17057	87	-139.0	139	17057	87	-139.0	139	17057	87	-139.0	139	17057	87	-139.0	139	17057	87	-139.0	139	17057	87	-139.0	139	17057	87	-139.0	139	17057	87	-139.0	139	17057	87	-139.0	139	17057
88	-143.0	143	17200	88	-143.0	143	17200	88	-143.0	143	17200	88	-143.0	143	17200	88	-143.0	143	17200	88	-143.0	143	17200	88	-143.0	143	17200	88	-143.0	143	17200	88	-143.0	143	17200	88	-143.0	143	17200	88	-143.0	143	17200	88	-143.0	143	17200	88	-143.0	143	17200	88	-143.0	143	17200	88	-143.0	143	17200	88	-143.0	143	17200	88	-143.0	143	17200	88	-143.0	143	17200
89	-136.0	136	17336	89	-136.0	136	17336	89	-136.0	136	17336	89	-136.0	136	17336	89	-136.0	136	17336	89	-136.0	136	17336	89	-136.0	136	17336	89	-136.0	136	17336	89	-136.0	136	17336	89	-136.0	136	17336	89	-136.0	136	17336	89	-136.0	136	17336	89	-136.0	136	17336	89	-136.0	136	17336	89	-136.0	136	17336	89	-136.0	136	17336	89	-136.0	136	17336	89	-136.0	136	17336
90	-201.0	201	17537	90	-201.0	201	17537	90	-201.0	201	17537	90	-201.0	201	17537	90	-201.0	201	17537	90	-201.0	201	17537	90	-201.0	201	17537	90	-201.0	201	17537	90	-201.0	201	17537	90	-201.0	201	17537	90	-201.0	201	17537	90	-201.0	201	17537	90	-201.0	201	17537	90	-201.0	201	17537	90	-201.0	201	17537	90	-201.0	201	17537	90	-201.0	201	17537	90	-201.0	201	17537
91	-143.0	143	17680	91	-143.0	143	17680	91	-143.0	143	17680	91	-143.0	143	17680	91	-143.0	143	17680	91	-143.0	143	17680	91	-143.0	143	17680	91	-143.0	143	17680	91	-143.0	143	17680	91	-143.0	143	17680	91	-143.0	143	17680	91	-143.0	143	17680	91	-143.0	143	17680	91	-143.0	143	17680	91	-143.0	143	17680	91	-143.0	143	17680	91	-143.0	143	17680	91	-143.0	143	17680
92	-143.0	143	17823	92	-143.0	143	17823	92	-143.0	143	17823	92	-143.0	143	17823	92	-143.0	143	17823	92	-143.0	143	17823	92	-143.0	143	17823	92	-143.0	143	17823	92	-143.0	143	17823	92	-143.0	143	17823	92	-143.0	143	17823	92	-143.0	143	17823	92	-143.0	143	17823	92	-143.0	143	17823	92	-143.0	143	17823	92	-143.0	143	17823	92	-143.0	143	17823	92	-143.0	143	17823
93	-112.0	112	17935	93	-112.0	112	17935	93	-112.0	112	17935	93	-112.0	112	17935	93	-112.0	112	17935	93	-112.0	112	17935	93	-112.0	112	17935	93	-112.0	112	17935	93	-112.0	112	17935	93	-112.0	112	17935	93	-112.0	112	17935	93	-112.0	112	17935	93	-112.0	112	17935	93	-112.0	112	17935	93	-112.0	112	17935	93	-112.0	112	17935	93	-112.0	112	17935	93	-112.0	112	17935
94	-148.0	148	18083	94	-148.0	148	18083	94	-148.0	148	18083	94	-148.0	148	18083	94	-148.0	148	18083	94	-148.0	148	18083	94	-148.0	148	18083	94	-148.0	148	18083	94	-148.0	148	18083	94	-148.0	148	18083	94	-148.0	148	18083	94	-148.0	148	18083	94	-148.0	148	18083	94	-148.0	148	18083	94	-148.0	148	18083	94	-148.0	148	18083	94	-148.0	148	18083	94	-148.0	148	18083
95	-180.0	180	18263	95	-180.0	180	18263	95	-180.0	180	18263	95	-180.0	180	18263	95	-180.0	180	18263	95	-180.0	180	18263	95	-180.0	180	18263	95	-180.0	180	18263	95	-180.0	180	18263	95	-180.0	180	18263	95	-180.0	180	18263	95	-180.0	180	18263	95	-180.0	180	18263	95	-180.0	180	18263	95	-180.0	180	18263	95	-180.0	180	18263	95	-180.0	180	18263	95	-180.0	180	18263
96	-109.0	109	18372	96	-109.0	109	18372	96	-109.0	109	18372	96	-109.0	109	18372	96	-109.0	109	18372	96	-109.0	109	18372	96	-109.0	109	18372	96	-109.0	109	18372	96	-109.0	109	18372	96	-109.0	109	18372	96	-109.0	109	18372	96	-109.0	109	18372	96	-109.0	109	18372	96	-109.0	109	18372	96	-109.0	109	18372	96	-109.0	109	18372	96	-109.0	109	18372	96	-109.0	109	18372
97	-118.0	118	18490	97	-118.0	118	18490	97	-118.0	118	18490	97	-118.0	118	18490	97	-118.0	118	18490	97	-118.0	118	18490	97	-118.0	118	18490	97	-118.0	118	18490	97	-118.0	118	18490	97	-118.0	118	18490	97	-118.0	118	18490	97	-118.0	118	18490	97	-118.0	118	18490	97	-118.0	118	18490	97	-118.0	118	18490	97	-118.0	118	18490	97	-118.0	118	18490	97	-118.0	118	18490
98	-149.0	149	18639	98	-149.0	149	18639	98	-149.0	149	18639	98	-149.0	149	18639	98	-149.0	149	18639	98	-149.0	149	18639	98	-149.0	149	18639	98	-149.0	149	18639	98	-149.0	149	18639	98	-149.0	149	18639	98	-149.0	149	18639	98	-149.0	149	18639	98	-149.0	149	18639	98	-149.0	149	18639	98	-149.0	149	18639	98	-149.0	149	18639	98	-149.0	149	18639	98	-149.0	149	18639
99	-191.0	191	18830	99	-191.0	191	18830	99	-191.0	191	18830	99	-191.0	191	18830	99	-191.0	191	18830	99	-191.0	191	18830	99	-191.0	191	18830	99	-191.0	191	18830	99	-191.0	191	18830	99	-191.0	191	18830	99	-191.0	191	18830	99	-191.0	191	18830	99	-191.0	191	18830	99	-191.0	191	18830	99	-191.0	191	18830	99	-191.0	191	18830	99	-191.0	191	18830	99	-191.0	191	18830
100	-152.0	152	18982	100	-152.0	152	18982	100	-152.0	152	18982	100	-152.0	152	18982	100	-152.0	152	18982	100	-152.0	152	18982	100	-152.0	152	18982	100	-152.0	152	18982	100	-152.0	152	18982	100	-152.0	152	18982	100	-152.0	152	18982	100	-152.0	152	18982	100	-152.0	152	18982	100	-152.0	152	18982	100	-152.0	152	18982	100	-152.0	152	18982	100	-152.0	152	18982	100	-152.0	152	18982
101	-156.0	156	19138	101	-156.0	156	19138	101	-156.0	156	19138	101	-156.0	156	19138	101	-156.0	156	19138	101	-156.0	156	19138	101	-156.0	156	19138	101	-156.0	156	19138	101	-156.0	156	19138	101	-156.0	156	19138	101	-156.0	156	19138	101	-156.0	156	19138	101	-156.0	156	19138	101	-156.0	156	19138	101	-156.0	156	19138	101	-156.0	156	19138	101	-156.0	156	19138	101	-156.0	156	19138
102	-146.0	146	19284	102	-146.0	146	19284	102	-146.0	146	19284	102	-146.0	146	19284	102	-146.0	146	19284	102	-146.0	146	19284	102	-146.0	146	19284	102	-146.0	146	19284	102	-146.0	146	19284	102	-146.0	146	19284	102	-146.0	146	19284	102	-146.0	146	19284	102	-146.0	146	19284	102	-146.0	146	19284	102	-146.0	146	19284	102	-146.0	146	19284	102	-146.0	146	19284	102	-146.0	146	19284
103	-143.0	143	19427	103	-143.0	143	19427	103	-143.0	143	19427	103	-143.0	143	19427	103	-143.0	143	19427	103	-143.0	143	19427	103	-143.0	143	19427	103	-143.0	143	19427	103	-143.0	143	19427	103	-143.0	143	19427	103	-143.0	143	19427	103	-143.0	143	19427	103	-143.0	143	19427	103	-143.0	143	19427	103	-143.0	143	19427	103	-143.0	143	19427	103	-143.0	143	19427	103	-143.0	143	19427
104	-178.0	178	19605	104	-178.0	178	19605	104	-178.0	178	19605	104	-178.0	178	19605	104	-178.0	178	19605	104	-178.0	178	19605	104	-178.0	178	19605	104	-178.0	178	19605	104	-178.0	178	19605	104	-178.0	178	19605	104	-178.0	178	19605	104	-178.0	178	19605	104	-178.0	178	19605	104	-178.0	178	19605	104	-178.0	178	19605	104	-178.0	178	19605	104	-178.0	178	19605	104	-178.0	178	19605
105	-178.0	178	19783	105	-178.0	178	19783	105	-178.0	178	19783	105	-178.0	178	19783	105	-178.0	178	19783	105	-178.0	178	19783	105	-178.0	178	19783	105	-178.0	178	19783	105	-178.0	178	19783	105	-178.0	178	19783	105	-178.0	178	19783	105	-178.0	178	19783	105	-178.0	178	19783	105	-178.0	178	19783	105	-178.0	178	19783	105	-178.0	178	19783	105	-178.0	178	19783	105	-178.0	178	19783
106	-174.0	174	19957	106	-174.0	174	19957	106	-174.0	174	19957	106	-174.0	174	19957	106	-174.0	174	19957	106	-174.0	174	19957	106	-174.0	174	19957	106	-174.0	174	19957	106	-174.0	174	19957	106	-174.0	174	19957	106	-174.0	174	19957	106	-174.0	174	19957	106	-174.0	174	19957	106	-174.0	174	19957	106	-174.0	174	19957	106	-174.0	174	19957	106	-174.0	174	19957	106	-174.0	174	19957
107	-143.0	143	20100	107	-143.0	143	20100	107	-143.0	143	20100	107	-143.0	143	20100	107	-143.0	143	20100	107	-143.0	143	20100	107	-143.0	143	20100	107	-143.0	143	20100	107	-143.0	143	20100	107	-143.0	143	20100	107	-143.0	143	20100	107	-143.0	143	20100	107	-143.0	143	20100	107	-143.0	143	20100	107	-143.0	143	20100	107	-143.0	143	20100	107	-143.0	143	20100	107	-143.0	143	20100
108	-167.0	167	20267	108	-167.0	167	20267	108	-167.0	167	20267	108	-167.0	167	20267	108	-167.0	167	20267	108	-167.0	167	20267	108	-167.0	167	20267	108	-167.0	167	20267	108	-167.0	167	20267	108	-167.0	167	20267	108	-167.0	167	20267	108	-167.0	167	20267	108	-167.0	167	20267	108	-167.0	167	20267	108	-167.0	167	20267	108	-167.0	167	20267	108	-167.0	167	20267	108	-167.0	167	20267
109	-221.0	221	20488	109	-221.0	221	20488	109	-221.0	221	20488	109	-221.0	221	20488	109	-221.0	221	20488	109	-221.0	221	20488	109	-221.0	221	20488	109	-221.0	221	20488	109	-221.0	221	20488	109	-221.0	221	20488	109	-221.0	221	20488	109	-221.0	221	20488	109	-221.0	221	20488	109	-221.0	221	20488	109	-221.0	221	20488	109	-221.0	221	20488	109	-221.0	221	20488	109	-221.0	221	20488
110	-155.0	155	20643	110	-155.0	155	20643	110	-155.0	155	20643	110	-155.0	155	20643	110	-155.0	155	20643	110	-155.0	155	20643	110	-155.0	155	20643	110	-155.0	155	20643	110	-155.0	155	20643	110	-155.0	155	20643	110	-155.0	155	20643	110	-155.0	155	20643	110	-155.0	155	20643	110	-155.0	155	20643	110	-155.0	155	20643	110	-155.0	155	20643	110	-155.0	155	20643	110	-155.0	155	20643
111	-195.0	195	20838	111	-195.0	195	20838	111	-195.0	195	20838	111	-195.0	195	20838	111	-195.0	195	20838	111	-195.0	195	20838	111	-195.0	195	20838	111	-195.0	195	20838	111	-195.0	195	20838	111	-195.0	195	20838	111	-195.0	195	20838	111	-195.0	195	20838	111	-195.0	195	20838	111	-195.0	195	20838	111	-195.0	195	20838	111	-195.0	195	20838	111	-195.0	195	20838	111	-195.0	195	20838
112	-139.0	139	20977	112	-139.0	139	20977	112	-139.0	139	20977	112	-139.0	139	20977	112	-139.0	139	20977	112	-139.0	139	20977	112	-139.0	139	20977	112	-139.0	139	20977	112	-139.0	139	20977	112	-139.0	139	20977	112	-139.0	139	20977	112	-139.0	139	20977	112	-139.0	139	20977	112	-139.0	139	20977	112	-139.0	139	20977	112	-139.0	139	20977	112	-139.0	139	20977	112	-139.0	139	20977
113	-139.0	139	21116	113	-139.0	139	21116	113	-139.0	139	21116	113	-139.0	139	21116	113	-139.0	139	21116	113	-139.0	139	21116	113	-139.0	139	21116	113	-139.0	139	21116	113	-139.0	139	21116	113	-139.0	139	21116	113	-139.0	139	21116	113	-139.0	139	21116	113	-139.0	139	21116	113	-139.0	139	21116	113	-139.0	139	21116	113	-139.0	139	21116	113	-139.0	139	21116	113	-139.0	139	21116
114	-165.0	165	21281	114	-165.0	165	21281	114	-165.0	165	21281	114	-165.0	165	21281	114	-165.0	165	21281	114	-165.0	165	21281	114	-165.0	165	21281	114	-165.0	165	21281	114	-165.0	165	21281	114	-165.0	165	21281	114	-165.0	165	21281	114	-165.0	165	21281	114	-165.0	165	21281	114	-165.0	165	21281	114	-165.0	165	21281	114	-165.0	165	21281	114	-165.0	165	21281	114	-165.0	165	21281
115	-145.0	145	21426	115	-145.0	145	21426	115	-145.0	145	21426	115	-145.0	145	21426	115	-145.0	145	21426	115	-145.0	145	21426	115	-145.0	145	21426	115	-145.0	145	21426	115	-145.0	145	21426	115	-145.0	145	21426	115	-145.0	145	21426	115	-145.0	145	21426	115	-145.0	145	21426	115	-145.0	145	21426	115	-145.0	145	21426	115	-145.0	145	21426	115	-145.0	145	21426	115	-145.0	145	21426
116	-138.0	138	21564	116	-138.0	138	21564	116	-138.0	138	21564	116	-138.0	138	21564	116	-138.0	138	21564	116	-138.0	138	21564	116	-138.0	138	21564	116	-138.0	138	21564	116	-138.0	138	21564	116	-138.0	138	21564	116	-138.0	138	21564	116	-138.0	138	21564	116	-138.0	138	21564	116	-138.0	138	21564	116	-138.0	138	21564	116	-138.0	138	21564	116	-138.0	138	21564	116	-138.0	138	21564
117	-143.0	143	21707	117	-143.0	143	21707	117	-143.0	143	21707	117	-143.0	143	21707	117	-143.0	143	21707	117	-143.0	143	21707	117	-143.0	143	21707	117	-143.0	143	21707	117	-143.0	143	21707	117	-143.0	143	21707	117	-143.0	143	21707	117	-143.0	143	21707	117	-143.0	143	21707	117	-143.0	143	21707	117	-143.0	143	21707	117	-143.0	143	21707	117	-143.0	143	21707	117	-143.0	143	21707
118	-134.0	134	21841	118	-134.0	134	21841	118	-134.0	134	21841	118	-134.0	134	21841	118	-134.0	134	21841	118	-134.0	134	21841	118	-134.0	134	21841	118	-134.0	134	21841	118	-134.0	134	21841	118	-134.0	134	21841	118	-134.0	134	21841	118	-134.0	134	21841	118	-134.0	134	21841	118	-134.0	134	21841	118	-134.0	134	21841	118	-134.0	134	21841	118	-134.0	134	21841	118	-134.0	134	21841
119	-195.0	195	22036	119	-195.0	195	22036	119	-195.0	195	22036	119	-195.0	195	22036	119	-195.0	195	22036	119	-195.0	195	22036	119	-195.0	195	22036	119	-195.0	195	22036	119	-195.0	195	22036	119	-195.0	195	22036	119	-195.0	195	22036	119	-195.0	195	22036	119	-195.0	195	22036	119	-195.0	195	22036	119	-195.0	195	22036	119	-195.0	195	22036	119	-195.0	195	22036	119	-195.0	195	22036
120	-149.0	149	22185	120	-149.0	149	22185	120	-149.0	149	22185	120	-149.0	149	22185	120	-149.0	149	22185	120	-149.0	149	22185	120	-149.0	149	22185	120	-149.0	149	22185	120	-149.0	149	22185	120	-149.0	149	22185	120	-149.0	149	22185	120	-149.0	149	22185	120	-149.0	149	22185	120	-149.0	149	22185	120	-149.0	149	22185	120	-149.0	149	22185	120	-149.0	149	22185	120	-149.0	149	22185
121	-163.0	163	22348	121	-163.0	163	22348	121	-163.0	163	22348	121	-163.0	163	22348	121	-163.0	163	22348	121	-163.0	163	22348	121	-163.0	163	22348	121	-163.0	163	22348	121	-163.0	163	22348	121	-163.0	163	22348	121	-163.0	163	22348	121	-163.0	163	22348	121	-163.0	163	22348	121	-163.0	163	22348	121	-163.0	163	22348	121	-163.0	163	22348	121	-163.0	163	22348	121	-163.0	163	22348
122	-142.0	142	22490	122	-142.0	142	22490	122	-142.0	142	22490	122	-142.0	142	22490	122	-142.0	142	22490	122	-142.0	142	22490	122	-142.0	142	22490	122	-142.0	142	22490	122	-142.0	142	22490	122	-142.0	142	22490	122	-142.0	142	22490	122	-142.0	142	22490	122	-142.0	142	22490	122	-142.0	142	22490	122	-142.0	142	22490	122	-142.0	142	22490	122	-142.0	142	22490	122	-142.0	142	22490
123	-139.0	139	22629	123	-139.0	139	22629	123	-139.0	139	22629	123	-139.0	139	22629	123	-139.0	139	22629	123	-139.0	139	22629	123	-139.0	139	22629	123	-139.0	139	22629	123	-139.0	139	22629	123	-139.0	139	22629	123	-139.0	139	22629	123	-139.0	139	22629	123	-139.0	139	22629	123	-139.0	139	22629	123	-139.0	139	22629	123	-139.0	139	22629	123	-139.0	139	22629	123	-139.0	139	22629
124	-138.0	138	22767	124	-138.0	138	22767	124	-138.0	138	22767	124	-138.0	138	22767	124	-138.0	138	22767	124	-138.0	138	22767	124	-138.0	138	22767	124	-138.0	138	22767	124	-138.0	138	22767	124	-138.0	138	22767	124	-138.0	138	22767	124	-138.0	138	22767	124	-138.0	138	22767	124	-138.0	138	22767	124	-138.0	138	22767	124	-138.0	138	22767	124	-138.0	138	22767	124	-138.0	138	22767
125	-132.0	132	22899	125	-132.0	132	22899	125	-132.0	132	22899	125	-132.0	132	22899	125	-132.0	132	22899	125	-132.0	132	22899	125	-132.0	132	22899	125	-132.0	132	22899	125	-132.0	132	22899	125	-132.0	132	22899	125	-132.0	132	22899	125	-132.0	132	22899	125	-132.0	132	22899	125	-132.0	132	22899	125	-132.0	132	22899	125	-132.0	132	22899	125	-132.0	132	22899	125	-132.0	132	22899
126	-134.0	134	23033	126	-134.0	134	23033	126	-134.0	134	23033	126	-134.0	134	23033	126	-134.0	134	23033	126	-134.0	134	23033	126	-134.0	134	23033	126	-134.0	134	23033	126	-134.0	134	23033	126	-134.0	134	23033	126	-134.0	134	23033	126	-134.0	134	23033	126	-134.0	134	23033	126	-134.0	134	23033	126	-134.0	134	23033	126	-134.0	134	23033	126	-134.0	134	23033	126	-134.0	134	23033
127	-110.0	110	23143	127	-110.0	110	23143	127	-110.0	110	23143	127	-110.0	110	23143	127	-110.0	110	23143	127	-110.0	110	23143	127	-110.0	110	23143	127	-110.0	110	23143	127	-110.0	110	23143	127	-110.0	110	23143	127	-110.0	110	23143	127	-110.0	110	23143	127	-110.0	110	23143	127	-110.0	110	23143	127	-110.0	110	23143	127	-110.0	110	23143	127	-110.0	110	23143	127	-110.0	110	23143
128	-112.0	112	23255	128	-112.0	112	23255	128	-112.0	112	23255	128	-112.0	112	23255	128	-112.0	112	23255	128	-112.0	112	23255	128	-112.0	112	23255	128	-112.0	112	23255	128	-112.0	112	23255	128	-112.0	112	23255	128	-112.0	112	23255	128	-112.0	112	23255	128	-112.0	112	23255	128	-112.0	112	23255	128	-112.0	112	23255	128	-112.0	112	23255	128	-112.0	112	23255	128	-112.0	112	23255
129	-114.0	114	23369	129	-114.0	114	23369	129	-114.0	114	23369	129	-114.0	114	23369	129	-114.0	114	23369	129	-114.0	114	23369	129	-114.0	114	23369	129	-114.0	114	23369	129	-114.0	114	23369	129	-114.0	114	23369	129	-114.0	114	23369	129	-114.0	114	23369	129	-114.0	114	23369	129	-114.0	114	23369	129	-114.0	114	23369	129	-114.0	114	23369	129	-114.0	114	23369	129	-114.0	114	23369
130	-110.0	110	23479	130	-110.0	110	23479	130	-110.0	110	23479	130	-110.0	110	23479	130	-110.0	110	23479	130	-110.0	110	23479	130	-110.0	110	23479	130	-110.0	110	23479	130	-110.0	110	23479	130	-110.0	110	23479	130	-110.0	110	23479	130	-110.0	110	23479	130	-110.0	110	23479	130	-110.0	110	23479	130	-110.0	110	23479	130	-110.0	110	23479	130	-110.0	110	23479	130	-110.0	110	23479
131	-110.0	110	23589	131	-110.0	110	23589	131	-110.0	110	23589	131	-110.0	110	23589	131	-110.0	110	23589	131	-110.0	110	23589	131	-110.0	110	23589	131	-110.0	110	23589	131	-110.0	110	23589	131	-110.0	110	23589	131	-110.0	110	23589	131	-110.0	110	23589	131	-110.0	110	23589	131	-110.0	110	23589	131	-110.0	110	23589	131	-110.0	110	23589	131	-110.0	110	23589	131	-110.0	110	23589
132	-177.0	177	23766	132	-177.0	177	23766	132	-177.0	177	23766	132	-177.0	177	23766	132	-177.0	177	23766	132	-177.0	177	23766	132	-177.0	177	23766	132	-177.0	177	23766	132	-177.0	177	23766	132	-177.0	177	23766	132	-177.0	177	23766	132	-177.0	177	23766	132	-177.0	177	23766	132	-177.0	177	23766	132	-177.0	177	23766	132	-177.0	177	23766	132	-177.0	177	23766	132	-177.0	177	23766
133	-112.0	112	23878	133	-112.0	112	23878	133	-112.0	112	23878	133	-112.0	112	23878	133	-112.0	112	23878	133	-112.0	112	23878	133	-112.0	112	23878	133	-112.0	112	23878	133	-112.0	112	23878	133	-112.0	112	23878	133	-112.0	112	23878	133	-112.0	112	23878	133	-112.0	112	23878	133	-112.0	112	23878	133	-112.0	112	23878	133	-112.0	112	23878	133	-112.0	112	23878	133	-112.0	112	23878
134	-111.0	111	23989	134	-111.0	111	23989	134	-111.0	111	23989	134	-111.0	111	23989	134	-111.0	111	23989	134	-111.0	111	23989	134	-111.0	111	23989	134	-111.0	111	23989	134	-111.0	111	23989	134	-111.0	111	23989	134	-111.0	111	23989	134	-111.0	111	23989	134	-111.0	111	23989	134	-111.0	111	23989	134	-111.0	111	23989	134	-111.0	111	23989	134	-111.0	111	23989	134	-111.0	111	23989
135	-141.0	141	24130	135	-141.0	141	24130	135	-141.0	141	24130	135	-141.0	141	24130	135	-141.0	141	24130	135	-141.0	141	24130	135	-141.0	141	24130	135	-141.0	141	24130	135	-141.0	141	24130	135	-141.0	141	24130	135	-141.0	141	24130	135	-141.0	141	24130	135	-141.0	141	24130	135	-141.0	141	24130	135	-141.0	141	24130	135	-141.0	141	24130	135	-141.0	141	24130	135	-141.0	141	24130
136	-88.0	88	24218	136	-88.0	88	24218	136	-88.0	88	24218	136	-88.0	88	24218	136	-88.0	88	24218	136	-88.0	88	24218	136	-88.0	88	24218	136	-88.0	88	24218	136	-88.0	88	24218	136	-88.0	88	24218	136	-88.0	88	24218	136	-88.0	88	24218	136	-88.0	88	24218	136	-88.0	88	24218	136	-88.0	88	24218	136	-88.0	88	24218	136	-88.0	88	24218	136	-88.0	88	24218
137	-107.0	107	24325	137	-107.0	107	24325	137	-107.0	107	24325	137	-107.0	107	24325	137	-107.0	107	24325	137	-107.0	107	24325	137	-107.0	107	24325	137	-107.0	107	24325	137	-107.0	107	24325	137	-107.0	107	24325	137	-107.0	107	24325	137	-107.0	107	24325	137	-107.0	107	24325	137	-107.0	107	24325	137	-107.0	107	24325	137	-107.0	107	24325	137	-107.0	107	24325	137	-107.0	107	24325
138	-150.0	150	24475	138	-150.0	150	24475	138	-150.0	150	24475	138	-150.0	150	24475	138	-150.0	150	24475	138	-150.0	150	24475	138	-150.0	150	24475	138	-150.0	150	24475	138	-150.0	150	24475	138	-150.0	150	24475	138	-150.0	150	24475	138	-150.0	150	24475	138	-150.0	150	24475	138	-150.0	150	24475	138	-150.0	150	24475	138	-150.0	150	24475	138	-150.0	150	24475	138	-150.0	150	24475
139	-162.0	162	24637	139	-162.0	162	24637	139	-162.0	162	24637	139	-162.0	162	24637	139	-162.0	162	24637	139	-162.0	162	24637	139	-162.0	162	24637	139	-162.0	162	24637	139	-162.0	162	24637	139	-162.0	162	24637	139	-162.0	162	24637	139	-162.0	162	24637	139	-162.0	162	24637	139	-162.0	162	24637	139	-162.0	162	24637	139	-162.0	162	24637	139	-162.0	162	24637	139	-162.0	162	24637
140	-147.0	147	24784	140	-147.0	147	24784	140	-147.0	147	24784	140	-147.0	147	24784	140	-147.0	147	24784	140	-147.0	147	24784	140	-147.0	147	24784	140	-147.0	147	24784	140	-147.0	147	24784	140	-147.0	147	24784	140	-147.0	147	24784	140	-147.0	147	24784	140	-147.0	147	24784	140	-147.0	147	24784	140	-147.0	147	24784	140	-147.0	147	24784	140	-147.0	147	24784	140	-147.0	147	24784
141	-141.0	141	24925	141	-141.0	141	24925	141	-141.0	141	24925	141	-141.0	141	24925	141	-141.0	141	24925	141	-141.0	141	24925	141	-141.0	141	24925	141	-141.0	141	24925	141	-141.0	141	24925	141	-141.0	141	24925	141	-141.0	141	24925	141	-141.0	141	24925	141	-141.0	141	24925	141	-141.0	141	24925	141	-141.0	141	24925	141	-141.0	141	24925	141	-141.0	141	24925	141	-141.0	141	24925
142	-142.0	142	25067	142	-142.0	142	25067	142	-142.0	142	25067	142	-142.0	142	25067	142	-142.0	142	25067	142	-142.0	142	25067	142	-142.0	142	25067	142	-142.0	142	25067	142	-142.0	142	25067	142	-142.0	142	25067	142	-142.0	142	25067	142	-142.0	142	25067	142	-142.0	142	25067	142	-142.0	142	25067	142	-142.0	142	25067	142	-142.0	142	25067	142	-142.0	142	25067	142	-142.0	142	25067
143	-134.0	134	25201	143	-134.0	134	25201	143	-134.0	134	25201	143	-134.0	134	25201	143	-134.0	134	25201	143	-134.0	134	25201	143	-134.0	134	25201	143	-134.0	134	25201	143	-134.0	134	25201	143	-134.0	134	25201	143	-134.0	134	25201	143	-134.0	134	25201	143	-134.0	134	25201	143	-134.0	134	25201	143	-134.0	134	25201	143	-134.0	134	25201	143	-134.0	134	25201	143	-134.0	134	25201
144	-137.0	137	25338	144	-137.0	137	25338	144	-137.0	137	25338	144	-137.0	137	25338	144	-137.0	137	25338	144	-137.0	137	25338	144	-137.0	137	25338	144	-137.0	137	25338	144	-137.0	137	25338	144	-137.0	137	25338	144	-137.0	137	25338	144	-137.0	137	25338	144	-137.0	137	25338	144	-137.0	137	25338	144	-137.0	137	25338	144	-137.0	137	25338	144	-137.0	137	25338	144	-137.0	137	25338
145	-166.0	166	25504	145	-166.0	166	25504	145	-166.0	166	25504	145	-166.0	166	25504	145	-166.0	166	25504	145	-166.0	166	25504	145	-166.0	166	25504	145	-166.0	166	25504	145	-166.0	166	25504	145	-166.0	166	25504	145	-166.0	166	25504	145	-166.0	166	25504	145	-166.0	166	25504	145	-166.0	166	25504	145	-166.0	166	25504	145	-166.0	166	25504	145	-166.0	166	25504	145	-166.0	166	25504
146	-163.0	163	25667	146	-163.0	163	25667	146	-163.0	163	25667	146	-163.0	163	25667	146	-163.0	163	25667	146	-163.0	163	25667	146	-163.0	163	25667	146	-163.0	163	25667	146	-163.0	163	25667	146	-163.0	163	25667	146	-163.0	163	25667	146	-163.0	163	25667	146	-163.0	163	25667	146	-163.0	163	25667	146	-163.0	163	25667	146	-163.0	163	25667	146	-163.0	163	25667	146	-163.0	163	25667
147	-153.0	153	25820	147	-153.0	153	25820	147	-153.0	153	25820	147	-153.0	153	25820	147	-153.0	153	25820	147	-153.0	153	25820	147	-153.0	153	25820	147	-153.0	153	25820	147	-153.0	153	25820	147	-153.0	153	25820	147	-153.0	153	25820	147	-153.0	153	25820	147	-153.0	153	25820	147	-153.0	153	25820	147	-153.0	153	25820	147	-153.0	153	25820	147	-153.0	153	25820	147	-153.0	153	25820
148	-149.0	149	25969	148	-149.0	149	25969	148	-149.0	149	25969	148	-149.0	149	25969	148	-149.0	149	25969	148	-149.0	149	25969	148	-149.0	149	25969	148	-149.0	149	25969	148	-149.0	149	25969	148	-149.0	149	25969	148	-149.0	149	25969	148	-149.0	149	25969	148	-149.0	149	25969	148	-149.0	149	25969	148	-149.0	149	25969	148	-149.0	149	25969	148	-149.0	149	25969	148	-149.0	149	25969
149	-144.0	144	26113	149	-144.0	144	26113	149	-144.0	144	26113	149	-144.0	144	26113	149	-144.0	144	26113	149	-144.0	144	26113	149	-144.0	144	26113	149	-144.0	144	26113	149	-144.0	144	26113	149	-144.0	144	26113	149	-144.0	144	26113	149	-144.0	144	26113	149	-144.0	144	26113	149	-144.0	144	26113	149	-144.0	144	26113	149	-144.0	144	26113	149	-144.0	144	26113	149	-144.0	144	26113
150	-137.0	137	26250	150	-137.0	137	26250	150	-137.0	137	26250	150	-137.0	137	26250	150	-137.0	137	26250	150	-137.0	137	26250	150	-137.0	137	26250	150	-137.0	137	26250	150	-137.0	137	26250	150	-137.0	137	26250	150	-137.0	137	26250	150	-137.0	137	26250	150	-137.0	137	26250	150	-137.0	137	26250	150	-137.0	137	26250	150	-137.0	137	26250	150	-137.0	137	26250	150	-137.0	137	26250
151	-138.0	138	26388	151	-138.0	138	26388	151	-138.0	138	26388	151	-138.0	138	26388	151	-138.0	138	26388	151	-138.0	138	26388	151	-138.0	138	26388	151	-138.0	138	26388	151	-138.0	138	26388	151	-138.0	138	26388	151	-138.0	138	26388	151	-138.0	138	26388	151	-138.0	138	26388	151	-138.0	138	26388	151	-138.0	138	26388	151	-138.0	138	26388	151	-138.0	138	26388	151	-138.0	138	26388
152	-136.0	136	26524	152	-136.0	136	26524	152	-136.0	136	26524	152	-136.0	136	26524	152	-136.0	136	26524	152	-136.0	136	26524	152	-136.0	136	26524	152	-136.0	136	26524	152	-136.0	136	26524	152	-136.0	136	26524	152	-136.0	136	26524	152	-136.0	136	26524	152	-136.0	136	26524	152	-136.0	136	26524	152	-136.0	136	26524	152	-136.0	136	26524	152	-136.0	136	26524	152	-136.0	136	26524
153	-136.0	136	26660	153	-136.0	136	26660	153	-136.0	136	26660	153	-136.0	136	26660	153	-136.0	136	26660	153	-136.0	136	26660	153	-136.0	136	26660	153	-136.0	136	26660	153	-136.0	136	26660	153	-136.0	136	26660	153	-136.0	136	26660	153	-136.0	136	26660	153	-136.0	136	26660	153	-136.0	136	26660	153	-136.0	136	26660	153	-136.0	136	26660	153	-136.0	136	26660	153	-136.0	136	26660
154	-136.0	136	26796	154	-136.0	136	26796	154	-136.0	136	26796	154	-136.0	136	26796	154	-136.0	136	26796	154	-136.0	136	26796	154	-136.0	136	26796	154	-136.0	136	26796	154	-136.0	136	26796	154	-136.0	136	26796	154	-136.0	136	26796	154	-136.0	136	26796	154	-136.0	136	26796	154	-136.0	136	26796	154	-136.0	136	26796	154	-136.0	136	26796	154	-136.0	136	26796	154	-136.0	136	26796
155	-115.0	115	26911	155	-115.0	115	26911	155	-115.0	115	26911	155	-115.0	115	26911	155	-115.0	115	26911	155	-115.0	115	26911	155	-115.0	115	26911	155	-115.0	115	26911	155	-115.0	115	26911	155	-115.0	115	26911	155	-115.0	115	26911	155	-115.0	115	26911	155	-115.0	115	26911	155	-115.0	115	26911	155	-115.0	115	26911	155	-115.0	115	26911	155	-115.0	115	26911	155	-115.0	115	26911
156	-114.0	114	27025	156	-114.0	114	27025	156	-114.0	114	27025	156	-114.0	114	27025	156	-114.0	114	27025	156	-114.0	114	27025	156	-114.0	114	27025	156	-114.0	114	27025	156	-114.0	114	27025	156	-114.0	114	27025	156	-114.0	114	27025	156	-114.0	114	27025	156	-114.0	114	27025	156	-114.0	114	27025	156	-114.0	114	27025	156	-114.0	114	27025	156	-114.0	114	27025	156	-114.0	114	27025
157	-115.0	115	27140	157	-115.0	115	27140	157	-115.0	115	27140	157	-115.0	115	27140	157	-115.0	115	27140	157	-115.0	115	27140	157	-115.0	115	27140	157	-115.0	115	27140	157	-115.0	115	27140	157	-115.0	115	27140	157	-115.0	115	27140	157	-115.0	115	27140	157	-115.0	115	27140	157	-115.0	115	27140	157	-115.0	115	27140	157	-115.0	115	27140	157	-115.0	115	27140	157	-115.0	115	27140
158	-139.0	139	27279	158	-139.0	139	27279	158	-139.0	139	27279	158	-139.0	139	27279	158	-139.0	139	27279	158	-139.0	139	27279	158	-139.0	139	27279	158	-139.0	139	27279	158	-139.0	139	27279	158	-139.0	139	27279	158	-139.0	139	27279	158	-139.0	139	27279	158	-139.0	139	27279	158	-139.0	139	27279	158	-139.0	139	27279	158	-139.0	139	27279	158	-139.0	139	27279	158	-139.0	139	27279
159	-136.0	136	27415	159	-136.0	136	27415	159	-136.0	136	27415	159	-136.0	136	27415	159	-136.0	136	27415	159	-136.0	136	27415	159	-136.0	136	27415	159	-136.0	136	27415	159	-136.0	136	27415	159	-136.0	136	27415	159	-136.0	136	27415	159	-136.0	136	27415	159	-136.0	136	27415	159	-136.0	136	27415	159	-136.0	136	27415	159	-136.0	136	27415	159	-136.0	136	27415	159	-136.0	136	27415
160	-113.0	113	27528	160	-113.0	113	27528	160	-113.0	113	27528	160	-113.0	113	27528	160	-113.0	113	27528	160	-113.0	113	27528	160	-113.0	113	27528	160	-113.0	113	27528	160	-113.0	113	27528	160	-113.0	113	27528	160	-113.0	113	27528	160	-113.0	113	27528	160	-113.0	113	27528	160	-113.0	113	27528	160	-113.0	113	27528	160	-113.0	113	27528	160	-113.0	113	27528	160	-113.0	113	27528
161	-125.0	125	27653	161	-125.0	125	27653	161	-125.0	125	27653	161	-125.0	125	27653	161	-125.0	125	27653	161	-125.0	125	27653	161	-125.0	125	27653	161	-125.0	125	27653	161	-125.0	125	27653	161	-125.0	125	27653	161	-125.0	125	27653	161	-125.0	125	27653	161	-125.0	125	27653	161	-125.0	125	27653	161	-125.0	125	27653	161	-125.0	125	27653	161	-125.0	125	27653	161	-125.0	125	27653
162	-109.0	109	27762	162	-109.0	109	27762	162	-109.0	109	27762	162	-109.0	109	27762	162	-109.0	109	27762	162	-109.0	109	27762	162	-109.0	109	27762	162	-109.0	109	27762	162	-109.0	109	27762	162	-109.0	109	27762	162	-109.0	109	27762	162	-109.0	109	27762	162	-109.0	109	27762	162	-109.0	109	27762	162	-109.0	109	27762	162	-109.0	109	27762	162	-109.0	109	27762	162	-109.0	109	27762
163	-141.0	141	27903	163	-141.0	141	27903	163	-141.0	141	27903	163	-141.0	141	27903	163	-141.0	141	27903	163	-141.0	141	27903	163	-141.0	141	27903	163	-141.0	141	27903	163	-141.0	141	27903	163	-141.0	141	27903	163	-141.0	141	27903	163	-141.0	141	27903	163	-141.0	141	27903	163	-141.0	141	27903	163	-141.0	141	27903	163	-141.0	141	27903	163	-141.0	141	27903	163	-141.0	141	27903
164	-107.0	107	28010	164	-107.0	107	28010	164	-107.0	107	28010	164	-107.0	107	28010	164	-107.0	107	28010	164	-107.0	107	28010	164	-107.0	107	28010	164	-107.0	107	28010	164	-107.0	107	28010	164	-107.0	107	28010	164	-107.0	107	28010	164	-107.0	107	28010	164	-107.0	107	28010	164	-107.0	107	28010	164	-107.0	107	28010	164	-107.0	107	28010	164	-107.0	107	28010	164	-107.0	107	28010
165	-117.0	117	28127	165	-117.0	117	28127	165	-117.0	117	28127	165	-117.0	117	28127	165	-117.0	117	28127	165	-117.0	117	28127	165	-117.0	117	28127	165	-117.0	117	28127	165	-117.0	117	28127	165	-117.0	117	28127	165	-117.0	117	28127	165	-117.0	117	28127	165	-117.0	117	28127	165	-117.0	117	28127	165	-117.0	117	28127	165	-117.0	117	28127	165	-117.0	117	28127	165	-117.0	117	28127
166	-109.0	109	28236	166	-109.0	109	28236	166	-109.0	109	28236	166	-109.0	109	28236	166	-109.0	109	28236	166	-109.0	109	28236	166	-109.0	109	28236	166	-109.0	109	28236	166	-109.0	109	28236	166	-109.0	109	28236	166	-109.0	109	28236	166	-109.0	109	28236	166	-109.0	109	28236	166	-109.0	109	28236	166	-109.0	109	28236	166	-109.0	109	28236	166	-109.0	109	28236	166	-109.0	109	28236
167	-110.0	110	28346	167	-110.0	110	28346	167	-110.0	110	28346	167	-110.0	110	28346	167	-110.0	110	28346	167	-110.0	110	28346	167	-110.0	110	28346	167	-110.0	110	28346	167	-110.0	110	28346	167	-110.0	110	28346	167	-110.0	110	28346	167	-110.0	110	28346	167	-110.0	110	28346	167	-110.0	110	28346	167	-110.0	110	28346	167	-110.0	110	28346	167	-110.0	110	28346	167	-110.0	110	28346
168	-138.0	138	28484	168	-138.0	138	28484	168	-138.0	138	28484	168	-138.0	138	28484	168	-138.0	138	28484	168	-138.0	138	28484	168	-138.0	138	28484	168	-138.0	138	28484	168	-138.0	138	28484	168	-138.0	138	28484	168	-138.0	138	28484	168	-138.0	138	28484	168	-138.0	138	28484	168	-138.0	138	28484	168	-138.0	138	28484	168	-138.0	138	28484	168	-138.0	138	28484	168	-138.0	138	28484
169	-150.0	150	28634	169	-150.0	150	28634	169	-150.0	150	28634	169	-150.0	150	28634	169	-150.0	150	28634	169	-150.0	150	28634	169	-150.0	150	28634	169	-150.0	150	28634	169	-150.0	150	28634	169	-150.0	150	28634	169	-150.0	150	28634	169	-150.0	150	28634	169	-150.0	150	28634	169	-150.0	150	28634	169	-150.0	150	28634	169	-150.0	150	28634	169	-150.0	150	28634	169	-150.0	150	28634
170	-150.0	150	28784	170	-150.0	150	28784	170	-150.0	150	28784	170	-150.0	150	28784	170	-150.0	150	28784	170	-150.0	150	28784	170	-150.0	150	28784	170	-150.0	150	28784	170	-150.0	150	28784	170	-150.0	150	28784	170	-150.0	150	28784	170	-150.0	150	28784	170	-150.0	150	28784	170	-150.0	150	28784	170	-150.0	150	28784	170	-150.0	150	28784	170	-150.0	150	28784	170	-150.0	150	28784
171	-146.0	146	28930	171	-146.0	146	28930	171	-146.0	146	28930	171	-146.0	146	28930	171	-146.0	146	28930	171	-146.0	146	28930	171	-146.0	146	28930	171	-146.0	146	28930	171	-146.0	146	28930	171	-146.0	146	28930	171	-146.0	146	28930	171	-146.0	146	28930	171	-146.0	146	28930	171	-146.0	146	28930	171	-146.0	146	28930	171	-146.0	146	28930	171	-146.0	146	28930	171	-146.0	146	28930
172	-138.0	138	29068	172	-138.0	138	29068	172	-138.0	138	29068	172	-138.0	138	29068	172	-138.0	138	29068	172	-138.0	138	29068	172	-138.0	138	29068	172	-138.0	138	29068	172	-138.0	138	29068	172	-138.0	138	29068	172	-138.0	138	29068	172	-138.0	138	29068	172	-138.0	138	29068	172	-138.0	138	29068	172	-138.0	138	29068	172	-138.0	138	29068	172	-138.0	138	29068	172	-138.0	138	29068
173	-136.0	136	29204	173	-136.0	136	29204	173	-136.0	136	29204	173	-136.0	136	29204	173	-136.0	136	29204	173	-136.0	136	29204	173	-136.0	136	29204	173	-136.0	136	29204	173	-136.0	136	29204	173	-136.0	136	29204	173	-136.0	136	29204	173	-136.0	136	29204	173	-136.0	136	29204	173	-136.0	136	29204	173	-136.0	136	29204	173	-136.0	136	29204	173	-136.0	136	29204	173	-136.0	136	29204
174	-133.0	133	29337	174	-133.0	133	29337	174	-133.0	133	29337	174	-133.0	133	29337	174	-133.0	133	29337	174	-133.0	133	29337	174	-133.0	133	29337	174	-133.0	133	29337	174	-133.0	133	29337	174	-133.0	133	29337	174	-133.0	133	29337	174	-133.0	133	29337	174	-133.0	133	29337	174	-133.0	133	29337	174	-133.0	133	29337	174	-133.0	133	29337	174	-133.0	133	29337	174	-133.0	133	29337
175	-125.0	125	29462	175	-125.0	125	29462	175	-125.0	125	29462	175	-125.0	125	29462	175	-125.0	125	29462	175	-125.0	125	29462	175	-125.0	125	29462	175	-125.0	125	29462	175	-125.0	125	29462	175	-125.0	125	29462	175	-125.0	125	29462	175	-125.0	125	29462	175	-125.0	125	29462	175	-125.0	125	29462	175	-125.0	125	29462	175	-125.0	125	29462	175	-125.0	125	29462	175	-125.0	125	29462
176	-137.0	137	29599	176	-137.0	137	29599	176	-137.0	137	29599	176	-137.0	137	29599	176	-137.0	137	29599	176	-137.0	137	29599	176	-137.0	137	29599	176	-137.0	137	29599	176	-137.0	137	29599	176	-137.0	137	29599	176	-137.0	137	29599	176	-137.0	137	29599	176	-137.0	137	29599	176	-137.0	137	29599	176	-137.0	137	29599	176	-137.0	137	29599	176	-137.0	137	29599	176	-137.0	137	29599
177	-138.0	138	29737	177	-138.0	138	29737	177	-138.0	138	29737	177	-138.0	138	29737	177	-138.0	138	29737	177	-138.0	138	29737	177	-138.0	138	29737	177	-138.0	138	29737	177	-138.0	138	29737	177	-138.0	138	29737	177	-138.0	138	29737	177	-138.0	138	29737	177	-138.0	138	29737	177	-138.0	138	29737	177	-138.0	138	29737	177	-138.0	138	29737	177	-138.0	138	29737	177	-138.0	138	29737
178	-134.0	134	29871	178	-134.0	134	29871	178	-134.0	134	29871	178	-134.0	134	29871	178	-134.0	134	29871	178	-134.0	134	29871	178	-134.0	134	29871	178	-134.0	134	29871	178	-134.0	134	29871	178	-134.0	134	29871	178	-134.0	134	29871	178	-134.0	134	29871	178	-134.0	134	29871	178	-134.0	134	29871	178	-134.0	134	29871	178	-134.0	134	29871	178	-134.0	134	29871	178	-134.0	134	29871
179	-137.0	137	30008	179	-137.0	137	30008	179	-137.0	137	30008	179	-137.0	137	30008	179	-137.0	137	30008	179	-137.0	137	30008	179	-137.0	137	30008	179	-137.0	137	30008	179	-137.0	137	30008	179	-137.0	137	30008	179	-137.0	137	30008	179	-137.0	137	30008	179	-137.0	137	30008	179	-137.0	137	30008	179	-137.0	137	30008	179	-137.0	137	30008	179	-137.0	137	30008	179	-137.0	137	30008
180	-143.0	143	30151	180	-143.0	143	30151	180	-143.0	143	30151	180	-143.0	143	30151	180	-143.0	143	30151	180	-143.0	143	30151	180	-143.0	143	30151	180	-143.0	143	30151	180	-143.0	143	30151	180	-143.0	143	30151	180	-143.0	143	30151	180	-143.0	143	30151	180	-143.0	143	30151	180	-143.0	143	30151	180	-143.0	143	30151	180	-143.0	143	30151	180	-143.0	143	30151	180	-143.0	143	30151
181	-136.0	136	30287	181	-136.0	136	30287	181	-136.0	136	30287	181	-136.0	136	30287	181	-136.0	136	30287	181	-136.0	136	30287	181	-136.0	136	30287	181	-136.0	136	30287	181	-136.0	136	30287	181	-136.0	136	30287	181	-136.0	136	30287	181	-136.0	136	30287	181	-136.0	136	30287	181	-136.0	136	30287	181	-136.0	136	30287	181	-136.0	136	30287	181	-136.0	136	30287	181	-136.0	136	30287
182	-132.0	132	30419	182	-132.0	132	30419	182	-132.0	132	30419	182	-132.0	132	30419	182	-132.0	132	30419	182	-132.0	132	30419	182	-132.0	132	30419	182	-132.0	132	30419	182	-132.0	132	30419	182	-132.0	132	30419	182	-132.0	132	30419	182	-132.0	132	30419	182	-132.0	132	30419	182	-132.0	132	30419	182	-132.0	132	30419	182	-132.0	132	30419	182	-132.0	132	30419	182	-132.0	132	30419
183	-109.0	109	30528	183	-109.0	109	30528	183	-109.0	109	30528	183	-109.0	109	30528	183	-109.0	109	30528	183	-109.0	109	30528	183	-109.0	109	30528	183	-109.0	109	30528	183	-109.0	109	30528	183	-109.0	109	30528	183	-109.0	109	30528	183	-109.0	109	30528	183	-109.0	109	30528	183	-109.0	109	30528	183	-109.0	109	30528	183	-109.0	109	30528	183	-109.0	109	30528	183	-109.0	109	30528
184	-138.0	138	30666	184	-138.0	138	30666	184	-138.0	138	30666	184	-138.0	138	30666	184	-138.0	138	30666	184	-138.0	138	30666	184	-138.0	138	30666	184	-138.0	138	30666	184	-138.0	138	30666	184	-138.0	138	30666	184	-138.0	138	30666	184	-138.0	138	30666	184	-138.0	138	30666	184	-138.0	138	30666	184	-138.0	138	30666	184	-138.0	138	30666	184	-138.0	138	30666	184	-138.0	138	30666
185	-131.0	131	30797	185	-131.0	131	30797	185	-131.0	131	30797	185	-131.0	131	30797	185	-131.0	131	30797	185	-131.0	131	30797	185	-131.0	131	30797	185	-131.0	131	30797	185	-131.0	131	30797	185	-131.0	131	30797	185	-131.0	131	30797	185	-131.0	131	30797	185	-131.0	131	30797	185	-131.0	131	30797	185	-131.0	131	30797	185	-131.0	131	30797	185	-131.0	131	30797	185	-131.0	131	30797
186	-137.0	137	30934	186	-137.0	137	30934	186	-137.0	137	30934	186	-137.0	137	30934	186	-137.0	137	30934	186	-137.0	137	30934	186	-137.0	137	30934	186	-137.0	137	30934	186	-137.0	137	30934	186	-137.0	137	30934	186	-137.0	137	30934	186	-137.0	137	30934	186	-137.0	137	30934	186	-137.0	137	30934	186	-137.0	137	30934	186	-137.0	137	30934	186	-137.0	137	30934	186	-137.0	137	30934
187	-132.0	132	31066	187	-132.0	132	31066	187	-132.0	132	31066	187	-132.0	132	31066	187	-132.0	132	31066	187	-132.0	132	31066	187	-132.0	132	31066	187	-132.0	132	31066	187	-132.0	132	31066	187	-132.0	132	31066	187	-132.0	132	31066	187	-132.0	132	31066	187	-132.0	132	31066	187	-132.0	132	31066	187	-132.0	132	31066	187	-132.0	132	31066	187	-132.0	132	31066	187	-132.0	132	31066
188	-134.0	134	31200	188	-134.0	134	31200	188	-134.0	134	31200	188	-134.0	134	31200	188	-134.0	134	31200	188	-134.0	134	31200	188	-134.0	134	31200	188	-134.0	134	31200	188	-134.0	134	31200	188	-134.0	134	31200	188	-134.0	134	31200	188	-134.0	134	31200	188	-134.0	134	31200	188	-134.0	134	31200	188	-134.0	134	31200	188	-134.0	134	31200	188	-134.0	134	31200	188	-134.0	134	31200
189	-135.0	135	31335	189	-135.0	135	31335	189	-135.0	135	31335	189	-135.0	135	31335	189	-135.0	135	31335	189	-135.0	135	31335	189	-135.0	135	31335	189	-135.0	135	31335	189	-135.0	135	31335	189	-135.0	135	31335	189	-135.0	135	31335	189	-135.0	135	31335	189	-135.0	135	31335	189	-135.0	135	31335	189	-135.0	135	31335	189	-135.0	135	31335	189	-135.0	135	31335	189	-135.0	135	31335
190	-135.0	135	31470	190	-135.0	135	31470	190	-135.0	135	31470	190	-135.0	135	31470	190	-135.0	135	31470	190	-135.0	135	31470	190	-135.0	135	31470	190	-135.0	135	31470	190	-135.0	135	31470	190	-135.0	135	31470	190	-135.0	135	31470	190	-135.0	135	31470	190	-135.0	135	31470	190	-135.0	135	31470	190	-135.0	135	31470	190	-135.0	135	31470	190	-135.0	135	31470	190	-135.0	135	31470
191	-135.0	135	31605	191	-135.0	135	31605	191	-135.0	135	31605	191	-135.0	135	31605	191	-135.0	135	31605	191	-135.0	135	31605	191	-135.0	135	31605	191	-135.0	135	31605	191	-135.0	135	31605	191	-135.0	135	31605	191	-135.0	135	31605	191	-135.0	135	31605	191	-135.0	135	31605	191	-135.0	135	31605	191	-135.0	135	31605	191	-135.0	135	31605	191	-135.0	135	31605	191	-135.0	135	31605
192	-141.0	141	31746	192	-141.0	141	31746	192	-141.0	141	31746	192	-141.0	141	31746	192	-141.0	141	31746	192	-141.0	141	31746	192	-141.0	141	31746	192	-141.0	141	31746	192	-141.0	141	31746	192	-141.0	141	31746	192	-141.0	141	31746	192	-141.0	141	31746	192	-141.0	141	31746	192	-141.0	141	31746	192	-141.0	141	31746	192	-141.0	141	31746	192	-141.0	141	31746	192	-141.0	141	31746
193	-151.0	151	31897	193	-151.0	151	31897	193	-151.0	151	31897	193	-151.0	151	31897	193	-151.0	151	31897	193	-151.0	151	31897	193	-151.0	151	31897	193	-151.0	151	31897	193	-151.0	151	31897	193	-151.0	151	31897	193	-151.0	151	31897	193	-151.0	151	31897	193	-151.0	151	31897	193	-151.0	151	31897	193	-151.0	151	31897	193	-151.0	151	31897	193	-151.0	151	31897	193	-151.0	151	31897
194	-153.0	153	32050	194	-153.0	153	32050	194	-153.0	153	32050	194	-153.0	153	32050	194	-153.0	153	32050	194	-153.0	153	32050	194	-153.0	153	32050	194	-153.0	153	32050	194	-153.0	153	32050	194	-153.0	153	32050	194	-153.0	153	32050	194	-153.0	153	32050	194	-153.0	153	32050	194	-153.0	153	32050	194	-153.0	153	32050	194	-153.0	153	32050	194	-153.0	153	32050	194	-153.0	153	32050
195	-143.0	143	32193	195	-143.0	143	32193	195	-143.0	143	32193	195	-143.0	143	32193	195	-143.0	143	32193	195	-143.0	143	32193	195	-143.0	143	32193	195	-143.0	143	32193	195	-143.0	143	32193	195	-143.0	143	32193	195	-143.0	143	32193	195	-143.0	143	32193	195	-143.0	143	32193	195	-143.0	143	32193	195	-143.0	143	32193	195	-143.0	143	32193	195	-143.0	143	32193	195	-143.0	143	32193
196	-146.0	146	32339	196	-146.0	146	32339	196	-146.0	146	32339	196	-146.0	146	32339	196	-146.0	146	32339	196	-146.0	146	32339	196	-146.0	146	32339	196	-146.0	146	32339	196	-146.0	146	32339	196	-146.0	146	32339	196	-146.0	146	32339	196	-146.0	146	32339	196	-146.0	146	32339	196	-146.0	146	32339	196	-146.0	146	32339	196	-146.0	146	32339	196	-146.0	146	32339	196	-146.0	146	32339
197	-112.0	112	32451	197	-112.0	112	32451	197	-112.0	112	32451	197	-112.0	112	32451	197	-112.0	112	32451	197	-112.0	112	32451	197	-112.0	112	32451	197	-112.0	112	32451	197	-112.0	112	32451	197	-112.0	112	32451	197	-112.0	112	32451	197	-112.0	112	32451	197	-112.0	112	32451	197	-112.0	112	32451	197	-112.0	112	32451	197	-112.0	112	32451	197	-112.0	112	32451	197	-112.0	112	32451
198	-140.0	140	32591	198	-140.0	140	32591	198	-140.0	140	32591	198	-140.0	140	32591	198	-140.0	140	32591	198	-140.0	140	32591	198	-140.0	140	32591	198	-140.0	140	32591	198	-140.0	140	32591	198	-140.0	140	32591	198	-140.0	140	32591	198	-140.0	140	32591	198	-140.0	140	32591	198	-140.0	140	32591	198	-140.0	140	32591	198	-140.0	140	32591	198	-140.0	140	32591	198	-140.0	140	32591
199	-111.0	111	32702	199	-111.0	111	32702	199	-111.0	111	32702	199	-111.0	111	32702	199	-111.0	111	32702	199	-111.0	111	32702	199	-111.0	111	32702	199	-111.0	111	32702	199	-111.0	111	32702	199	-111.0	111	32702	199	-111.0	111	32702	199	-111.0	111	32702	199	-111.0	111	32702	199	-111.0	111	32702	199	-111.0	111	32702	199	-111.0	111	32702	199	-111.0	111	32702	199	-111.0	111	32702
200	-107.0	107	32809	200	-107.0	107	32809	200	-107.0	107	32809	200	-107.0	107	32809	200	-107.0	107	32809	200	-107.0	107	32809	200	-107.0	107	32809	200	-107.0	107	32809	200	-107.0	107	32809	200	-107.0	107	32809	200	-107.0	107	32809	200	-107.0	107	32809	200	-107.0	107	32809	200	-107.0	107	32809	200	-107.0	107	32809	200	-107.0	107	32809	200	-107.0	107	32809	200	-107.0	107	32809
201	-109.0	109	32918	201	-109.0	109	32918	201	-109.0	109	32918	201	-109.0	109	32918	201	-109.0	109	32918	201	-109.0	109	32918	201	-109.0	109	32918	201	-109.0	109	32918	201	-109.0	109	32918	201	-109.0	109	32918	201	-109.0	109	32918	201	-109.0	109	32918	201	-109.0	109	32918	201	-109.0	109	32918	201	-109.0	109	32918	201	-109.0	109	32918	201	-109.0	109	32918	201	-109.0	109	32918
202	-152.0	152	33070	202	-152.0	152	33070	202	-152.0	152	33070	202	-152.0	152	33070	202	-152.0	152	33070	202	-152.0	152	33070	202	-152.0	152	33070	202	-152.0	152	33070	202	-152.0	152	33070	202	-152.0	152	33070	202	-152.0	152	33070	202	-152.0	152	33070	202	-152.0	152	33070	202	-152.0	152	33070	202	-152.0	152	33070	202	-152.0	152	33070	202	-152.0	152	33070	202	-152.0	152	33070
203	-107.0	107	33177	203	-107.0	107	33177	203	-107.0	107	33177	203	-107.0	107	33177	203	-107.0	107	33177	203	-107.0	107	33177	203	-107.0	107	33177	203	-107.0	107	33177	203	-107.0	107	33177	203	-107.0	107	33177	203	-107.0	107	33177	203	-107.0	107	33177	203	-107.0	107	33177	203	-107.0	107	33177	203	-107.0	107	33177	203	-107.0	107	33177	203	-107.0	107	33177	203	-107.0	107	33177
204	-143.0	143	33320	204	-143.0	143	33320	204	-143.0	143	33320	204	-143.0	143	33320	204	-143.0	143	33320	204	-143.0	143	33320	204	-143.0	143	33320	204	-143.0	143	33320	204	-143.0	143	33320	204	-143.0	143	33320	204	-143.0	143	33320	204	-143.0	143	33320	204	-143.0	143	33320	204	-143.0	143	33320	204	-143.0	143	33320	204	-143.0	143	33320	204	-143.0	143	33320	204	-143.0	143	33320
205	-204.0	204	33524	205	-204.0	204	33524	205	-204.0	204	33524	205	-204.0	204	33524	205	-204.0	204	33524	205	-204.0	204	33524	205	-204.0	204	33524	205	-204.0	204	33524	205	-204.0	204	33524	205	-204.0	204	33524	205	-204.0	204	33524	205	-204.0	204	33524	205	-204.0	204	33524	205	-204.0	204	33524	205	-204.0	204	33524	205	-204.0	204	33524	205	-204.0	204	33524	205	-204.0	204	33524
206	-114.0	114	33638	206	-114.0	114	33638	206	-114.0	114	33638	206	-114.0	114	33638	206	-114.0	114	33638	206	-114.0	114	33638	206	-114.0	114	33638	206	-114.0	114	33638	206	-114.0	114	33638	206	-114.0	114	33638	206	-114.0	114	33638	206	-114.0	114	33638	206	-114.0	114	33638	206	-114.0	114	33638	206	-114.0	114	33638	206	-114.0	114	33638	206	-114.0	114	33638	206	-114.0	114	33638
207	-119.0	119	33757	207	-119.0	119	33757	207	-119.0	119	33757	207	-119.0	119	33757	207	-119.0	119	33757	207	-119.0	119	33757	207	-119.0	119	33757	207	-119.0	119	33757	207	-119.0	119	33757	207	-119.0	119	33757	207	-119.0	119	33757	207	-119.0	119	33757	207	-119.0	119	33757	207	-119.0	119	33757	207	-119.0	119	33757	207	-119.0	119	33757	207	-119.0	119	33757	207	-119.0	119	33757
208	-149.0	149	33906	208	-149.0	149	33906	208	-149.0	149	33906	208	-149.0	149	33906	208	-149.0	149	33906	208	-149.0	149	33906	208	-149.0	149	33906	208	-149.0	149	33906	208	-149.0	149	33906	208	-149.0	149	33906	208	-149.0	149	33906	208	-149.0	149	33906	208	-149.0	149	33906	208	-149.0	149	33906	208	-149.0	149	33906	208	-149.0	149	33906	208	-149.0	149	33906	208	-149.0	149	33906
209	-188.0	188	34094	209	-188.0	188	34094	209	-188.0	188	34094	209	-188.0	188	34094	209	-188.0	188	34094	209	-188.0	188	34094	209	-188.0	188	34094	209	-188.0	188	34094	209	-188.0	188	34094	209	-188.0	188	34094	209	-188.0	188	34094	209	-188.0	188	34094	209	-188.0	188	34094	209	-188.0	188	34094	209	-188.0	188	34094	209	-188.0	188	34094	209	-188.0	188	34094	209	-188.0	188	34094
210	-150.0	150	34244	210	-150.0	150	34244	210	-150.0	150	34244	210	-150.0	150	34244	210	-150.0	150	34244	210	-150.0	150	34244	210	-150.0	150	34244	210	-150.0	150	34244	210	-150.0	150	34244	210	-150.0	150	34244	210	-150.0	150	34244	210	-150.0	150	34244	210	-150.0	150	34244	210	-150.0	150	34244	210	-150.0	150	34244	210	-150.0	150	34244	210	-150.0	150	34244	210	-150.0	150	34244
211	-146.0	146	34390	211	-146.0	146	34390	211	-146.0	146	34390	211	-146.0	146	34390	211	-146.0	146	34390	211	-146.0	146	34390	211	-146.0	146	34390	211	-146.0	146	34390	211	-146.0	146	34390	211	-146.0	146	34390	211	-146.0	146	34390	211	-146.0	146	34390	211	-146.0	146	34390	211	-146.0	146	34390	211	-146.0	146	34390	211	-146.0	146	34390	211	-146.0	146	34390	211	-146.0	146	34390
212	-114.0	114	34504	212	-114.0	114	34504	212	-114.0	114	34504	212	-114.0	114	34504	212	-114.0	114	34504	212	-114.0	114	34504	212	-114.0	114	34504	212	-114.0	114	34504	212	-114.0	114	34504	212	-114.0	114	34504	212	-114.0	114	34504	212	-114.0	114	34504	212	-114.0	114	34504	212	-114.0	114	34504	212	-114.0	114	34504	212	-114.0	114	34504	212	-114.0	114	34504	212	-114.0	114	34504
213	-140.0	140	34644	213	-140.0	140	34644	213	-140.0	140	34644	213	-140.0	140	34644	213	-140.0	140	34644	213	-140.0	140	34644	213	-140.0	140	34644	213	-140.0	140	34644	213	-140.0	140	34644	213	-140.0	140	34644	213	-140.0	140	34644	213	-140.0	140	34644	213	-140.0	140	34644	213	-140.0	140	34644	213	-140.0	140	34644	213	-140.0	140	34644	213	-140.0	140	34644	213	-140.0	140	34644
214	-113.0	113	34757	214	-113.0	113	34757	214	-113.0	113	34757	214	-113.0	113	34757	214	-113.0	113	34757	214	-113.0	113	34757	214	-113.0	113	34757	214	-113.0	113	34757	214	-113.0	113	34757	214	-113.0	113	34757	214	-113.0	113	34757	214	-113.0	113	34757	214	-113.0	113	34757	214	-113.0	113	34757	214	-113.0	113	34757	214	-113.0	113	34757	214	-113.0	113	34757	214	-113.0	113	34757
215	-143.0	143	34900	215	-143.0	143	34900	215	-143.0	143	34900	215	-143.0	143	34900	215	-143.0	143	34900	215	-143.0	143	34900	215	-143.0	143	34900	215	-143.0	143	34900	215	-143.0	143	34900	215	-143.0	143	34900	215	-143.0	143	34900	215	-143.0	143	34900	215	-143.0	143	34900	215	-143.0	143	34900	215	-143.0	143	34900	215	-143.0	143	34900	215	-143.0	143	34900	215	-143.0	143	34900
216	-136.0	136	35036	216	-136.0	136	35036	216	-136.0	136	35036	216	-136.0	136	35036	216	-136.0	136	35036	216	-136.0	136	35036	216	-136.0	136	35036	216	-136.0	136	35036	216	-136.0	136	35036	216	-136.0	136	35036	216	-136.0	136	35036	216	-136.0	136	35036	216	-136.0	136	35036	216	-136.0	136	35036	216	-136.0	136	35036	216	-136.0	136	35036	216	-136.0	136	35036	216	-136.0	136	35036
217	-134.0	134	35170	217	-134.0	134	35170	217	-134.0	134	35170	217	-134.0	134	35170	217	-134.0	134	35170	217	-134.0	134	35170	217	-134.0	134	35170	217	-134.0	134	35170	217	-134.0	134	35170	217	-134.0	134	35170	217	-134.0	134	35170	217	-134.0	134	35170	217	-134.0	134	35170	217	-134.0	134	35170	217	-134.0	134	35170	217	-134.0	134	35170	217	-134.0	134	35170	217	-134.0	134	35170
218	-135.0	135	35305	218	-135.0	135	35305	218	-135.0	135	35305	218	-135.0	135	35305	218	-135.0	135	35305	218	-135.0	135	35305	218	-135.0	135	35305	218	-135.0	135	35305	218	-135.0	135	35305	218	-135.0	135	35305	218	-135.0	135	35305	218	-135.0	135	35305	218	-135.0	135	35305	218	-135.0	135	35305	218	-135.0	135	35305	218	-135.0	135	35305	218	-135.0	135	35305	218	-135.0	135	35305
219	-135.0	135	35440	219	-135.0	135	35440	219	-135.0	135	35440	219	-135.0	135	35440	219	-135.0	135	35440	219	-135.0	135	35440	219	-135.0	135	35440	219	-135.0	135	35440	219	-135.0	135	35440	219	-135.0	135	35440	219	-135.0	135	35440	219	-135.0	135	35440	219	-135.0	135	35440	219	-135.0	135	35440	219	-135.0	135	35440	219	-135.0	135	35440	219	-135.0	135	35440	219	-135.0	135	35440
220	-132.0	132	35572	220	-132.0	132	35572	220	-132.0	132	35572	220	-132.0	132	35572	220	-132.0	132	35572	220	-132.0	132	35572	220	-132.0	132	35572	220	-132.0	132	35572	220	-132.0	132	35572	220	-132.0	132	35572	220	-132.0	132	35572	220	-132.0	132	35572	220	-132.0	132	35572	220	-132.0	132	35572	220	-132.0	132	35572	220	-132.0	132	35572	220	-132.0	132	35572	220	-132.0	132	35572
221	-160.0	160	35732	221	-160.0	160	35732	221	-160.0	160	35732	221	-160.0	160	35732	221	-160.0	160	35732	221	-160.0	160	35732	221	-160.0	160	35732	221	-160.0	160	35732	221	-160.0	160	35732	221	-160.0	160	35732	221	-160.0	160	35732	221	-160.0	160	35732	221	-160.0	160	35732	221	-160.0	160	35732	221	-160.0	160	35732	221	-160.0	160	35732	221	-160.0	160	35732	221	-160.0	160	35732
222	-136.0	136	35868	222	-136.0	136	35868	222	-136.0	136	35868	222	-136.0	136	35868	222	-136.0	136	35868	222	-136.0	136	35868	222	-136.0	136	35868	222	-136.0	136	35868	222	-136.0	136	35868	222	-136.0	136	35868	222	-136.0	136	35868	222	-136.0	136	35868	222	-136.0	136	35868	222	-136.0	136	35868	222	-136.0	136	35868	222	-136.0	136	35868	222	-136.0	136	35868	222	-136.0	136	35868
223	-135.0	135	36003	223	-135.0	135	36003	223	-135.0	135	36003	223	-135.0	135	36003	223	-135.0	135	36003	223	-135.0	135	36003	223	-135.0	135	36003	223	-135.0	135	36003	223	-135.0	135	36003	223	-135.0	135	36003	223	-135.0	135	36003	223	-135.0	135	36003	223	-135.0	135	36003	223	-135.0	135	36003	223	-135.0	135	36003	223	-135.0	135	36003	223	-135.0	135	36003	223	-135.0	135	36003
224	-137.0	137	36140	224	-137.0	137	36140	224	-137.0	137	36140	224	-137.0	137	36140	224	-137.0	137	36140	224	-137.0	137	36140	224	-137.0	137	36140	224	-137.0	137	36140	224	-137.0	137	36140	224	-137.0	137	36140	224	-137.0	137	36140	224	-137.0	137	36140	224	-137.0	137	36140	224	-137.0	137	36140	224	-137.0	137	36140	224	-137.0	137	36140	224	-137.0	137	36140	224	-137.0	137	36140
225	-135.0	135	36275	225	-135.0	135	36275	225	-135.0	135	36275	225	-135.0	135	36275	225	-135.0	135	36275	225	-135.0	135	36275	225	-135.0	135	36275	225	-135.0	135	36275	225	-135.0	135	36275	225	-135.0	135	36275	225	-135.0	135	36275	225	-135.0	135	36275	225	-135.0	135	36275	225	-135.0	135	36275	225	-135.0	135	36275	225	-135.0	135	36275	225	-135.0	135	36275	225	-135.0	135	36275
226	-230.0	230	36505	226	-230.0	230	36505	226	-230.0	230	36505	226	-230.0	230	36505	226	-230.0	230	36505	226	-230.0	230	36505	226	-230.0	230	36505	226	-230.0	230	36505	226	-230.0	230	36505	226	-230.0	230	36505	226	-230.0	230	36505	226	-230.0	230	36505	226	-230.0	230	36505	226	-230.0	230	36505	226	-230.0	230	36505	226	-230.0	230	36505	226	-230.0	230	36505	226	-230.0	230	36505
227	-135.0	135	36640	227	-135.0	135	36640	227	-135.0	135	36640	227	-135.0	135	36640	227	-135.0	135	36640	227	-135.0	135	36640	227	-135.0	135	36640	227	-135.0	135	36640	227	-135.0	135	36640	227	-135.0	135	36640	227	-135.0	135	36640	227	-135.0	135	36640	227	-135.0	135	36640	227	-135.0	135	36640	227	-135.0	135	36640	227	-135.0	135	36640	227	-135.0	135	36640	227	-135.0	135	36640
228	-146.0	146	36786	228	-146.0	146	36786	228	-146.0	146	36786	228	-146.0	146	36786	228	-146.0	146	36786	228	-146.0	146	36786	228	-146.0	146	36786	228	-146.0	146	36786	228	-146.0	146	36786	228	-146.0	146	36786	228	-146.0	146	36786	228	-146.0	146	36786	228	-146.0	146	36786	228	-146.0	146	36786	228	-146.0	146	36786	228	-146.0	146	36786	228	-146.0	146	36786	228	-146.0	146	36786
229	-192.0	192	36978	229	-192.0	192	36978	229	-192.0	192	36978	229	-192.0	192	36978	229	-192.0	192	36978	229	-192.0	192	36978	229	-192.0	192	36978	229	-192.0	192	36978	229	-192.0	192	36978	229	-192.0	192	36978	229	-192.0	192	36978	229	-192.0	192	36978	229	-192.0	192	36978	229	-192.0	192	36978	229	-192.0	192	36978	229	-192.0	192	36978	229	-192.0	192	36978	229	-192.0	192	36978
230	-133.0	133	37111	230	-133.0	133	37111	230	-133.0	133	37111	230	-133.0	133	37111	230	-133.0	133	37111	230	-133.0	133	37111	230	-133.0	133	37111	230	-133.0	133	37111	230	-133.0	133	37111	230	-133.0	133	37111	230	-133.0	133	37111	230	-133.0	133	37111	230	-133.0	133	37111	230	-133.0	133	37111	230	-133.0	133	37111	230	-133.0	133	37111	230	-133.0	133	37111	230	-133.0	133	37111
231	-139.0	139	37250	231	-139.0	139	37250	231	-139.0	139	37250	231	-139.0	139	37250	231	-139.0	139	37250	231	-139.0	139	37250	231	-139.0	139	37250	231	-139.0	139	37250	231	-139.0	139	37250	231	-139.0	139	37250	231	-139.0	139	37250	231	-139.0	139	37250	231	-139.0	139	37250	231	-139.0	139	37250	231	-139.0	139	37250	231	-139.0	139	37250	231	-139.0	139	37250	231	-139.0	139	37250
232	-134.0	134	37384	232	-134.0	134	37384	232	-134.0	134	37384	232	-134.0	134	37384	232	-134.0	134	37384	232	-134.0	134	37384	232	-134.0	134	37384	232	-134.0	134	37384	232	-134.0	134	37384	232	-134.0	134	37384	232	-134.0	134	37384	232	-134.0	134	37384	232	-134.0	134	37384	232	-134.0	134	37384	232	-134.0	134	37384	232	-134.0	134	37384	232	-134.0	134	37384	232	-134.0	134	37384
233	-191.0	191	37575	233	-191.0	191	37575	233	-191.0	191	37575	233	-191.0	191	37575	233	-191.0	191	37575	233	-191.0	191	37575	233	-191.0	191	37575	233	-191.0	191	37575	233	-191.0	191	37575	233	-191.0	191	37575	233	-191.0	191	37575	233	-191.0	191	37575	233	-191.0	191	37575	233	-191.0	191	37575	233	-191.0	191	37575	233	-191.0	191	37575	233	-191.0	191	37575	233	-191.0	191	37575
234	-176.0	176	37751	234	-176.0	176	37751	234	-176.0	176	37751	234	-176.0	176	37751	234	-176.0	176	37751	234	-176.0	176	37751	234	-176.0	176	37751	234	-176.0	176	37751	234	-176.0	176	37751	234	-176.0	176	37751	234	-176.0	176	37751	234	-176.0	176	37751	234	-176.0	176	37751	234	-176.0	176	37751	234	-176.0	176	37751	234	-176.0	176	37751	234	-176.0	176	37751	234	-176.0	176	37751
235	-111.0	111	37862	235	-111.0	111	37862	235	-111.0	111	37862	235	-111.0	111	37862	235	-111.0	111	37862	235	-111.0	111	37862	235	-111.0	111	37862	235	-111.0	111	37862	235	-111.0	111	37862	235	-111.0	111	37862	235	-111.0	111	37862	235	-111.0	111	37862	235	-111.0	111	37862	235	-111.0	111	37862	235	-111.0	111	37862	235	-111.0	111	37862	235	-111.0	111	37862	235	-111.0	111	37862
236	-110.0	110	37972	236	-110.0	110	37972	236	-110.0	110	37972	236	-110.0	110	37972	236	-110.0	110	37972	236	-110.0	110	37972	236	-110.0	110	37972	236	-110.0	110	37972	236	-110.0	110	37972	236	-110.0	110	37972	236	-110.0	110	37972	236	-110.0	110	37972	236	-110.0	110	37972	236	-110.0	110	37972	236	-110.0	110	37972	236	-110.0	110	37972	236	-110.0	110	37972	236	-110.0	110	37972
237	-167.0	167	38139	237	-167.0	167	38139	237	-167.0	167	38139	237	-167.0	167	38139	237	-167.0	167	38139	237	-167.0	167	38139	237	-167.0	167	38139	237	-167.0	167	38139	237	-167.0	167	38139	237	-167.0	167	38139	237	-167.0	167	38139	237	-167.0	167	38139	237	-167.0	167	38139	237	-167.0	167	38139	237	-167.0	167	38139	237	-167.0	167	38139	237	-167.0	167	38139	237	-167.0	167	38139
238	-148.0	148	38287	238	-148.0	148	38287	238	-148.0	148	38287	238	-148.0	148	38287	238	-148.0	148	38287	238	-148.0	148	38287	238	-148.0	148	38287	238	-148.0	148	38287	238	-148.0	148	38287	238	-148.0	148	38287	238	-148.0	148	38287	238	-148.0	148	38287	238	-148.0	148	38287	238	-148.0	148	38287	238	-148.0	148	38287	238	-148.0	148	38287	238	-148.0	148	38287	238	-148.0	148	38287
239	-187.0	187	38474	239	-187.0	187	38474	239	-187.0	187	38474	239	-187.0	187	38474	239	-187.0	187	38474	239	-187.0	187	38474	239	-187.0	187	38474	239	-187.0	187	38474	239	-187.0	187	38474	239	-187.0	187	38474	239	-187.0	187	38474	239	-187.0	187	38474	239	-187.0	187	38474	239	-187.0	187	38474	239	-187.0	187	38474	239	-187.0	187	38474	239	-187.0	187	38474	239	-187.0	187	38474
240	-170.0	170	38644	240	-170.0	170	38644	240	-170.0	170	38644	240	-170.0	170	38644	240	-170.0	170	38644	240	-170.0	170	38644	240	-170.0	170	38644	240	-170.0	170	38644	240	-170.0	170	38644	240	-170.0	170	38644	240	-170.0	170	38644	240	-170.0	170	38644	240	-170.0	170	38644	240	-170.0	170	38644	240	-170.0	170	38644	240	-170.0	170	38644	240	-170.0	170	38644	240	-170.0	170	38644
241	-143.0	143	38787	241	-143.0	143	38787	241	-143.0	143	38787	241	-143.0	143	38787	241	-143.0	143	38787	241	-143.0	143	38787	241	-143.0	143	38787	241	-143.0	143	38787	241	-143.0	143	38787	241	-143.0	143	38787	241	-143.0	143	38787	241	-143.0	143	38787	241	-143.0	143	38787	241	-143.0	143	38787	241	-143.0	143	38787	241	-143.0	143	38787	241	-143.0	143	38787	241	-143.0	143	38787
242	-145.0	145	38932	242	-145.0	145	38932	242	-145.0	145	38932	242	-145.0	145	38932	242	-145.0	145	38932	242	-145.0	145	38932	242	-145.0	145	38932	242	-145.0	145	38932	242	-145.0	145	38932	242	-145.0	145	38932	242	-145.0	145	38932	242	-145.0	145	38932	242	-145.0	145	38932	242	-145.0	145	38932	242	-145.0	145	38932	242	-145.0	145	38932	242	-145.0	145	38932	242	-145.0	145	38932
243	-143.0	143	39075	243	-143.0	143	39075	243	-143.0	143	39075	243	-143.0	143	39075	243	-143.0	143	39075	243	-143.0	143	39075	243	-143.0	143	39075	243	-143.0	143	39075	243	-143.0	143	39075	243	-143.0	143	39075	243	-143.0	143	39075	243	-143.0	143	39075	243	-143.0	143	39075	243	-143.0	143	39075	243	-143.0	143	39075	243	-143.0	143	39075	243	-143.0	143	39075	243	-143.0	143	39075
244	-134.0	134	39209	244	-134.0	134	39209	244	-134.0	134	39209	244	-134.0	134	39209	244	-134.0	134	39209	244	-134.0	134	39209	244	-134.0	134	39209	244	-134.0	134	39209	244	-134.0	134	39209	244	-134.0	134	39209	244	-134.0	134	39209	244	-134.0	134	39209	244	-134.0	134	39209	244	-134.0	134	39209	244	-134.0	134	39209	244	-134.0	134	39209	244	-134.0	134	39209	244	-134.0	134	39209
245	-134.0	134	39343	245	-134.0	134	39343	245	-134.0	134	39343	245	-134.0	134	39343	245	-134.0	134	39343	245	-134.0	134	39343	245	-134.0	134	39343	245	-134.0	134	39343	245	-134.0	134	39343	245	-134.0	134	39343	245	-134.0	134	39343	245	-134.0	134	39343	245	-134.0	134	39343	245	-134.0	134	39343	245	-134.0	134	39343	245	-134.0	134	39343	245	-134.0	134	39343	245	-134.0	134	39343
246	-140.0	140	39483	246	-140.0	140	39483	246	-140.0	140	39483	246	-140.0	140	39483	246	-140.0	140	39483	246	-140.0	140	39483	246	-140.0	140	39483	246	-140.0	140	39483	246	-140.0	140	39483	246	-140.0	140	39483	246	-140.0	140	39483	246	-140.0	140	39483	246	-140.0	140	39483	246	-140.0	140	39483	246	-140.0	140	39483	246	-140.0	140	39483	246	-140.0	140	39483	246	-140.0	140	39483
247	-140.0	140	39623	247	-140.0	140	39623	247	-140.0	140	39623	247	-140.0	140	39623	247	-140.0	140	39623	247	-140.0	140	39623	247	-140.0	140	39623	247	-140.0	140	39623	247	-140.0	140	39623	247	-140.0	140	39623	247	-140.0	140	39623	247	-140.0	140	39623	247	-140.0	140	39623	247	-140.0	140	39623	247	-140.0	140	39623	247	-140.0	140	39623	247	-140.0	140	39623	247	-140.0	140	39623
248	-135.0	135	39758	248	-135.0	135	39758	248	-135.0	135	39758	248	-135.0	135	39758	248	-135.0	135	39758	248	-135.0	135	39758	248	-135.0	135	39758	248	-135.0	135	39758	248	-135.0	135	39758	248	-135.0	135	39758	248	-135.0	135	39758	248	-135.0	135	39758	248	-135.0	135	39758	248	-135.0	135	39758	248	-135.0	135	39758	248	-135.0	135	39758	248	-135.0	135	39758	248	-135.0	135	39758
249	-132.0	132	39890	249	-132.0	132	39890	249	-132.0	132	39890	249	-132.0	132	39890	249	-132.0	132	39890	249	-132.0	132	39890	249	-132.0	132	39890	249	-132.0	132	39890	249	-132.0	132	39890	249	-132.0	132	39890	249	-132.0	132	39890	249	-132.0	132	39890	249	-132.0	132	39890	249	-132.0	132	39890	249	-132.0	132	39890	249	-132.0	132	39890	249	-132.0	132	39890	249	-132.0	132	39890
250	-139.0	139	40029	250	-139.0	139	40029	250	-139.0	139	40029	250	-139.0	139	40029	250	-139.0	139	40029	250	-139.0	139	40029	250	-139.0	139	40029	250	-139.0	139	40029	250	-139.0	139	40029	250	-139.0	139	40029	250	-139.0	139	40029	250	-139.0	139	40029	250	-139.0	139	40029	250	-139.0	139	40029	250	-139.0	139	40029	250	-139.0	139	40029	250	-139.0	139	40029	250	-139.0	139	40029
251	-137.0	137	40166	251	-137.0	137	40166	251	-137.0	137	40166	251	-137.0	137	40166	251	-137.0	137	40166	251	-137.0	137	40166	251	-137.0	137	40166	251	-137.0	137	40166	251	-137.0	137	40166	251	-137.0	137	40166	251	-137.0	137	40166	251	-137.0	137	40166	251	-137.0	137	40166	251	-137.0	137	40166	251	-137.0	137	40166	251	-137.0	137	40166	251	-137.0	137	40166	251	-137.0	137	40166
252	-134.0	134	40300	252	-134.0	134	40300	252	-134.0	134	40300	252	-134.0	134	40300	252	-134.0	134	40300	252	-134.0	134	40300	252	-134.0	134	40300	252	-134.0	134	40300	252	-134.0	134	40300	252	-134.0	134	40300	252	-134.0	134	40300	252	-134.0	134	40300	252	-134.0	134	40300	252	-134.0	134	40300	252	-134.0	134	40300	252	-134.0	134	40300	252	-134.0	134	40300	252	-134.0	134	40300
253	-133.0	133	40433	253	-133.0	133	40433	253	-133.0	133	40433	253	-133.0	133	40433	253	-133.0	133	40433	253	-133.0	133	40433	253	-133.0	133	40433	253	-133.0	133	40433	253	-133.0	133	40433	253	-133.0	133	40433	253	-133.0	133	40433	253	-133.0	133	40433	253	-133.0	133	40433	253	-133.0	133	40433	253	-133.0	133	40433	253	-133.0	133	40433	253	-133.0	133	40433	253	-133.0	133	40433
254	-141.0	141	40574	254	-141.0	141	40574	254	-141.0	141	40574	254	-141.0	141	40574	254	-141.0	141	40574	254	-141.0	141	40574	254	-141.0	141	40574	254	-141.0	141	40574	254	-141.0	141	40574	254	-141.0	141	40574	254	-141.0	141	40574	254	-141.0	141	40574	254	-141.0	141	40574	254	-141.0	141	40574	254	-141.0	141	40574	254	-141.0	141	40574	254	-141.0	141	40574	254	-141.0	141	40574
255	-139.0	139	40713	255	-139.0	139	40713	255	-139.0	139	40713	255	-139.0	139	40713	255	-139.0	139	40713	255	-139.0	139	40713	255	-139.0	139	40713	255	-139.0	139	40713	255	-139.0	139	40713	255	-139.0	139	40713	255	-139.0	139	40713	255	-139.0	139	40713	255	-139.0	139	40713	255	-139.0	139	40713	255	-139.0	139	40713	255	-139.0	139	40713	255	-139.0	139	40713	255	-139.0	139	40713
256	-134.0	134	40847	256	-134.0	134	40847	256	-134.0	134	40847	256	-134.0	134	40847	256	-134.0	134	40847	256	-134.0	134	40847	256	-134.0	134	40847	256	-134.0	134	40847	256	-134.0	134	40847	256	-134.0	134	40847	256	-134.0	134	40847	256	-134.0	134	40847	256	-134.0	134	40847	256	-134.0	134	40847	256	-134.0	134	40847	256	-134.0	134	40847	256	-134.0	134	40847	256	-134.0	134	40847
257	-140.0	140	40987	257	-140.0	140	40987	257	-140.0	140	40987	257	-140.0	140	40987	257	-140.0	140	40987	257	-140.0	140	40987	257	-140.0	140	40987	257	-140.0	140	40987	257	-140.0	140	40987	257	-140.0	140	40987	257	-140.0	140	40987	257	-140.0	140	40987	257	-140.0	140	40987	257	-140.0	140	40987	257	-140.0	140	40987	257	-140.0	140	40987	257	-140.0	140	40987	257	-140.0	140	40987
258	-135.0	135	41122	258	-135.0	135	41122	258	-135.0	135	41122	258	-135.0	135	41122	258	-135.0	135	41122	258	-135.0	135	41122	258	-135.0	135	41122	258	-135.0	135	41122	258	-135.0	135	41122	258	-135.0	135	41122	258	-135.0	135	41122	258	-135.0	135	41122	258	-135.0	135	41122	258	-135.0	135	41122	258	-135.0	135	41122	258	-135.0	135	41122	258	-135.0	135	41122	258	-135.0	135	41122
259	-135.0	135	41257	259	-135.0	135	41257	259	-135.0	135	41257	259	-135.0	135	41257	259	-135.0	135	41257	259	-135.0	135	41257	259	-135.0	135	41257	259	-135.0	135	41257	259	-135.0	135	41257	259	-135.0	135	41257	259	-135.0	135	41257	259	-135.0	135	41257	259	-135.0	135	41257	259	-135.0	135	41257	259	-135.0	135	41257	259	-135.0	135	41257	259	-135.0	135	41257	259	-135.0	135	41257
260	-135.0	135	41392	260	-135.0	135	41392	260	-135.0	135	41392	260	-135.0	135	41392	260	-135.0	135	41392	260	-135.0	135	41392	260	-135.0	135	41392	260	-135.0	135	41392	260	-135.0	135	41392	260	-135.0	135	41392	260	-135.0	135	41392	260	-135.0	135	41392	260	-135.0	135	41392	260	-135.0	135	41392	260	-135.0	135	41392	260	-135.0	135	41392	260	-135.0	135	41392	260	-135.0	135	41392
261	-146.0	146	41538	261	-146.0	146	41538	261	-146.0	146	41538	261	-146.0	146	41538	261	-146.0	146	41538	261	-146.0	146	41538	261	-146.0	146	41538	261	-146.0	146	41538	261	-146.0	146	41538	261	-146.0	146	41538	261	-146.0	146	41538	261	-146.0	146	41538	261	-146.0	146	41538	261	-146.0	146	41538	261	-146.0	146	41538	261	-146.0	146	41538	261	-146.0	146	41538	261	-146.0	146	41538
262	-144.0	144	41682	262	-144.0	144	41682	262	-144.0	144	41682	262	-144.0	144	41682	262	-144.0	144	41682	262	-144.0	144	41682	262	-144.0	144	41682	262	-144.0	144	41682	262	-144.0	144	41682	262	-144.0	144	41682	262	-144.0	144	41682	262	-144.0	144	41682	262	-144.0	144	41682	262	-144.0	144	41682	262	-144.0	144	41682	262	-144.0	144	41682	262	-144.0	144	41682	262	-144.0	144	41682
263	-136.0	136	41818	263	-136.0	136	41818	263	-136.0	136	41818	263	-136.0	136	41818	263	-136.0	136	41818	263	-136.0	136	41818	263	-136.0	136	41818	263	-136.0	136	41818	263	-136.0	136	41818	263	-136.0	136	41818	263	-136.0	136	41818	263	-136.0	136	41818	263	-136.0	136	41818	263	-136.0	136	41818	263	-136.0	136	41818	263	-136.0	136	41818	263	-136.0	136	41818	263	-136.0	136	41818
264	-112.0	112	41930	264	-112.0	112	41930	264	-112.0	112	41930	264	-112.0	112	41930	264	-112.0	112	41930	264	-112.0	112	41930	264	-112.0	112	41930	264	-112.0	112	41930	264	-112.0	112	41930	264	-112.0	112	41930	264	-112.0	112	41930	264	-112.0	112	41930	264	-112.0	112	41930	264	-112.0	112	41930	264	-112.0	112	41930	264	-112.0	112	41930	264	-112.0	112	41930	264	-112.0	112	41930
265	-120.0	120	42050	265	-120.0	120	42050	265	-120.0	120	42050	265	-120.0	120	42050	265	-120.0	120	42050	265	-120.0	120	42050	265	-120.0	120	42050	265	-120.0	120	42050	265	-120.0	120	42050	265	-120.0	120	42050	265	-120.0	120	42050	265	-120.0	120	42050	265	-120.0	120	42050	265	-120.0	120	42050	265	-120.0	120	42050	265	-120.0	120	42050	265	-120.0	120	42050	265	-120.0	120	42050
266	-109.0	109	42159	266	-109.0	109	42159	266	-109.0	109	42159	266	-109.0	109	42159	266	-109.0	109	42159	266	-109.0	109	42159	266	-109.0	109	42159	266	-109.0	109	42159	266	-109.0	109	42159	266	-109.0	109	42159	266	-109.0	109	42159	266	-109.0	109	42159	266	-109.0	109	42159	266	-109.0	109	42159	266	-109.0	109	42159	266	-109.0	109	42159	266	-109.0	109	42159	266	-109.0	109	42159
267	-141.0	141	42300	267	-141.0	141	42300	267	-141.0	141	42300	267	-141.0	141	42300	267	-141.0	141	42300	267	-141.0	141	42300	267	-141.0	141	42300	267	-141.0	141	42300	267	-141.0	141	42300	267	-141.0	141	42300	267	-141.0	141	42300	267	-141.0	141	42300	267	-141.0	141	42300	267	-141.0	141	42300	267	-141.0	141	42300	267	-141.0	141	42300	267	-141.0	141	42300	267	-141.0	141	42300
268	-94.0	94	42394	268	-94.0	94	42394	268	-94.0	94	42394	268	-94.0	94	42394	268	-94.0	94	42394	268	-94.0	94	42394	268	-94.0	94	42394	268	-94.0	94	42394	268	-94.0	94	42394	268	-94.0	94	42394	268	-94.0	94	42394	268	-94.0	94	42394	268	-94.0	94	42394	268	-94.0	94	42394	268	-94.0	94	42394	268	-94.0	94	42394	268	-94.0	94	42394	268	-94.0	94	42394
269	-106.0	106	42500	269	-106.0	106	42500	269	-106.0	106	42500	269	-106.0	106	42500	269	-106.0	106	42500	269	-106.0	106	42500	269	-106.0	106	42500	269	-106.0	106	42500	269	-106.0	106	42500	269	-106.0	106	42500	269	-106.0	106	42500	269	-106.0	106	42500	269	-106.0	106	42500	269	-106.0	106	42500	269	-106.0	106	42500	269	-106.0	106	42500	269	-106.0	106	42500	269	-106.0	106	42500
270	-131.0	131	42631	270	-131.0	131	42631	270	-131.0	131	42631	270	-131.0	131	42631	270	-131.0	131	42631	270	-131.0	131	42631	270	-131.0	131	42631	270	-131.0	131	42631	270	-131.0	131	42631	270	-131.0	131	42631	270	-131.0	131	42631	270	-131.0	131	42631	270	-131.0	131	42631	270	-131.0	131	42631	270	-131.0	131	42631	270	-131.0	131	42631	270	-131.0	131	42631	270	-131.0	131	42631
271	-110.0	110	42741	271	-110.0	110	42741	271	-110.0	110	42741	271	-110.0	110	42741	271	-110.0	110	42741	271	-110.0	110	42741	271	-110.0	110	42741	271	-110.0	110	42741	271	-110.0	110	42741	271	-110.0	110	42741	271	-110.0	110	42741	271	-110.0	110	42741	271	-110.0	110	42741	271	-110.0	110	42741	271	-110.0	110	42741	271	-110.0	110	42741	271	-110.0	110	42741	271	-110.0	110	42741
272	-86.0	86	42827	272	-86.0	86	42827	272	-86.0	86	42827	272	-86.0	86	42827	272	-86.0	86	42827	272	-86.0	86	42827	272	-86.0	86	42827	272	-86.0	86	42827	272	-86.0	86	42827	272	-86.0	86	42827	272	-86.0	86	42827	272	-86.0	86	42827	272	-86.0	86	42827	272	-86.0	86	42827	272	-86.0	86	42827	272	-86.0	86	42827	272	-86.0	86	42827	272	-86.0	86	42827
273	-108.0	108	42935	273	-108.0	108	42935	273	-108.0	108	42935	273	-108.0	108	42935	273	-108.0	108	42935	273	-108.0	108	42935	273	-108.0	108	42935	273	-108.0	108	42935	273	-108.0	108	42935	273	-108.0	108	42935	273	-108.0	108	42935	273	-108.0	108	42935	273	-108.0	108	42935	273	-108.0	108	42935	273	-108.0	108	42935	273	-108.0	108	42935	273	-108.0	108	42935	273	-108.0	108	42935
274	-104.0	104	43039	274	-104.0	104	43039	274	-104.0	104	43039	274	-104.0	104	43039	274	-104.0	104	43039	274	-104.0	104	43039	274	-104.0	104	43039	274	-104.0	104	43039	274	-104.0	104	43039	274	-104.0	104	43039	274	-104.0	104	43039	274	-104.0	104	43039	274	-104.0	104	43039	274	-104.0	104	43039	274	-104.0	104	43039	274	-104.0	104	43039	274	-104.0	104	43039	274	-104.0	104	43039
275	-137.0	137	43176	275	-137.0	137	43176	275	-137.0	137	43176	275	-137.0	137	43176	275	-137.0	137	43176	275	-137.0	137	43176	275	-137.0	137	43176	275	-137.0	137	43176	275	-137.0	137	43176	275	-137.0	137	43176	275	-137.0	137	43176	275	-137.0	137	43176	275	-137.0	137	43176	275	-137.0	137	43176	275	-137.0	137	43176	275	-137.0	137	43176	275	-137.0	137	43176	275	-137.0	137	43176
276	-140.0	140	43316	276	-140.0	140	43316	276	-140.0	140	43316	276	-140.0	140	43316	276	-140.0	140	43316	276	-140.0	140	43316	276	-140.0	140	43316	276	-140.0	140	43316	276	-140.0	140	43316	276	-140.0	140	43316	276	-140.0	140	43316	276	-140.0	140	43316	276	-140.0	140	43316	276	-140.0	140	43316	276	-140.0	140	43316	276	-140.0	140	43316	276	-140.0	140	43316	276	-140.0	140	43316
277	-140.0	140	43456	277	-140.0	140	43456	277	-140.0	140	43456	277	-140.0	140	43456	277	-140.0	140	43456	277	-140.0	140	43456	277	-140.0	140	43456	277	-140.0	140	43456	277	-140.0	140	43456	277	-140.0	140	43456	277	-140.0	140	43456	277	-140.0	140	43456	277	-140.0	140	43456	277	-140.0	140	43456	277	-140.0	140	43456	277	-140.0	140	43456	277	-140.0	140	43456	277	-140.0	140	43456
278	-136.0	136	43592	278	-136.0	136	43592	278	-136.0	136	43592	278	-136.0	136	43592	278	-136.0	136	43592	278	-136.0	136	43592	278	-136.0	136	43592	278	-136.0	136	43592	278	-136.0	136	43592	278	-136.0	136	43592	278	-136.0	136	43592	278	-136.0	136	43592	278	-136.0	136	43592	278	-136.0	136	43592	278	-136.0	136	43592	278	-136.0	136	43592	278	-136.0	136	43592	278	-136.0	136	43592
279	-113.0	113	43705	279	-113.0	113	43705	279	-113.0	113	43705	279	-113.0	113	43705	279	-113.0	113	43705	279	-113.0	113	43705	279	-113.0	113	43705	279	-113.0	113	43705	279	-113.0	113	43705	279	-113.0	113	43705	279	-113.0	113	43705	279	-113.0	113	43705	279	-113.0	113	43705	279	-113.0	113	43705	279	-113.0	113	43705	279	-113.0	113	43705	279	-113.0	113	43705	279	-113.0	113	43705
280	-134.0	134	43839	280	-134.0	134	43839	280	-134.0	134	43839	280	-134.0	134	43839	280	-134.0	134	43839	280	-134.0	134	43839	280	-134.0	134	43839	280	-134.0	134	43839	280	-134.0	134	43839	280	-134.0	134	43839	280	-134.0	134	43839	280	-134.0	134	43839	280	-134.0	134	43839	280	-134.0	134	43839	280	-134.0	134	43839	280	-134.0	134	43839	280	-134.0	134	43839	280	-134.0	134	43839
281	-107.0	107	43946	281	-107.0	107	43946	281	-107.0	107	43946	281	-107.0	107	43946	281	-107.0	107	43946	281	-107.0	107	43946	281	-107.0	107	43946	281	-107.0	107	43946	281	-107.0	107	43946	281	-107.0	107	43946	281	-107.0	107	43946	281	-107.0	107	43946	281	-107.0	107	43946	281	-107.0	107	43946	281	-107.0	107	43946	281	-107.0	107	43946	281	-107.0	107	43946	281	-107.0	107	43946
282	-106.0	106	44052	282	-106.0	106	44052	282	-106.0	106	44052	282	-106.0	106	44052	282	-106.0	106	44052	282	-106.0	106	44052	282	-106.0	106	44052	282	-106.0	106	44052	282	-106.0	106	44052	282	-106.0	106	44052	282	-106.0	106	44052	282	-106.0	106	44052	282	-106.0	106	44052	282	-106.0	106	44052	282	-106.0	106	44052	282	-106.0	106	44052	282	-106.0	106	44052	282	-106.0	106	44052
283	-151.0	151	44203	283	-151.0	151	44203	283	-151.0	151	44203	283	-151.0	151	44203	283	-151.0	151	44203	283	-151.0	151	44203	283	-151.0	151	44203	283	-151.0	151	44203	283	-151.0	151	44203	283	-151.0	151	44203	283	-151.0	151	44203	283	-151.0	151	44203	283	-151.0	151	44203	283	-151.0	151	44203	283	-151.0	151	44203	283	-151.0	151	44203	283	-151.0	151	44203	283	-151.0	151	44203
284	-133.0	133	44336	284	-133.0	133	44336	284	-133.0	133	44336	284	-133.0	133	44336	284	-133.0	133	44336	284	-133.0	133	44336	284	-133.0	133	44336	284	-133.0	133	44336	284	-133.0	133	44336	284	-133.0	133	44336	284	-133.0	133	44336	284	-133.0	133	44336	284	-133.0	133	44336	284	-133.0	133	44336	284	-133.0	133	44336	284	-133.0	133	44336	284	-133.0	133	44336	284	-133.0	133	44336
285	-131.0	131	44467	285	-131.0	131	44467	285	-131.0	131	44467	285	-131.0	131	44467	285	-131.0	131	44467	285	-131.0	131	44467	285	-131.0	131	44467	285	-131.0	131	44467	285	-131.0	131	44467	285	-131.0	131	44467	285	-131.0	131	44467	285	-131.0	131	44467	285	-131.0	131	44467	285	-131.0	131	44467	285	-131.0	131	44467	285	-131.0	131	44467	285	-131.0	131	44467	285	-131.0	131	44467
286	-131.0	131	44598	286	-131.0	131	44598	286	-131.0	131	44598	286	-131.0	131	44598	286	-131.0	131	44598	286	-131.0	131	44598	286	-131.0	131	44598	286	-131.0	131	44598	286	-131.0	131	44598	286	-131.0	131	44598	286	-131.0	131	44598	286	-131.0	131	44598	286	-131.0	131	44598	286	-131.0	131	44598	286	-131.0	131	44598	286	-131.0	131	44598	286	-131.0	131	44598	286	-131.0	131	44598
287	-117.0	117	44715	287	-117.0	117	44715	287	-117.0	117	44715	287	-117.0	117	44715	287	-117.0	117	44715	287	-117.0	117	44715	287	-117.0	117	44715	287	-117.0	117	44715	287	-117.0	117	44715	287	-117.0	117	44715	287	-117.0	117	44715	287	-117.0	117	44715	287	-117.0	117	44715	287	-117.0	117	44715	287	-117.0	117	44715	287	-117.0	117	44715	287	-117.0	117	44715	287	-117.0	117	44715
288	-135.0	135	44850	288	-135.0	135	44850	288	-135.0	135	44850	288	-135.0	135	44850	288	-135.0	135	44850	288	-135.0	135	44850	288	-135.0	135	44850	288	-135.0	135	44850	288	-135.0	135	44850	288	-135.0	135	44850	288	-135.0	135	44850	288	-135.0	135	44850	288	-135.0	135	44850	288	-135.0	135	44850	288	-135.0	135	44850	288	-135.0	135	44850	288	-135.0	135	44850	288	-135.0	135	44850
289	-134.0	134	44984	289	-134.0	134	44984	289	-134.0	134	44984	289	-134.0	134	44984	289	-134.0	134	44984	289	-134.0	134	44984	289	-134.0	134	44984	289	-134.0	134	44984	289	-134.0	134	44984	289	-134.0	134	44984	289	-134.0	134	44984	289	-134.0	134	44984	289	-134.0	134	44984	289	-134.0	134	44984	289	-134.0	134	44984	289	-134.0	134	44984	289	-134.0	134	44984	289	-134.0	134	44984
290	-130.0	130	45114	290	-130.0	130	45114	290	-130.0	130	45114	290	-130.0	130	45114	290	-130.0	130	45114	290	-130.0	130	45114	290	-130.0	130	45114	290	-130.0	130	45114	290	-130.0	130	45114	290	-130.0	130	45114	290	-130.0	130	45114	290	-130.0	130	45114	290	-130.0	130	45114	290	-130.0	130	45114	290	-130.0	130	45114	290	-130.0	130	45114	290	-130.0	130	45114	290	-130.0	130	45114
291	-134.0	134	45248	291	-134.0	134	45248	291	-134.0	134	45248	291	-134.0	134	45248	291	-134.0	134	45248	291	-134.0	134	45248	291	-134.0	134	45248	291	-134.0	134	45248	291	-134.0	134	45248	291	-134.0	134	45248	291	-134.0	134	45248	291	-134.0	134	45248	291	-134.0	134	45248	291	-134.0	134	45248	291	-134.0	134	45248	291	-134.0	134	45248	291	-134.0	134	45248	291	-134.0	134	45248
292	-132.0	132	45380	292	-132.0	132	45380	292	-132.0	132	45380	292	-132.0	132	45380	292	-132.0	132	45380	292	-132.0	132	45380	292	-132.0	132	45380	292	-132.0	132	45380	292	-132.0	132	45380	292	-132.0	132	45380	292	-132.0	132	45380	292	-132.0	132	45380	292	-132.0	132	45380	292	-132.0	132	45380	292	-132.0	132	45380	292	-132.0	132	45380	292	-132.0	132	45380	292	-132.0	132	45380
293	-111.0	111	45491	293	-111.0	111	45491	293	-111.0	111	45491	293	-111.0	111	45491	293	-111.0	111	45491	293	-111.0	111	45491	293	-111.0	111	45491	293	-111.0	111	45491	293	-111.0	111	45491	293	-111.0	111	45491	293	-111.0	111	45491	293	-111.0	111	45491	293	-111.0	111	45491	293	-111.0	111	45491	293	-111.0	111	45491	293	-111.0	111	45491	293	-111.0	111	45491	293	-111.0	111	45491
294	-111.0	111	45602	294	-111.0	111	45602	294	-111.0	111	45602	294	-111.0	111	45602	294	-111.0	111	45602	294	-111.0	111	45602	294	-111.0	111	45602	294	-111.0	111	45602	294	-111.0	111	45602	294	-111.0	111	45602	294	-111.0	111	45602	294	-111.0	111	45602	294	-111.0	111	45602	294	-111.0	111	45602	294	-111.0	111	45602	294	-111.0	111	45602	294	-111.0	111	45602	294	-111.0	111	45602
295	-143.0	143	45745	295	-143.0	143	45745	295	-143.0	143	45745	295	-143.0	143	45745	295	-143.0	143	45745	295	-143.0	143	45745	295	-143.0	143	45745	295	-143.0	143	45745	295	-143.0	143	45745	295	-143.0	143	45745	295	-143.0	143	45745	295	-143.0	143	45745	295	-143.0	143	45745	295	-143.0	143	45745	295	-143.0	143	45745	295	-143.0	143	45745	295	-143.0	143	45745	295	-143.0	143	45745
296	-135.0	135	45880	296	-135.0	135	45880	296	-135.0	135	45880	296	-135.0	135	45880	296	-135.0	135	45880	296	-135.0	135	45880	296	-135.0	135	45880	296	-135.0	135	45880	296	-135.0	135	45880	296	-135.0	135	45880	296	-135.0	135	45880	296	-135.0	135	45880	296	-135.0	135	45880	296	-135.0	135	45880	296	-135.0	135	45880	296	-135.0	135	45880	296	-135.0	135	45880	296	-135.0	135	45880
297	-132.0	132	46012	297	-132.0	132	46012	297	-132.0	132	46012	297	-132.0	132	46012	297	-132.0	132	46012	297	-132.0	132	46012	297	-132.0	132	46012	297	-132.0	132	46012	297	-132.0	132	46012	297	-132.0	132	46012	297	-132.0	132	46012	297	-132.0	132	46012	297	-132.0	132	46012	297	-132.0	132	46012	297	-132.0	132	46012	297	-132.0	132	46012	297	-132.0	132	46012	297	-132.0	132	46012
298	-111.0	111	46123	298	-111.0	111	46123	298	-111.0	111	46123	298	-111.0	111	46123	298	-111.0	111	46123	298	-111.0	111	46123	298	-111.0	111	46123	298	-111.0	111	46123	298	-111.0	111	46123	298	-111.0	111	46123	298	-111.0	111	46123	298	-111.0	111	46123	298	-111.0	111	46123	298	-111.0	111	46123	298	-111.0	111	46123	298	-111.0	111	46123	298	-111.0	111	46123	298	-111.0	111	46123
299	-137.0	137	46260	299	-137.0	137	46260	299	-137.0	137	46260	299	-137.0	137	46260	299	-137.0	137	46260	299	-137.0	137	46260	299	-137.0	137	46260	299	-137.0	137	46260	299	-137.0	137	46260	299	-137.0	137	46260	299	-137.0	137	46260	299	-137.0	137	46260	299	-137.0	137	46260	299	-137.0	137	46260	299	-137.0	137	46260	299	-137.0	137	46260	299	-137.0	137	46260	299	-137.0	137	46260
