Episode	Accumulated Reward	Length	Steps	Episode	Accumulated Reward	Length	Steps	Episode	Accumulated Reward	Length	Steps	Episode	Accumulated Reward	Length	Steps	Episode	Accumulated Reward	Length	Steps	Episode	Accumulated Reward	Length	Steps	Episode	Accumulated Reward	Length	Steps	Episode	Accumulated Reward	Length	Steps	Episode	Accumulated Reward	Length	Steps	Episode	Accumulated Reward	Length	Steps	Episode	Accumulated Reward	Length	Steps	Episode	Accumulated Reward	Length	Steps	Episode	Accumulated Reward	Length	Steps	Episode	Accumulated Reward	Length	Steps	Episode	Accumulated Reward	Length	Steps	Episode	Accumulated Reward	Length	Steps	Episode	Accumulated Reward	Length	Steps
0	-500.0	500	500	0	-500.0	500	500	0	-500.0	500	500	0	-500.0	500	500	0	-500.0	500	500	0	-500.0	500	500	0	-500.0	500	500	0	-500.0	500	500	0	-500.0	500	500	0	-500.0	500	500	0	-500.0	500	500	0	-500.0	500	500	0	-500.0	500	500	0	-500.0	500	500	0	-500.0	500	500	0	-500.0	500	500	0	-500.0	500	500
1	-500.0	500	1000	1	-500.0	500	1000	1	-500.0	500	1000	1	-500.0	500	1000	1	-500.0	500	1000	1	-500.0	500	1000	1	-500.0	500	1000	1	-500.0	500	1000	1	-500.0	500	1000	1	-500.0	500	1000	1	-500.0	500	1000	1	-500.0	500	1000	1	-500.0	500	1000	1	-500.0	500	1000	1	-500.0	500	1000	1	-500.0	500	1000	1	-500.0	500	1000
2	-500.0	500	1500	2	-500.0	500	1500	2	-500.0	500	1500	2	-500.0	500	1500	2	-500.0	500	1500	2	-500.0	500	1500	2	-500.0	500	1500	2	-500.0	500	1500	2	-500.0	500	1500	2	-500.0	500	1500	2	-500.0	500	1500	2	-500.0	500	1500	2	-500.0	500	1500	2	-500.0	500	1500	2	-500.0	500	1500	2	-500.0	500	1500	2	-500.0	500	1500
3	-363.0	363	1863	3	-363.0	363	1863	3	-363.0	363	1863	3	-363.0	363	1863	3	-363.0	363	1863	3	-363.0	363	1863	3	-363.0	363	1863	3	-363.0	363	1863	3	-363.0	363	1863	3	-363.0	363	1863	3	-363.0	363	1863	3	-363.0	363	1863	3	-363.0	363	1863	3	-363.0	363	1863	3	-363.0	363	1863	3	-363.0	363	1863	3	-363.0	363	1863
4	-480.0	480	2343	4	-480.0	480	2343	4	-480.0	480	2343	4	-480.0	480	2343	4	-480.0	480	2343	4	-480.0	480	2343	4	-480.0	480	2343	4	-480.0	480	2343	4	-480.0	480	2343	4	-480.0	480	2343	4	-480.0	480	2343	4	-480.0	480	2343	4	-480.0	480	2343	4	-480.0	480	2343	4	-480.0	480	2343	4	-480.0	480	2343	4	-480.0	480	2343
5	-414.0	414	2757	5	-414.0	414	2757	5	-414.0	414	2757	5	-414.0	414	2757	5	-414.0	414	2757	5	-414.0	414	2757	5	-414.0	414	2757	5	-414.0	414	2757	5	-414.0	414	2757	5	-414.0	414	2757	5	-414.0	414	2757	5	-414.0	414	2757	5	-414.0	414	2757	5	-414.0	414	2757	5	-414.0	414	2757	5	-414.0	414	2757	5	-414.0	414	2757
6	-345.0	345	3102	6	-345.0	345	3102	6	-345.0	345	3102	6	-345.0	345	3102	6	-345.0	345	3102	6	-345.0	345	3102	6	-345.0	345	3102	6	-345.0	345	3102	6	-345.0	345	3102	6	-345.0	345	3102	6	-345.0	345	3102	6	-345.0	345	3102	6	-345.0	345	3102	6	-345.0	345	3102	6	-345.0	345	3102	6	-345.0	345	3102	6	-345.0	345	3102
7	-283.0	283	3385	7	-283.0	283	3385	7	-283.0	283	3385	7	-283.0	283	3385	7	-283.0	283	3385	7	-283.0	283	3385	7	-283.0	283	3385	7	-283.0	283	3385	7	-283.0	283	3385	7	-283.0	283	3385	7	-283.0	283	3385	7	-283.0	283	3385	7	-283.0	283	3385	7	-283.0	283	3385	7	-283.0	283	3385	7	-283.0	283	3385	7	-283.0	283	3385
8	-248.0	248	3633	8	-248.0	248	3633	8	-248.0	248	3633	8	-248.0	248	3633	8	-248.0	248	3633	8	-248.0	248	3633	8	-248.0	248	3633	8	-248.0	248	3633	8	-248.0	248	3633	8	-248.0	248	3633	8	-248.0	248	3633	8	-248.0	248	3633	8	-248.0	248	3633	8	-248.0	248	3633	8	-248.0	248	3633	8	-248.0	248	3633	8	-248.0	248	3633
9	-238.0	238	3871	9	-238.0	238	3871	9	-238.0	238	3871	9	-238.0	238	3871	9	-238.0	238	3871	9	-238.0	238	3871	9	-238.0	238	3871	9	-238.0	238	3871	9	-238.0	238	3871	9	-238.0	238	3871	9	-238.0	238	3871	9	-238.0	238	3871	9	-238.0	238	3871	9	-238.0	238	3871	9	-238.0	238	3871	9	-238.0	238	3871	9	-238.0	238	3871
10	-292.0	292	4163	10	-292.0	292	4163	10	-292.0	292	4163	10	-292.0	292	4163	10	-292.0	292	4163	10	-292.0	292	4163	10	-292.0	292	4163	10	-292.0	292	4163	10	-292.0	292	4163	10	-292.0	292	4163	10	-292.0	292	4163	10	-292.0	292	4163	10	-292.0	292	4163	10	-292.0	292	4163	10	-292.0	292	4163	10	-292.0	292	4163	10	-292.0	292	4163
11	-195.0	195	4358	11	-195.0	195	4358	11	-195.0	195	4358	11	-195.0	195	4358	11	-195.0	195	4358	11	-195.0	195	4358	11	-195.0	195	4358	11	-195.0	195	4358	11	-195.0	195	4358	11	-195.0	195	4358	11	-195.0	195	4358	11	-195.0	195	4358	11	-195.0	195	4358	11	-195.0	195	4358	11	-195.0	195	4358	11	-195.0	195	4358	11	-195.0	195	4358
12	-198.0	198	4556	12	-198.0	198	4556	12	-198.0	198	4556	12	-198.0	198	4556	12	-198.0	198	4556	12	-198.0	198	4556	12	-198.0	198	4556	12	-198.0	198	4556	12	-198.0	198	4556	12	-198.0	198	4556	12	-198.0	198	4556	12	-198.0	198	4556	12	-198.0	198	4556	12	-198.0	198	4556	12	-198.0	198	4556	12	-198.0	198	4556	12	-198.0	198	4556
13	-158.0	158	4714	13	-158.0	158	4714	13	-158.0	158	4714	13	-158.0	158	4714	13	-158.0	158	4714	13	-158.0	158	4714	13	-158.0	158	4714	13	-158.0	158	4714	13	-158.0	158	4714	13	-158.0	158	4714	13	-158.0	158	4714	13	-158.0	158	4714	13	-158.0	158	4714	13	-158.0	158	4714	13	-158.0	158	4714	13	-158.0	158	4714	13	-158.0	158	4714
14	-218.0	218	4932	14	-218.0	218	4932	14	-218.0	218	4932	14	-218.0	218	4932	14	-218.0	218	4932	14	-218.0	218	4932	14	-218.0	218	4932	14	-218.0	218	4932	14	-218.0	218	4932	14	-218.0	218	4932	14	-218.0	218	4932	14	-218.0	218	4932	14	-218.0	218	4932	14	-218.0	218	4932	14	-218.0	218	4932	14	-218.0	218	4932	14	-218.0	218	4932
15	-188.0	188	5120	15	-188.0	188	5120	15	-188.0	188	5120	15	-188.0	188	5120	15	-188.0	188	5120	15	-188.0	188	5120	15	-188.0	188	5120	15	-188.0	188	5120	15	-188.0	188	5120	15	-188.0	188	5120	15	-188.0	188	5120	15	-188.0	188	5120	15	-188.0	188	5120	15	-188.0	188	5120	15	-188.0	188	5120	15	-188.0	188	5120	15	-188.0	188	5120
16	-189.0	189	5309	16	-189.0	189	5309	16	-189.0	189	5309	16	-189.0	189	5309	16	-189.0	189	5309	16	-189.0	189	5309	16	-189.0	189	5309	16	-189.0	189	5309	16	-189.0	189	5309	16	-189.0	189	5309	16	-189.0	189	5309	16	-189.0	189	5309	16	-189.0	189	5309	16	-189.0	189	5309	16	-189.0	189	5309	16	-189.0	189	5309	16	-189.0	189	5309
17	-233.0	233	5542	17	-233.0	233	5542	17	-233.0	233	5542	17	-233.0	233	5542	17	-233.0	233	5542	17	-233.0	233	5542	17	-233.0	233	5542	17	-233.0	233	5542	17	-233.0	233	5542	17	-233.0	233	5542	17	-233.0	233	5542	17	-233.0	233	5542	17	-233.0	233	5542	17	-233.0	233	5542	17	-233.0	233	5542	17	-233.0	233	5542	17	-233.0	233	5542
18	-152.0	152	5694	18	-152.0	152	5694	18	-152.0	152	5694	18	-152.0	152	5694	18	-152.0	152	5694	18	-152.0	152	5694	18	-152.0	152	5694	18	-152.0	152	5694	18	-152.0	152	5694	18	-152.0	152	5694	18	-152.0	152	5694	18	-152.0	152	5694	18	-152.0	152	5694	18	-152.0	152	5694	18	-152.0	152	5694	18	-152.0	152	5694	18	-152.0	152	5694
19	-269.0	269	5963	19	-269.0	269	5963	19	-269.0	269	5963	19	-269.0	269	5963	19	-269.0	269	5963	19	-269.0	269	5963	19	-269.0	269	5963	19	-269.0	269	5963	19	-269.0	269	5963	19	-269.0	269	5963	19	-269.0	269	5963	19	-269.0	269	5963	19	-269.0	269	5963	19	-269.0	269	5963	19	-269.0	269	5963	19	-269.0	269	5963	19	-269.0	269	5963
20	-151.0	151	6114	20	-151.0	151	6114	20	-151.0	151	6114	20	-151.0	151	6114	20	-151.0	151	6114	20	-151.0	151	6114	20	-151.0	151	6114	20	-151.0	151	6114	20	-151.0	151	6114	20	-151.0	151	6114	20	-151.0	151	6114	20	-151.0	151	6114	20	-151.0	151	6114	20	-151.0	151	6114	20	-151.0	151	6114	20	-151.0	151	6114	20	-151.0	151	6114
21	-230.0	230	6344	21	-230.0	230	6344	21	-230.0	230	6344	21	-230.0	230	6344	21	-230.0	230	6344	21	-230.0	230	6344	21	-230.0	230	6344	21	-230.0	230	6344	21	-230.0	230	6344	21	-230.0	230	6344	21	-230.0	230	6344	21	-230.0	230	6344	21	-230.0	230	6344	21	-230.0	230	6344	21	-230.0	230	6344	21	-230.0	230	6344	21	-230.0	230	6344
22	-146.0	146	6490	22	-146.0	146	6490	22	-146.0	146	6490	22	-146.0	146	6490	22	-146.0	146	6490	22	-146.0	146	6490	22	-146.0	146	6490	22	-146.0	146	6490	22	-146.0	146	6490	22	-146.0	146	6490	22	-146.0	146	6490	22	-146.0	146	6490	22	-146.0	146	6490	22	-146.0	146	6490	22	-146.0	146	6490	22	-146.0	146	6490	22	-146.0	146	6490
23	-193.0	193	6683	23	-193.0	193	6683	23	-193.0	193	6683	23	-193.0	193	6683	23	-193.0	193	6683	23	-193.0	193	6683	23	-193.0	193	6683	23	-193.0	193	6683	23	-193.0	193	6683	23	-193.0	193	6683	23	-193.0	193	6683	23	-193.0	193	6683	23	-193.0	193	6683	23	-193.0	193	6683	23	-193.0	193	6683	23	-193.0	193	6683	23	-193.0	193	6683
24	-192.0	192	6875	24	-192.0	192	6875	24	-192.0	192	6875	24	-192.0	192	6875	24	-192.0	192	6875	24	-192.0	192	6875	24	-192.0	192	6875	24	-192.0	192	6875	24	-192.0	192	6875	24	-192.0	192	6875	24	-192.0	192	6875	24	-192.0	192	6875	24	-192.0	192	6875	24	-192.0	192	6875	24	-192.0	192	6875	24	-192.0	192	6875	24	-192.0	192	6875
25	-206.0	206	7081	25	-206.0	206	7081	25	-206.0	206	7081	25	-206.0	206	7081	25	-206.0	206	7081	25	-206.0	206	7081	25	-206.0	206	7081	25	-206.0	206	7081	25	-206.0	206	7081	25	-206.0	206	7081	25	-206.0	206	7081	25	-206.0	206	7081	25	-206.0	206	7081	25	-206.0	206	7081	25	-206.0	206	7081	25	-206.0	206	7081	25	-206.0	206	7081
26	-153.0	153	7234	26	-153.0	153	7234	26	-153.0	153	7234	26	-153.0	153	7234	26	-153.0	153	7234	26	-153.0	153	7234	26	-153.0	153	7234	26	-153.0	153	7234	26	-153.0	153	7234	26	-153.0	153	7234	26	-153.0	153	7234	26	-153.0	153	7234	26	-153.0	153	7234	26	-153.0	153	7234	26	-153.0	153	7234	26	-153.0	153	7234	26	-153.0	153	7234
27	-168.0	168	7402	27	-168.0	168	7402	27	-168.0	168	7402	27	-168.0	168	7402	27	-168.0	168	7402	27	-168.0	168	7402	27	-168.0	168	7402	27	-168.0	168	7402	27	-168.0	168	7402	27	-168.0	168	7402	27	-168.0	168	7402	27	-168.0	168	7402	27	-168.0	168	7402	27	-168.0	168	7402	27	-168.0	168	7402	27	-168.0	168	7402	27	-168.0	168	7402
28	-162.0	162	7564	28	-162.0	162	7564	28	-162.0	162	7564	28	-162.0	162	7564	28	-162.0	162	7564	28	-162.0	162	7564	28	-162.0	162	7564	28	-162.0	162	7564	28	-162.0	162	7564	28	-162.0	162	7564	28	-162.0	162	7564	28	-162.0	162	7564	28	-162.0	162	7564	28	-162.0	162	7564	28	-162.0	162	7564	28	-162.0	162	7564	28	-162.0	162	7564
29	-149.0	149	7713	29	-149.0	149	7713	29	-149.0	149	7713	29	-149.0	149	7713	29	-149.0	149	7713	29	-149.0	149	7713	29	-149.0	149	7713	29	-149.0	149	7713	29	-149.0	149	7713	29	-149.0	149	7713	29	-149.0	149	7713	29	-149.0	149	7713	29	-149.0	149	7713	29	-149.0	149	7713	29	-149.0	149	7713	29	-149.0	149	7713	29	-149.0	149	7713
30	-151.0	151	7864	30	-151.0	151	7864	30	-151.0	151	7864	30	-151.0	151	7864	30	-151.0	151	7864	30	-151.0	151	7864	30	-151.0	151	7864	30	-151.0	151	7864	30	-151.0	151	7864	30	-151.0	151	7864	30	-151.0	151	7864	30	-151.0	151	7864	30	-151.0	151	7864	30	-151.0	151	7864	30	-151.0	151	7864	30	-151.0	151	7864	30	-151.0	151	7864
31	-151.0	151	8015	31	-151.0	151	8015	31	-151.0	151	8015	31	-151.0	151	8015	31	-151.0	151	8015	31	-151.0	151	8015	31	-151.0	151	8015	31	-151.0	151	8015	31	-151.0	151	8015	31	-151.0	151	8015	31	-151.0	151	8015	31	-151.0	151	8015	31	-151.0	151	8015	31	-151.0	151	8015	31	-151.0	151	8015	31	-151.0	151	8015	31	-151.0	151	8015
32	-147.0	147	8162	32	-147.0	147	8162	32	-147.0	147	8162	32	-147.0	147	8162	32	-147.0	147	8162	32	-147.0	147	8162	32	-147.0	147	8162	32	-147.0	147	8162	32	-147.0	147	8162	32	-147.0	147	8162	32	-147.0	147	8162	32	-147.0	147	8162	32	-147.0	147	8162	32	-147.0	147	8162	32	-147.0	147	8162	32	-147.0	147	8162	32	-147.0	147	8162
33	-207.0	207	8369	33	-207.0	207	8369	33	-207.0	207	8369	33	-207.0	207	8369	33	-207.0	207	8369	33	-207.0	207	8369	33	-207.0	207	8369	33	-207.0	207	8369	33	-207.0	207	8369	33	-207.0	207	8369	33	-207.0	207	8369	33	-207.0	207	8369	33	-207.0	207	8369	33	-207.0	207	8369	33	-207.0	207	8369	33	-207.0	207	8369	33	-207.0	207	8369
34	-187.0	187	8556	34	-187.0	187	8556	34	-187.0	187	8556	34	-187.0	187	8556	34	-187.0	187	8556	34	-187.0	187	8556	34	-187.0	187	8556	34	-187.0	187	8556	34	-187.0	187	8556	34	-187.0	187	8556	34	-187.0	187	8556	34	-187.0	187	8556	34	-187.0	187	8556	34	-187.0	187	8556	34	-187.0	187	8556	34	-187.0	187	8556	34	-187.0	187	8556
35	-194.0	194	8750	35	-194.0	194	8750	35	-194.0	194	8750	35	-194.0	194	8750	35	-194.0	194	8750	35	-194.0	194	8750	35	-194.0	194	8750	35	-194.0	194	8750	35	-194.0	194	8750	35	-194.0	194	8750	35	-194.0	194	8750	35	-194.0	194	8750	35	-194.0	194	8750	35	-194.0	194	8750	35	-194.0	194	8750	35	-194.0	194	8750	35	-194.0	194	8750
36	-160.0	160	8910	36	-160.0	160	8910	36	-160.0	160	8910	36	-160.0	160	8910	36	-160.0	160	8910	36	-160.0	160	8910	36	-160.0	160	8910	36	-160.0	160	8910	36	-160.0	160	8910	36	-160.0	160	8910	36	-160.0	160	8910	36	-160.0	160	8910	36	-160.0	160	8910	36	-160.0	160	8910	36	-160.0	160	8910	36	-160.0	160	8910	36	-160.0	160	8910
37	-139.0	139	9049	37	-139.0	139	9049	37	-139.0	139	9049	37	-139.0	139	9049	37	-139.0	139	9049	37	-139.0	139	9049	37	-139.0	139	9049	37	-139.0	139	9049	37	-139.0	139	9049	37	-139.0	139	9049	37	-139.0	139	9049	37	-139.0	139	9049	37	-139.0	139	9049	37	-139.0	139	9049	37	-139.0	139	9049	37	-139.0	139	9049	37	-139.0	139	9049
38	-145.0	145	9194	38	-145.0	145	9194	38	-145.0	145	9194	38	-145.0	145	9194	38	-145.0	145	9194	38	-145.0	145	9194	38	-145.0	145	9194	38	-145.0	145	9194	38	-145.0	145	9194	38	-145.0	145	9194	38	-145.0	145	9194	38	-145.0	145	9194	38	-145.0	145	9194	38	-145.0	145	9194	38	-145.0	145	9194	38	-145.0	145	9194	38	-145.0	145	9194
39	-170.0	170	9364	39	-170.0	170	9364	39	-170.0	170	9364	39	-170.0	170	9364	39	-170.0	170	9364	39	-170.0	170	9364	39	-170.0	170	9364	39	-170.0	170	9364	39	-170.0	170	9364	39	-170.0	170	9364	39	-170.0	170	9364	39	-170.0	170	9364	39	-170.0	170	9364	39	-170.0	170	9364	39	-170.0	170	9364	39	-170.0	170	9364	39	-170.0	170	9364
40	-143.0	143	9507	40	-143.0	143	9507	40	-143.0	143	9507	40	-143.0	143	9507	40	-143.0	143	9507	40	-143.0	143	9507	40	-143.0	143	9507	40	-143.0	143	9507	40	-143.0	143	9507	40	-143.0	143	9507	40	-143.0	143	9507	40	-143.0	143	9507	40	-143.0	143	9507	40	-143.0	143	9507	40	-143.0	143	9507	40	-143.0	143	9507	40	-143.0	143	9507
41	-176.0	176	9683	41	-176.0	176	9683	41	-176.0	176	9683	41	-176.0	176	9683	41	-176.0	176	9683	41	-176.0	176	9683	41	-176.0	176	9683	41	-176.0	176	9683	41	-176.0	176	9683	41	-176.0	176	9683	41	-176.0	176	9683	41	-176.0	176	9683	41	-176.0	176	9683	41	-176.0	176	9683	41	-176.0	176	9683	41	-176.0	176	9683	41	-176.0	176	9683
42	-186.0	186	9869	42	-186.0	186	9869	42	-186.0	186	9869	42	-186.0	186	9869	42	-186.0	186	9869	42	-186.0	186	9869	42	-186.0	186	9869	42	-186.0	186	9869	42	-186.0	186	9869	42	-186.0	186	9869	42	-186.0	186	9869	42	-186.0	186	9869	42	-186.0	186	9869	42	-186.0	186	9869	42	-186.0	186	9869	42	-186.0	186	9869	42	-186.0	186	9869
43	-150.0	150	10019	43	-150.0	150	10019	43	-150.0	150	10019	43	-150.0	150	10019	43	-150.0	150	10019	43	-150.0	150	10019	43	-150.0	150	10019	43	-150.0	150	10019	43	-150.0	150	10019	43	-150.0	150	10019	43	-150.0	150	10019	43	-150.0	150	10019	43	-150.0	150	10019	43	-150.0	150	10019	43	-150.0	150	10019	43	-150.0	150	10019	43	-150.0	150	10019
44	-200.0	200	10219	44	-200.0	200	10219	44	-200.0	200	10219	44	-200.0	200	10219	44	-200.0	200	10219	44	-200.0	200	10219	44	-200.0	200	10219	44	-200.0	200	10219	44	-200.0	200	10219	44	-200.0	200	10219	44	-200.0	200	10219	44	-200.0	200	10219	44	-200.0	200	10219	44	-200.0	200	10219	44	-200.0	200	10219	44	-200.0	200	10219	44	-200.0	200	10219
45	-211.0	211	10430	45	-211.0	211	10430	45	-211.0	211	10430	45	-211.0	211	10430	45	-211.0	211	10430	45	-211.0	211	10430	45	-211.0	211	10430	45	-211.0	211	10430	45	-211.0	211	10430	45	-211.0	211	10430	45	-211.0	211	10430	45	-211.0	211	10430	45	-211.0	211	10430	45	-211.0	211	10430	45	-211.0	211	10430	45	-211.0	211	10430	45	-211.0	211	10430
46	-157.0	157	10587	46	-157.0	157	10587	46	-157.0	157	10587	46	-157.0	157	10587	46	-157.0	157	10587	46	-157.0	157	10587	46	-157.0	157	10587	46	-157.0	157	10587	46	-157.0	157	10587	46	-157.0	157	10587	46	-157.0	157	10587	46	-157.0	157	10587	46	-157.0	157	10587	46	-157.0	157	10587	46	-157.0	157	10587	46	-157.0	157	10587	46	-157.0	157	10587
47	-144.0	144	10731	47	-144.0	144	10731	47	-144.0	144	10731	47	-144.0	144	10731	47	-144.0	144	10731	47	-144.0	144	10731	47	-144.0	144	10731	47	-144.0	144	10731	47	-144.0	144	10731	47	-144.0	144	10731	47	-144.0	144	10731	47	-144.0	144	10731	47	-144.0	144	10731	47	-144.0	144	10731	47	-144.0	144	10731	47	-144.0	144	10731	47	-144.0	144	10731
48	-157.0	157	10888	48	-157.0	157	10888	48	-157.0	157	10888	48	-157.0	157	10888	48	-157.0	157	10888	48	-157.0	157	10888	48	-157.0	157	10888	48	-157.0	157	10888	48	-157.0	157	10888	48	-157.0	157	10888	48	-157.0	157	10888	48	-157.0	157	10888	48	-157.0	157	10888	48	-157.0	157	10888	48	-157.0	157	10888	48	-157.0	157	10888	48	-157.0	157	10888
49	-140.0	140	11028	49	-140.0	140	11028	49	-140.0	140	11028	49	-140.0	140	11028	49	-140.0	140	11028	49	-140.0	140	11028	49	-140.0	140	11028	49	-140.0	140	11028	49	-140.0	140	11028	49	-140.0	140	11028	49	-140.0	140	11028	49	-140.0	140	11028	49	-140.0	140	11028	49	-140.0	140	11028	49	-140.0	140	11028	49	-140.0	140	11028	49	-140.0	140	11028
50	-142.0	142	11170	50	-142.0	142	11170	50	-142.0	142	11170	50	-142.0	142	11170	50	-142.0	142	11170	50	-142.0	142	11170	50	-142.0	142	11170	50	-142.0	142	11170	50	-142.0	142	11170	50	-142.0	142	11170	50	-142.0	142	11170	50	-142.0	142	11170	50	-142.0	142	11170	50	-142.0	142	11170	50	-142.0	142	11170	50	-142.0	142	11170	50	-142.0	142	11170
51	-119.0	119	11289	51	-119.0	119	11289	51	-119.0	119	11289	51	-119.0	119	11289	51	-119.0	119	11289	51	-119.0	119	11289	51	-119.0	119	11289	51	-119.0	119	11289	51	-119.0	119	11289	51	-119.0	119	11289	51	-119.0	119	11289	51	-119.0	119	11289	51	-119.0	119	11289	51	-119.0	119	11289	51	-119.0	119	11289	51	-119.0	119	11289	51	-119.0	119	11289
52	-148.0	148	11437	52	-148.0	148	11437	52	-148.0	148	11437	52	-148.0	148	11437	52	-148.0	148	11437	52	-148.0	148	11437	52	-148.0	148	11437	52	-148.0	148	11437	52	-148.0	148	11437	52	-148.0	148	11437	52	-148.0	148	11437	52	-148.0	148	11437	52	-148.0	148	11437	52	-148.0	148	11437	52	-148.0	148	11437	52	-148.0	148	11437	52	-148.0	148	11437
53	-149.0	149	11586	53	-149.0	149	11586	53	-149.0	149	11586	53	-149.0	149	11586	53	-149.0	149	11586	53	-149.0	149	11586	53	-149.0	149	11586	53	-149.0	149	11586	53	-149.0	149	11586	53	-149.0	149	11586	53	-149.0	149	11586	53	-149.0	149	11586	53	-149.0	149	11586	53	-149.0	149	11586	53	-149.0	149	11586	53	-149.0	149	11586	53	-149.0	149	11586
54	-145.0	145	11731	54	-145.0	145	11731	54	-145.0	145	11731	54	-145.0	145	11731	54	-145.0	145	11731	54	-145.0	145	11731	54	-145.0	145	11731	54	-145.0	145	11731	54	-145.0	145	11731	54	-145.0	145	11731	54	-145.0	145	11731	54	-145.0	145	11731	54	-145.0	145	11731	54	-145.0	145	11731	54	-145.0	145	11731	54	-145.0	145	11731	54	-145.0	145	11731
55	-150.0	150	11881	55	-150.0	150	11881	55	-150.0	150	11881	55	-150.0	150	11881	55	-150.0	150	11881	55	-150.0	150	11881	55	-150.0	150	11881	55	-150.0	150	11881	55	-150.0	150	11881	55	-150.0	150	11881	55	-150.0	150	11881	55	-150.0	150	11881	55	-150.0	150	11881	55	-150.0	150	11881	55	-150.0	150	11881	55	-150.0	150	11881	55	-150.0	150	11881
56	-146.0	146	12027	56	-146.0	146	12027	56	-146.0	146	12027	56	-146.0	146	12027	56	-146.0	146	12027	56	-146.0	146	12027	56	-146.0	146	12027	56	-146.0	146	12027	56	-146.0	146	12027	56	-146.0	146	12027	56	-146.0	146	12027	56	-146.0	146	12027	56	-146.0	146	12027	56	-146.0	146	12027	56	-146.0	146	12027	56	-146.0	146	12027	56	-146.0	146	12027
57	-152.0	152	12179	57	-152.0	152	12179	57	-152.0	152	12179	57	-152.0	152	12179	57	-152.0	152	12179	57	-152.0	152	12179	57	-152.0	152	12179	57	-152.0	152	12179	57	-152.0	152	12179	57	-152.0	152	12179	57	-152.0	152	12179	57	-152.0	152	12179	57	-152.0	152	12179	57	-152.0	152	12179	57	-152.0	152	12179	57	-152.0	152	12179	57	-152.0	152	12179
58	-140.0	140	12319	58	-140.0	140	12319	58	-140.0	140	12319	58	-140.0	140	12319	58	-140.0	140	12319	58	-140.0	140	12319	58	-140.0	140	12319	58	-140.0	140	12319	58	-140.0	140	12319	58	-140.0	140	12319	58	-140.0	140	12319	58	-140.0	140	12319	58	-140.0	140	12319	58	-140.0	140	12319	58	-140.0	140	12319	58	-140.0	140	12319	58	-140.0	140	12319
59	-139.0	139	12458	59	-139.0	139	12458	59	-139.0	139	12458	59	-139.0	139	12458	59	-139.0	139	12458	59	-139.0	139	12458	59	-139.0	139	12458	59	-139.0	139	12458	59	-139.0	139	12458	59	-139.0	139	12458	59	-139.0	139	12458	59	-139.0	139	12458	59	-139.0	139	12458	59	-139.0	139	12458	59	-139.0	139	12458	59	-139.0	139	12458	59	-139.0	139	12458
60	-138.0	138	12596	60	-138.0	138	12596	60	-138.0	138	12596	60	-138.0	138	12596	60	-138.0	138	12596	60	-138.0	138	12596	60	-138.0	138	12596	60	-138.0	138	12596	60	-138.0	138	12596	60	-138.0	138	12596	60	-138.0	138	12596	60	-138.0	138	12596	60	-138.0	138	12596	60	-138.0	138	12596	60	-138.0	138	12596	60	-138.0	138	12596	60	-138.0	138	12596
61	-156.0	156	12752	61	-156.0	156	12752	61	-156.0	156	12752	61	-156.0	156	12752	61	-156.0	156	12752	61	-156.0	156	12752	61	-156.0	156	12752	61	-156.0	156	12752	61	-156.0	156	12752	61	-156.0	156	12752	61	-156.0	156	12752	61	-156.0	156	12752	61	-156.0	156	12752	61	-156.0	156	12752	61	-156.0	156	12752	61	-156.0	156	12752	61	-156.0	156	12752
62	-108.0	108	12860	62	-108.0	108	12860	62	-108.0	108	12860	62	-108.0	108	12860	62	-108.0	108	12860	62	-108.0	108	12860	62	-108.0	108	12860	62	-108.0	108	12860	62	-108.0	108	12860	62	-108.0	108	12860	62	-108.0	108	12860	62	-108.0	108	12860	62	-108.0	108	12860	62	-108.0	108	12860	62	-108.0	108	12860	62	-108.0	108	12860	62	-108.0	108	12860
63	-107.0	107	12967	63	-107.0	107	12967	63	-107.0	107	12967	63	-107.0	107	12967	63	-107.0	107	12967	63	-107.0	107	12967	63	-107.0	107	12967	63	-107.0	107	12967	63	-107.0	107	12967	63	-107.0	107	12967	63	-107.0	107	12967	63	-107.0	107	12967	63	-107.0	107	12967	63	-107.0	107	12967	63	-107.0	107	12967	63	-107.0	107	12967	63	-107.0	107	12967
64	-152.0	152	13119	64	-152.0	152	13119	64	-152.0	152	13119	64	-152.0	152	13119	64	-152.0	152	13119	64	-152.0	152	13119	64	-152.0	152	13119	64	-152.0	152	13119	64	-152.0	152	13119	64	-152.0	152	13119	64	-152.0	152	13119	64	-152.0	152	13119	64	-152.0	152	13119	64	-152.0	152	13119	64	-152.0	152	13119	64	-152.0	152	13119	64	-152.0	152	13119
65	-110.0	110	13229	65	-110.0	110	13229	65	-110.0	110	13229	65	-110.0	110	13229	65	-110.0	110	13229	65	-110.0	110	13229	65	-110.0	110	13229	65	-110.0	110	13229	65	-110.0	110	13229	65	-110.0	110	13229	65	-110.0	110	13229	65	-110.0	110	13229	65	-110.0	110	13229	65	-110.0	110	13229	65	-110.0	110	13229	65	-110.0	110	13229	65	-110.0	110	13229
66	-156.0	156	13385	66	-156.0	156	13385	66	-156.0	156	13385	66	-156.0	156	13385	66	-156.0	156	13385	66	-156.0	156	13385	66	-156.0	156	13385	66	-156.0	156	13385	66	-156.0	156	13385	66	-156.0	156	13385	66	-156.0	156	13385	66	-156.0	156	13385	66	-156.0	156	13385	66	-156.0	156	13385	66	-156.0	156	13385	66	-156.0	156	13385	66	-156.0	156	13385
67	-156.0	156	13541	67	-156.0	156	13541	67	-156.0	156	13541	67	-156.0	156	13541	67	-156.0	156	13541	67	-156.0	156	13541	67	-156.0	156	13541	67	-156.0	156	13541	67	-156.0	156	13541	67	-156.0	156	13541	67	-156.0	156	13541	67	-156.0	156	13541	67	-156.0	156	13541	67	-156.0	156	13541	67	-156.0	156	13541	67	-156.0	156	13541	67	-156.0	156	13541
68	-155.0	155	13696	68	-155.0	155	13696	68	-155.0	155	13696	68	-155.0	155	13696	68	-155.0	155	13696	68	-155.0	155	13696	68	-155.0	155	13696	68	-155.0	155	13696	68	-155.0	155	13696	68	-155.0	155	13696	68	-155.0	155	13696	68	-155.0	155	13696	68	-155.0	155	13696	68	-155.0	155	13696	68	-155.0	155	13696	68	-155.0	155	13696	68	-155.0	155	13696
69	-151.0	151	13847	69	-151.0	151	13847	69	-151.0	151	13847	69	-151.0	151	13847	69	-151.0	151	13847	69	-151.0	151	13847	69	-151.0	151	13847	69	-151.0	151	13847	69	-151.0	151	13847	69	-151.0	151	13847	69	-151.0	151	13847	69	-151.0	151	13847	69	-151.0	151	13847	69	-151.0	151	13847	69	-151.0	151	13847	69	-151.0	151	13847	69	-151.0	151	13847
70	-142.0	142	13989	70	-142.0	142	13989	70	-142.0	142	13989	70	-142.0	142	13989	70	-142.0	142	13989	70	-142.0	142	13989	70	-142.0	142	13989	70	-142.0	142	13989	70	-142.0	142	13989	70	-142.0	142	13989	70	-142.0	142	13989	70	-142.0	142	13989	70	-142.0	142	13989	70	-142.0	142	13989	70	-142.0	142	13989	70	-142.0	142	13989	70	-142.0	142	13989
71	-139.0	139	14128	71	-139.0	139	14128	71	-139.0	139	14128	71	-139.0	139	14128	71	-139.0	139	14128	71	-139.0	139	14128	71	-139.0	139	14128	71	-139.0	139	14128	71	-139.0	139	14128	71	-139.0	139	14128	71	-139.0	139	14128	71	-139.0	139	14128	71	-139.0	139	14128	71	-139.0	139	14128	71	-139.0	139	14128	71	-139.0	139	14128	71	-139.0	139	14128
72	-142.0	142	14270	72	-142.0	142	14270	72	-142.0	142	14270	72	-142.0	142	14270	72	-142.0	142	14270	72	-142.0	142	14270	72	-142.0	142	14270	72	-142.0	142	14270	72	-142.0	142	14270	72	-142.0	142	14270	72	-142.0	142	14270	72	-142.0	142	14270	72	-142.0	142	14270	72	-142.0	142	14270	72	-142.0	142	14270	72	-142.0	142	14270	72	-142.0	142	14270
73	-201.0	201	14471	73	-201.0	201	14471	73	-201.0	201	14471	73	-201.0	201	14471	73	-201.0	201	14471	73	-201.0	201	14471	73	-201.0	201	14471	73	-201.0	201	14471	73	-201.0	201	14471	73	-201.0	201	14471	73	-201.0	201	14471	73	-201.0	201	14471	73	-201.0	201	14471	73	-201.0	201	14471	73	-201.0	201	14471	73	-201.0	201	14471	73	-201.0	201	14471
74	-177.0	177	14648	74	-177.0	177	14648	74	-177.0	177	14648	74	-177.0	177	14648	74	-177.0	177	14648	74	-177.0	177	14648	74	-177.0	177	14648	74	-177.0	177	14648	74	-177.0	177	14648	74	-177.0	177	14648	74	-177.0	177	14648	74	-177.0	177	14648	74	-177.0	177	14648	74	-177.0	177	14648	74	-177.0	177	14648	74	-177.0	177	14648	74	-177.0	177	14648
75	-176.0	176	14824	75	-176.0	176	14824	75	-176.0	176	14824	75	-176.0	176	14824	75	-176.0	176	14824	75	-176.0	176	14824	75	-176.0	176	14824	75	-176.0	176	14824	75	-176.0	176	14824	75	-176.0	176	14824	75	-176.0	176	14824	75	-176.0	176	14824	75	-176.0	176	14824	75	-176.0	176	14824	75	-176.0	176	14824	75	-176.0	176	14824	75	-176.0	176	14824
76	-171.0	171	14995	76	-171.0	171	14995	76	-171.0	171	14995	76	-171.0	171	14995	76	-171.0	171	14995	76	-171.0	171	14995	76	-171.0	171	14995	76	-171.0	171	14995	76	-171.0	171	14995	76	-171.0	171	14995	76	-171.0	171	14995	76	-171.0	171	14995	76	-171.0	171	14995	76	-171.0	171	14995	76	-171.0	171	14995	76	-171.0	171	14995	76	-171.0	171	14995
77	-146.0	146	15141	77	-146.0	146	15141	77	-146.0	146	15141	77	-146.0	146	15141	77	-146.0	146	15141	77	-146.0	146	15141	77	-146.0	146	15141	77	-146.0	146	15141	77	-146.0	146	15141	77	-146.0	146	15141	77	-146.0	146	15141	77	-146.0	146	15141	77	-146.0	146	15141	77	-146.0	146	15141	77	-146.0	146	15141	77	-146.0	146	15141	77	-146.0	146	15141
78	-164.0	164	15305	78	-164.0	164	15305	78	-164.0	164	15305	78	-164.0	164	15305	78	-164.0	164	15305	78	-164.0	164	15305	78	-164.0	164	15305	78	-164.0	164	15305	78	-164.0	164	15305	78	-164.0	164	15305	78	-164.0	164	15305	78	-164.0	164	15305	78	-164.0	164	15305	78	-164.0	164	15305	78	-164.0	164	15305	78	-164.0	164	15305	78	-164.0	164	15305
79	-155.0	155	15460	79	-155.0	155	15460	79	-155.0	155	15460	79	-155.0	155	15460	79	-155.0	155	15460	79	-155.0	155	15460	79	-155.0	155	15460	79	-155.0	155	15460	79	-155.0	155	15460	79	-155.0	155	15460	79	-155.0	155	15460	79	-155.0	155	15460	79	-155.0	155	15460	79	-155.0	155	15460	79	-155.0	155	15460	79	-155.0	155	15460	79	-155.0	155	15460
80	-190.0	190	15650	80	-190.0	190	15650	80	-190.0	190	15650	80	-190.0	190	15650	80	-190.0	190	15650	80	-190.0	190	15650	80	-190.0	190	15650	80	-190.0	190	15650	80	-190.0	190	15650	80	-190.0	190	15650	80	-190.0	190	15650	80	-190.0	190	15650	80	-190.0	190	15650	80	-190.0	190	15650	80	-190.0	190	15650	80	-190.0	190	15650	80	-190.0	190	15650
81	-176.0	176	15826	81	-176.0	176	15826	81	-176.0	176	15826	81	-176.0	176	15826	81	-176.0	176	15826	81	-176.0	176	15826	81	-176.0	176	15826	81	-176.0	176	15826	81	-176.0	176	15826	81	-176.0	176	15826	81	-176.0	176	15826	81	-176.0	176	15826	81	-176.0	176	15826	81	-176.0	176	15826	81	-176.0	176	15826	81	-176.0	176	15826	81	-176.0	176	15826
82	-143.0	143	15969	82	-143.0	143	15969	82	-143.0	143	15969	82	-143.0	143	15969	82	-143.0	143	15969	82	-143.0	143	15969	82	-143.0	143	15969	82	-143.0	143	15969	82	-143.0	143	15969	82	-143.0	143	15969	82	-143.0	143	15969	82	-143.0	143	15969	82	-143.0	143	15969	82	-143.0	143	15969	82	-143.0	143	15969	82	-143.0	143	15969	82	-143.0	143	15969
83	-176.0	176	16145	83	-176.0	176	16145	83	-176.0	176	16145	83	-176.0	176	16145	83	-176.0	176	16145	83	-176.0	176	16145	83	-176.0	176	16145	83	-176.0	176	16145	83	-176.0	176	16145	83	-176.0	176	16145	83	-176.0	176	16145	83	-176.0	176	16145	83	-176.0	176	16145	83	-176.0	176	16145	83	-176.0	176	16145	83	-176.0	176	16145	83	-176.0	176	16145
84	-137.0	137	16282	84	-137.0	137	16282	84	-137.0	137	16282	84	-137.0	137	16282	84	-137.0	137	16282	84	-137.0	137	16282	84	-137.0	137	16282	84	-137.0	137	16282	84	-137.0	137	16282	84	-137.0	137	16282	84	-137.0	137	16282	84	-137.0	137	16282	84	-137.0	137	16282	84	-137.0	137	16282	84	-137.0	137	16282	84	-137.0	137	16282	84	-137.0	137	16282
85	-135.0	135	16417	85	-135.0	135	16417	85	-135.0	135	16417	85	-135.0	135	16417	85	-135.0	135	16417	85	-135.0	135	16417	85	-135.0	135	16417	85	-135.0	135	16417	85	-135.0	135	16417	85	-135.0	135	16417	85	-135.0	135	16417	85	-135.0	135	16417	85	-135.0	135	16417	85	-135.0	135	16417	85	-135.0	135	16417	85	-135.0	135	16417	85	-135.0	135	16417
86	-210.0	210	16627	86	-210.0	210	16627	86	-210.0	210	16627	86	-210.0	210	16627	86	-210.0	210	16627	86	-210.0	210	16627	86	-210.0	210	16627	86	-210.0	210	16627	86	-210.0	210	16627	86	-210.0	210	16627	86	-210.0	210	16627	86	-210.0	210	16627	86	-210.0	210	16627	86	-210.0	210	16627	86	-210.0	210	16627	86	-210.0	210	16627	86	-210.0	210	16627
87	-210.0	210	16837	87	-210.0	210	16837	87	-210.0	210	16837	87	-210.0	210	16837	87	-210.0	210	16837	87	-210.0	210	16837	87	-210.0	210	16837	87	-210.0	210	16837	87	-210.0	210	16837	87	-210.0	210	16837	87	-210.0	210	16837	87	-210.0	210	16837	87	-210.0	210	16837	87	-210.0	210	16837	87	-210.0	210	16837	87	-210.0	210	16837	87	-210.0	210	16837
88	-211.0	211	17048	88	-211.0	211	17048	88	-211.0	211	17048	88	-211.0	211	17048	88	-211.0	211	17048	88	-211.0	211	17048	88	-211.0	211	17048	88	-211.0	211	17048	88	-211.0	211	17048	88	-211.0	211	17048	88	-211.0	211	17048	88	-211.0	211	17048	88	-211.0	211	17048	88	-211.0	211	17048	88	-211.0	211	17048	88	-211.0	211	17048	88	-211.0	211	17048
89	-217.0	217	17265	89	-217.0	217	17265	89	-217.0	217	17265	89	-217.0	217	17265	89	-217.0	217	17265	89	-217.0	217	17265	89	-217.0	217	17265	89	-217.0	217	17265	89	-217.0	217	17265	89	-217.0	217	17265	89	-217.0	217	17265	89	-217.0	217	17265	89	-217.0	217	17265	89	-217.0	217	17265	89	-217.0	217	17265	89	-217.0	217	17265	89	-217.0	217	17265
90	-141.0	141	17406	90	-141.0	141	17406	90	-141.0	141	17406	90	-141.0	141	17406	90	-141.0	141	17406	90	-141.0	141	17406	90	-141.0	141	17406	90	-141.0	141	17406	90	-141.0	141	17406	90	-141.0	141	17406	90	-141.0	141	17406	90	-141.0	141	17406	90	-141.0	141	17406	90	-141.0	141	17406	90	-141.0	141	17406	90	-141.0	141	17406	90	-141.0	141	17406
91	-215.0	215	17621	91	-215.0	215	17621	91	-215.0	215	17621	91	-215.0	215	17621	91	-215.0	215	17621	91	-215.0	215	17621	91	-215.0	215	17621	91	-215.0	215	17621	91	-215.0	215	17621	91	-215.0	215	17621	91	-215.0	215	17621	91	-215.0	215	17621	91	-215.0	215	17621	91	-215.0	215	17621	91	-215.0	215	17621	91	-215.0	215	17621	91	-215.0	215	17621
92	-152.0	152	17773	92	-152.0	152	17773	92	-152.0	152	17773	92	-152.0	152	17773	92	-152.0	152	17773	92	-152.0	152	17773	92	-152.0	152	17773	92	-152.0	152	17773	92	-152.0	152	17773	92	-152.0	152	17773	92	-152.0	152	17773	92	-152.0	152	17773	92	-152.0	152	17773	92	-152.0	152	17773	92	-152.0	152	17773	92	-152.0	152	17773	92	-152.0	152	17773
93	-162.0	162	17935	93	-162.0	162	17935	93	-162.0	162	17935	93	-162.0	162	17935	93	-162.0	162	17935	93	-162.0	162	17935	93	-162.0	162	17935	93	-162.0	162	17935	93	-162.0	162	17935	93	-162.0	162	17935	93	-162.0	162	17935	93	-162.0	162	17935	93	-162.0	162	17935	93	-162.0	162	17935	93	-162.0	162	17935	93	-162.0	162	17935	93	-162.0	162	17935
94	-178.0	178	18113	94	-178.0	178	18113	94	-178.0	178	18113	94	-178.0	178	18113	94	-178.0	178	18113	94	-178.0	178	18113	94	-178.0	178	18113	94	-178.0	178	18113	94	-178.0	178	18113	94	-178.0	178	18113	94	-178.0	178	18113	94	-178.0	178	18113	94	-178.0	178	18113	94	-178.0	178	18113	94	-178.0	178	18113	94	-178.0	178	18113	94	-178.0	178	18113
95	-153.0	153	18266	95	-153.0	153	18266	95	-153.0	153	18266	95	-153.0	153	18266	95	-153.0	153	18266	95	-153.0	153	18266	95	-153.0	153	18266	95	-153.0	153	18266	95	-153.0	153	18266	95	-153.0	153	18266	95	-153.0	153	18266	95	-153.0	153	18266	95	-153.0	153	18266	95	-153.0	153	18266	95	-153.0	153	18266	95	-153.0	153	18266	95	-153.0	153	18266
96	-193.0	193	18459	96	-193.0	193	18459	96	-193.0	193	18459	96	-193.0	193	18459	96	-193.0	193	18459	96	-193.0	193	18459	96	-193.0	193	18459	96	-193.0	193	18459	96	-193.0	193	18459	96	-193.0	193	18459	96	-193.0	193	18459	96	-193.0	193	18459	96	-193.0	193	18459	96	-193.0	193	18459	96	-193.0	193	18459	96	-193.0	193	18459	96	-193.0	193	18459
97	-123.0	123	18582	97	-123.0	123	18582	97	-123.0	123	18582	97	-123.0	123	18582	97	-123.0	123	18582	97	-123.0	123	18582	97	-123.0	123	18582	97	-123.0	123	18582	97	-123.0	123	18582	97	-123.0	123	18582	97	-123.0	123	18582	97	-123.0	123	18582	97	-123.0	123	18582	97	-123.0	123	18582	97	-123.0	123	18582	97	-123.0	123	18582	97	-123.0	123	18582
98	-198.0	198	18780	98	-198.0	198	18780	98	-198.0	198	18780	98	-198.0	198	18780	98	-198.0	198	18780	98	-198.0	198	18780	98	-198.0	198	18780	98	-198.0	198	18780	98	-198.0	198	18780	98	-198.0	198	18780	98	-198.0	198	18780	98	-198.0	198	18780	98	-198.0	198	18780	98	-198.0	198	18780	98	-198.0	198	18780	98	-198.0	198	18780	98	-198.0	198	18780
99	-152.0	152	18932	99	-152.0	152	18932	99	-152.0	152	18932	99	-152.0	152	18932	99	-152.0	152	18932	99	-152.0	152	18932	99	-152.0	152	18932	99	-152.0	152	18932	99	-152.0	152	18932	99	-152.0	152	18932	99	-152.0	152	18932	99	-152.0	152	18932	99	-152.0	152	18932	99	-152.0	152	18932	99	-152.0	152	18932	99	-152.0	152	18932	99	-152.0	152	18932
100	-141.0	141	19073	100	-141.0	141	19073	100	-141.0	141	19073	100	-141.0	141	19073	100	-141.0	141	19073	100	-141.0	141	19073	100	-141.0	141	19073	100	-141.0	141	19073	100	-141.0	141	19073	100	-141.0	141	19073	100	-141.0	141	19073	100	-141.0	141	19073	100	-141.0	141	19073	100	-141.0	141	19073	100	-141.0	141	19073	100	-141.0	141	19073	100	-141.0	141	19073
101	-135.0	135	19208	101	-135.0	135	19208	101	-135.0	135	19208	101	-135.0	135	19208	101	-135.0	135	19208	101	-135.0	135	19208	101	-135.0	135	19208	101	-135.0	135	19208	101	-135.0	135	19208	101	-135.0	135	19208	101	-135.0	135	19208	101	-135.0	135	19208	101	-135.0	135	19208	101	-135.0	135	19208	101	-135.0	135	19208	101	-135.0	135	19208	101	-135.0	135	19208
102	-136.0	136	19344	102	-136.0	136	19344	102	-136.0	136	19344	102	-136.0	136	19344	102	-136.0	136	19344	102	-136.0	136	19344	102	-136.0	136	19344	102	-136.0	136	19344	102	-136.0	136	19344	102	-136.0	136	19344	102	-136.0	136	19344	102	-136.0	136	19344	102	-136.0	136	19344	102	-136.0	136	19344	102	-136.0	136	19344	102	-136.0	136	19344	102	-136.0	136	19344
103	-139.0	139	19483	103	-139.0	139	19483	103	-139.0	139	19483	103	-139.0	139	19483	103	-139.0	139	19483	103	-139.0	139	19483	103	-139.0	139	19483	103	-139.0	139	19483	103	-139.0	139	19483	103	-139.0	139	19483	103	-139.0	139	19483	103	-139.0	139	19483	103	-139.0	139	19483	103	-139.0	139	19483	103	-139.0	139	19483	103	-139.0	139	19483	103	-139.0	139	19483
104	-118.0	118	19601	104	-118.0	118	19601	104	-118.0	118	19601	104	-118.0	118	19601	104	-118.0	118	19601	104	-118.0	118	19601	104	-118.0	118	19601	104	-118.0	118	19601	104	-118.0	118	19601	104	-118.0	118	19601	104	-118.0	118	19601	104	-118.0	118	19601	104	-118.0	118	19601	104	-118.0	118	19601	104	-118.0	118	19601	104	-118.0	118	19601	104	-118.0	118	19601
105	-106.0	106	19707	105	-106.0	106	19707	105	-106.0	106	19707	105	-106.0	106	19707	105	-106.0	106	19707	105	-106.0	106	19707	105	-106.0	106	19707	105	-106.0	106	19707	105	-106.0	106	19707	105	-106.0	106	19707	105	-106.0	106	19707	105	-106.0	106	19707	105	-106.0	106	19707	105	-106.0	106	19707	105	-106.0	106	19707	105	-106.0	106	19707	105	-106.0	106	19707
106	-137.0	137	19844	106	-137.0	137	19844	106	-137.0	137	19844	106	-137.0	137	19844	106	-137.0	137	19844	106	-137.0	137	19844	106	-137.0	137	19844	106	-137.0	137	19844	106	-137.0	137	19844	106	-137.0	137	19844	106	-137.0	137	19844	106	-137.0	137	19844	106	-137.0	137	19844	106	-137.0	137	19844	106	-137.0	137	19844	106	-137.0	137	19844	106	-137.0	137	19844
107	-112.0	112	19956	107	-112.0	112	19956	107	-112.0	112	19956	107	-112.0	112	19956	107	-112.0	112	19956	107	-112.0	112	19956	107	-112.0	112	19956	107	-112.0	112	19956	107	-112.0	112	19956	107	-112.0	112	19956	107	-112.0	112	19956	107	-112.0	112	19956	107	-112.0	112	19956	107	-112.0	112	19956	107	-112.0	112	19956	107	-112.0	112	19956	107	-112.0	112	19956
108	-115.0	115	20071	108	-115.0	115	20071	108	-115.0	115	20071	108	-115.0	115	20071	108	-115.0	115	20071	108	-115.0	115	20071	108	-115.0	115	20071	108	-115.0	115	20071	108	-115.0	115	20071	108	-115.0	115	20071	108	-115.0	115	20071	108	-115.0	115	20071	108	-115.0	115	20071	108	-115.0	115	20071	108	-115.0	115	20071	108	-115.0	115	20071	108	-115.0	115	20071
109	-126.0	126	20197	109	-126.0	126	20197	109	-126.0	126	20197	109	-126.0	126	20197	109	-126.0	126	20197	109	-126.0	126	20197	109	-126.0	126	20197	109	-126.0	126	20197	109	-126.0	126	20197	109	-126.0	126	20197	109	-126.0	126	20197	109	-126.0	126	20197	109	-126.0	126	20197	109	-126.0	126	20197	109	-126.0	126	20197	109	-126.0	126	20197	109	-126.0	126	20197
110	-165.0	165	20362	110	-165.0	165	20362	110	-165.0	165	20362	110	-165.0	165	20362	110	-165.0	165	20362	110	-165.0	165	20362	110	-165.0	165	20362	110	-165.0	165	20362	110	-165.0	165	20362	110	-165.0	165	20362	110	-165.0	165	20362	110	-165.0	165	20362	110	-165.0	165	20362	110	-165.0	165	20362	110	-165.0	165	20362	110	-165.0	165	20362	110	-165.0	165	20362
111	-105.0	105	20467	111	-105.0	105	20467	111	-105.0	105	20467	111	-105.0	105	20467	111	-105.0	105	20467	111	-105.0	105	20467	111	-105.0	105	20467	111	-105.0	105	20467	111	-105.0	105	20467	111	-105.0	105	20467	111	-105.0	105	20467	111	-105.0	105	20467	111	-105.0	105	20467	111	-105.0	105	20467	111	-105.0	105	20467	111	-105.0	105	20467	111	-105.0	105	20467
112	-112.0	112	20579	112	-112.0	112	20579	112	-112.0	112	20579	112	-112.0	112	20579	112	-112.0	112	20579	112	-112.0	112	20579	112	-112.0	112	20579	112	-112.0	112	20579	112	-112.0	112	20579	112	-112.0	112	20579	112	-112.0	112	20579	112	-112.0	112	20579	112	-112.0	112	20579	112	-112.0	112	20579	112	-112.0	112	20579	112	-112.0	112	20579	112	-112.0	112	20579
113	-152.0	152	20731	113	-152.0	152	20731	113	-152.0	152	20731	113	-152.0	152	20731	113	-152.0	152	20731	113	-152.0	152	20731	113	-152.0	152	20731	113	-152.0	152	20731	113	-152.0	152	20731	113	-152.0	152	20731	113	-152.0	152	20731	113	-152.0	152	20731	113	-152.0	152	20731	113	-152.0	152	20731	113	-152.0	152	20731	113	-152.0	152	20731	113	-152.0	152	20731
114	-84.0	84	20815	114	-84.0	84	20815	114	-84.0	84	20815	114	-84.0	84	20815	114	-84.0	84	20815	114	-84.0	84	20815	114	-84.0	84	20815	114	-84.0	84	20815	114	-84.0	84	20815	114	-84.0	84	20815	114	-84.0	84	20815	114	-84.0	84	20815	114	-84.0	84	20815	114	-84.0	84	20815	114	-84.0	84	20815	114	-84.0	84	20815	114	-84.0	84	20815
115	-159.0	159	20974	115	-159.0	159	20974	115	-159.0	159	20974	115	-159.0	159	20974	115	-159.0	159	20974	115	-159.0	159	20974	115	-159.0	159	20974	115	-159.0	159	20974	115	-159.0	159	20974	115	-159.0	159	20974	115	-159.0	159	20974	115	-159.0	159	20974	115	-159.0	159	20974	115	-159.0	159	20974	115	-159.0	159	20974	115	-159.0	159	20974	115	-159.0	159	20974
116	-93.0	93	21067	116	-93.0	93	21067	116	-93.0	93	21067	116	-93.0	93	21067	116	-93.0	93	21067	116	-93.0	93	21067	116	-93.0	93	21067	116	-93.0	93	21067	116	-93.0	93	21067	116	-93.0	93	21067	116	-93.0	93	21067	116	-93.0	93	21067	116	-93.0	93	21067	116	-93.0	93	21067	116	-93.0	93	21067	116	-93.0	93	21067	116	-93.0	93	21067
117	-139.0	139	21206	117	-139.0	139	21206	117	-139.0	139	21206	117	-139.0	139	21206	117	-139.0	139	21206	117	-139.0	139	21206	117	-139.0	139	21206	117	-139.0	139	21206	117	-139.0	139	21206	117	-139.0	139	21206	117	-139.0	139	21206	117	-139.0	139	21206	117	-139.0	139	21206	117	-139.0	139	21206	117	-139.0	139	21206	117	-139.0	139	21206	117	-139.0	139	21206
118	-154.0	154	21360	118	-154.0	154	21360	118	-154.0	154	21360	118	-154.0	154	21360	118	-154.0	154	21360	118	-154.0	154	21360	118	-154.0	154	21360	118	-154.0	154	21360	118	-154.0	154	21360	118	-154.0	154	21360	118	-154.0	154	21360	118	-154.0	154	21360	118	-154.0	154	21360	118	-154.0	154	21360	118	-154.0	154	21360	118	-154.0	154	21360	118	-154.0	154	21360
119	-107.0	107	21467	119	-107.0	107	21467	119	-107.0	107	21467	119	-107.0	107	21467	119	-107.0	107	21467	119	-107.0	107	21467	119	-107.0	107	21467	119	-107.0	107	21467	119	-107.0	107	21467	119	-107.0	107	21467	119	-107.0	107	21467	119	-107.0	107	21467	119	-107.0	107	21467	119	-107.0	107	21467	119	-107.0	107	21467	119	-107.0	107	21467	119	-107.0	107	21467
120	-132.0	132	21599	120	-132.0	132	21599	120	-132.0	132	21599	120	-132.0	132	21599	120	-132.0	132	21599	120	-132.0	132	21599	120	-132.0	132	21599	120	-132.0	132	21599	120	-132.0	132	21599	120	-132.0	132	21599	120	-132.0	132	21599	120	-132.0	132	21599	120	-132.0	132	21599	120	-132.0	132	21599	120	-132.0	132	21599	120	-132.0	132	21599	120	-132.0	132	21599
121	-133.0	133	21732	121	-133.0	133	21732	121	-133.0	133	21732	121	-133.0	133	21732	121	-133.0	133	21732	121	-133.0	133	21732	121	-133.0	133	21732	121	-133.0	133	21732	121	-133.0	133	21732	121	-133.0	133	21732	121	-133.0	133	21732	121	-133.0	133	21732	121	-133.0	133	21732	121	-133.0	133	21732	121	-133.0	133	21732	121	-133.0	133	21732	121	-133.0	133	21732
122	-133.0	133	21865	122	-133.0	133	21865	122	-133.0	133	21865	122	-133.0	133	21865	122	-133.0	133	21865	122	-133.0	133	21865	122	-133.0	133	21865	122	-133.0	133	21865	122	-133.0	133	21865	122	-133.0	133	21865	122	-133.0	133	21865	122	-133.0	133	21865	122	-133.0	133	21865	122	-133.0	133	21865	122	-133.0	133	21865	122	-133.0	133	21865	122	-133.0	133	21865
123	-133.0	133	21998	123	-133.0	133	21998	123	-133.0	133	21998	123	-133.0	133	21998	123	-133.0	133	21998	123	-133.0	133	21998	123	-133.0	133	21998	123	-133.0	133	21998	123	-133.0	133	21998	123	-133.0	133	21998	123	-133.0	133	21998	123	-133.0	133	21998	123	-133.0	133	21998	123	-133.0	133	21998	123	-133.0	133	21998	123	-133.0	133	21998	123	-133.0	133	21998
124	-132.0	132	22130	124	-132.0	132	22130	124	-132.0	132	22130	124	-132.0	132	22130	124	-132.0	132	22130	124	-132.0	132	22130	124	-132.0	132	22130	124	-132.0	132	22130	124	-132.0	132	22130	124	-132.0	132	22130	124	-132.0	132	22130	124	-132.0	132	22130	124	-132.0	132	22130	124	-132.0	132	22130	124	-132.0	132	22130	124	-132.0	132	22130	124	-132.0	132	22130
125	-155.0	155	22285	125	-155.0	155	22285	125	-155.0	155	22285	125	-155.0	155	22285	125	-155.0	155	22285	125	-155.0	155	22285	125	-155.0	155	22285	125	-155.0	155	22285	125	-155.0	155	22285	125	-155.0	155	22285	125	-155.0	155	22285	125	-155.0	155	22285	125	-155.0	155	22285	125	-155.0	155	22285	125	-155.0	155	22285	125	-155.0	155	22285	125	-155.0	155	22285
126	-131.0	131	22416	126	-131.0	131	22416	126	-131.0	131	22416	126	-131.0	131	22416	126	-131.0	131	22416	126	-131.0	131	22416	126	-131.0	131	22416	126	-131.0	131	22416	126	-131.0	131	22416	126	-131.0	131	22416	126	-131.0	131	22416	126	-131.0	131	22416	126	-131.0	131	22416	126	-131.0	131	22416	126	-131.0	131	22416	126	-131.0	131	22416	126	-131.0	131	22416
127	-137.0	137	22553	127	-137.0	137	22553	127	-137.0	137	22553	127	-137.0	137	22553	127	-137.0	137	22553	127	-137.0	137	22553	127	-137.0	137	22553	127	-137.0	137	22553	127	-137.0	137	22553	127	-137.0	137	22553	127	-137.0	137	22553	127	-137.0	137	22553	127	-137.0	137	22553	127	-137.0	137	22553	127	-137.0	137	22553	127	-137.0	137	22553	127	-137.0	137	22553
128	-157.0	157	22710	128	-157.0	157	22710	128	-157.0	157	22710	128	-157.0	157	22710	128	-157.0	157	22710	128	-157.0	157	22710	128	-157.0	157	22710	128	-157.0	157	22710	128	-157.0	157	22710	128	-157.0	157	22710	128	-157.0	157	22710	128	-157.0	157	22710	128	-157.0	157	22710	128	-157.0	157	22710	128	-157.0	157	22710	128	-157.0	157	22710	128	-157.0	157	22710
129	-133.0	133	22843	129	-133.0	133	22843	129	-133.0	133	22843	129	-133.0	133	22843	129	-133.0	133	22843	129	-133.0	133	22843	129	-133.0	133	22843	129	-133.0	133	22843	129	-133.0	133	22843	129	-133.0	133	22843	129	-133.0	133	22843	129	-133.0	133	22843	129	-133.0	133	22843	129	-133.0	133	22843	129	-133.0	133	22843	129	-133.0	133	22843	129	-133.0	133	22843
130	-88.0	88	22931	130	-88.0	88	22931	130	-88.0	88	22931	130	-88.0	88	22931	130	-88.0	88	22931	130	-88.0	88	22931	130	-88.0	88	22931	130	-88.0	88	22931	130	-88.0	88	22931	130	-88.0	88	22931	130	-88.0	88	22931	130	-88.0	88	22931	130	-88.0	88	22931	130	-88.0	88	22931	130	-88.0	88	22931	130	-88.0	88	22931	130	-88.0	88	22931
131	-111.0	111	23042	131	-111.0	111	23042	131	-111.0	111	23042	131	-111.0	111	23042	131	-111.0	111	23042	131	-111.0	111	23042	131	-111.0	111	23042	131	-111.0	111	23042	131	-111.0	111	23042	131	-111.0	111	23042	131	-111.0	111	23042	131	-111.0	111	23042	131	-111.0	111	23042	131	-111.0	111	23042	131	-111.0	111	23042	131	-111.0	111	23042	131	-111.0	111	23042
132	-141.0	141	23183	132	-141.0	141	23183	132	-141.0	141	23183	132	-141.0	141	23183	132	-141.0	141	23183	132	-141.0	141	23183	132	-141.0	141	23183	132	-141.0	141	23183	132	-141.0	141	23183	132	-141.0	141	23183	132	-141.0	141	23183	132	-141.0	141	23183	132	-141.0	141	23183	132	-141.0	141	23183	132	-141.0	141	23183	132	-141.0	141	23183	132	-141.0	141	23183
133	-135.0	135	23318	133	-135.0	135	23318	133	-135.0	135	23318	133	-135.0	135	23318	133	-135.0	135	23318	133	-135.0	135	23318	133	-135.0	135	23318	133	-135.0	135	23318	133	-135.0	135	23318	133	-135.0	135	23318	133	-135.0	135	23318	133	-135.0	135	23318	133	-135.0	135	23318	133	-135.0	135	23318	133	-135.0	135	23318	133	-135.0	135	23318	133	-135.0	135	23318
134	-86.0	86	23404	134	-86.0	86	23404	134	-86.0	86	23404	134	-86.0	86	23404	134	-86.0	86	23404	134	-86.0	86	23404	134	-86.0	86	23404	134	-86.0	86	23404	134	-86.0	86	23404	134	-86.0	86	23404	134	-86.0	86	23404	134	-86.0	86	23404	134	-86.0	86	23404	134	-86.0	86	23404	134	-86.0	86	23404	134	-86.0	86	23404	134	-86.0	86	23404
135	-128.0	128	23532	135	-128.0	128	23532	135	-128.0	128	23532	135	-128.0	128	23532	135	-128.0	128	23532	135	-128.0	128	23532	135	-128.0	128	23532	135	-128.0	128	23532	135	-128.0	128	23532	135	-128.0	128	23532	135	-128.0	128	23532	135	-128.0	128	23532	135	-128.0	128	23532	135	-128.0	128	23532	135	-128.0	128	23532	135	-128.0	128	23532	135	-128.0	128	23532
136	-180.0	180	23712	136	-180.0	180	23712	136	-180.0	180	23712	136	-180.0	180	23712	136	-180.0	180	23712	136	-180.0	180	23712	136	-180.0	180	23712	136	-180.0	180	23712	136	-180.0	180	23712	136	-180.0	180	23712	136	-180.0	180	23712	136	-180.0	180	23712	136	-180.0	180	23712	136	-180.0	180	23712	136	-180.0	180	23712	136	-180.0	180	23712	136	-180.0	180	23712
137	-158.0	158	23870	137	-158.0	158	23870	137	-158.0	158	23870	137	-158.0	158	23870	137	-158.0	158	23870	137	-158.0	158	23870	137	-158.0	158	23870	137	-158.0	158	23870	137	-158.0	158	23870	137	-158.0	158	23870	137	-158.0	158	23870	137	-158.0	158	23870	137	-158.0	158	23870	137	-158.0	158	23870	137	-158.0	158	23870	137	-158.0	158	23870	137	-158.0	158	23870
138	-149.0	149	24019	138	-149.0	149	24019	138	-149.0	149	24019	138	-149.0	149	24019	138	-149.0	149	24019	138	-149.0	149	24019	138	-149.0	149	24019	138	-149.0	149	24019	138	-149.0	149	24019	138	-149.0	149	24019	138	-149.0	149	24019	138	-149.0	149	24019	138	-149.0	149	24019	138	-149.0	149	24019	138	-149.0	149	24019	138	-149.0	149	24019	138	-149.0	149	24019
139	-85.0	85	24104	139	-85.0	85	24104	139	-85.0	85	24104	139	-85.0	85	24104	139	-85.0	85	24104	139	-85.0	85	24104	139	-85.0	85	24104	139	-85.0	85	24104	139	-85.0	85	24104	139	-85.0	85	24104	139	-85.0	85	24104	139	-85.0	85	24104	139	-85.0	85	24104	139	-85.0	85	24104	139	-85.0	85	24104	139	-85.0	85	24104	139	-85.0	85	24104
140	-137.0	137	24241	140	-137.0	137	24241	140	-137.0	137	24241	140	-137.0	137	24241	140	-137.0	137	24241	140	-137.0	137	24241	140	-137.0	137	24241	140	-137.0	137	24241	140	-137.0	137	24241	140	-137.0	137	24241	140	-137.0	137	24241	140	-137.0	137	24241	140	-137.0	137	24241	140	-137.0	137	24241	140	-137.0	137	24241	140	-137.0	137	24241	140	-137.0	137	24241
141	-136.0	136	24377	141	-136.0	136	24377	141	-136.0	136	24377	141	-136.0	136	24377	141	-136.0	136	24377	141	-136.0	136	24377	141	-136.0	136	24377	141	-136.0	136	24377	141	-136.0	136	24377	141	-136.0	136	24377	141	-136.0	136	24377	141	-136.0	136	24377	141	-136.0	136	24377	141	-136.0	136	24377	141	-136.0	136	24377	141	-136.0	136	24377	141	-136.0	136	24377
142	-189.0	189	24566	142	-189.0	189	24566	142	-189.0	189	24566	142	-189.0	189	24566	142	-189.0	189	24566	142	-189.0	189	24566	142	-189.0	189	24566	142	-189.0	189	24566	142	-189.0	189	24566	142	-189.0	189	24566	142	-189.0	189	24566	142	-189.0	189	24566	142	-189.0	189	24566	142	-189.0	189	24566	142	-189.0	189	24566	142	-189.0	189	24566	142	-189.0	189	24566
143	-132.0	132	24698	143	-132.0	132	24698	143	-132.0	132	24698	143	-132.0	132	24698	143	-132.0	132	24698	143	-132.0	132	24698	143	-132.0	132	24698	143	-132.0	132	24698	143	-132.0	132	24698	143	-132.0	132	24698	143	-132.0	132	24698	143	-132.0	132	24698	143	-132.0	132	24698	143	-132.0	132	24698	143	-132.0	132	24698	143	-132.0	132	24698	143	-132.0	132	24698
144	-133.0	133	24831	144	-133.0	133	24831	144	-133.0	133	24831	144	-133.0	133	24831	144	-133.0	133	24831	144	-133.0	133	24831	144	-133.0	133	24831	144	-133.0	133	24831	144	-133.0	133	24831	144	-133.0	133	24831	144	-133.0	133	24831	144	-133.0	133	24831	144	-133.0	133	24831	144	-133.0	133	24831	144	-133.0	133	24831	144	-133.0	133	24831	144	-133.0	133	24831
145	-134.0	134	24965	145	-134.0	134	24965	145	-134.0	134	24965	145	-134.0	134	24965	145	-134.0	134	24965	145	-134.0	134	24965	145	-134.0	134	24965	145	-134.0	134	24965	145	-134.0	134	24965	145	-134.0	134	24965	145	-134.0	134	24965	145	-134.0	134	24965	145	-134.0	134	24965	145	-134.0	134	24965	145	-134.0	134	24965	145	-134.0	134	24965	145	-134.0	134	24965
146	-135.0	135	25100	146	-135.0	135	25100	146	-135.0	135	25100	146	-135.0	135	25100	146	-135.0	135	25100	146	-135.0	135	25100	146	-135.0	135	25100	146	-135.0	135	25100	146	-135.0	135	25100	146	-135.0	135	25100	146	-135.0	135	25100	146	-135.0	135	25100	146	-135.0	135	25100	146	-135.0	135	25100	146	-135.0	135	25100	146	-135.0	135	25100	146	-135.0	135	25100
147	-133.0	133	25233	147	-133.0	133	25233	147	-133.0	133	25233	147	-133.0	133	25233	147	-133.0	133	25233	147	-133.0	133	25233	147	-133.0	133	25233	147	-133.0	133	25233	147	-133.0	133	25233	147	-133.0	133	25233	147	-133.0	133	25233	147	-133.0	133	25233	147	-133.0	133	25233	147	-133.0	133	25233	147	-133.0	133	25233	147	-133.0	133	25233	147	-133.0	133	25233
148	-137.0	137	25370	148	-137.0	137	25370	148	-137.0	137	25370	148	-137.0	137	25370	148	-137.0	137	25370	148	-137.0	137	25370	148	-137.0	137	25370	148	-137.0	137	25370	148	-137.0	137	25370	148	-137.0	137	25370	148	-137.0	137	25370	148	-137.0	137	25370	148	-137.0	137	25370	148	-137.0	137	25370	148	-137.0	137	25370	148	-137.0	137	25370	148	-137.0	137	25370
149	-138.0	138	25508	149	-138.0	138	25508	149	-138.0	138	25508	149	-138.0	138	25508	149	-138.0	138	25508	149	-138.0	138	25508	149	-138.0	138	25508	149	-138.0	138	25508	149	-138.0	138	25508	149	-138.0	138	25508	149	-138.0	138	25508	149	-138.0	138	25508	149	-138.0	138	25508	149	-138.0	138	25508	149	-138.0	138	25508	149	-138.0	138	25508	149	-138.0	138	25508
150	-136.0	136	25644	150	-136.0	136	25644	150	-136.0	136	25644	150	-136.0	136	25644	150	-136.0	136	25644	150	-136.0	136	25644	150	-136.0	136	25644	150	-136.0	136	25644	150	-136.0	136	25644	150	-136.0	136	25644	150	-136.0	136	25644	150	-136.0	136	25644	150	-136.0	136	25644	150	-136.0	136	25644	150	-136.0	136	25644	150	-136.0	136	25644	150	-136.0	136	25644
151	-127.0	127	25771	151	-127.0	127	25771	151	-127.0	127	25771	151	-127.0	127	25771	151	-127.0	127	25771	151	-127.0	127	25771	151	-127.0	127	25771	151	-127.0	127	25771	151	-127.0	127	25771	151	-127.0	127	25771	151	-127.0	127	25771	151	-127.0	127	25771	151	-127.0	127	25771	151	-127.0	127	25771	151	-127.0	127	25771	151	-127.0	127	25771	151	-127.0	127	25771
152	-135.0	135	25906	152	-135.0	135	25906	152	-135.0	135	25906	152	-135.0	135	25906	152	-135.0	135	25906	152	-135.0	135	25906	152	-135.0	135	25906	152	-135.0	135	25906	152	-135.0	135	25906	152	-135.0	135	25906	152	-135.0	135	25906	152	-135.0	135	25906	152	-135.0	135	25906	152	-135.0	135	25906	152	-135.0	135	25906	152	-135.0	135	25906	152	-135.0	135	25906
153	-136.0	136	26042	153	-136.0	136	26042	153	-136.0	136	26042	153	-136.0	136	26042	153	-136.0	136	26042	153	-136.0	136	26042	153	-136.0	136	26042	153	-136.0	136	26042	153	-136.0	136	26042	153	-136.0	136	26042	153	-136.0	136	26042	153	-136.0	136	26042	153	-136.0	136	26042	153	-136.0	136	26042	153	-136.0	136	26042	153	-136.0	136	26042	153	-136.0	136	26042
154	-133.0	133	26175	154	-133.0	133	26175	154	-133.0	133	26175	154	-133.0	133	26175	154	-133.0	133	26175	154	-133.0	133	26175	154	-133.0	133	26175	154	-133.0	133	26175	154	-133.0	133	26175	154	-133.0	133	26175	154	-133.0	133	26175	154	-133.0	133	26175	154	-133.0	133	26175	154	-133.0	133	26175	154	-133.0	133	26175	154	-133.0	133	26175	154	-133.0	133	26175
155	-131.0	131	26306	155	-131.0	131	26306	155	-131.0	131	26306	155	-131.0	131	26306	155	-131.0	131	26306	155	-131.0	131	26306	155	-131.0	131	26306	155	-131.0	131	26306	155	-131.0	131	26306	155	-131.0	131	26306	155	-131.0	131	26306	155	-131.0	131	26306	155	-131.0	131	26306	155	-131.0	131	26306	155	-131.0	131	26306	155	-131.0	131	26306	155	-131.0	131	26306
156	-133.0	133	26439	156	-133.0	133	26439	156	-133.0	133	26439	156	-133.0	133	26439	156	-133.0	133	26439	156	-133.0	133	26439	156	-133.0	133	26439	156	-133.0	133	26439	156	-133.0	133	26439	156	-133.0	133	26439	156	-133.0	133	26439	156	-133.0	133	26439	156	-133.0	133	26439	156	-133.0	133	26439	156	-133.0	133	26439	156	-133.0	133	26439	156	-133.0	133	26439
157	-135.0	135	26574	157	-135.0	135	26574	157	-135.0	135	26574	157	-135.0	135	26574	157	-135.0	135	26574	157	-135.0	135	26574	157	-135.0	135	26574	157	-135.0	135	26574	157	-135.0	135	26574	157	-135.0	135	26574	157	-135.0	135	26574	157	-135.0	135	26574	157	-135.0	135	26574	157	-135.0	135	26574	157	-135.0	135	26574	157	-135.0	135	26574	157	-135.0	135	26574
158	-105.0	105	26679	158	-105.0	105	26679	158	-105.0	105	26679	158	-105.0	105	26679	158	-105.0	105	26679	158	-105.0	105	26679	158	-105.0	105	26679	158	-105.0	105	26679	158	-105.0	105	26679	158	-105.0	105	26679	158	-105.0	105	26679	158	-105.0	105	26679	158	-105.0	105	26679	158	-105.0	105	26679	158	-105.0	105	26679	158	-105.0	105	26679	158	-105.0	105	26679
159	-107.0	107	26786	159	-107.0	107	26786	159	-107.0	107	26786	159	-107.0	107	26786	159	-107.0	107	26786	159	-107.0	107	26786	159	-107.0	107	26786	159	-107.0	107	26786	159	-107.0	107	26786	159	-107.0	107	26786	159	-107.0	107	26786	159	-107.0	107	26786	159	-107.0	107	26786	159	-107.0	107	26786	159	-107.0	107	26786	159	-107.0	107	26786	159	-107.0	107	26786
160	-108.0	108	26894	160	-108.0	108	26894	160	-108.0	108	26894	160	-108.0	108	26894	160	-108.0	108	26894	160	-108.0	108	26894	160	-108.0	108	26894	160	-108.0	108	26894	160	-108.0	108	26894	160	-108.0	108	26894	160	-108.0	108	26894	160	-108.0	108	26894	160	-108.0	108	26894	160	-108.0	108	26894	160	-108.0	108	26894	160	-108.0	108	26894	160	-108.0	108	26894
161	-139.0	139	27033	161	-139.0	139	27033	161	-139.0	139	27033	161	-139.0	139	27033	161	-139.0	139	27033	161	-139.0	139	27033	161	-139.0	139	27033	161	-139.0	139	27033	161	-139.0	139	27033	161	-139.0	139	27033	161	-139.0	139	27033	161	-139.0	139	27033	161	-139.0	139	27033	161	-139.0	139	27033	161	-139.0	139	27033	161	-139.0	139	27033	161	-139.0	139	27033
162	-107.0	107	27140	162	-107.0	107	27140	162	-107.0	107	27140	162	-107.0	107	27140	162	-107.0	107	27140	162	-107.0	107	27140	162	-107.0	107	27140	162	-107.0	107	27140	162	-107.0	107	27140	162	-107.0	107	27140	162	-107.0	107	27140	162	-107.0	107	27140	162	-107.0	107	27140	162	-107.0	107	27140	162	-107.0	107	27140	162	-107.0	107	27140	162	-107.0	107	27140
163	-108.0	108	27248	163	-108.0	108	27248	163	-108.0	108	27248	163	-108.0	108	27248	163	-108.0	108	27248	163	-108.0	108	27248	163	-108.0	108	27248	163	-108.0	108	27248	163	-108.0	108	27248	163	-108.0	108	27248	163	-108.0	108	27248	163	-108.0	108	27248	163	-108.0	108	27248	163	-108.0	108	27248	163	-108.0	108	27248	163	-108.0	108	27248	163	-108.0	108	27248
164	-106.0	106	27354	164	-106.0	106	27354	164	-106.0	106	27354	164	-106.0	106	27354	164	-106.0	106	27354	164	-106.0	106	27354	164	-106.0	106	27354	164	-106.0	106	27354	164	-106.0	106	27354	164	-106.0	106	27354	164	-106.0	106	27354	164	-106.0	106	27354	164	-106.0	106	27354	164	-106.0	106	27354	164	-106.0	106	27354	164	-106.0	106	27354	164	-106.0	106	27354
165	-105.0	105	27459	165	-105.0	105	27459	165	-105.0	105	27459	165	-105.0	105	27459	165	-105.0	105	27459	165	-105.0	105	27459	165	-105.0	105	27459	165	-105.0	105	27459	165	-105.0	105	27459	165	-105.0	105	27459	165	-105.0	105	27459	165	-105.0	105	27459	165	-105.0	105	27459	165	-105.0	105	27459	165	-105.0	105	27459	165	-105.0	105	27459	165	-105.0	105	27459
166	-144.0	144	27603	166	-144.0	144	27603	166	-144.0	144	27603	166	-144.0	144	27603	166	-144.0	144	27603	166	-144.0	144	27603	166	-144.0	144	27603	166	-144.0	144	27603	166	-144.0	144	27603	166	-144.0	144	27603	166	-144.0	144	27603	166	-144.0	144	27603	166	-144.0	144	27603	166	-144.0	144	27603	166	-144.0	144	27603	166	-144.0	144	27603	166	-144.0	144	27603
167	-113.0	113	27716	167	-113.0	113	27716	167	-113.0	113	27716	167	-113.0	113	27716	167	-113.0	113	27716	167	-113.0	113	27716	167	-113.0	113	27716	167	-113.0	113	27716	167	-113.0	113	27716	167	-113.0	113	27716	167	-113.0	113	27716	167	-113.0	113	27716	167	-113.0	113	27716	167	-113.0	113	27716	167	-113.0	113	27716	167	-113.0	113	27716	167	-113.0	113	27716
168	-140.0	140	27856	168	-140.0	140	27856	168	-140.0	140	27856	168	-140.0	140	27856	168	-140.0	140	27856	168	-140.0	140	27856	168	-140.0	140	27856	168	-140.0	140	27856	168	-140.0	140	27856	168	-140.0	140	27856	168	-140.0	140	27856	168	-140.0	140	27856	168	-140.0	140	27856	168	-140.0	140	27856	168	-140.0	140	27856	168	-140.0	140	27856	168	-140.0	140	27856
169	-107.0	107	27963	169	-107.0	107	27963	169	-107.0	107	27963	169	-107.0	107	27963	169	-107.0	107	27963	169	-107.0	107	27963	169	-107.0	107	27963	169	-107.0	107	27963	169	-107.0	107	27963	169	-107.0	107	27963	169	-107.0	107	27963	169	-107.0	107	27963	169	-107.0	107	27963	169	-107.0	107	27963	169	-107.0	107	27963	169	-107.0	107	27963	169	-107.0	107	27963
170	-106.0	106	28069	170	-106.0	106	28069	170	-106.0	106	28069	170	-106.0	106	28069	170	-106.0	106	28069	170	-106.0	106	28069	170	-106.0	106	28069	170	-106.0	106	28069	170	-106.0	106	28069	170	-106.0	106	28069	170	-106.0	106	28069	170	-106.0	106	28069	170	-106.0	106	28069	170	-106.0	106	28069	170	-106.0	106	28069	170	-106.0	106	28069	170	-106.0	106	28069
171	-106.0	106	28175	171	-106.0	106	28175	171	-106.0	106	28175	171	-106.0	106	28175	171	-106.0	106	28175	171	-106.0	106	28175	171	-106.0	106	28175	171	-106.0	106	28175	171	-106.0	106	28175	171	-106.0	106	28175	171	-106.0	106	28175	171	-106.0	106	28175	171	-106.0	106	28175	171	-106.0	106	28175	171	-106.0	106	28175	171	-106.0	106	28175	171	-106.0	106	28175
172	-136.0	136	28311	172	-136.0	136	28311	172	-136.0	136	28311	172	-136.0	136	28311	172	-136.0	136	28311	172	-136.0	136	28311	172	-136.0	136	28311	172	-136.0	136	28311	172	-136.0	136	28311	172	-136.0	136	28311	172	-136.0	136	28311	172	-136.0	136	28311	172	-136.0	136	28311	172	-136.0	136	28311	172	-136.0	136	28311	172	-136.0	136	28311	172	-136.0	136	28311
173	-105.0	105	28416	173	-105.0	105	28416	173	-105.0	105	28416	173	-105.0	105	28416	173	-105.0	105	28416	173	-105.0	105	28416	173	-105.0	105	28416	173	-105.0	105	28416	173	-105.0	105	28416	173	-105.0	105	28416	173	-105.0	105	28416	173	-105.0	105	28416	173	-105.0	105	28416	173	-105.0	105	28416	173	-105.0	105	28416	173	-105.0	105	28416	173	-105.0	105	28416
174	-137.0	137	28553	174	-137.0	137	28553	174	-137.0	137	28553	174	-137.0	137	28553	174	-137.0	137	28553	174	-137.0	137	28553	174	-137.0	137	28553	174	-137.0	137	28553	174	-137.0	137	28553	174	-137.0	137	28553	174	-137.0	137	28553	174	-137.0	137	28553	174	-137.0	137	28553	174	-137.0	137	28553	174	-137.0	137	28553	174	-137.0	137	28553	174	-137.0	137	28553
175	-132.0	132	28685	175	-132.0	132	28685	175	-132.0	132	28685	175	-132.0	132	28685	175	-132.0	132	28685	175	-132.0	132	28685	175	-132.0	132	28685	175	-132.0	132	28685	175	-132.0	132	28685	175	-132.0	132	28685	175	-132.0	132	28685	175	-132.0	132	28685	175	-132.0	132	28685	175	-132.0	132	28685	175	-132.0	132	28685	175	-132.0	132	28685	175	-132.0	132	28685
176	-135.0	135	28820	176	-135.0	135	28820	176	-135.0	135	28820	176	-135.0	135	28820	176	-135.0	135	28820	176	-135.0	135	28820	176	-135.0	135	28820	176	-135.0	135	28820	176	-135.0	135	28820	176	-135.0	135	28820	176	-135.0	135	28820	176	-135.0	135	28820	176	-135.0	135	28820	176	-135.0	135	28820	176	-135.0	135	28820	176	-135.0	135	28820	176	-135.0	135	28820
177	-113.0	113	28933	177	-113.0	113	28933	177	-113.0	113	28933	177	-113.0	113	28933	177	-113.0	113	28933	177	-113.0	113	28933	177	-113.0	113	28933	177	-113.0	113	28933	177	-113.0	113	28933	177	-113.0	113	28933	177	-113.0	113	28933	177	-113.0	113	28933	177	-113.0	113	28933	177	-113.0	113	28933	177	-113.0	113	28933	177	-113.0	113	28933	177	-113.0	113	28933
178	-230.0	230	29163	178	-230.0	230	29163	178	-230.0	230	29163	178	-230.0	230	29163	178	-230.0	230	29163	178	-230.0	230	29163	178	-230.0	230	29163	178	-230.0	230	29163	178	-230.0	230	29163	178	-230.0	230	29163	178	-230.0	230	29163	178	-230.0	230	29163	178	-230.0	230	29163	178	-230.0	230	29163	178	-230.0	230	29163	178	-230.0	230	29163	178	-230.0	230	29163
179	-139.0	139	29302	179	-139.0	139	29302	179	-139.0	139	29302	179	-139.0	139	29302	179	-139.0	139	29302	179	-139.0	139	29302	179	-139.0	139	29302	179	-139.0	139	29302	179	-139.0	139	29302	179	-139.0	139	29302	179	-139.0	139	29302	179	-139.0	139	29302	179	-139.0	139	29302	179	-139.0	139	29302	179	-139.0	139	29302	179	-139.0	139	29302	179	-139.0	139	29302
180	-106.0	106	29408	180	-106.0	106	29408	180	-106.0	106	29408	180	-106.0	106	29408	180	-106.0	106	29408	180	-106.0	106	29408	180	-106.0	106	29408	180	-106.0	106	29408	180	-106.0	106	29408	180	-106.0	106	29408	180	-106.0	106	29408	180	-106.0	106	29408	180	-106.0	106	29408	180	-106.0	106	29408	180	-106.0	106	29408	180	-106.0	106	29408	180	-106.0	106	29408
181	-141.0	141	29549	181	-141.0	141	29549	181	-141.0	141	29549	181	-141.0	141	29549	181	-141.0	141	29549	181	-141.0	141	29549	181	-141.0	141	29549	181	-141.0	141	29549	181	-141.0	141	29549	181	-141.0	141	29549	181	-141.0	141	29549	181	-141.0	141	29549	181	-141.0	141	29549	181	-141.0	141	29549	181	-141.0	141	29549	181	-141.0	141	29549	181	-141.0	141	29549
182	-136.0	136	29685	182	-136.0	136	29685	182	-136.0	136	29685	182	-136.0	136	29685	182	-136.0	136	29685	182	-136.0	136	29685	182	-136.0	136	29685	182	-136.0	136	29685	182	-136.0	136	29685	182	-136.0	136	29685	182	-136.0	136	29685	182	-136.0	136	29685	182	-136.0	136	29685	182	-136.0	136	29685	182	-136.0	136	29685	182	-136.0	136	29685	182	-136.0	136	29685
183	-129.0	129	29814	183	-129.0	129	29814	183	-129.0	129	29814	183	-129.0	129	29814	183	-129.0	129	29814	183	-129.0	129	29814	183	-129.0	129	29814	183	-129.0	129	29814	183	-129.0	129	29814	183	-129.0	129	29814	183	-129.0	129	29814	183	-129.0	129	29814	183	-129.0	129	29814	183	-129.0	129	29814	183	-129.0	129	29814	183	-129.0	129	29814	183	-129.0	129	29814
184	-105.0	105	29919	184	-105.0	105	29919	184	-105.0	105	29919	184	-105.0	105	29919	184	-105.0	105	29919	184	-105.0	105	29919	184	-105.0	105	29919	184	-105.0	105	29919	184	-105.0	105	29919	184	-105.0	105	29919	184	-105.0	105	29919	184	-105.0	105	29919	184	-105.0	105	29919	184	-105.0	105	29919	184	-105.0	105	29919	184	-105.0	105	29919	184	-105.0	105	29919
185	-107.0	107	30026	185	-107.0	107	30026	185	-107.0	107	30026	185	-107.0	107	30026	185	-107.0	107	30026	185	-107.0	107	30026	185	-107.0	107	30026	185	-107.0	107	30026	185	-107.0	107	30026	185	-107.0	107	30026	185	-107.0	107	30026	185	-107.0	107	30026	185	-107.0	107	30026	185	-107.0	107	30026	185	-107.0	107	30026	185	-107.0	107	30026	185	-107.0	107	30026
186	-106.0	106	30132	186	-106.0	106	30132	186	-106.0	106	30132	186	-106.0	106	30132	186	-106.0	106	30132	186	-106.0	106	30132	186	-106.0	106	30132	186	-106.0	106	30132	186	-106.0	106	30132	186	-106.0	106	30132	186	-106.0	106	30132	186	-106.0	106	30132	186	-106.0	106	30132	186	-106.0	106	30132	186	-106.0	106	30132	186	-106.0	106	30132	186	-106.0	106	30132
187	-137.0	137	30269	187	-137.0	137	30269	187	-137.0	137	30269	187	-137.0	137	30269	187	-137.0	137	30269	187	-137.0	137	30269	187	-137.0	137	30269	187	-137.0	137	30269	187	-137.0	137	30269	187	-137.0	137	30269	187	-137.0	137	30269	187	-137.0	137	30269	187	-137.0	137	30269	187	-137.0	137	30269	187	-137.0	137	30269	187	-137.0	137	30269	187	-137.0	137	30269
188	-143.0	143	30412	188	-143.0	143	30412	188	-143.0	143	30412	188	-143.0	143	30412	188	-143.0	143	30412	188	-143.0	143	30412	188	-143.0	143	30412	188	-143.0	143	30412	188	-143.0	143	30412	188	-143.0	143	30412	188	-143.0	143	30412	188	-143.0	143	30412	188	-143.0	143	30412	188	-143.0	143	30412	188	-143.0	143	30412	188	-143.0	143	30412	188	-143.0	143	30412
189	-136.0	136	30548	189	-136.0	136	30548	189	-136.0	136	30548	189	-136.0	136	30548	189	-136.0	136	30548	189	-136.0	136	30548	189	-136.0	136	30548	189	-136.0	136	30548	189	-136.0	136	30548	189	-136.0	136	30548	189	-136.0	136	30548	189	-136.0	136	30548	189	-136.0	136	30548	189	-136.0	136	30548	189	-136.0	136	30548	189	-136.0	136	30548	189	-136.0	136	30548
190	-110.0	110	30658	190	-110.0	110	30658	190	-110.0	110	30658	190	-110.0	110	30658	190	-110.0	110	30658	190	-110.0	110	30658	190	-110.0	110	30658	190	-110.0	110	30658	190	-110.0	110	30658	190	-110.0	110	30658	190	-110.0	110	30658	190	-110.0	110	30658	190	-110.0	110	30658	190	-110.0	110	30658	190	-110.0	110	30658	190	-110.0	110	30658	190	-110.0	110	30658
191	-178.0	178	30836	191	-178.0	178	30836	191	-178.0	178	30836	191	-178.0	178	30836	191	-178.0	178	30836	191	-178.0	178	30836	191	-178.0	178	30836	191	-178.0	178	30836	191	-178.0	178	30836	191	-178.0	178	30836	191	-178.0	178	30836	191	-178.0	178	30836	191	-178.0	178	30836	191	-178.0	178	30836	191	-178.0	178	30836	191	-178.0	178	30836	191	-178.0	178	30836
192	-176.0	176	31012	192	-176.0	176	31012	192	-176.0	176	31012	192	-176.0	176	31012	192	-176.0	176	31012	192	-176.0	176	31012	192	-176.0	176	31012	192	-176.0	176	31012	192	-176.0	176	31012	192	-176.0	176	31012	192	-176.0	176	31012	192	-176.0	176	31012	192	-176.0	176	31012	192	-176.0	176	31012	192	-176.0	176	31012	192	-176.0	176	31012	192	-176.0	176	31012
193	-137.0	137	31149	193	-137.0	137	31149	193	-137.0	137	31149	193	-137.0	137	31149	193	-137.0	137	31149	193	-137.0	137	31149	193	-137.0	137	31149	193	-137.0	137	31149	193	-137.0	137	31149	193	-137.0	137	31149	193	-137.0	137	31149	193	-137.0	137	31149	193	-137.0	137	31149	193	-137.0	137	31149	193	-137.0	137	31149	193	-137.0	137	31149	193	-137.0	137	31149
194	-113.0	113	31262	194	-113.0	113	31262	194	-113.0	113	31262	194	-113.0	113	31262	194	-113.0	113	31262	194	-113.0	113	31262	194	-113.0	113	31262	194	-113.0	113	31262	194	-113.0	113	31262	194	-113.0	113	31262	194	-113.0	113	31262	194	-113.0	113	31262	194	-113.0	113	31262	194	-113.0	113	31262	194	-113.0	113	31262	194	-113.0	113	31262	194	-113.0	113	31262
195	-176.0	176	31438	195	-176.0	176	31438	195	-176.0	176	31438	195	-176.0	176	31438	195	-176.0	176	31438	195	-176.0	176	31438	195	-176.0	176	31438	195	-176.0	176	31438	195	-176.0	176	31438	195	-176.0	176	31438	195	-176.0	176	31438	195	-176.0	176	31438	195	-176.0	176	31438	195	-176.0	176	31438	195	-176.0	176	31438	195	-176.0	176	31438	195	-176.0	176	31438
196	-172.0	172	31610	196	-172.0	172	31610	196	-172.0	172	31610	196	-172.0	172	31610	196	-172.0	172	31610	196	-172.0	172	31610	196	-172.0	172	31610	196	-172.0	172	31610	196	-172.0	172	31610	196	-172.0	172	31610	196	-172.0	172	31610	196	-172.0	172	31610	196	-172.0	172	31610	196	-172.0	172	31610	196	-172.0	172	31610	196	-172.0	172	31610	196	-172.0	172	31610
197	-172.0	172	31782	197	-172.0	172	31782	197	-172.0	172	31782	197	-172.0	172	31782	197	-172.0	172	31782	197	-172.0	172	31782	197	-172.0	172	31782	197	-172.0	172	31782	197	-172.0	172	31782	197	-172.0	172	31782	197	-172.0	172	31782	197	-172.0	172	31782	197	-172.0	172	31782	197	-172.0	172	31782	197	-172.0	172	31782	197	-172.0	172	31782	197	-172.0	172	31782
198	-137.0	137	31919	198	-137.0	137	31919	198	-137.0	137	31919	198	-137.0	137	31919	198	-137.0	137	31919	198	-137.0	137	31919	198	-137.0	137	31919	198	-137.0	137	31919	198	-137.0	137	31919	198	-137.0	137	31919	198	-137.0	137	31919	198	-137.0	137	31919	198	-137.0	137	31919	198	-137.0	137	31919	198	-137.0	137	31919	198	-137.0	137	31919	198	-137.0	137	31919
199	-132.0	132	32051	199	-132.0	132	32051	199	-132.0	132	32051	199	-132.0	132	32051	199	-132.0	132	32051	199	-132.0	132	32051	199	-132.0	132	32051	199	-132.0	132	32051	199	-132.0	132	32051	199	-132.0	132	32051	199	-132.0	132	32051	199	-132.0	132	32051	199	-132.0	132	32051	199	-132.0	132	32051	199	-132.0	132	32051	199	-132.0	132	32051	199	-132.0	132	32051
200	-116.0	116	32167	200	-116.0	116	32167	200	-116.0	116	32167	200	-116.0	116	32167	200	-116.0	116	32167	200	-116.0	116	32167	200	-116.0	116	32167	200	-116.0	116	32167	200	-116.0	116	32167	200	-116.0	116	32167	200	-116.0	116	32167	200	-116.0	116	32167	200	-116.0	116	32167	200	-116.0	116	32167	200	-116.0	116	32167	200	-116.0	116	32167	200	-116.0	116	32167
201	-132.0	132	32299	201	-132.0	132	32299	201	-132.0	132	32299	201	-132.0	132	32299	201	-132.0	132	32299	201	-132.0	132	32299	201	-132.0	132	32299	201	-132.0	132	32299	201	-132.0	132	32299	201	-132.0	132	32299	201	-132.0	132	32299	201	-132.0	132	32299	201	-132.0	132	32299	201	-132.0	132	32299	201	-132.0	132	32299	201	-132.0	132	32299	201	-132.0	132	32299
202	-185.0	185	32484	202	-185.0	185	32484	202	-185.0	185	32484	202	-185.0	185	32484	202	-185.0	185	32484	202	-185.0	185	32484	202	-185.0	185	32484	202	-185.0	185	32484	202	-185.0	185	32484	202	-185.0	185	32484	202	-185.0	185	32484	202	-185.0	185	32484	202	-185.0	185	32484	202	-185.0	185	32484	202	-185.0	185	32484	202	-185.0	185	32484	202	-185.0	185	32484
203	-176.0	176	32660	203	-176.0	176	32660	203	-176.0	176	32660	203	-176.0	176	32660	203	-176.0	176	32660	203	-176.0	176	32660	203	-176.0	176	32660	203	-176.0	176	32660	203	-176.0	176	32660	203	-176.0	176	32660	203	-176.0	176	32660	203	-176.0	176	32660	203	-176.0	176	32660	203	-176.0	176	32660	203	-176.0	176	32660	203	-176.0	176	32660	203	-176.0	176	32660
204	-166.0	166	32826	204	-166.0	166	32826	204	-166.0	166	32826	204	-166.0	166	32826	204	-166.0	166	32826	204	-166.0	166	32826	204	-166.0	166	32826	204	-166.0	166	32826	204	-166.0	166	32826	204	-166.0	166	32826	204	-166.0	166	32826	204	-166.0	166	32826	204	-166.0	166	32826	204	-166.0	166	32826	204	-166.0	166	32826	204	-166.0	166	32826	204	-166.0	166	32826
205	-173.0	173	32999	205	-173.0	173	32999	205	-173.0	173	32999	205	-173.0	173	32999	205	-173.0	173	32999	205	-173.0	173	32999	205	-173.0	173	32999	205	-173.0	173	32999	205	-173.0	173	32999	205	-173.0	173	32999	205	-173.0	173	32999	205	-173.0	173	32999	205	-173.0	173	32999	205	-173.0	173	32999	205	-173.0	173	32999	205	-173.0	173	32999	205	-173.0	173	32999
206	-163.0	163	33162	206	-163.0	163	33162	206	-163.0	163	33162	206	-163.0	163	33162	206	-163.0	163	33162	206	-163.0	163	33162	206	-163.0	163	33162	206	-163.0	163	33162	206	-163.0	163	33162	206	-163.0	163	33162	206	-163.0	163	33162	206	-163.0	163	33162	206	-163.0	163	33162	206	-163.0	163	33162	206	-163.0	163	33162	206	-163.0	163	33162	206	-163.0	163	33162
207	-164.0	164	33326	207	-164.0	164	33326	207	-164.0	164	33326	207	-164.0	164	33326	207	-164.0	164	33326	207	-164.0	164	33326	207	-164.0	164	33326	207	-164.0	164	33326	207	-164.0	164	33326	207	-164.0	164	33326	207	-164.0	164	33326	207	-164.0	164	33326	207	-164.0	164	33326	207	-164.0	164	33326	207	-164.0	164	33326	207	-164.0	164	33326	207	-164.0	164	33326
208	-161.0	161	33487	208	-161.0	161	33487	208	-161.0	161	33487	208	-161.0	161	33487	208	-161.0	161	33487	208	-161.0	161	33487	208	-161.0	161	33487	208	-161.0	161	33487	208	-161.0	161	33487	208	-161.0	161	33487	208	-161.0	161	33487	208	-161.0	161	33487	208	-161.0	161	33487	208	-161.0	161	33487	208	-161.0	161	33487	208	-161.0	161	33487	208	-161.0	161	33487
209	-163.0	163	33650	209	-163.0	163	33650	209	-163.0	163	33650	209	-163.0	163	33650	209	-163.0	163	33650	209	-163.0	163	33650	209	-163.0	163	33650	209	-163.0	163	33650	209	-163.0	163	33650	209	-163.0	163	33650	209	-163.0	163	33650	209	-163.0	163	33650	209	-163.0	163	33650	209	-163.0	163	33650	209	-163.0	163	33650	209	-163.0	163	33650	209	-163.0	163	33650
210	-168.0	168	33818	210	-168.0	168	33818	210	-168.0	168	33818	210	-168.0	168	33818	210	-168.0	168	33818	210	-168.0	168	33818	210	-168.0	168	33818	210	-168.0	168	33818	210	-168.0	168	33818	210	-168.0	168	33818	210	-168.0	168	33818	210	-168.0	168	33818	210	-168.0	168	33818	210	-168.0	168	33818	210	-168.0	168	33818	210	-168.0	168	33818	210	-168.0	168	33818
211	-194.0	194	34012	211	-194.0	194	34012	211	-194.0	194	34012	211	-194.0	194	34012	211	-194.0	194	34012	211	-194.0	194	34012	211	-194.0	194	34012	211	-194.0	194	34012	211	-194.0	194	34012	211	-194.0	194	34012	211	-194.0	194	34012	211	-194.0	194	34012	211	-194.0	194	34012	211	-194.0	194	34012	211	-194.0	194	34012	211	-194.0	194	34012	211	-194.0	194	34012
212	-139.0	139	34151	212	-139.0	139	34151	212	-139.0	139	34151	212	-139.0	139	34151	212	-139.0	139	34151	212	-139.0	139	34151	212	-139.0	139	34151	212	-139.0	139	34151	212	-139.0	139	34151	212	-139.0	139	34151	212	-139.0	139	34151	212	-139.0	139	34151	212	-139.0	139	34151	212	-139.0	139	34151	212	-139.0	139	34151	212	-139.0	139	34151	212	-139.0	139	34151
213	-146.0	146	34297	213	-146.0	146	34297	213	-146.0	146	34297	213	-146.0	146	34297	213	-146.0	146	34297	213	-146.0	146	34297	213	-146.0	146	34297	213	-146.0	146	34297	213	-146.0	146	34297	213	-146.0	146	34297	213	-146.0	146	34297	213	-146.0	146	34297	213	-146.0	146	34297	213	-146.0	146	34297	213	-146.0	146	34297	213	-146.0	146	34297	213	-146.0	146	34297
214	-169.0	169	34466	214	-169.0	169	34466	214	-169.0	169	34466	214	-169.0	169	34466	214	-169.0	169	34466	214	-169.0	169	34466	214	-169.0	169	34466	214	-169.0	169	34466	214	-169.0	169	34466	214	-169.0	169	34466	214	-169.0	169	34466	214	-169.0	169	34466	214	-169.0	169	34466	214	-169.0	169	34466	214	-169.0	169	34466	214	-169.0	169	34466	214	-169.0	169	34466
215	-108.0	108	34574	215	-108.0	108	34574	215	-108.0	108	34574	215	-108.0	108	34574	215	-108.0	108	34574	215	-108.0	108	34574	215	-108.0	108	34574	215	-108.0	108	34574	215	-108.0	108	34574	215	-108.0	108	34574	215	-108.0	108	34574	215	-108.0	108	34574	215	-108.0	108	34574	215	-108.0	108	34574	215	-108.0	108	34574	215	-108.0	108	34574	215	-108.0	108	34574
216	-144.0	144	34718	216	-144.0	144	34718	216	-144.0	144	34718	216	-144.0	144	34718	216	-144.0	144	34718	216	-144.0	144	34718	216	-144.0	144	34718	216	-144.0	144	34718	216	-144.0	144	34718	216	-144.0	144	34718	216	-144.0	144	34718	216	-144.0	144	34718	216	-144.0	144	34718	216	-144.0	144	34718	216	-144.0	144	34718	216	-144.0	144	34718	216	-144.0	144	34718
217	-142.0	142	34860	217	-142.0	142	34860	217	-142.0	142	34860	217	-142.0	142	34860	217	-142.0	142	34860	217	-142.0	142	34860	217	-142.0	142	34860	217	-142.0	142	34860	217	-142.0	142	34860	217	-142.0	142	34860	217	-142.0	142	34860	217	-142.0	142	34860	217	-142.0	142	34860	217	-142.0	142	34860	217	-142.0	142	34860	217	-142.0	142	34860	217	-142.0	142	34860
218	-147.0	147	35007	218	-147.0	147	35007	218	-147.0	147	35007	218	-147.0	147	35007	218	-147.0	147	35007	218	-147.0	147	35007	218	-147.0	147	35007	218	-147.0	147	35007	218	-147.0	147	35007	218	-147.0	147	35007	218	-147.0	147	35007	218	-147.0	147	35007	218	-147.0	147	35007	218	-147.0	147	35007	218	-147.0	147	35007	218	-147.0	147	35007	218	-147.0	147	35007
219	-173.0	173	35180	219	-173.0	173	35180	219	-173.0	173	35180	219	-173.0	173	35180	219	-173.0	173	35180	219	-173.0	173	35180	219	-173.0	173	35180	219	-173.0	173	35180	219	-173.0	173	35180	219	-173.0	173	35180	219	-173.0	173	35180	219	-173.0	173	35180	219	-173.0	173	35180	219	-173.0	173	35180	219	-173.0	173	35180	219	-173.0	173	35180	219	-173.0	173	35180
220	-145.0	145	35325	220	-145.0	145	35325	220	-145.0	145	35325	220	-145.0	145	35325	220	-145.0	145	35325	220	-145.0	145	35325	220	-145.0	145	35325	220	-145.0	145	35325	220	-145.0	145	35325	220	-145.0	145	35325	220	-145.0	145	35325	220	-145.0	145	35325	220	-145.0	145	35325	220	-145.0	145	35325	220	-145.0	145	35325	220	-145.0	145	35325	220	-145.0	145	35325
221	-126.0	126	35451	221	-126.0	126	35451	221	-126.0	126	35451	221	-126.0	126	35451	221	-126.0	126	35451	221	-126.0	126	35451	221	-126.0	126	35451	221	-126.0	126	35451	221	-126.0	126	35451	221	-126.0	126	35451	221	-126.0	126	35451	221	-126.0	126	35451	221	-126.0	126	35451	221	-126.0	126	35451	221	-126.0	126	35451	221	-126.0	126	35451	221	-126.0	126	35451
222	-141.0	141	35592	222	-141.0	141	35592	222	-141.0	141	35592	222	-141.0	141	35592	222	-141.0	141	35592	222	-141.0	141	35592	222	-141.0	141	35592	222	-141.0	141	35592	222	-141.0	141	35592	222	-141.0	141	35592	222	-141.0	141	35592	222	-141.0	141	35592	222	-141.0	141	35592	222	-141.0	141	35592	222	-141.0	141	35592	222	-141.0	141	35592	222	-141.0	141	35592
223	-190.0	190	35782	223	-190.0	190	35782	223	-190.0	190	35782	223	-190.0	190	35782	223	-190.0	190	35782	223	-190.0	190	35782	223	-190.0	190	35782	223	-190.0	190	35782	223	-190.0	190	35782	223	-190.0	190	35782	223	-190.0	190	35782	223	-190.0	190	35782	223	-190.0	190	35782	223	-190.0	190	35782	223	-190.0	190	35782	223	-190.0	190	35782	223	-190.0	190	35782
224	-194.0	194	35976	224	-194.0	194	35976	224	-194.0	194	35976	224	-194.0	194	35976	224	-194.0	194	35976	224	-194.0	194	35976	224	-194.0	194	35976	224	-194.0	194	35976	224	-194.0	194	35976	224	-194.0	194	35976	224	-194.0	194	35976	224	-194.0	194	35976	224	-194.0	194	35976	224	-194.0	194	35976	224	-194.0	194	35976	224	-194.0	194	35976	224	-194.0	194	35976
225	-140.0	140	36116	225	-140.0	140	36116	225	-140.0	140	36116	225	-140.0	140	36116	225	-140.0	140	36116	225	-140.0	140	36116	225	-140.0	140	36116	225	-140.0	140	36116	225	-140.0	140	36116	225	-140.0	140	36116	225	-140.0	140	36116	225	-140.0	140	36116	225	-140.0	140	36116	225	-140.0	140	36116	225	-140.0	140	36116	225	-140.0	140	36116	225	-140.0	140	36116
226	-151.0	151	36267	226	-151.0	151	36267	226	-151.0	151	36267	226	-151.0	151	36267	226	-151.0	151	36267	226	-151.0	151	36267	226	-151.0	151	36267	226	-151.0	151	36267	226	-151.0	151	36267	226	-151.0	151	36267	226	-151.0	151	36267	226	-151.0	151	36267	226	-151.0	151	36267	226	-151.0	151	36267	226	-151.0	151	36267	226	-151.0	151	36267	226	-151.0	151	36267
227	-153.0	153	36420	227	-153.0	153	36420	227	-153.0	153	36420	227	-153.0	153	36420	227	-153.0	153	36420	227	-153.0	153	36420	227	-153.0	153	36420	227	-153.0	153	36420	227	-153.0	153	36420	227	-153.0	153	36420	227	-153.0	153	36420	227	-153.0	153	36420	227	-153.0	153	36420	227	-153.0	153	36420	227	-153.0	153	36420	227	-153.0	153	36420	227	-153.0	153	36420
228	-181.0	181	36601	228	-181.0	181	36601	228	-181.0	181	36601	228	-181.0	181	36601	228	-181.0	181	36601	228	-181.0	181	36601	228	-181.0	181	36601	228	-181.0	181	36601	228	-181.0	181	36601	228	-181.0	181	36601	228	-181.0	181	36601	228	-181.0	181	36601	228	-181.0	181	36601	228	-181.0	181	36601	228	-181.0	181	36601	228	-181.0	181	36601	228	-181.0	181	36601
229	-177.0	177	36778	229	-177.0	177	36778	229	-177.0	177	36778	229	-177.0	177	36778	229	-177.0	177	36778	229	-177.0	177	36778	229	-177.0	177	36778	229	-177.0	177	36778	229	-177.0	177	36778	229	-177.0	177	36778	229	-177.0	177	36778	229	-177.0	177	36778	229	-177.0	177	36778	229	-177.0	177	36778	229	-177.0	177	36778	229	-177.0	177	36778	229	-177.0	177	36778
230	-138.0	138	36916	230	-138.0	138	36916	230	-138.0	138	36916	230	-138.0	138	36916	230	-138.0	138	36916	230	-138.0	138	36916	230	-138.0	138	36916	230	-138.0	138	36916	230	-138.0	138	36916	230	-138.0	138	36916	230	-138.0	138	36916	230	-138.0	138	36916	230	-138.0	138	36916	230	-138.0	138	36916	230	-138.0	138	36916	230	-138.0	138	36916	230	-138.0	138	36916
231	-172.0	172	37088	231	-172.0	172	37088	231	-172.0	172	37088	231	-172.0	172	37088	231	-172.0	172	37088	231	-172.0	172	37088	231	-172.0	172	37088	231	-172.0	172	37088	231	-172.0	172	37088	231	-172.0	172	37088	231	-172.0	172	37088	231	-172.0	172	37088	231	-172.0	172	37088	231	-172.0	172	37088	231	-172.0	172	37088	231	-172.0	172	37088	231	-172.0	172	37088
232	-171.0	171	37259	232	-171.0	171	37259	232	-171.0	171	37259	232	-171.0	171	37259	232	-171.0	171	37259	232	-171.0	171	37259	232	-171.0	171	37259	232	-171.0	171	37259	232	-171.0	171	37259	232	-171.0	171	37259	232	-171.0	171	37259	232	-171.0	171	37259	232	-171.0	171	37259	232	-171.0	171	37259	232	-171.0	171	37259	232	-171.0	171	37259	232	-171.0	171	37259
233	-170.0	170	37429	233	-170.0	170	37429	233	-170.0	170	37429	233	-170.0	170	37429	233	-170.0	170	37429	233	-170.0	170	37429	233	-170.0	170	37429	233	-170.0	170	37429	233	-170.0	170	37429	233	-170.0	170	37429	233	-170.0	170	37429	233	-170.0	170	37429	233	-170.0	170	37429	233	-170.0	170	37429	233	-170.0	170	37429	233	-170.0	170	37429	233	-170.0	170	37429
234	-182.0	182	37611	234	-182.0	182	37611	234	-182.0	182	37611	234	-182.0	182	37611	234	-182.0	182	37611	234	-182.0	182	37611	234	-182.0	182	37611	234	-182.0	182	37611	234	-182.0	182	37611	234	-182.0	182	37611	234	-182.0	182	37611	234	-182.0	182	37611	234	-182.0	182	37611	234	-182.0	182	37611	234	-182.0	182	37611	234	-182.0	182	37611	234	-182.0	182	37611
235	-173.0	173	37784	235	-173.0	173	37784	235	-173.0	173	37784	235	-173.0	173	37784	235	-173.0	173	37784	235	-173.0	173	37784	235	-173.0	173	37784	235	-173.0	173	37784	235	-173.0	173	37784	235	-173.0	173	37784	235	-173.0	173	37784	235	-173.0	173	37784	235	-173.0	173	37784	235	-173.0	173	37784	235	-173.0	173	37784	235	-173.0	173	37784	235	-173.0	173	37784
236	-174.0	174	37958	236	-174.0	174	37958	236	-174.0	174	37958	236	-174.0	174	37958	236	-174.0	174	37958	236	-174.0	174	37958	236	-174.0	174	37958	236	-174.0	174	37958	236	-174.0	174	37958	236	-174.0	174	37958	236	-174.0	174	37958	236	-174.0	174	37958	236	-174.0	174	37958	236	-174.0	174	37958	236	-174.0	174	37958	236	-174.0	174	37958	236	-174.0	174	37958
237	-189.0	189	38147	237	-189.0	189	38147	237	-189.0	189	38147	237	-189.0	189	38147	237	-189.0	189	38147	237	-189.0	189	38147	237	-189.0	189	38147	237	-189.0	189	38147	237	-189.0	189	38147	237	-189.0	189	38147	237	-189.0	189	38147	237	-189.0	189	38147	237	-189.0	189	38147	237	-189.0	189	38147	237	-189.0	189	38147	237	-189.0	189	38147	237	-189.0	189	38147
238	-176.0	176	38323	238	-176.0	176	38323	238	-176.0	176	38323	238	-176.0	176	38323	238	-176.0	176	38323	238	-176.0	176	38323	238	-176.0	176	38323	238	-176.0	176	38323	238	-176.0	176	38323	238	-176.0	176	38323	238	-176.0	176	38323	238	-176.0	176	38323	238	-176.0	176	38323	238	-176.0	176	38323	238	-176.0	176	38323	238	-176.0	176	38323	238	-176.0	176	38323
239	-174.0	174	38497	239	-174.0	174	38497	239	-174.0	174	38497	239	-174.0	174	38497	239	-174.0	174	38497	239	-174.0	174	38497	239	-174.0	174	38497	239	-174.0	174	38497	239	-174.0	174	38497	239	-174.0	174	38497	239	-174.0	174	38497	239	-174.0	174	38497	239	-174.0	174	38497	239	-174.0	174	38497	239	-174.0	174	38497	239	-174.0	174	38497	239	-174.0	174	38497
240	-136.0	136	38633	240	-136.0	136	38633	240	-136.0	136	38633	240	-136.0	136	38633	240	-136.0	136	38633	240	-136.0	136	38633	240	-136.0	136	38633	240	-136.0	136	38633	240	-136.0	136	38633	240	-136.0	136	38633	240	-136.0	136	38633	240	-136.0	136	38633	240	-136.0	136	38633	240	-136.0	136	38633	240	-136.0	136	38633	240	-136.0	136	38633	240	-136.0	136	38633
241	-172.0	172	38805	241	-172.0	172	38805	241	-172.0	172	38805	241	-172.0	172	38805	241	-172.0	172	38805	241	-172.0	172	38805	241	-172.0	172	38805	241	-172.0	172	38805	241	-172.0	172	38805	241	-172.0	172	38805	241	-172.0	172	38805	241	-172.0	172	38805	241	-172.0	172	38805	241	-172.0	172	38805	241	-172.0	172	38805	241	-172.0	172	38805	241	-172.0	172	38805
242	-175.0	175	38980	242	-175.0	175	38980	242	-175.0	175	38980	242	-175.0	175	38980	242	-175.0	175	38980	242	-175.0	175	38980	242	-175.0	175	38980	242	-175.0	175	38980	242	-175.0	175	38980	242	-175.0	175	38980	242	-175.0	175	38980	242	-175.0	175	38980	242	-175.0	175	38980	242	-175.0	175	38980	242	-175.0	175	38980	242	-175.0	175	38980	242	-175.0	175	38980
243	-169.0	169	39149	243	-169.0	169	39149	243	-169.0	169	39149	243	-169.0	169	39149	243	-169.0	169	39149	243	-169.0	169	39149	243	-169.0	169	39149	243	-169.0	169	39149	243	-169.0	169	39149	243	-169.0	169	39149	243	-169.0	169	39149	243	-169.0	169	39149	243	-169.0	169	39149	243	-169.0	169	39149	243	-169.0	169	39149	243	-169.0	169	39149	243	-169.0	169	39149
244	-159.0	159	39308	244	-159.0	159	39308	244	-159.0	159	39308	244	-159.0	159	39308	244	-159.0	159	39308	244	-159.0	159	39308	244	-159.0	159	39308	244	-159.0	159	39308	244	-159.0	159	39308	244	-159.0	159	39308	244	-159.0	159	39308	244	-159.0	159	39308	244	-159.0	159	39308	244	-159.0	159	39308	244	-159.0	159	39308	244	-159.0	159	39308	244	-159.0	159	39308
245	-167.0	167	39475	245	-167.0	167	39475	245	-167.0	167	39475	245	-167.0	167	39475	245	-167.0	167	39475	245	-167.0	167	39475	245	-167.0	167	39475	245	-167.0	167	39475	245	-167.0	167	39475	245	-167.0	167	39475	245	-167.0	167	39475	245	-167.0	167	39475	245	-167.0	167	39475	245	-167.0	167	39475	245	-167.0	167	39475	245	-167.0	167	39475	245	-167.0	167	39475
246	-207.0	207	39682	246	-207.0	207	39682	246	-207.0	207	39682	246	-207.0	207	39682	246	-207.0	207	39682	246	-207.0	207	39682	246	-207.0	207	39682	246	-207.0	207	39682	246	-207.0	207	39682	246	-207.0	207	39682	246	-207.0	207	39682	246	-207.0	207	39682	246	-207.0	207	39682	246	-207.0	207	39682	246	-207.0	207	39682	246	-207.0	207	39682	246	-207.0	207	39682
247	-170.0	170	39852	247	-170.0	170	39852	247	-170.0	170	39852	247	-170.0	170	39852	247	-170.0	170	39852	247	-170.0	170	39852	247	-170.0	170	39852	247	-170.0	170	39852	247	-170.0	170	39852	247	-170.0	170	39852	247	-170.0	170	39852	247	-170.0	170	39852	247	-170.0	170	39852	247	-170.0	170	39852	247	-170.0	170	39852	247	-170.0	170	39852	247	-170.0	170	39852
248	-162.0	162	40014	248	-162.0	162	40014	248	-162.0	162	40014	248	-162.0	162	40014	248	-162.0	162	40014	248	-162.0	162	40014	248	-162.0	162	40014	248	-162.0	162	40014	248	-162.0	162	40014	248	-162.0	162	40014	248	-162.0	162	40014	248	-162.0	162	40014	248	-162.0	162	40014	248	-162.0	162	40014	248	-162.0	162	40014	248	-162.0	162	40014	248	-162.0	162	40014
249	-154.0	154	40168	249	-154.0	154	40168	249	-154.0	154	40168	249	-154.0	154	40168	249	-154.0	154	40168	249	-154.0	154	40168	249	-154.0	154	40168	249	-154.0	154	40168	249	-154.0	154	40168	249	-154.0	154	40168	249	-154.0	154	40168	249	-154.0	154	40168	249	-154.0	154	40168	249	-154.0	154	40168	249	-154.0	154	40168	249	-154.0	154	40168	249	-154.0	154	40168
250	-168.0	168	40336	250	-168.0	168	40336	250	-168.0	168	40336	250	-168.0	168	40336	250	-168.0	168	40336	250	-168.0	168	40336	250	-168.0	168	40336	250	-168.0	168	40336	250	-168.0	168	40336	250	-168.0	168	40336	250	-168.0	168	40336	250	-168.0	168	40336	250	-168.0	168	40336	250	-168.0	168	40336	250	-168.0	168	40336	250	-168.0	168	40336	250	-168.0	168	40336
251	-175.0	175	40511	251	-175.0	175	40511	251	-175.0	175	40511	251	-175.0	175	40511	251	-175.0	175	40511	251	-175.0	175	40511	251	-175.0	175	40511	251	-175.0	175	40511	251	-175.0	175	40511	251	-175.0	175	40511	251	-175.0	175	40511	251	-175.0	175	40511	251	-175.0	175	40511	251	-175.0	175	40511	251	-175.0	175	40511	251	-175.0	175	40511	251	-175.0	175	40511
252	-154.0	154	40665	252	-154.0	154	40665	252	-154.0	154	40665	252	-154.0	154	40665	252	-154.0	154	40665	252	-154.0	154	40665	252	-154.0	154	40665	252	-154.0	154	40665	252	-154.0	154	40665	252	-154.0	154	40665	252	-154.0	154	40665	252	-154.0	154	40665	252	-154.0	154	40665	252	-154.0	154	40665	252	-154.0	154	40665	252	-154.0	154	40665	252	-154.0	154	40665
253	-211.0	211	40876	253	-211.0	211	40876	253	-211.0	211	40876	253	-211.0	211	40876	253	-211.0	211	40876	253	-211.0	211	40876	253	-211.0	211	40876	253	-211.0	211	40876	253	-211.0	211	40876	253	-211.0	211	40876	253	-211.0	211	40876	253	-211.0	211	40876	253	-211.0	211	40876	253	-211.0	211	40876	253	-211.0	211	40876	253	-211.0	211	40876	253	-211.0	211	40876
254	-175.0	175	41051	254	-175.0	175	41051	254	-175.0	175	41051	254	-175.0	175	41051	254	-175.0	175	41051	254	-175.0	175	41051	254	-175.0	175	41051	254	-175.0	175	41051	254	-175.0	175	41051	254	-175.0	175	41051	254	-175.0	175	41051	254	-175.0	175	41051	254	-175.0	175	41051	254	-175.0	175	41051	254	-175.0	175	41051	254	-175.0	175	41051	254	-175.0	175	41051
255	-147.0	147	41198	255	-147.0	147	41198	255	-147.0	147	41198	255	-147.0	147	41198	255	-147.0	147	41198	255	-147.0	147	41198	255	-147.0	147	41198	255	-147.0	147	41198	255	-147.0	147	41198	255	-147.0	147	41198	255	-147.0	147	41198	255	-147.0	147	41198	255	-147.0	147	41198	255	-147.0	147	41198	255	-147.0	147	41198	255	-147.0	147	41198	255	-147.0	147	41198
256	-145.0	145	41343	256	-145.0	145	41343	256	-145.0	145	41343	256	-145.0	145	41343	256	-145.0	145	41343	256	-145.0	145	41343	256	-145.0	145	41343	256	-145.0	145	41343	256	-145.0	145	41343	256	-145.0	145	41343	256	-145.0	145	41343	256	-145.0	145	41343	256	-145.0	145	41343	256	-145.0	145	41343	256	-145.0	145	41343	256	-145.0	145	41343	256	-145.0	145	41343
257	-147.0	147	41490	257	-147.0	147	41490	257	-147.0	147	41490	257	-147.0	147	41490	257	-147.0	147	41490	257	-147.0	147	41490	257	-147.0	147	41490	257	-147.0	147	41490	257	-147.0	147	41490	257	-147.0	147	41490	257	-147.0	147	41490	257	-147.0	147	41490	257	-147.0	147	41490	257	-147.0	147	41490	257	-147.0	147	41490	257	-147.0	147	41490	257	-147.0	147	41490
258	-186.0	186	41676	258	-186.0	186	41676	258	-186.0	186	41676	258	-186.0	186	41676	258	-186.0	186	41676	258	-186.0	186	41676	258	-186.0	186	41676	258	-186.0	186	41676	258	-186.0	186	41676	258	-186.0	186	41676	258	-186.0	186	41676	258	-186.0	186	41676	258	-186.0	186	41676	258	-186.0	186	41676	258	-186.0	186	41676	258	-186.0	186	41676	258	-186.0	186	41676
259	-111.0	111	41787	259	-111.0	111	41787	259	-111.0	111	41787	259	-111.0	111	41787	259	-111.0	111	41787	259	-111.0	111	41787	259	-111.0	111	41787	259	-111.0	111	41787	259	-111.0	111	41787	259	-111.0	111	41787	259	-111.0	111	41787	259	-111.0	111	41787	259	-111.0	111	41787	259	-111.0	111	41787	259	-111.0	111	41787	259	-111.0	111	41787	259	-111.0	111	41787
260	-111.0	111	41898	260	-111.0	111	41898	260	-111.0	111	41898	260	-111.0	111	41898	260	-111.0	111	41898	260	-111.0	111	41898	260	-111.0	111	41898	260	-111.0	111	41898	260	-111.0	111	41898	260	-111.0	111	41898	260	-111.0	111	41898	260	-111.0	111	41898	260	-111.0	111	41898	260	-111.0	111	41898	260	-111.0	111	41898	260	-111.0	111	41898	260	-111.0	111	41898
261	-114.0	114	42012	261	-114.0	114	42012	261	-114.0	114	42012	261	-114.0	114	42012	261	-114.0	114	42012	261	-114.0	114	42012	261	-114.0	114	42012	261	-114.0	114	42012	261	-114.0	114	42012	261	-114.0	114	42012	261	-114.0	114	42012	261	-114.0	114	42012	261	-114.0	114	42012	261	-114.0	114	42012	261	-114.0	114	42012	261	-114.0	114	42012	261	-114.0	114	42012
262	-111.0	111	42123	262	-111.0	111	42123	262	-111.0	111	42123	262	-111.0	111	42123	262	-111.0	111	42123	262	-111.0	111	42123	262	-111.0	111	42123	262	-111.0	111	42123	262	-111.0	111	42123	262	-111.0	111	42123	262	-111.0	111	42123	262	-111.0	111	42123	262	-111.0	111	42123	262	-111.0	111	42123	262	-111.0	111	42123	262	-111.0	111	42123	262	-111.0	111	42123
263	-113.0	113	42236	263	-113.0	113	42236	263	-113.0	113	42236	263	-113.0	113	42236	263	-113.0	113	42236	263	-113.0	113	42236	263	-113.0	113	42236	263	-113.0	113	42236	263	-113.0	113	42236	263	-113.0	113	42236	263	-113.0	113	42236	263	-113.0	113	42236	263	-113.0	113	42236	263	-113.0	113	42236	263	-113.0	113	42236	263	-113.0	113	42236	263	-113.0	113	42236
264	-110.0	110	42346	264	-110.0	110	42346	264	-110.0	110	42346	264	-110.0	110	42346	264	-110.0	110	42346	264	-110.0	110	42346	264	-110.0	110	42346	264	-110.0	110	42346	264	-110.0	110	42346	264	-110.0	110	42346	264	-110.0	110	42346	264	-110.0	110	42346	264	-110.0	110	42346	264	-110.0	110	42346	264	-110.0	110	42346	264	-110.0	110	42346	264	-110.0	110	42346
265	-109.0	109	42455	265	-109.0	109	42455	265	-109.0	109	42455	265	-109.0	109	42455	265	-109.0	109	42455	265	-109.0	109	42455	265	-109.0	109	42455	265	-109.0	109	42455	265	-109.0	109	42455	265	-109.0	109	42455	265	-109.0	109	42455	265	-109.0	109	42455	265	-109.0	109	42455	265	-109.0	109	42455	265	-109.0	109	42455	265	-109.0	109	42455	265	-109.0	109	42455
266	-156.0	156	42611	266	-156.0	156	42611	266	-156.0	156	42611	266	-156.0	156	42611	266	-156.0	156	42611	266	-156.0	156	42611	266	-156.0	156	42611	266	-156.0	156	42611	266	-156.0	156	42611	266	-156.0	156	42611	266	-156.0	156	42611	266	-156.0	156	42611	266	-156.0	156	42611	266	-156.0	156	42611	266	-156.0	156	42611	266	-156.0	156	42611	266	-156.0	156	42611
267	-168.0	168	42779	267	-168.0	168	42779	267	-168.0	168	42779	267	-168.0	168	42779	267	-168.0	168	42779	267	-168.0	168	42779	267	-168.0	168	42779	267	-168.0	168	42779	267	-168.0	168	42779	267	-168.0	168	42779	267	-168.0	168	42779	267	-168.0	168	42779	267	-168.0	168	42779	267	-168.0	168	42779	267	-168.0	168	42779	267	-168.0	168	42779	267	-168.0	168	42779
268	-141.0	141	42920	268	-141.0	141	42920	268	-141.0	141	42920	268	-141.0	141	42920	268	-141.0	141	42920	268	-141.0	141	42920	268	-141.0	141	42920	268	-141.0	141	42920	268	-141.0	141	42920	268	-141.0	141	42920	268	-141.0	141	42920	268	-141.0	141	42920	268	-141.0	141	42920	268	-141.0	141	42920	268	-141.0	141	42920	268	-141.0	141	42920	268	-141.0	141	42920
269	-165.0	165	43085	269	-165.0	165	43085	269	-165.0	165	43085	269	-165.0	165	43085	269	-165.0	165	43085	269	-165.0	165	43085	269	-165.0	165	43085	269	-165.0	165	43085	269	-165.0	165	43085	269	-165.0	165	43085	269	-165.0	165	43085	269	-165.0	165	43085	269	-165.0	165	43085	269	-165.0	165	43085	269	-165.0	165	43085	269	-165.0	165	43085	269	-165.0	165	43085
270	-116.0	116	43201	270	-116.0	116	43201	270	-116.0	116	43201	270	-116.0	116	43201	270	-116.0	116	43201	270	-116.0	116	43201	270	-116.0	116	43201	270	-116.0	116	43201	270	-116.0	116	43201	270	-116.0	116	43201	270	-116.0	116	43201	270	-116.0	116	43201	270	-116.0	116	43201	270	-116.0	116	43201	270	-116.0	116	43201	270	-116.0	116	43201	270	-116.0	116	43201
271	-169.0	169	43370	271	-169.0	169	43370	271	-169.0	169	43370	271	-169.0	169	43370	271	-169.0	169	43370	271	-169.0	169	43370	271	-169.0	169	43370	271	-169.0	169	43370	271	-169.0	169	43370	271	-169.0	169	43370	271	-169.0	169	43370	271	-169.0	169	43370	271	-169.0	169	43370	271	-169.0	169	43370	271	-169.0	169	43370	271	-169.0	169	43370	271	-169.0	169	43370
272	-116.0	116	43486	272	-116.0	116	43486	272	-116.0	116	43486	272	-116.0	116	43486	272	-116.0	116	43486	272	-116.0	116	43486	272	-116.0	116	43486	272	-116.0	116	43486	272	-116.0	116	43486	272	-116.0	116	43486	272	-116.0	116	43486	272	-116.0	116	43486	272	-116.0	116	43486	272	-116.0	116	43486	272	-116.0	116	43486	272	-116.0	116	43486	272	-116.0	116	43486
273	-116.0	116	43602	273	-116.0	116	43602	273	-116.0	116	43602	273	-116.0	116	43602	273	-116.0	116	43602	273	-116.0	116	43602	273	-116.0	116	43602	273	-116.0	116	43602	273	-116.0	116	43602	273	-116.0	116	43602	273	-116.0	116	43602	273	-116.0	116	43602	273	-116.0	116	43602	273	-116.0	116	43602	273	-116.0	116	43602	273	-116.0	116	43602	273	-116.0	116	43602
274	-156.0	156	43758	274	-156.0	156	43758	274	-156.0	156	43758	274	-156.0	156	43758	274	-156.0	156	43758	274	-156.0	156	43758	274	-156.0	156	43758	274	-156.0	156	43758	274	-156.0	156	43758	274	-156.0	156	43758	274	-156.0	156	43758	274	-156.0	156	43758	274	-156.0	156	43758	274	-156.0	156	43758	274	-156.0	156	43758	274	-156.0	156	43758	274	-156.0	156	43758
275	-137.0	137	43895	275	-137.0	137	43895	275	-137.0	137	43895	275	-137.0	137	43895	275	-137.0	137	43895	275	-137.0	137	43895	275	-137.0	137	43895	275	-137.0	137	43895	275	-137.0	137	43895	275	-137.0	137	43895	275	-137.0	137	43895	275	-137.0	137	43895	275	-137.0	137	43895	275	-137.0	137	43895	275	-137.0	137	43895	275	-137.0	137	43895	275	-137.0	137	43895
276	-135.0	135	44030	276	-135.0	135	44030	276	-135.0	135	44030	276	-135.0	135	44030	276	-135.0	135	44030	276	-135.0	135	44030	276	-135.0	135	44030	276	-135.0	135	44030	276	-135.0	135	44030	276	-135.0	135	44030	276	-135.0	135	44030	276	-135.0	135	44030	276	-135.0	135	44030	276	-135.0	135	44030	276	-135.0	135	44030	276	-135.0	135	44030	276	-135.0	135	44030
277	-135.0	135	44165	277	-135.0	135	44165	277	-135.0	135	44165	277	-135.0	135	44165	277	-135.0	135	44165	277	-135.0	135	44165	277	-135.0	135	44165	277	-135.0	135	44165	277	-135.0	135	44165	277	-135.0	135	44165	277	-135.0	135	44165	277	-135.0	135	44165	277	-135.0	135	44165	277	-135.0	135	44165	277	-135.0	135	44165	277	-135.0	135	44165	277	-135.0	135	44165
278	-132.0	132	44297	278	-132.0	132	44297	278	-132.0	132	44297	278	-132.0	132	44297	278	-132.0	132	44297	278	-132.0	132	44297	278	-132.0	132	44297	278	-132.0	132	44297	278	-132.0	132	44297	278	-132.0	132	44297	278	-132.0	132	44297	278	-132.0	132	44297	278	-132.0	132	44297	278	-132.0	132	44297	278	-132.0	132	44297	278	-132.0	132	44297	278	-132.0	132	44297
279	-136.0	136	44433	279	-136.0	136	44433	279	-136.0	136	44433	279	-136.0	136	44433	279	-136.0	136	44433	279	-136.0	136	44433	279	-136.0	136	44433	279	-136.0	136	44433	279	-136.0	136	44433	279	-136.0	136	44433	279	-136.0	136	44433	279	-136.0	136	44433	279	-136.0	136	44433	279	-136.0	136	44433	279	-136.0	136	44433	279	-136.0	136	44433	279	-136.0	136	44433
280	-137.0	137	44570	280	-137.0	137	44570	280	-137.0	137	44570	280	-137.0	137	44570	280	-137.0	137	44570	280	-137.0	137	44570	280	-137.0	137	44570	280	-137.0	137	44570	280	-137.0	137	44570	280	-137.0	137	44570	280	-137.0	137	44570	280	-137.0	137	44570	280	-137.0	137	44570	280	-137.0	137	44570	280	-137.0	137	44570	280	-137.0	137	44570	280	-137.0	137	44570
281	-136.0	136	44706	281	-136.0	136	44706	281	-136.0	136	44706	281	-136.0	136	44706	281	-136.0	136	44706	281	-136.0	136	44706	281	-136.0	136	44706	281	-136.0	136	44706	281	-136.0	136	44706	281	-136.0	136	44706	281	-136.0	136	44706	281	-136.0	136	44706	281	-136.0	136	44706	281	-136.0	136	44706	281	-136.0	136	44706	281	-136.0	136	44706	281	-136.0	136	44706
282	-131.0	131	44837	282	-131.0	131	44837	282	-131.0	131	44837	282	-131.0	131	44837	282	-131.0	131	44837	282	-131.0	131	44837	282	-131.0	131	44837	282	-131.0	131	44837	282	-131.0	131	44837	282	-131.0	131	44837	282	-131.0	131	44837	282	-131.0	131	44837	282	-131.0	131	44837	282	-131.0	131	44837	282	-131.0	131	44837	282	-131.0	131	44837	282	-131.0	131	44837
283	-111.0	111	44948	283	-111.0	111	44948	283	-111.0	111	44948	283	-111.0	111	44948	283	-111.0	111	44948	283	-111.0	111	44948	283	-111.0	111	44948	283	-111.0	111	44948	283	-111.0	111	44948	283	-111.0	111	44948	283	-111.0	111	44948	283	-111.0	111	44948	283	-111.0	111	44948	283	-111.0	111	44948	283	-111.0	111	44948	283	-111.0	111	44948	283	-111.0	111	44948
284	-136.0	136	45084	284	-136.0	136	45084	284	-136.0	136	45084	284	-136.0	136	45084	284	-136.0	136	45084	284	-136.0	136	45084	284	-136.0	136	45084	284	-136.0	136	45084	284	-136.0	136	45084	284	-136.0	136	45084	284	-136.0	136	45084	284	-136.0	136	45084	284	-136.0	136	45084	284	-136.0	136	45084	284	-136.0	136	45084	284	-136.0	136	45084	284	-136.0	136	45084
285	-147.0	147	45231	285	-147.0	147	45231	285	-147.0	147	45231	285	-147.0	147	45231	285	-147.0	147	45231	285	-147.0	147	45231	285	-147.0	147	45231	285	-147.0	147	45231	285	-147.0	147	45231	285	-147.0	147	45231	285	-147.0	147	45231	285	-147.0	147	45231	285	-147.0	147	45231	285	-147.0	147	45231	285	-147.0	147	45231	285	-147.0	147	45231	285	-147.0	147	45231
286	-134.0	134	45365	286	-134.0	134	45365	286	-134.0	134	45365	286	-134.0	134	45365	286	-134.0	134	45365	286	-134.0	134	45365	286	-134.0	134	45365	286	-134.0	134	45365	286	-134.0	134	45365	286	-134.0	134	45365	286	-134.0	134	45365	286	-134.0	134	45365	286	-134.0	134	45365	286	-134.0	134	45365	286	-134.0	134	45365	286	-134.0	134	45365	286	-134.0	134	45365
287	-110.0	110	45475	287	-110.0	110	45475	287	-110.0	110	45475	287	-110.0	110	45475	287	-110.0	110	45475	287	-110.0	110	45475	287	-110.0	110	45475	287	-110.0	110	45475	287	-110.0	110	45475	287	-110.0	110	45475	287	-110.0	110	45475	287	-110.0	110	45475	287	-110.0	110	45475	287	-110.0	110	45475	287	-110.0	110	45475	287	-110.0	110	45475	287	-110.0	110	45475
288	-108.0	108	45583	288	-108.0	108	45583	288	-108.0	108	45583	288	-108.0	108	45583	288	-108.0	108	45583	288	-108.0	108	45583	288	-108.0	108	45583	288	-108.0	108	45583	288	-108.0	108	45583	288	-108.0	108	45583	288	-108.0	108	45583	288	-108.0	108	45583	288	-108.0	108	45583	288	-108.0	108	45583	288	-108.0	108	45583	288	-108.0	108	45583	288	-108.0	108	45583
289	-109.0	109	45692	289	-109.0	109	45692	289	-109.0	109	45692	289	-109.0	109	45692	289	-109.0	109	45692	289	-109.0	109	45692	289	-109.0	109	45692	289	-109.0	109	45692	289	-109.0	109	45692	289	-109.0	109	45692	289	-109.0	109	45692	289	-109.0	109	45692	289	-109.0	109	45692	289	-109.0	109	45692	289	-109.0	109	45692	289	-109.0	109	45692	289	-109.0	109	45692
290	-136.0	136	45828	290	-136.0	136	45828	290	-136.0	136	45828	290	-136.0	136	45828	290	-136.0	136	45828	290	-136.0	136	45828	290	-136.0	136	45828	290	-136.0	136	45828	290	-136.0	136	45828	290	-136.0	136	45828	290	-136.0	136	45828	290	-136.0	136	45828	290	-136.0	136	45828	290	-136.0	136	45828	290	-136.0	136	45828	290	-136.0	136	45828	290	-136.0	136	45828
291	-109.0	109	45937	291	-109.0	109	45937	291	-109.0	109	45937	291	-109.0	109	45937	291	-109.0	109	45937	291	-109.0	109	45937	291	-109.0	109	45937	291	-109.0	109	45937	291	-109.0	109	45937	291	-109.0	109	45937	291	-109.0	109	45937	291	-109.0	109	45937	291	-109.0	109	45937	291	-109.0	109	45937	291	-109.0	109	45937	291	-109.0	109	45937	291	-109.0	109	45937
292	-138.0	138	46075	292	-138.0	138	46075	292	-138.0	138	46075	292	-138.0	138	46075	292	-138.0	138	46075	292	-138.0	138	46075	292	-138.0	138	46075	292	-138.0	138	46075	292	-138.0	138	46075	292	-138.0	138	46075	292	-138.0	138	46075	292	-138.0	138	46075	292	-138.0	138	46075	292	-138.0	138	46075	292	-138.0	138	46075	292	-138.0	138	46075	292	-138.0	138	46075
293	-132.0	132	46207	293	-132.0	132	46207	293	-132.0	132	46207	293	-132.0	132	46207	293	-132.0	132	46207	293	-132.0	132	46207	293	-132.0	132	46207	293	-132.0	132	46207	293	-132.0	132	46207	293	-132.0	132	46207	293	-132.0	132	46207	293	-132.0	132	46207	293	-132.0	132	46207	293	-132.0	132	46207	293	-132.0	132	46207	293	-132.0	132	46207	293	-132.0	132	46207
294	-130.0	130	46337	294	-130.0	130	46337	294	-130.0	130	46337	294	-130.0	130	46337	294	-130.0	130	46337	294	-130.0	130	46337	294	-130.0	130	46337	294	-130.0	130	46337	294	-130.0	130	46337	294	-130.0	130	46337	294	-130.0	130	46337	294	-130.0	130	46337	294	-130.0	130	46337	294	-130.0	130	46337	294	-130.0	130	46337	294	-130.0	130	46337	294	-130.0	130	46337
295	-144.0	144	46481	295	-144.0	144	46481	295	-144.0	144	46481	295	-144.0	144	46481	295	-144.0	144	46481	295	-144.0	144	46481	295	-144.0	144	46481	295	-144.0	144	46481	295	-144.0	144	46481	295	-144.0	144	46481	295	-144.0	144	46481	295	-144.0	144	46481	295	-144.0	144	46481	295	-144.0	144	46481	295	-144.0	144	46481	295	-144.0	144	46481	295	-144.0	144	46481
296	-135.0	135	46616	296	-135.0	135	46616	296	-135.0	135	46616	296	-135.0	135	46616	296	-135.0	135	46616	296	-135.0	135	46616	296	-135.0	135	46616	296	-135.0	135	46616	296	-135.0	135	46616	296	-135.0	135	46616	296	-135.0	135	46616	296	-135.0	135	46616	296	-135.0	135	46616	296	-135.0	135	46616	296	-135.0	135	46616	296	-135.0	135	46616	296	-135.0	135	46616
297	-136.0	136	46752	297	-136.0	136	46752	297	-136.0	136	46752	297	-136.0	136	46752	297	-136.0	136	46752	297	-136.0	136	46752	297	-136.0	136	46752	297	-136.0	136	46752	297	-136.0	136	46752	297	-136.0	136	46752	297	-136.0	136	46752	297	-136.0	136	46752	297	-136.0	136	46752	297	-136.0	136	46752	297	-136.0	136	46752	297	-136.0	136	46752	297	-136.0	136	46752
298	-132.0	132	46884	298	-132.0	132	46884	298	-132.0	132	46884	298	-132.0	132	46884	298	-132.0	132	46884	298	-132.0	132	46884	298	-132.0	132	46884	298	-132.0	132	46884	298	-132.0	132	46884	298	-132.0	132	46884	298	-132.0	132	46884	298	-132.0	132	46884	298	-132.0	132	46884	298	-132.0	132	46884	298	-132.0	132	46884	298	-132.0	132	46884	298	-132.0	132	46884
299	-131.0	131	47015	299	-131.0	131	47015	299	-131.0	131	47015	299	-131.0	131	47015	299	-131.0	131	47015	299	-131.0	131	47015	299	-131.0	131	47015	299	-131.0	131	47015	299	-131.0	131	47015	299	-131.0	131	47015	299	-131.0	131	47015	299	-131.0	131	47015	299	-131.0	131	47015	299	-131.0	131	47015	299	-131.0	131	47015	299	-131.0	131	47015	299	-131.0	131	47015
