Episode	Accumulated Reward	Length	Steps	Episode	Accumulated Reward	Length	Steps	Episode	Accumulated Reward	Length	Steps	Episode	Accumulated Reward	Length	Steps	Episode	Accumulated Reward	Length	Steps	Episode	Accumulated Reward	Length	Steps	Episode	Accumulated Reward	Length	Steps	Episode	Accumulated Reward	Length	Steps	Episode	Accumulated Reward	Length	Steps	Episode	Accumulated Reward	Length	Steps	Episode	Accumulated Reward	Length	Steps	Episode	Accumulated Reward	Length	Steps	Episode	Accumulated Reward	Length	Steps	Episode	Accumulated Reward	Length	Steps	Episode	Accumulated Reward	Length	Steps	Episode	Accumulated Reward	Length	Steps	Episode	Accumulated Reward	Length	Steps	Episode	Accumulated Reward	Length	Steps	Episode	Accumulated Reward	Length	Steps	Episode	Accumulated Reward	Length	Steps
0	-500.0	500	500	0	-500.0	500	500	0	-500.0	500	500	0	-500.0	500	500	0	-500.0	500	500	0	-500.0	500	500	0	-500.0	500	500	0	-500.0	500	500	0	-500.0	500	500	0	-500.0	500	500	0	-500.0	500	500	0	-500.0	500	500	0	-500.0	500	500	0	-500.0	500	500	0	-500.0	500	500	0	-500.0	500	500	0	-500.0	500	500	0	-500.0	500	500	0	-500.0	500	500	0	-500.0	500	500
1	-500.0	500	1000	1	-500.0	500	1000	1	-500.0	500	1000	1	-500.0	500	1000	1	-500.0	500	1000	1	-500.0	500	1000	1	-500.0	500	1000	1	-500.0	500	1000	1	-500.0	500	1000	1	-500.0	500	1000	1	-500.0	500	1000	1	-500.0	500	1000	1	-500.0	500	1000	1	-500.0	500	1000	1	-500.0	500	1000	1	-500.0	500	1000	1	-500.0	500	1000	1	-500.0	500	1000	1	-500.0	500	1000	1	-500.0	500	1000
2	-500.0	500	1500	2	-500.0	500	1500	2	-500.0	500	1500	2	-500.0	500	1500	2	-500.0	500	1500	2	-500.0	500	1500	2	-500.0	500	1500	2	-500.0	500	1500	2	-500.0	500	1500	2	-500.0	500	1500	2	-500.0	500	1500	2	-500.0	500	1500	2	-500.0	500	1500	2	-500.0	500	1500	2	-500.0	500	1500	2	-500.0	500	1500	2	-500.0	500	1500	2	-500.0	500	1500	2	-500.0	500	1500	2	-500.0	500	1500
3	-368.0	368	1868	3	-368.0	368	1868	3	-368.0	368	1868	3	-368.0	368	1868	3	-368.0	368	1868	3	-368.0	368	1868	3	-368.0	368	1868	3	-368.0	368	1868	3	-368.0	368	1868	3	-368.0	368	1868	3	-368.0	368	1868	3	-368.0	368	1868	3	-368.0	368	1868	3	-368.0	368	1868	3	-368.0	368	1868	3	-368.0	368	1868	3	-368.0	368	1868	3	-368.0	368	1868	3	-368.0	368	1868	3	-368.0	368	1868
4	-500.0	500	2368	4	-500.0	500	2368	4	-500.0	500	2368	4	-500.0	500	2368	4	-500.0	500	2368	4	-500.0	500	2368	4	-500.0	500	2368	4	-500.0	500	2368	4	-500.0	500	2368	4	-500.0	500	2368	4	-500.0	500	2368	4	-500.0	500	2368	4	-500.0	500	2368	4	-500.0	500	2368	4	-500.0	500	2368	4	-500.0	500	2368	4	-500.0	500	2368	4	-500.0	500	2368	4	-500.0	500	2368	4	-500.0	500	2368
5	-394.0	394	2762	5	-394.0	394	2762	5	-394.0	394	2762	5	-394.0	394	2762	5	-394.0	394	2762	5	-394.0	394	2762	5	-394.0	394	2762	5	-394.0	394	2762	5	-394.0	394	2762	5	-394.0	394	2762	5	-394.0	394	2762	5	-394.0	394	2762	5	-394.0	394	2762	5	-394.0	394	2762	5	-394.0	394	2762	5	-394.0	394	2762	5	-394.0	394	2762	5	-394.0	394	2762	5	-394.0	394	2762	5	-394.0	394	2762
6	-273.0	273	3035	6	-273.0	273	3035	6	-273.0	273	3035	6	-273.0	273	3035	6	-273.0	273	3035	6	-273.0	273	3035	6	-273.0	273	3035	6	-273.0	273	3035	6	-273.0	273	3035	6	-273.0	273	3035	6	-273.0	273	3035	6	-273.0	273	3035	6	-273.0	273	3035	6	-273.0	273	3035	6	-273.0	273	3035	6	-273.0	273	3035	6	-273.0	273	3035	6	-273.0	273	3035	6	-273.0	273	3035	6	-273.0	273	3035
7	-232.0	232	3267	7	-232.0	232	3267	7	-232.0	232	3267	7	-232.0	232	3267	7	-232.0	232	3267	7	-232.0	232	3267	7	-232.0	232	3267	7	-232.0	232	3267	7	-232.0	232	3267	7	-232.0	232	3267	7	-232.0	232	3267	7	-232.0	232	3267	7	-232.0	232	3267	7	-232.0	232	3267	7	-232.0	232	3267	7	-232.0	232	3267	7	-232.0	232	3267	7	-232.0	232	3267	7	-232.0	232	3267	7	-232.0	232	3267
8	-202.0	202	3469	8	-202.0	202	3469	8	-202.0	202	3469	8	-202.0	202	3469	8	-202.0	202	3469	8	-202.0	202	3469	8	-202.0	202	3469	8	-202.0	202	3469	8	-202.0	202	3469	8	-202.0	202	3469	8	-202.0	202	3469	8	-202.0	202	3469	8	-202.0	202	3469	8	-202.0	202	3469	8	-202.0	202	3469	8	-202.0	202	3469	8	-202.0	202	3469	8	-202.0	202	3469	8	-202.0	202	3469	8	-202.0	202	3469
9	-334.0	334	3803	9	-334.0	334	3803	9	-334.0	334	3803	9	-334.0	334	3803	9	-334.0	334	3803	9	-334.0	334	3803	9	-334.0	334	3803	9	-334.0	334	3803	9	-334.0	334	3803	9	-334.0	334	3803	9	-334.0	334	3803	9	-334.0	334	3803	9	-334.0	334	3803	9	-334.0	334	3803	9	-334.0	334	3803	9	-334.0	334	3803	9	-334.0	334	3803	9	-334.0	334	3803	9	-334.0	334	3803	9	-334.0	334	3803
10	-244.0	244	4047	10	-244.0	244	4047	10	-244.0	244	4047	10	-244.0	244	4047	10	-244.0	244	4047	10	-244.0	244	4047	10	-244.0	244	4047	10	-244.0	244	4047	10	-244.0	244	4047	10	-244.0	244	4047	10	-244.0	244	4047	10	-244.0	244	4047	10	-244.0	244	4047	10	-244.0	244	4047	10	-244.0	244	4047	10	-244.0	244	4047	10	-244.0	244	4047	10	-244.0	244	4047	10	-244.0	244	4047	10	-244.0	244	4047
11	-233.0	233	4280	11	-233.0	233	4280	11	-233.0	233	4280	11	-233.0	233	4280	11	-233.0	233	4280	11	-233.0	233	4280	11	-233.0	233	4280	11	-233.0	233	4280	11	-233.0	233	4280	11	-233.0	233	4280	11	-233.0	233	4280	11	-233.0	233	4280	11	-233.0	233	4280	11	-233.0	233	4280	11	-233.0	233	4280	11	-233.0	233	4280	11	-233.0	233	4280	11	-233.0	233	4280	11	-233.0	233	4280	11	-233.0	233	4280
12	-273.0	273	4553	12	-273.0	273	4553	12	-273.0	273	4553	12	-273.0	273	4553	12	-273.0	273	4553	12	-273.0	273	4553	12	-273.0	273	4553	12	-273.0	273	4553	12	-273.0	273	4553	12	-273.0	273	4553	12	-273.0	273	4553	12	-273.0	273	4553	12	-273.0	273	4553	12	-273.0	273	4553	12	-273.0	273	4553	12	-273.0	273	4553	12	-273.0	273	4553	12	-273.0	273	4553	12	-273.0	273	4553	12	-273.0	273	4553
13	-243.0	243	4796	13	-243.0	243	4796	13	-243.0	243	4796	13	-243.0	243	4796	13	-243.0	243	4796	13	-243.0	243	4796	13	-243.0	243	4796	13	-243.0	243	4796	13	-243.0	243	4796	13	-243.0	243	4796	13	-243.0	243	4796	13	-243.0	243	4796	13	-243.0	243	4796	13	-243.0	243	4796	13	-243.0	243	4796	13	-243.0	243	4796	13	-243.0	243	4796	13	-243.0	243	4796	13	-243.0	243	4796	13	-243.0	243	4796
14	-236.0	236	5032	14	-236.0	236	5032	14	-236.0	236	5032	14	-236.0	236	5032	14	-236.0	236	5032	14	-236.0	236	5032	14	-236.0	236	5032	14	-236.0	236	5032	14	-236.0	236	5032	14	-236.0	236	5032	14	-236.0	236	5032	14	-236.0	236	5032	14	-236.0	236	5032	14	-236.0	236	5032	14	-236.0	236	5032	14	-236.0	236	5032	14	-236.0	236	5032	14	-236.0	236	5032	14	-236.0	236	5032	14	-236.0	236	5032
15	-195.0	195	5227	15	-195.0	195	5227	15	-195.0	195	5227	15	-195.0	195	5227	15	-195.0	195	5227	15	-195.0	195	5227	15	-195.0	195	5227	15	-195.0	195	5227	15	-195.0	195	5227	15	-195.0	195	5227	15	-195.0	195	5227	15	-195.0	195	5227	15	-195.0	195	5227	15	-195.0	195	5227	15	-195.0	195	5227	15	-195.0	195	5227	15	-195.0	195	5227	15	-195.0	195	5227	15	-195.0	195	5227	15	-195.0	195	5227
16	-155.0	155	5382	16	-155.0	155	5382	16	-155.0	155	5382	16	-155.0	155	5382	16	-155.0	155	5382	16	-155.0	155	5382	16	-155.0	155	5382	16	-155.0	155	5382	16	-155.0	155	5382	16	-155.0	155	5382	16	-155.0	155	5382	16	-155.0	155	5382	16	-155.0	155	5382	16	-155.0	155	5382	16	-155.0	155	5382	16	-155.0	155	5382	16	-155.0	155	5382	16	-155.0	155	5382	16	-155.0	155	5382	16	-155.0	155	5382
17	-150.0	150	5532	17	-150.0	150	5532	17	-150.0	150	5532	17	-150.0	150	5532	17	-150.0	150	5532	17	-150.0	150	5532	17	-150.0	150	5532	17	-150.0	150	5532	17	-150.0	150	5532	17	-150.0	150	5532	17	-150.0	150	5532	17	-150.0	150	5532	17	-150.0	150	5532	17	-150.0	150	5532	17	-150.0	150	5532	17	-150.0	150	5532	17	-150.0	150	5532	17	-150.0	150	5532	17	-150.0	150	5532	17	-150.0	150	5532
18	-226.0	226	5758	18	-226.0	226	5758	18	-226.0	226	5758	18	-226.0	226	5758	18	-226.0	226	5758	18	-226.0	226	5758	18	-226.0	226	5758	18	-226.0	226	5758	18	-226.0	226	5758	18	-226.0	226	5758	18	-226.0	226	5758	18	-226.0	226	5758	18	-226.0	226	5758	18	-226.0	226	5758	18	-226.0	226	5758	18	-226.0	226	5758	18	-226.0	226	5758	18	-226.0	226	5758	18	-226.0	226	5758	18	-226.0	226	5758
19	-171.0	171	5929	19	-171.0	171	5929	19	-171.0	171	5929	19	-171.0	171	5929	19	-171.0	171	5929	19	-171.0	171	5929	19	-171.0	171	5929	19	-171.0	171	5929	19	-171.0	171	5929	19	-171.0	171	5929	19	-171.0	171	5929	19	-171.0	171	5929	19	-171.0	171	5929	19	-171.0	171	5929	19	-171.0	171	5929	19	-171.0	171	5929	19	-171.0	171	5929	19	-171.0	171	5929	19	-171.0	171	5929	19	-171.0	171	5929
20	-188.0	188	6117	20	-188.0	188	6117	20	-188.0	188	6117	20	-188.0	188	6117	20	-188.0	188	6117	20	-188.0	188	6117	20	-188.0	188	6117	20	-188.0	188	6117	20	-188.0	188	6117	20	-188.0	188	6117	20	-188.0	188	6117	20	-188.0	188	6117	20	-188.0	188	6117	20	-188.0	188	6117	20	-188.0	188	6117	20	-188.0	188	6117	20	-188.0	188	6117	20	-188.0	188	6117	20	-188.0	188	6117	20	-188.0	188	6117
21	-152.0	152	6269	21	-152.0	152	6269	21	-152.0	152	6269	21	-152.0	152	6269	21	-152.0	152	6269	21	-152.0	152	6269	21	-152.0	152	6269	21	-152.0	152	6269	21	-152.0	152	6269	21	-152.0	152	6269	21	-152.0	152	6269	21	-152.0	152	6269	21	-152.0	152	6269	21	-152.0	152	6269	21	-152.0	152	6269	21	-152.0	152	6269	21	-152.0	152	6269	21	-152.0	152	6269	21	-152.0	152	6269	21	-152.0	152	6269
22	-192.0	192	6461	22	-192.0	192	6461	22	-192.0	192	6461	22	-192.0	192	6461	22	-192.0	192	6461	22	-192.0	192	6461	22	-192.0	192	6461	22	-192.0	192	6461	22	-192.0	192	6461	22	-192.0	192	6461	22	-192.0	192	6461	22	-192.0	192	6461	22	-192.0	192	6461	22	-192.0	192	6461	22	-192.0	192	6461	22	-192.0	192	6461	22	-192.0	192	6461	22	-192.0	192	6461	22	-192.0	192	6461	22	-192.0	192	6461
23	-168.0	168	6629	23	-168.0	168	6629	23	-168.0	168	6629	23	-168.0	168	6629	23	-168.0	168	6629	23	-168.0	168	6629	23	-168.0	168	6629	23	-168.0	168	6629	23	-168.0	168	6629	23	-168.0	168	6629	23	-168.0	168	6629	23	-168.0	168	6629	23	-168.0	168	6629	23	-168.0	168	6629	23	-168.0	168	6629	23	-168.0	168	6629	23	-168.0	168	6629	23	-168.0	168	6629	23	-168.0	168	6629	23	-168.0	168	6629
24	-206.0	206	6835	24	-206.0	206	6835	24	-206.0	206	6835	24	-206.0	206	6835	24	-206.0	206	6835	24	-206.0	206	6835	24	-206.0	206	6835	24	-206.0	206	6835	24	-206.0	206	6835	24	-206.0	206	6835	24	-206.0	206	6835	24	-206.0	206	6835	24	-206.0	206	6835	24	-206.0	206	6835	24	-206.0	206	6835	24	-206.0	206	6835	24	-206.0	206	6835	24	-206.0	206	6835	24	-206.0	206	6835	24	-206.0	206	6835
25	-153.0	153	6988	25	-153.0	153	6988	25	-153.0	153	6988	25	-153.0	153	6988	25	-153.0	153	6988	25	-153.0	153	6988	25	-153.0	153	6988	25	-153.0	153	6988	25	-153.0	153	6988	25	-153.0	153	6988	25	-153.0	153	6988	25	-153.0	153	6988	25	-153.0	153	6988	25	-153.0	153	6988	25	-153.0	153	6988	25	-153.0	153	6988	25	-153.0	153	6988	25	-153.0	153	6988	25	-153.0	153	6988	25	-153.0	153	6988
26	-150.0	150	7138	26	-150.0	150	7138	26	-150.0	150	7138	26	-150.0	150	7138	26	-150.0	150	7138	26	-150.0	150	7138	26	-150.0	150	7138	26	-150.0	150	7138	26	-150.0	150	7138	26	-150.0	150	7138	26	-150.0	150	7138	26	-150.0	150	7138	26	-150.0	150	7138	26	-150.0	150	7138	26	-150.0	150	7138	26	-150.0	150	7138	26	-150.0	150	7138	26	-150.0	150	7138	26	-150.0	150	7138	26	-150.0	150	7138
27	-155.0	155	7293	27	-155.0	155	7293	27	-155.0	155	7293	27	-155.0	155	7293	27	-155.0	155	7293	27	-155.0	155	7293	27	-155.0	155	7293	27	-155.0	155	7293	27	-155.0	155	7293	27	-155.0	155	7293	27	-155.0	155	7293	27	-155.0	155	7293	27	-155.0	155	7293	27	-155.0	155	7293	27	-155.0	155	7293	27	-155.0	155	7293	27	-155.0	155	7293	27	-155.0	155	7293	27	-155.0	155	7293	27	-155.0	155	7293
28	-152.0	152	7445	28	-152.0	152	7445	28	-152.0	152	7445	28	-152.0	152	7445	28	-152.0	152	7445	28	-152.0	152	7445	28	-152.0	152	7445	28	-152.0	152	7445	28	-152.0	152	7445	28	-152.0	152	7445	28	-152.0	152	7445	28	-152.0	152	7445	28	-152.0	152	7445	28	-152.0	152	7445	28	-152.0	152	7445	28	-152.0	152	7445	28	-152.0	152	7445	28	-152.0	152	7445	28	-152.0	152	7445	28	-152.0	152	7445
29	-146.0	146	7591	29	-146.0	146	7591	29	-146.0	146	7591	29	-146.0	146	7591	29	-146.0	146	7591	29	-146.0	146	7591	29	-146.0	146	7591	29	-146.0	146	7591	29	-146.0	146	7591	29	-146.0	146	7591	29	-146.0	146	7591	29	-146.0	146	7591	29	-146.0	146	7591	29	-146.0	146	7591	29	-146.0	146	7591	29	-146.0	146	7591	29	-146.0	146	7591	29	-146.0	146	7591	29	-146.0	146	7591	29	-146.0	146	7591
30	-142.0	142	7733	30	-142.0	142	7733	30	-142.0	142	7733	30	-142.0	142	7733	30	-142.0	142	7733	30	-142.0	142	7733	30	-142.0	142	7733	30	-142.0	142	7733	30	-142.0	142	7733	30	-142.0	142	7733	30	-142.0	142	7733	30	-142.0	142	7733	30	-142.0	142	7733	30	-142.0	142	7733	30	-142.0	142	7733	30	-142.0	142	7733	30	-142.0	142	7733	30	-142.0	142	7733	30	-142.0	142	7733	30	-142.0	142	7733
31	-144.0	144	7877	31	-144.0	144	7877	31	-144.0	144	7877	31	-144.0	144	7877	31	-144.0	144	7877	31	-144.0	144	7877	31	-144.0	144	7877	31	-144.0	144	7877	31	-144.0	144	7877	31	-144.0	144	7877	31	-144.0	144	7877	31	-144.0	144	7877	31	-144.0	144	7877	31	-144.0	144	7877	31	-144.0	144	7877	31	-144.0	144	7877	31	-144.0	144	7877	31	-144.0	144	7877	31	-144.0	144	7877	31	-144.0	144	7877
32	-144.0	144	8021	32	-144.0	144	8021	32	-144.0	144	8021	32	-144.0	144	8021	32	-144.0	144	8021	32	-144.0	144	8021	32	-144.0	144	8021	32	-144.0	144	8021	32	-144.0	144	8021	32	-144.0	144	8021	32	-144.0	144	8021	32	-144.0	144	8021	32	-144.0	144	8021	32	-144.0	144	8021	32	-144.0	144	8021	32	-144.0	144	8021	32	-144.0	144	8021	32	-144.0	144	8021	32	-144.0	144	8021	32	-144.0	144	8021
33	-150.0	150	8171	33	-150.0	150	8171	33	-150.0	150	8171	33	-150.0	150	8171	33	-150.0	150	8171	33	-150.0	150	8171	33	-150.0	150	8171	33	-150.0	150	8171	33	-150.0	150	8171	33	-150.0	150	8171	33	-150.0	150	8171	33	-150.0	150	8171	33	-150.0	150	8171	33	-150.0	150	8171	33	-150.0	150	8171	33	-150.0	150	8171	33	-150.0	150	8171	33	-150.0	150	8171	33	-150.0	150	8171	33	-150.0	150	8171
34	-222.0	222	8393	34	-222.0	222	8393	34	-222.0	222	8393	34	-222.0	222	8393	34	-222.0	222	8393	34	-222.0	222	8393	34	-222.0	222	8393	34	-222.0	222	8393	34	-222.0	222	8393	34	-222.0	222	8393	34	-222.0	222	8393	34	-222.0	222	8393	34	-222.0	222	8393	34	-222.0	222	8393	34	-222.0	222	8393	34	-222.0	222	8393	34	-222.0	222	8393	34	-222.0	222	8393	34	-222.0	222	8393	34	-222.0	222	8393
35	-161.0	161	8554	35	-161.0	161	8554	35	-161.0	161	8554	35	-161.0	161	8554	35	-161.0	161	8554	35	-161.0	161	8554	35	-161.0	161	8554	35	-161.0	161	8554	35	-161.0	161	8554	35	-161.0	161	8554	35	-161.0	161	8554	35	-161.0	161	8554	35	-161.0	161	8554	35	-161.0	161	8554	35	-161.0	161	8554	35	-161.0	161	8554	35	-161.0	161	8554	35	-161.0	161	8554	35	-161.0	161	8554	35	-161.0	161	8554
36	-157.0	157	8711	36	-157.0	157	8711	36	-157.0	157	8711	36	-157.0	157	8711	36	-157.0	157	8711	36	-157.0	157	8711	36	-157.0	157	8711	36	-157.0	157	8711	36	-157.0	157	8711	36	-157.0	157	8711	36	-157.0	157	8711	36	-157.0	157	8711	36	-157.0	157	8711	36	-157.0	157	8711	36	-157.0	157	8711	36	-157.0	157	8711	36	-157.0	157	8711	36	-157.0	157	8711	36	-157.0	157	8711	36	-157.0	157	8711
37	-152.0	152	8863	37	-152.0	152	8863	37	-152.0	152	8863	37	-152.0	152	8863	37	-152.0	152	8863	37	-152.0	152	8863	37	-152.0	152	8863	37	-152.0	152	8863	37	-152.0	152	8863	37	-152.0	152	8863	37	-152.0	152	8863	37	-152.0	152	8863	37	-152.0	152	8863	37	-152.0	152	8863	37	-152.0	152	8863	37	-152.0	152	8863	37	-152.0	152	8863	37	-152.0	152	8863	37	-152.0	152	8863	37	-152.0	152	8863
38	-152.0	152	9015	38	-152.0	152	9015	38	-152.0	152	9015	38	-152.0	152	9015	38	-152.0	152	9015	38	-152.0	152	9015	38	-152.0	152	9015	38	-152.0	152	9015	38	-152.0	152	9015	38	-152.0	152	9015	38	-152.0	152	9015	38	-152.0	152	9015	38	-152.0	152	9015	38	-152.0	152	9015	38	-152.0	152	9015	38	-152.0	152	9015	38	-152.0	152	9015	38	-152.0	152	9015	38	-152.0	152	9015	38	-152.0	152	9015
39	-141.0	141	9156	39	-141.0	141	9156	39	-141.0	141	9156	39	-141.0	141	9156	39	-141.0	141	9156	39	-141.0	141	9156	39	-141.0	141	9156	39	-141.0	141	9156	39	-141.0	141	9156	39	-141.0	141	9156	39	-141.0	141	9156	39	-141.0	141	9156	39	-141.0	141	9156	39	-141.0	141	9156	39	-141.0	141	9156	39	-141.0	141	9156	39	-141.0	141	9156	39	-141.0	141	9156	39	-141.0	141	9156	39	-141.0	141	9156
40	-140.0	140	9296	40	-140.0	140	9296	40	-140.0	140	9296	40	-140.0	140	9296	40	-140.0	140	9296	40	-140.0	140	9296	40	-140.0	140	9296	40	-140.0	140	9296	40	-140.0	140	9296	40	-140.0	140	9296	40	-140.0	140	9296	40	-140.0	140	9296	40	-140.0	140	9296	40	-140.0	140	9296	40	-140.0	140	9296	40	-140.0	140	9296	40	-140.0	140	9296	40	-140.0	140	9296	40	-140.0	140	9296	40	-140.0	140	9296
41	-147.0	147	9443	41	-147.0	147	9443	41	-147.0	147	9443	41	-147.0	147	9443	41	-147.0	147	9443	41	-147.0	147	9443	41	-147.0	147	9443	41	-147.0	147	9443	41	-147.0	147	9443	41	-147.0	147	9443	41	-147.0	147	9443	41	-147.0	147	9443	41	-147.0	147	9443	41	-147.0	147	9443	41	-147.0	147	9443	41	-147.0	147	9443	41	-147.0	147	9443	41	-147.0	147	9443	41	-147.0	147	9443	41	-147.0	147	9443
42	-188.0	188	9631	42	-188.0	188	9631	42	-188.0	188	9631	42	-188.0	188	9631	42	-188.0	188	9631	42	-188.0	188	9631	42	-188.0	188	9631	42	-188.0	188	9631	42	-188.0	188	9631	42	-188.0	188	9631	42	-188.0	188	9631	42	-188.0	188	9631	42	-188.0	188	9631	42	-188.0	188	9631	42	-188.0	188	9631	42	-188.0	188	9631	42	-188.0	188	9631	42	-188.0	188	9631	42	-188.0	188	9631	42	-188.0	188	9631
43	-256.0	256	9887	43	-256.0	256	9887	43	-256.0	256	9887	43	-256.0	256	9887	43	-256.0	256	9887	43	-256.0	256	9887	43	-256.0	256	9887	43	-256.0	256	9887	43	-256.0	256	9887	43	-256.0	256	9887	43	-256.0	256	9887	43	-256.0	256	9887	43	-256.0	256	9887	43	-256.0	256	9887	43	-256.0	256	9887	43	-256.0	256	9887	43	-256.0	256	9887	43	-256.0	256	9887	43	-256.0	256	9887	43	-256.0	256	9887
44	-176.0	176	10063	44	-176.0	176	10063	44	-176.0	176	10063	44	-176.0	176	10063	44	-176.0	176	10063	44	-176.0	176	10063	44	-176.0	176	10063	44	-176.0	176	10063	44	-176.0	176	10063	44	-176.0	176	10063	44	-176.0	176	10063	44	-176.0	176	10063	44	-176.0	176	10063	44	-176.0	176	10063	44	-176.0	176	10063	44	-176.0	176	10063	44	-176.0	176	10063	44	-176.0	176	10063	44	-176.0	176	10063	44	-176.0	176	10063
45	-150.0	150	10213	45	-150.0	150	10213	45	-150.0	150	10213	45	-150.0	150	10213	45	-150.0	150	10213	45	-150.0	150	10213	45	-150.0	150	10213	45	-150.0	150	10213	45	-150.0	150	10213	45	-150.0	150	10213	45	-150.0	150	10213	45	-150.0	150	10213	45	-150.0	150	10213	45	-150.0	150	10213	45	-150.0	150	10213	45	-150.0	150	10213	45	-150.0	150	10213	45	-150.0	150	10213	45	-150.0	150	10213	45	-150.0	150	10213
46	-145.0	145	10358	46	-145.0	145	10358	46	-145.0	145	10358	46	-145.0	145	10358	46	-145.0	145	10358	46	-145.0	145	10358	46	-145.0	145	10358	46	-145.0	145	10358	46	-145.0	145	10358	46	-145.0	145	10358	46	-145.0	145	10358	46	-145.0	145	10358	46	-145.0	145	10358	46	-145.0	145	10358	46	-145.0	145	10358	46	-145.0	145	10358	46	-145.0	145	10358	46	-145.0	145	10358	46	-145.0	145	10358	46	-145.0	145	10358
47	-145.0	145	10503	47	-145.0	145	10503	47	-145.0	145	10503	47	-145.0	145	10503	47	-145.0	145	10503	47	-145.0	145	10503	47	-145.0	145	10503	47	-145.0	145	10503	47	-145.0	145	10503	47	-145.0	145	10503	47	-145.0	145	10503	47	-145.0	145	10503	47	-145.0	145	10503	47	-145.0	145	10503	47	-145.0	145	10503	47	-145.0	145	10503	47	-145.0	145	10503	47	-145.0	145	10503	47	-145.0	145	10503	47	-145.0	145	10503
48	-110.0	110	10613	48	-110.0	110	10613	48	-110.0	110	10613	48	-110.0	110	10613	48	-110.0	110	10613	48	-110.0	110	10613	48	-110.0	110	10613	48	-110.0	110	10613	48	-110.0	110	10613	48	-110.0	110	10613	48	-110.0	110	10613	48	-110.0	110	10613	48	-110.0	110	10613	48	-110.0	110	10613	48	-110.0	110	10613	48	-110.0	110	10613	48	-110.0	110	10613	48	-110.0	110	10613	48	-110.0	110	10613	48	-110.0	110	10613
49	-113.0	113	10726	49	-113.0	113	10726	49	-113.0	113	10726	49	-113.0	113	10726	49	-113.0	113	10726	49	-113.0	113	10726	49	-113.0	113	10726	49	-113.0	113	10726	49	-113.0	113	10726	49	-113.0	113	10726	49	-113.0	113	10726	49	-113.0	113	10726	49	-113.0	113	10726	49	-113.0	113	10726	49	-113.0	113	10726	49	-113.0	113	10726	49	-113.0	113	10726	49	-113.0	113	10726	49	-113.0	113	10726	49	-113.0	113	10726
50	-109.0	109	10835	50	-109.0	109	10835	50	-109.0	109	10835	50	-109.0	109	10835	50	-109.0	109	10835	50	-109.0	109	10835	50	-109.0	109	10835	50	-109.0	109	10835	50	-109.0	109	10835	50	-109.0	109	10835	50	-109.0	109	10835	50	-109.0	109	10835	50	-109.0	109	10835	50	-109.0	109	10835	50	-109.0	109	10835	50	-109.0	109	10835	50	-109.0	109	10835	50	-109.0	109	10835	50	-109.0	109	10835	50	-109.0	109	10835
51	-163.0	163	10998	51	-163.0	163	10998	51	-163.0	163	10998	51	-163.0	163	10998	51	-163.0	163	10998	51	-163.0	163	10998	51	-163.0	163	10998	51	-163.0	163	10998	51	-163.0	163	10998	51	-163.0	163	10998	51	-163.0	163	10998	51	-163.0	163	10998	51	-163.0	163	10998	51	-163.0	163	10998	51	-163.0	163	10998	51	-163.0	163	10998	51	-163.0	163	10998	51	-163.0	163	10998	51	-163.0	163	10998	51	-163.0	163	10998
52	-107.0	107	11105	52	-107.0	107	11105	52	-107.0	107	11105	52	-107.0	107	11105	52	-107.0	107	11105	52	-107.0	107	11105	52	-107.0	107	11105	52	-107.0	107	11105	52	-107.0	107	11105	52	-107.0	107	11105	52	-107.0	107	11105	52	-107.0	107	11105	52	-107.0	107	11105	52	-107.0	107	11105	52	-107.0	107	11105	52	-107.0	107	11105	52	-107.0	107	11105	52	-107.0	107	11105	52	-107.0	107	11105	52	-107.0	107	11105
53	-109.0	109	11214	53	-109.0	109	11214	53	-109.0	109	11214	53	-109.0	109	11214	53	-109.0	109	11214	53	-109.0	109	11214	53	-109.0	109	11214	53	-109.0	109	11214	53	-109.0	109	11214	53	-109.0	109	11214	53	-109.0	109	11214	53	-109.0	109	11214	53	-109.0	109	11214	53	-109.0	109	11214	53	-109.0	109	11214	53	-109.0	109	11214	53	-109.0	109	11214	53	-109.0	109	11214	53	-109.0	109	11214	53	-109.0	109	11214
54	-116.0	116	11330	54	-116.0	116	11330	54	-116.0	116	11330	54	-116.0	116	11330	54	-116.0	116	11330	54	-116.0	116	11330	54	-116.0	116	11330	54	-116.0	116	11330	54	-116.0	116	11330	54	-116.0	116	11330	54	-116.0	116	11330	54	-116.0	116	11330	54	-116.0	116	11330	54	-116.0	116	11330	54	-116.0	116	11330	54	-116.0	116	11330	54	-116.0	116	11330	54	-116.0	116	11330	54	-116.0	116	11330	54	-116.0	116	11330
55	-93.0	93	11423	55	-93.0	93	11423	55	-93.0	93	11423	55	-93.0	93	11423	55	-93.0	93	11423	55	-93.0	93	11423	55	-93.0	93	11423	55	-93.0	93	11423	55	-93.0	93	11423	55	-93.0	93	11423	55	-93.0	93	11423	55	-93.0	93	11423	55	-93.0	93	11423	55	-93.0	93	11423	55	-93.0	93	11423	55	-93.0	93	11423	55	-93.0	93	11423	55	-93.0	93	11423	55	-93.0	93	11423	55	-93.0	93	11423
56	-181.0	181	11604	56	-181.0	181	11604	56	-181.0	181	11604	56	-181.0	181	11604	56	-181.0	181	11604	56	-181.0	181	11604	56	-181.0	181	11604	56	-181.0	181	11604	56	-181.0	181	11604	56	-181.0	181	11604	56	-181.0	181	11604	56	-181.0	181	11604	56	-181.0	181	11604	56	-181.0	181	11604	56	-181.0	181	11604	56	-181.0	181	11604	56	-181.0	181	11604	56	-181.0	181	11604	56	-181.0	181	11604	56	-181.0	181	11604
57	-147.0	147	11751	57	-147.0	147	11751	57	-147.0	147	11751	57	-147.0	147	11751	57	-147.0	147	11751	57	-147.0	147	11751	57	-147.0	147	11751	57	-147.0	147	11751	57	-147.0	147	11751	57	-147.0	147	11751	57	-147.0	147	11751	57	-147.0	147	11751	57	-147.0	147	11751	57	-147.0	147	11751	57	-147.0	147	11751	57	-147.0	147	11751	57	-147.0	147	11751	57	-147.0	147	11751	57	-147.0	147	11751	57	-147.0	147	11751
58	-138.0	138	11889	58	-138.0	138	11889	58	-138.0	138	11889	58	-138.0	138	11889	58	-138.0	138	11889	58	-138.0	138	11889	58	-138.0	138	11889	58	-138.0	138	11889	58	-138.0	138	11889	58	-138.0	138	11889	58	-138.0	138	11889	58	-138.0	138	11889	58	-138.0	138	11889	58	-138.0	138	11889	58	-138.0	138	11889	58	-138.0	138	11889	58	-138.0	138	11889	58	-138.0	138	11889	58	-138.0	138	11889	58	-138.0	138	11889
59	-142.0	142	12031	59	-142.0	142	12031	59	-142.0	142	12031	59	-142.0	142	12031	59	-142.0	142	12031	59	-142.0	142	12031	59	-142.0	142	12031	59	-142.0	142	12031	59	-142.0	142	12031	59	-142.0	142	12031	59	-142.0	142	12031	59	-142.0	142	12031	59	-142.0	142	12031	59	-142.0	142	12031	59	-142.0	142	12031	59	-142.0	142	12031	59	-142.0	142	12031	59	-142.0	142	12031	59	-142.0	142	12031	59	-142.0	142	12031
60	-136.0	136	12167	60	-136.0	136	12167	60	-136.0	136	12167	60	-136.0	136	12167	60	-136.0	136	12167	60	-136.0	136	12167	60	-136.0	136	12167	60	-136.0	136	12167	60	-136.0	136	12167	60	-136.0	136	12167	60	-136.0	136	12167	60	-136.0	136	12167	60	-136.0	136	12167	60	-136.0	136	12167	60	-136.0	136	12167	60	-136.0	136	12167	60	-136.0	136	12167	60	-136.0	136	12167	60	-136.0	136	12167	60	-136.0	136	12167
61	-185.0	185	12352	61	-185.0	185	12352	61	-185.0	185	12352	61	-185.0	185	12352	61	-185.0	185	12352	61	-185.0	185	12352	61	-185.0	185	12352	61	-185.0	185	12352	61	-185.0	185	12352	61	-185.0	185	12352	61	-185.0	185	12352	61	-185.0	185	12352	61	-185.0	185	12352	61	-185.0	185	12352	61	-185.0	185	12352	61	-185.0	185	12352	61	-185.0	185	12352	61	-185.0	185	12352	61	-185.0	185	12352	61	-185.0	185	12352
62	-177.0	177	12529	62	-177.0	177	12529	62	-177.0	177	12529	62	-177.0	177	12529	62	-177.0	177	12529	62	-177.0	177	12529	62	-177.0	177	12529	62	-177.0	177	12529	62	-177.0	177	12529	62	-177.0	177	12529	62	-177.0	177	12529	62	-177.0	177	12529	62	-177.0	177	12529	62	-177.0	177	12529	62	-177.0	177	12529	62	-177.0	177	12529	62	-177.0	177	12529	62	-177.0	177	12529	62	-177.0	177	12529	62	-177.0	177	12529
63	-223.0	223	12752	63	-223.0	223	12752	63	-223.0	223	12752	63	-223.0	223	12752	63	-223.0	223	12752	63	-223.0	223	12752	63	-223.0	223	12752	63	-223.0	223	12752	63	-223.0	223	12752	63	-223.0	223	12752	63	-223.0	223	12752	63	-223.0	223	12752	63	-223.0	223	12752	63	-223.0	223	12752	63	-223.0	223	12752	63	-223.0	223	12752	63	-223.0	223	12752	63	-223.0	223	12752	63	-223.0	223	12752	63	-223.0	223	12752
64	-183.0	183	12935	64	-183.0	183	12935	64	-183.0	183	12935	64	-183.0	183	12935	64	-183.0	183	12935	64	-183.0	183	12935	64	-183.0	183	12935	64	-183.0	183	12935	64	-183.0	183	12935	64	-183.0	183	12935	64	-183.0	183	12935	64	-183.0	183	12935	64	-183.0	183	12935	64	-183.0	183	12935	64	-183.0	183	12935	64	-183.0	183	12935	64	-183.0	183	12935	64	-183.0	183	12935	64	-183.0	183	12935	64	-183.0	183	12935
65	-188.0	188	13123	65	-188.0	188	13123	65	-188.0	188	13123	65	-188.0	188	13123	65	-188.0	188	13123	65	-188.0	188	13123	65	-188.0	188	13123	65	-188.0	188	13123	65	-188.0	188	13123	65	-188.0	188	13123	65	-188.0	188	13123	65	-188.0	188	13123	65	-188.0	188	13123	65	-188.0	188	13123	65	-188.0	188	13123	65	-188.0	188	13123	65	-188.0	188	13123	65	-188.0	188	13123	65	-188.0	188	13123	65	-188.0	188	13123
66	-151.0	151	13274	66	-151.0	151	13274	66	-151.0	151	13274	66	-151.0	151	13274	66	-151.0	151	13274	66	-151.0	151	13274	66	-151.0	151	13274	66	-151.0	151	13274	66	-151.0	151	13274	66	-151.0	151	13274	66	-151.0	151	13274	66	-151.0	151	13274	66	-151.0	151	13274	66	-151.0	151	13274	66	-151.0	151	13274	66	-151.0	151	13274	66	-151.0	151	13274	66	-151.0	151	13274	66	-151.0	151	13274	66	-151.0	151	13274
67	-181.0	181	13455	67	-181.0	181	13455	67	-181.0	181	13455	67	-181.0	181	13455	67	-181.0	181	13455	67	-181.0	181	13455	67	-181.0	181	13455	67	-181.0	181	13455	67	-181.0	181	13455	67	-181.0	181	13455	67	-181.0	181	13455	67	-181.0	181	13455	67	-181.0	181	13455	67	-181.0	181	13455	67	-181.0	181	13455	67	-181.0	181	13455	67	-181.0	181	13455	67	-181.0	181	13455	67	-181.0	181	13455	67	-181.0	181	13455
68	-223.0	223	13678	68	-223.0	223	13678	68	-223.0	223	13678	68	-223.0	223	13678	68	-223.0	223	13678	68	-223.0	223	13678	68	-223.0	223	13678	68	-223.0	223	13678	68	-223.0	223	13678	68	-223.0	223	13678	68	-223.0	223	13678	68	-223.0	223	13678	68	-223.0	223	13678	68	-223.0	223	13678	68	-223.0	223	13678	68	-223.0	223	13678	68	-223.0	223	13678	68	-223.0	223	13678	68	-223.0	223	13678	68	-223.0	223	13678
69	-198.0	198	13876	69	-198.0	198	13876	69	-198.0	198	13876	69	-198.0	198	13876	69	-198.0	198	13876	69	-198.0	198	13876	69	-198.0	198	13876	69	-198.0	198	13876	69	-198.0	198	13876	69	-198.0	198	13876	69	-198.0	198	13876	69	-198.0	198	13876	69	-198.0	198	13876	69	-198.0	198	13876	69	-198.0	198	13876	69	-198.0	198	13876	69	-198.0	198	13876	69	-198.0	198	13876	69	-198.0	198	13876	69	-198.0	198	13876
70	-156.0	156	14032	70	-156.0	156	14032	70	-156.0	156	14032	70	-156.0	156	14032	70	-156.0	156	14032	70	-156.0	156	14032	70	-156.0	156	14032	70	-156.0	156	14032	70	-156.0	156	14032	70	-156.0	156	14032	70	-156.0	156	14032	70	-156.0	156	14032	70	-156.0	156	14032	70	-156.0	156	14032	70	-156.0	156	14032	70	-156.0	156	14032	70	-156.0	156	14032	70	-156.0	156	14032	70	-156.0	156	14032	70	-156.0	156	14032
71	-147.0	147	14179	71	-147.0	147	14179	71	-147.0	147	14179	71	-147.0	147	14179	71	-147.0	147	14179	71	-147.0	147	14179	71	-147.0	147	14179	71	-147.0	147	14179	71	-147.0	147	14179	71	-147.0	147	14179	71	-147.0	147	14179	71	-147.0	147	14179	71	-147.0	147	14179	71	-147.0	147	14179	71	-147.0	147	14179	71	-147.0	147	14179	71	-147.0	147	14179	71	-147.0	147	14179	71	-147.0	147	14179	71	-147.0	147	14179
72	-161.0	161	14340	72	-161.0	161	14340	72	-161.0	161	14340	72	-161.0	161	14340	72	-161.0	161	14340	72	-161.0	161	14340	72	-161.0	161	14340	72	-161.0	161	14340	72	-161.0	161	14340	72	-161.0	161	14340	72	-161.0	161	14340	72	-161.0	161	14340	72	-161.0	161	14340	72	-161.0	161	14340	72	-161.0	161	14340	72	-161.0	161	14340	72	-161.0	161	14340	72	-161.0	161	14340	72	-161.0	161	14340	72	-161.0	161	14340
73	-132.0	132	14472	73	-132.0	132	14472	73	-132.0	132	14472	73	-132.0	132	14472	73	-132.0	132	14472	73	-132.0	132	14472	73	-132.0	132	14472	73	-132.0	132	14472	73	-132.0	132	14472	73	-132.0	132	14472	73	-132.0	132	14472	73	-132.0	132	14472	73	-132.0	132	14472	73	-132.0	132	14472	73	-132.0	132	14472	73	-132.0	132	14472	73	-132.0	132	14472	73	-132.0	132	14472	73	-132.0	132	14472	73	-132.0	132	14472
74	-136.0	136	14608	74	-136.0	136	14608	74	-136.0	136	14608	74	-136.0	136	14608	74	-136.0	136	14608	74	-136.0	136	14608	74	-136.0	136	14608	74	-136.0	136	14608	74	-136.0	136	14608	74	-136.0	136	14608	74	-136.0	136	14608	74	-136.0	136	14608	74	-136.0	136	14608	74	-136.0	136	14608	74	-136.0	136	14608	74	-136.0	136	14608	74	-136.0	136	14608	74	-136.0	136	14608	74	-136.0	136	14608	74	-136.0	136	14608
75	-154.0	154	14762	75	-154.0	154	14762	75	-154.0	154	14762	75	-154.0	154	14762	75	-154.0	154	14762	75	-154.0	154	14762	75	-154.0	154	14762	75	-154.0	154	14762	75	-154.0	154	14762	75	-154.0	154	14762	75	-154.0	154	14762	75	-154.0	154	14762	75	-154.0	154	14762	75	-154.0	154	14762	75	-154.0	154	14762	75	-154.0	154	14762	75	-154.0	154	14762	75	-154.0	154	14762	75	-154.0	154	14762	75	-154.0	154	14762
76	-144.0	144	14906	76	-144.0	144	14906	76	-144.0	144	14906	76	-144.0	144	14906	76	-144.0	144	14906	76	-144.0	144	14906	76	-144.0	144	14906	76	-144.0	144	14906	76	-144.0	144	14906	76	-144.0	144	14906	76	-144.0	144	14906	76	-144.0	144	14906	76	-144.0	144	14906	76	-144.0	144	14906	76	-144.0	144	14906	76	-144.0	144	14906	76	-144.0	144	14906	76	-144.0	144	14906	76	-144.0	144	14906	76	-144.0	144	14906
77	-169.0	169	15075	77	-169.0	169	15075	77	-169.0	169	15075	77	-169.0	169	15075	77	-169.0	169	15075	77	-169.0	169	15075	77	-169.0	169	15075	77	-169.0	169	15075	77	-169.0	169	15075	77	-169.0	169	15075	77	-169.0	169	15075	77	-169.0	169	15075	77	-169.0	169	15075	77	-169.0	169	15075	77	-169.0	169	15075	77	-169.0	169	15075	77	-169.0	169	15075	77	-169.0	169	15075	77	-169.0	169	15075	77	-169.0	169	15075
78	-148.0	148	15223	78	-148.0	148	15223	78	-148.0	148	15223	78	-148.0	148	15223	78	-148.0	148	15223	78	-148.0	148	15223	78	-148.0	148	15223	78	-148.0	148	15223	78	-148.0	148	15223	78	-148.0	148	15223	78	-148.0	148	15223	78	-148.0	148	15223	78	-148.0	148	15223	78	-148.0	148	15223	78	-148.0	148	15223	78	-148.0	148	15223	78	-148.0	148	15223	78	-148.0	148	15223	78	-148.0	148	15223	78	-148.0	148	15223
79	-127.0	127	15350	79	-127.0	127	15350	79	-127.0	127	15350	79	-127.0	127	15350	79	-127.0	127	15350	79	-127.0	127	15350	79	-127.0	127	15350	79	-127.0	127	15350	79	-127.0	127	15350	79	-127.0	127	15350	79	-127.0	127	15350	79	-127.0	127	15350	79	-127.0	127	15350	79	-127.0	127	15350	79	-127.0	127	15350	79	-127.0	127	15350	79	-127.0	127	15350	79	-127.0	127	15350	79	-127.0	127	15350	79	-127.0	127	15350
80	-187.0	187	15537	80	-187.0	187	15537	80	-187.0	187	15537	80	-187.0	187	15537	80	-187.0	187	15537	80	-187.0	187	15537	80	-187.0	187	15537	80	-187.0	187	15537	80	-187.0	187	15537	80	-187.0	187	15537	80	-187.0	187	15537	80	-187.0	187	15537	80	-187.0	187	15537	80	-187.0	187	15537	80	-187.0	187	15537	80	-187.0	187	15537	80	-187.0	187	15537	80	-187.0	187	15537	80	-187.0	187	15537	80	-187.0	187	15537
81	-151.0	151	15688	81	-151.0	151	15688	81	-151.0	151	15688	81	-151.0	151	15688	81	-151.0	151	15688	81	-151.0	151	15688	81	-151.0	151	15688	81	-151.0	151	15688	81	-151.0	151	15688	81	-151.0	151	15688	81	-151.0	151	15688	81	-151.0	151	15688	81	-151.0	151	15688	81	-151.0	151	15688	81	-151.0	151	15688	81	-151.0	151	15688	81	-151.0	151	15688	81	-151.0	151	15688	81	-151.0	151	15688	81	-151.0	151	15688
82	-140.0	140	15828	82	-140.0	140	15828	82	-140.0	140	15828	82	-140.0	140	15828	82	-140.0	140	15828	82	-140.0	140	15828	82	-140.0	140	15828	82	-140.0	140	15828	82	-140.0	140	15828	82	-140.0	140	15828	82	-140.0	140	15828	82	-140.0	140	15828	82	-140.0	140	15828	82	-140.0	140	15828	82	-140.0	140	15828	82	-140.0	140	15828	82	-140.0	140	15828	82	-140.0	140	15828	82	-140.0	140	15828	82	-140.0	140	15828
83	-143.0	143	15971	83	-143.0	143	15971	83	-143.0	143	15971	83	-143.0	143	15971	83	-143.0	143	15971	83	-143.0	143	15971	83	-143.0	143	15971	83	-143.0	143	15971	83	-143.0	143	15971	83	-143.0	143	15971	83	-143.0	143	15971	83	-143.0	143	15971	83	-143.0	143	15971	83	-143.0	143	15971	83	-143.0	143	15971	83	-143.0	143	15971	83	-143.0	143	15971	83	-143.0	143	15971	83	-143.0	143	15971	83	-143.0	143	15971
84	-145.0	145	16116	84	-145.0	145	16116	84	-145.0	145	16116	84	-145.0	145	16116	84	-145.0	145	16116	84	-145.0	145	16116	84	-145.0	145	16116	84	-145.0	145	16116	84	-145.0	145	16116	84	-145.0	145	16116	84	-145.0	145	16116	84	-145.0	145	16116	84	-145.0	145	16116	84	-145.0	145	16116	84	-145.0	145	16116	84	-145.0	145	16116	84	-145.0	145	16116	84	-145.0	145	16116	84	-145.0	145	16116	84	-145.0	145	16116
85	-140.0	140	16256	85	-140.0	140	16256	85	-140.0	140	16256	85	-140.0	140	16256	85	-140.0	140	16256	85	-140.0	140	16256	85	-140.0	140	16256	85	-140.0	140	16256	85	-140.0	140	16256	85	-140.0	140	16256	85	-140.0	140	16256	85	-140.0	140	16256	85	-140.0	140	16256	85	-140.0	140	16256	85	-140.0	140	16256	85	-140.0	140	16256	85	-140.0	140	16256	85	-140.0	140	16256	85	-140.0	140	16256	85	-140.0	140	16256
86	-208.0	208	16464	86	-208.0	208	16464	86	-208.0	208	16464	86	-208.0	208	16464	86	-208.0	208	16464	86	-208.0	208	16464	86	-208.0	208	16464	86	-208.0	208	16464	86	-208.0	208	16464	86	-208.0	208	16464	86	-208.0	208	16464	86	-208.0	208	16464	86	-208.0	208	16464	86	-208.0	208	16464	86	-208.0	208	16464	86	-208.0	208	16464	86	-208.0	208	16464	86	-208.0	208	16464	86	-208.0	208	16464	86	-208.0	208	16464
87	-216.0	216	16680	87	-216.0	216	16680	87	-216.0	216	16680	87	-216.0	216	16680	87	-216.0	216	16680	87	-216.0	216	16680	87	-216.0	216	16680	87	-216.0	216	16680	87	-216.0	216	16680	87	-216.0	216	16680	87	-216.0	216	16680	87	-216.0	216	16680	87	-216.0	216	16680	87	-216.0	216	16680	87	-216.0	216	16680	87	-216.0	216	16680	87	-216.0	216	16680	87	-216.0	216	16680	87	-216.0	216	16680	87	-216.0	216	16680
88	-203.0	203	16883	88	-203.0	203	16883	88	-203.0	203	16883	88	-203.0	203	16883	88	-203.0	203	16883	88	-203.0	203	16883	88	-203.0	203	16883	88	-203.0	203	16883	88	-203.0	203	16883	88	-203.0	203	16883	88	-203.0	203	16883	88	-203.0	203	16883	88	-203.0	203	16883	88	-203.0	203	16883	88	-203.0	203	16883	88	-203.0	203	16883	88	-203.0	203	16883	88	-203.0	203	16883	88	-203.0	203	16883	88	-203.0	203	16883
89	-178.0	178	17061	89	-178.0	178	17061	89	-178.0	178	17061	89	-178.0	178	17061	89	-178.0	178	17061	89	-178.0	178	17061	89	-178.0	178	17061	89	-178.0	178	17061	89	-178.0	178	17061	89	-178.0	178	17061	89	-178.0	178	17061	89	-178.0	178	17061	89	-178.0	178	17061	89	-178.0	178	17061	89	-178.0	178	17061	89	-178.0	178	17061	89	-178.0	178	17061	89	-178.0	178	17061	89	-178.0	178	17061	89	-178.0	178	17061
90	-178.0	178	17239	90	-178.0	178	17239	90	-178.0	178	17239	90	-178.0	178	17239	90	-178.0	178	17239	90	-178.0	178	17239	90	-178.0	178	17239	90	-178.0	178	17239	90	-178.0	178	17239	90	-178.0	178	17239	90	-178.0	178	17239	90	-178.0	178	17239	90	-178.0	178	17239	90	-178.0	178	17239	90	-178.0	178	17239	90	-178.0	178	17239	90	-178.0	178	17239	90	-178.0	178	17239	90	-178.0	178	17239	90	-178.0	178	17239
91	-139.0	139	17378	91	-139.0	139	17378	91	-139.0	139	17378	91	-139.0	139	17378	91	-139.0	139	17378	91	-139.0	139	17378	91	-139.0	139	17378	91	-139.0	139	17378	91	-139.0	139	17378	91	-139.0	139	17378	91	-139.0	139	17378	91	-139.0	139	17378	91	-139.0	139	17378	91	-139.0	139	17378	91	-139.0	139	17378	91	-139.0	139	17378	91	-139.0	139	17378	91	-139.0	139	17378	91	-139.0	139	17378	91	-139.0	139	17378
92	-141.0	141	17519	92	-141.0	141	17519	92	-141.0	141	17519	92	-141.0	141	17519	92	-141.0	141	17519	92	-141.0	141	17519	92	-141.0	141	17519	92	-141.0	141	17519	92	-141.0	141	17519	92	-141.0	141	17519	92	-141.0	141	17519	92	-141.0	141	17519	92	-141.0	141	17519	92	-141.0	141	17519	92	-141.0	141	17519	92	-141.0	141	17519	92	-141.0	141	17519	92	-141.0	141	17519	92	-141.0	141	17519	92	-141.0	141	17519
93	-184.0	184	17703	93	-184.0	184	17703	93	-184.0	184	17703	93	-184.0	184	17703	93	-184.0	184	17703	93	-184.0	184	17703	93	-184.0	184	17703	93	-184.0	184	17703	93	-184.0	184	17703	93	-184.0	184	17703	93	-184.0	184	17703	93	-184.0	184	17703	93	-184.0	184	17703	93	-184.0	184	17703	93	-184.0	184	17703	93	-184.0	184	17703	93	-184.0	184	17703	93	-184.0	184	17703	93	-184.0	184	17703	93	-184.0	184	17703
94	-179.0	179	17882	94	-179.0	179	17882	94	-179.0	179	17882	94	-179.0	179	17882	94	-179.0	179	17882	94	-179.0	179	17882	94	-179.0	179	17882	94	-179.0	179	17882	94	-179.0	179	17882	94	-179.0	179	17882	94	-179.0	179	17882	94	-179.0	179	17882	94	-179.0	179	17882	94	-179.0	179	17882	94	-179.0	179	17882	94	-179.0	179	17882	94	-179.0	179	17882	94	-179.0	179	17882	94	-179.0	179	17882	94	-179.0	179	17882
95	-149.0	149	18031	95	-149.0	149	18031	95	-149.0	149	18031	95	-149.0	149	18031	95	-149.0	149	18031	95	-149.0	149	18031	95	-149.0	149	18031	95	-149.0	149	18031	95	-149.0	149	18031	95	-149.0	149	18031	95	-149.0	149	18031	95	-149.0	149	18031	95	-149.0	149	18031	95	-149.0	149	18031	95	-149.0	149	18031	95	-149.0	149	18031	95	-149.0	149	18031	95	-149.0	149	18031	95	-149.0	149	18031	95	-149.0	149	18031
96	-184.0	184	18215	96	-184.0	184	18215	96	-184.0	184	18215	96	-184.0	184	18215	96	-184.0	184	18215	96	-184.0	184	18215	96	-184.0	184	18215	96	-184.0	184	18215	96	-184.0	184	18215	96	-184.0	184	18215	96	-184.0	184	18215	96	-184.0	184	18215	96	-184.0	184	18215	96	-184.0	184	18215	96	-184.0	184	18215	96	-184.0	184	18215	96	-184.0	184	18215	96	-184.0	184	18215	96	-184.0	184	18215	96	-184.0	184	18215
97	-192.0	192	18407	97	-192.0	192	18407	97	-192.0	192	18407	97	-192.0	192	18407	97	-192.0	192	18407	97	-192.0	192	18407	97	-192.0	192	18407	97	-192.0	192	18407	97	-192.0	192	18407	97	-192.0	192	18407	97	-192.0	192	18407	97	-192.0	192	18407	97	-192.0	192	18407	97	-192.0	192	18407	97	-192.0	192	18407	97	-192.0	192	18407	97	-192.0	192	18407	97	-192.0	192	18407	97	-192.0	192	18407	97	-192.0	192	18407
98	-157.0	157	18564	98	-157.0	157	18564	98	-157.0	157	18564	98	-157.0	157	18564	98	-157.0	157	18564	98	-157.0	157	18564	98	-157.0	157	18564	98	-157.0	157	18564	98	-157.0	157	18564	98	-157.0	157	18564	98	-157.0	157	18564	98	-157.0	157	18564	98	-157.0	157	18564	98	-157.0	157	18564	98	-157.0	157	18564	98	-157.0	157	18564	98	-157.0	157	18564	98	-157.0	157	18564	98	-157.0	157	18564	98	-157.0	157	18564
99	-155.0	155	18719	99	-155.0	155	18719	99	-155.0	155	18719	99	-155.0	155	18719	99	-155.0	155	18719	99	-155.0	155	18719	99	-155.0	155	18719	99	-155.0	155	18719	99	-155.0	155	18719	99	-155.0	155	18719	99	-155.0	155	18719	99	-155.0	155	18719	99	-155.0	155	18719	99	-155.0	155	18719	99	-155.0	155	18719	99	-155.0	155	18719	99	-155.0	155	18719	99	-155.0	155	18719	99	-155.0	155	18719	99	-155.0	155	18719
100	-170.0	170	18889	100	-170.0	170	18889	100	-170.0	170	18889	100	-170.0	170	18889	100	-170.0	170	18889	100	-170.0	170	18889	100	-170.0	170	18889	100	-170.0	170	18889	100	-170.0	170	18889	100	-170.0	170	18889	100	-170.0	170	18889	100	-170.0	170	18889	100	-170.0	170	18889	100	-170.0	170	18889	100	-170.0	170	18889	100	-170.0	170	18889	100	-170.0	170	18889	100	-170.0	170	18889	100	-170.0	170	18889	100	-170.0	170	18889
101	-152.0	152	19041	101	-152.0	152	19041	101	-152.0	152	19041	101	-152.0	152	19041	101	-152.0	152	19041	101	-152.0	152	19041	101	-152.0	152	19041	101	-152.0	152	19041	101	-152.0	152	19041	101	-152.0	152	19041	101	-152.0	152	19041	101	-152.0	152	19041	101	-152.0	152	19041	101	-152.0	152	19041	101	-152.0	152	19041	101	-152.0	152	19041	101	-152.0	152	19041	101	-152.0	152	19041	101	-152.0	152	19041	101	-152.0	152	19041
102	-144.0	144	19185	102	-144.0	144	19185	102	-144.0	144	19185	102	-144.0	144	19185	102	-144.0	144	19185	102	-144.0	144	19185	102	-144.0	144	19185	102	-144.0	144	19185	102	-144.0	144	19185	102	-144.0	144	19185	102	-144.0	144	19185	102	-144.0	144	19185	102	-144.0	144	19185	102	-144.0	144	19185	102	-144.0	144	19185	102	-144.0	144	19185	102	-144.0	144	19185	102	-144.0	144	19185	102	-144.0	144	19185	102	-144.0	144	19185
103	-150.0	150	19335	103	-150.0	150	19335	103	-150.0	150	19335	103	-150.0	150	19335	103	-150.0	150	19335	103	-150.0	150	19335	103	-150.0	150	19335	103	-150.0	150	19335	103	-150.0	150	19335	103	-150.0	150	19335	103	-150.0	150	19335	103	-150.0	150	19335	103	-150.0	150	19335	103	-150.0	150	19335	103	-150.0	150	19335	103	-150.0	150	19335	103	-150.0	150	19335	103	-150.0	150	19335	103	-150.0	150	19335	103	-150.0	150	19335
104	-137.0	137	19472	104	-137.0	137	19472	104	-137.0	137	19472	104	-137.0	137	19472	104	-137.0	137	19472	104	-137.0	137	19472	104	-137.0	137	19472	104	-137.0	137	19472	104	-137.0	137	19472	104	-137.0	137	19472	104	-137.0	137	19472	104	-137.0	137	19472	104	-137.0	137	19472	104	-137.0	137	19472	104	-137.0	137	19472	104	-137.0	137	19472	104	-137.0	137	19472	104	-137.0	137	19472	104	-137.0	137	19472	104	-137.0	137	19472
105	-221.0	221	19693	105	-221.0	221	19693	105	-221.0	221	19693	105	-221.0	221	19693	105	-221.0	221	19693	105	-221.0	221	19693	105	-221.0	221	19693	105	-221.0	221	19693	105	-221.0	221	19693	105	-221.0	221	19693	105	-221.0	221	19693	105	-221.0	221	19693	105	-221.0	221	19693	105	-221.0	221	19693	105	-221.0	221	19693	105	-221.0	221	19693	105	-221.0	221	19693	105	-221.0	221	19693	105	-221.0	221	19693	105	-221.0	221	19693
106	-136.0	136	19829	106	-136.0	136	19829	106	-136.0	136	19829	106	-136.0	136	19829	106	-136.0	136	19829	106	-136.0	136	19829	106	-136.0	136	19829	106	-136.0	136	19829	106	-136.0	136	19829	106	-136.0	136	19829	106	-136.0	136	19829	106	-136.0	136	19829	106	-136.0	136	19829	106	-136.0	136	19829	106	-136.0	136	19829	106	-136.0	136	19829	106	-136.0	136	19829	106	-136.0	136	19829	106	-136.0	136	19829	106	-136.0	136	19829
107	-135.0	135	19964	107	-135.0	135	19964	107	-135.0	135	19964	107	-135.0	135	19964	107	-135.0	135	19964	107	-135.0	135	19964	107	-135.0	135	19964	107	-135.0	135	19964	107	-135.0	135	19964	107	-135.0	135	19964	107	-135.0	135	19964	107	-135.0	135	19964	107	-135.0	135	19964	107	-135.0	135	19964	107	-135.0	135	19964	107	-135.0	135	19964	107	-135.0	135	19964	107	-135.0	135	19964	107	-135.0	135	19964	107	-135.0	135	19964
108	-144.0	144	20108	108	-144.0	144	20108	108	-144.0	144	20108	108	-144.0	144	20108	108	-144.0	144	20108	108	-144.0	144	20108	108	-144.0	144	20108	108	-144.0	144	20108	108	-144.0	144	20108	108	-144.0	144	20108	108	-144.0	144	20108	108	-144.0	144	20108	108	-144.0	144	20108	108	-144.0	144	20108	108	-144.0	144	20108	108	-144.0	144	20108	108	-144.0	144	20108	108	-144.0	144	20108	108	-144.0	144	20108	108	-144.0	144	20108
109	-142.0	142	20250	109	-142.0	142	20250	109	-142.0	142	20250	109	-142.0	142	20250	109	-142.0	142	20250	109	-142.0	142	20250	109	-142.0	142	20250	109	-142.0	142	20250	109	-142.0	142	20250	109	-142.0	142	20250	109	-142.0	142	20250	109	-142.0	142	20250	109	-142.0	142	20250	109	-142.0	142	20250	109	-142.0	142	20250	109	-142.0	142	20250	109	-142.0	142	20250	109	-142.0	142	20250	109	-142.0	142	20250	109	-142.0	142	20250
110	-143.0	143	20393	110	-143.0	143	20393	110	-143.0	143	20393	110	-143.0	143	20393	110	-143.0	143	20393	110	-143.0	143	20393	110	-143.0	143	20393	110	-143.0	143	20393	110	-143.0	143	20393	110	-143.0	143	20393	110	-143.0	143	20393	110	-143.0	143	20393	110	-143.0	143	20393	110	-143.0	143	20393	110	-143.0	143	20393	110	-143.0	143	20393	110	-143.0	143	20393	110	-143.0	143	20393	110	-143.0	143	20393	110	-143.0	143	20393
111	-110.0	110	20503	111	-110.0	110	20503	111	-110.0	110	20503	111	-110.0	110	20503	111	-110.0	110	20503	111	-110.0	110	20503	111	-110.0	110	20503	111	-110.0	110	20503	111	-110.0	110	20503	111	-110.0	110	20503	111	-110.0	110	20503	111	-110.0	110	20503	111	-110.0	110	20503	111	-110.0	110	20503	111	-110.0	110	20503	111	-110.0	110	20503	111	-110.0	110	20503	111	-110.0	110	20503	111	-110.0	110	20503	111	-110.0	110	20503
112	-110.0	110	20613	112	-110.0	110	20613	112	-110.0	110	20613	112	-110.0	110	20613	112	-110.0	110	20613	112	-110.0	110	20613	112	-110.0	110	20613	112	-110.0	110	20613	112	-110.0	110	20613	112	-110.0	110	20613	112	-110.0	110	20613	112	-110.0	110	20613	112	-110.0	110	20613	112	-110.0	110	20613	112	-110.0	110	20613	112	-110.0	110	20613	112	-110.0	110	20613	112	-110.0	110	20613	112	-110.0	110	20613	112	-110.0	110	20613
113	-141.0	141	20754	113	-141.0	141	20754	113	-141.0	141	20754	113	-141.0	141	20754	113	-141.0	141	20754	113	-141.0	141	20754	113	-141.0	141	20754	113	-141.0	141	20754	113	-141.0	141	20754	113	-141.0	141	20754	113	-141.0	141	20754	113	-141.0	141	20754	113	-141.0	141	20754	113	-141.0	141	20754	113	-141.0	141	20754	113	-141.0	141	20754	113	-141.0	141	20754	113	-141.0	141	20754	113	-141.0	141	20754	113	-141.0	141	20754
114	-132.0	132	20886	114	-132.0	132	20886	114	-132.0	132	20886	114	-132.0	132	20886	114	-132.0	132	20886	114	-132.0	132	20886	114	-132.0	132	20886	114	-132.0	132	20886	114	-132.0	132	20886	114	-132.0	132	20886	114	-132.0	132	20886	114	-132.0	132	20886	114	-132.0	132	20886	114	-132.0	132	20886	114	-132.0	132	20886	114	-132.0	132	20886	114	-132.0	132	20886	114	-132.0	132	20886	114	-132.0	132	20886	114	-132.0	132	20886
115	-110.0	110	20996	115	-110.0	110	20996	115	-110.0	110	20996	115	-110.0	110	20996	115	-110.0	110	20996	115	-110.0	110	20996	115	-110.0	110	20996	115	-110.0	110	20996	115	-110.0	110	20996	115	-110.0	110	20996	115	-110.0	110	20996	115	-110.0	110	20996	115	-110.0	110	20996	115	-110.0	110	20996	115	-110.0	110	20996	115	-110.0	110	20996	115	-110.0	110	20996	115	-110.0	110	20996	115	-110.0	110	20996	115	-110.0	110	20996
116	-135.0	135	21131	116	-135.0	135	21131	116	-135.0	135	21131	116	-135.0	135	21131	116	-135.0	135	21131	116	-135.0	135	21131	116	-135.0	135	21131	116	-135.0	135	21131	116	-135.0	135	21131	116	-135.0	135	21131	116	-135.0	135	21131	116	-135.0	135	21131	116	-135.0	135	21131	116	-135.0	135	21131	116	-135.0	135	21131	116	-135.0	135	21131	116	-135.0	135	21131	116	-135.0	135	21131	116	-135.0	135	21131	116	-135.0	135	21131
117	-134.0	134	21265	117	-134.0	134	21265	117	-134.0	134	21265	117	-134.0	134	21265	117	-134.0	134	21265	117	-134.0	134	21265	117	-134.0	134	21265	117	-134.0	134	21265	117	-134.0	134	21265	117	-134.0	134	21265	117	-134.0	134	21265	117	-134.0	134	21265	117	-134.0	134	21265	117	-134.0	134	21265	117	-134.0	134	21265	117	-134.0	134	21265	117	-134.0	134	21265	117	-134.0	134	21265	117	-134.0	134	21265	117	-134.0	134	21265
118	-129.0	129	21394	118	-129.0	129	21394	118	-129.0	129	21394	118	-129.0	129	21394	118	-129.0	129	21394	118	-129.0	129	21394	118	-129.0	129	21394	118	-129.0	129	21394	118	-129.0	129	21394	118	-129.0	129	21394	118	-129.0	129	21394	118	-129.0	129	21394	118	-129.0	129	21394	118	-129.0	129	21394	118	-129.0	129	21394	118	-129.0	129	21394	118	-129.0	129	21394	118	-129.0	129	21394	118	-129.0	129	21394	118	-129.0	129	21394
119	-135.0	135	21529	119	-135.0	135	21529	119	-135.0	135	21529	119	-135.0	135	21529	119	-135.0	135	21529	119	-135.0	135	21529	119	-135.0	135	21529	119	-135.0	135	21529	119	-135.0	135	21529	119	-135.0	135	21529	119	-135.0	135	21529	119	-135.0	135	21529	119	-135.0	135	21529	119	-135.0	135	21529	119	-135.0	135	21529	119	-135.0	135	21529	119	-135.0	135	21529	119	-135.0	135	21529	119	-135.0	135	21529	119	-135.0	135	21529
120	-109.0	109	21638	120	-109.0	109	21638	120	-109.0	109	21638	120	-109.0	109	21638	120	-109.0	109	21638	120	-109.0	109	21638	120	-109.0	109	21638	120	-109.0	109	21638	120	-109.0	109	21638	120	-109.0	109	21638	120	-109.0	109	21638	120	-109.0	109	21638	120	-109.0	109	21638	120	-109.0	109	21638	120	-109.0	109	21638	120	-109.0	109	21638	120	-109.0	109	21638	120	-109.0	109	21638	120	-109.0	109	21638	120	-109.0	109	21638
121	-113.0	113	21751	121	-113.0	113	21751	121	-113.0	113	21751	121	-113.0	113	21751	121	-113.0	113	21751	121	-113.0	113	21751	121	-113.0	113	21751	121	-113.0	113	21751	121	-113.0	113	21751	121	-113.0	113	21751	121	-113.0	113	21751	121	-113.0	113	21751	121	-113.0	113	21751	121	-113.0	113	21751	121	-113.0	113	21751	121	-113.0	113	21751	121	-113.0	113	21751	121	-113.0	113	21751	121	-113.0	113	21751	121	-113.0	113	21751
122	-114.0	114	21865	122	-114.0	114	21865	122	-114.0	114	21865	122	-114.0	114	21865	122	-114.0	114	21865	122	-114.0	114	21865	122	-114.0	114	21865	122	-114.0	114	21865	122	-114.0	114	21865	122	-114.0	114	21865	122	-114.0	114	21865	122	-114.0	114	21865	122	-114.0	114	21865	122	-114.0	114	21865	122	-114.0	114	21865	122	-114.0	114	21865	122	-114.0	114	21865	122	-114.0	114	21865	122	-114.0	114	21865	122	-114.0	114	21865
123	-108.0	108	21973	123	-108.0	108	21973	123	-108.0	108	21973	123	-108.0	108	21973	123	-108.0	108	21973	123	-108.0	108	21973	123	-108.0	108	21973	123	-108.0	108	21973	123	-108.0	108	21973	123	-108.0	108	21973	123	-108.0	108	21973	123	-108.0	108	21973	123	-108.0	108	21973	123	-108.0	108	21973	123	-108.0	108	21973	123	-108.0	108	21973	123	-108.0	108	21973	123	-108.0	108	21973	123	-108.0	108	21973	123	-108.0	108	21973
124	-107.0	107	22080	124	-107.0	107	22080	124	-107.0	107	22080	124	-107.0	107	22080	124	-107.0	107	22080	124	-107.0	107	22080	124	-107.0	107	22080	124	-107.0	107	22080	124	-107.0	107	22080	124	-107.0	107	22080	124	-107.0	107	22080	124	-107.0	107	22080	124	-107.0	107	22080	124	-107.0	107	22080	124	-107.0	107	22080	124	-107.0	107	22080	124	-107.0	107	22080	124	-107.0	107	22080	124	-107.0	107	22080	124	-107.0	107	22080
125	-105.0	105	22185	125	-105.0	105	22185	125	-105.0	105	22185	125	-105.0	105	22185	125	-105.0	105	22185	125	-105.0	105	22185	125	-105.0	105	22185	125	-105.0	105	22185	125	-105.0	105	22185	125	-105.0	105	22185	125	-105.0	105	22185	125	-105.0	105	22185	125	-105.0	105	22185	125	-105.0	105	22185	125	-105.0	105	22185	125	-105.0	105	22185	125	-105.0	105	22185	125	-105.0	105	22185	125	-105.0	105	22185	125	-105.0	105	22185
126	-158.0	158	22343	126	-158.0	158	22343	126	-158.0	158	22343	126	-158.0	158	22343	126	-158.0	158	22343	126	-158.0	158	22343	126	-158.0	158	22343	126	-158.0	158	22343	126	-158.0	158	22343	126	-158.0	158	22343	126	-158.0	158	22343	126	-158.0	158	22343	126	-158.0	158	22343	126	-158.0	158	22343	126	-158.0	158	22343	126	-158.0	158	22343	126	-158.0	158	22343	126	-158.0	158	22343	126	-158.0	158	22343	126	-158.0	158	22343
127	-111.0	111	22454	127	-111.0	111	22454	127	-111.0	111	22454	127	-111.0	111	22454	127	-111.0	111	22454	127	-111.0	111	22454	127	-111.0	111	22454	127	-111.0	111	22454	127	-111.0	111	22454	127	-111.0	111	22454	127	-111.0	111	22454	127	-111.0	111	22454	127	-111.0	111	22454	127	-111.0	111	22454	127	-111.0	111	22454	127	-111.0	111	22454	127	-111.0	111	22454	127	-111.0	111	22454	127	-111.0	111	22454	127	-111.0	111	22454
128	-119.0	119	22573	128	-119.0	119	22573	128	-119.0	119	22573	128	-119.0	119	22573	128	-119.0	119	22573	128	-119.0	119	22573	128	-119.0	119	22573	128	-119.0	119	22573	128	-119.0	119	22573	128	-119.0	119	22573	128	-119.0	119	22573	128	-119.0	119	22573	128	-119.0	119	22573	128	-119.0	119	22573	128	-119.0	119	22573	128	-119.0	119	22573	128	-119.0	119	22573	128	-119.0	119	22573	128	-119.0	119	22573	128	-119.0	119	22573
129	-144.0	144	22717	129	-144.0	144	22717	129	-144.0	144	22717	129	-144.0	144	22717	129	-144.0	144	22717	129	-144.0	144	22717	129	-144.0	144	22717	129	-144.0	144	22717	129	-144.0	144	22717	129	-144.0	144	22717	129	-144.0	144	22717	129	-144.0	144	22717	129	-144.0	144	22717	129	-144.0	144	22717	129	-144.0	144	22717	129	-144.0	144	22717	129	-144.0	144	22717	129	-144.0	144	22717	129	-144.0	144	22717	129	-144.0	144	22717
130	-162.0	162	22879	130	-162.0	162	22879	130	-162.0	162	22879	130	-162.0	162	22879	130	-162.0	162	22879	130	-162.0	162	22879	130	-162.0	162	22879	130	-162.0	162	22879	130	-162.0	162	22879	130	-162.0	162	22879	130	-162.0	162	22879	130	-162.0	162	22879	130	-162.0	162	22879	130	-162.0	162	22879	130	-162.0	162	22879	130	-162.0	162	22879	130	-162.0	162	22879	130	-162.0	162	22879	130	-162.0	162	22879	130	-162.0	162	22879
131	-121.0	121	23000	131	-121.0	121	23000	131	-121.0	121	23000	131	-121.0	121	23000	131	-121.0	121	23000	131	-121.0	121	23000	131	-121.0	121	23000	131	-121.0	121	23000	131	-121.0	121	23000	131	-121.0	121	23000	131	-121.0	121	23000	131	-121.0	121	23000	131	-121.0	121	23000	131	-121.0	121	23000	131	-121.0	121	23000	131	-121.0	121	23000	131	-121.0	121	23000	131	-121.0	121	23000	131	-121.0	121	23000	131	-121.0	121	23000
132	-144.0	144	23144	132	-144.0	144	23144	132	-144.0	144	23144	132	-144.0	144	23144	132	-144.0	144	23144	132	-144.0	144	23144	132	-144.0	144	23144	132	-144.0	144	23144	132	-144.0	144	23144	132	-144.0	144	23144	132	-144.0	144	23144	132	-144.0	144	23144	132	-144.0	144	23144	132	-144.0	144	23144	132	-144.0	144	23144	132	-144.0	144	23144	132	-144.0	144	23144	132	-144.0	144	23144	132	-144.0	144	23144	132	-144.0	144	23144
133	-112.0	112	23256	133	-112.0	112	23256	133	-112.0	112	23256	133	-112.0	112	23256	133	-112.0	112	23256	133	-112.0	112	23256	133	-112.0	112	23256	133	-112.0	112	23256	133	-112.0	112	23256	133	-112.0	112	23256	133	-112.0	112	23256	133	-112.0	112	23256	133	-112.0	112	23256	133	-112.0	112	23256	133	-112.0	112	23256	133	-112.0	112	23256	133	-112.0	112	23256	133	-112.0	112	23256	133	-112.0	112	23256	133	-112.0	112	23256
134	-187.0	187	23443	134	-187.0	187	23443	134	-187.0	187	23443	134	-187.0	187	23443	134	-187.0	187	23443	134	-187.0	187	23443	134	-187.0	187	23443	134	-187.0	187	23443	134	-187.0	187	23443	134	-187.0	187	23443	134	-187.0	187	23443	134	-187.0	187	23443	134	-187.0	187	23443	134	-187.0	187	23443	134	-187.0	187	23443	134	-187.0	187	23443	134	-187.0	187	23443	134	-187.0	187	23443	134	-187.0	187	23443	134	-187.0	187	23443
135	-166.0	166	23609	135	-166.0	166	23609	135	-166.0	166	23609	135	-166.0	166	23609	135	-166.0	166	23609	135	-166.0	166	23609	135	-166.0	166	23609	135	-166.0	166	23609	135	-166.0	166	23609	135	-166.0	166	23609	135	-166.0	166	23609	135	-166.0	166	23609	135	-166.0	166	23609	135	-166.0	166	23609	135	-166.0	166	23609	135	-166.0	166	23609	135	-166.0	166	23609	135	-166.0	166	23609	135	-166.0	166	23609	135	-166.0	166	23609
136	-134.0	134	23743	136	-134.0	134	23743	136	-134.0	134	23743	136	-134.0	134	23743	136	-134.0	134	23743	136	-134.0	134	23743	136	-134.0	134	23743	136	-134.0	134	23743	136	-134.0	134	23743	136	-134.0	134	23743	136	-134.0	134	23743	136	-134.0	134	23743	136	-134.0	134	23743	136	-134.0	134	23743	136	-134.0	134	23743	136	-134.0	134	23743	136	-134.0	134	23743	136	-134.0	134	23743	136	-134.0	134	23743	136	-134.0	134	23743
137	-136.0	136	23879	137	-136.0	136	23879	137	-136.0	136	23879	137	-136.0	136	23879	137	-136.0	136	23879	137	-136.0	136	23879	137	-136.0	136	23879	137	-136.0	136	23879	137	-136.0	136	23879	137	-136.0	136	23879	137	-136.0	136	23879	137	-136.0	136	23879	137	-136.0	136	23879	137	-136.0	136	23879	137	-136.0	136	23879	137	-136.0	136	23879	137	-136.0	136	23879	137	-136.0	136	23879	137	-136.0	136	23879	137	-136.0	136	23879
138	-146.0	146	24025	138	-146.0	146	24025	138	-146.0	146	24025	138	-146.0	146	24025	138	-146.0	146	24025	138	-146.0	146	24025	138	-146.0	146	24025	138	-146.0	146	24025	138	-146.0	146	24025	138	-146.0	146	24025	138	-146.0	146	24025	138	-146.0	146	24025	138	-146.0	146	24025	138	-146.0	146	24025	138	-146.0	146	24025	138	-146.0	146	24025	138	-146.0	146	24025	138	-146.0	146	24025	138	-146.0	146	24025	138	-146.0	146	24025
139	-139.0	139	24164	139	-139.0	139	24164	139	-139.0	139	24164	139	-139.0	139	24164	139	-139.0	139	24164	139	-139.0	139	24164	139	-139.0	139	24164	139	-139.0	139	24164	139	-139.0	139	24164	139	-139.0	139	24164	139	-139.0	139	24164	139	-139.0	139	24164	139	-139.0	139	24164	139	-139.0	139	24164	139	-139.0	139	24164	139	-139.0	139	24164	139	-139.0	139	24164	139	-139.0	139	24164	139	-139.0	139	24164	139	-139.0	139	24164
140	-112.0	112	24276	140	-112.0	112	24276	140	-112.0	112	24276	140	-112.0	112	24276	140	-112.0	112	24276	140	-112.0	112	24276	140	-112.0	112	24276	140	-112.0	112	24276	140	-112.0	112	24276	140	-112.0	112	24276	140	-112.0	112	24276	140	-112.0	112	24276	140	-112.0	112	24276	140	-112.0	112	24276	140	-112.0	112	24276	140	-112.0	112	24276	140	-112.0	112	24276	140	-112.0	112	24276	140	-112.0	112	24276	140	-112.0	112	24276
141	-112.0	112	24388	141	-112.0	112	24388	141	-112.0	112	24388	141	-112.0	112	24388	141	-112.0	112	24388	141	-112.0	112	24388	141	-112.0	112	24388	141	-112.0	112	24388	141	-112.0	112	24388	141	-112.0	112	24388	141	-112.0	112	24388	141	-112.0	112	24388	141	-112.0	112	24388	141	-112.0	112	24388	141	-112.0	112	24388	141	-112.0	112	24388	141	-112.0	112	24388	141	-112.0	112	24388	141	-112.0	112	24388	141	-112.0	112	24388
142	-134.0	134	24522	142	-134.0	134	24522	142	-134.0	134	24522	142	-134.0	134	24522	142	-134.0	134	24522	142	-134.0	134	24522	142	-134.0	134	24522	142	-134.0	134	24522	142	-134.0	134	24522	142	-134.0	134	24522	142	-134.0	134	24522	142	-134.0	134	24522	142	-134.0	134	24522	142	-134.0	134	24522	142	-134.0	134	24522	142	-134.0	134	24522	142	-134.0	134	24522	142	-134.0	134	24522	142	-134.0	134	24522	142	-134.0	134	24522
143	-117.0	117	24639	143	-117.0	117	24639	143	-117.0	117	24639	143	-117.0	117	24639	143	-117.0	117	24639	143	-117.0	117	24639	143	-117.0	117	24639	143	-117.0	117	24639	143	-117.0	117	24639	143	-117.0	117	24639	143	-117.0	117	24639	143	-117.0	117	24639	143	-117.0	117	24639	143	-117.0	117	24639	143	-117.0	117	24639	143	-117.0	117	24639	143	-117.0	117	24639	143	-117.0	117	24639	143	-117.0	117	24639	143	-117.0	117	24639
144	-148.0	148	24787	144	-148.0	148	24787	144	-148.0	148	24787	144	-148.0	148	24787	144	-148.0	148	24787	144	-148.0	148	24787	144	-148.0	148	24787	144	-148.0	148	24787	144	-148.0	148	24787	144	-148.0	148	24787	144	-148.0	148	24787	144	-148.0	148	24787	144	-148.0	148	24787	144	-148.0	148	24787	144	-148.0	148	24787	144	-148.0	148	24787	144	-148.0	148	24787	144	-148.0	148	24787	144	-148.0	148	24787	144	-148.0	148	24787
145	-108.0	108	24895	145	-108.0	108	24895	145	-108.0	108	24895	145	-108.0	108	24895	145	-108.0	108	24895	145	-108.0	108	24895	145	-108.0	108	24895	145	-108.0	108	24895	145	-108.0	108	24895	145	-108.0	108	24895	145	-108.0	108	24895	145	-108.0	108	24895	145	-108.0	108	24895	145	-108.0	108	24895	145	-108.0	108	24895	145	-108.0	108	24895	145	-108.0	108	24895	145	-108.0	108	24895	145	-108.0	108	24895	145	-108.0	108	24895
146	-151.0	151	25046	146	-151.0	151	25046	146	-151.0	151	25046	146	-151.0	151	25046	146	-151.0	151	25046	146	-151.0	151	25046	146	-151.0	151	25046	146	-151.0	151	25046	146	-151.0	151	25046	146	-151.0	151	25046	146	-151.0	151	25046	146	-151.0	151	25046	146	-151.0	151	25046	146	-151.0	151	25046	146	-151.0	151	25046	146	-151.0	151	25046	146	-151.0	151	25046	146	-151.0	151	25046	146	-151.0	151	25046	146	-151.0	151	25046
147	-113.0	113	25159	147	-113.0	113	25159	147	-113.0	113	25159	147	-113.0	113	25159	147	-113.0	113	25159	147	-113.0	113	25159	147	-113.0	113	25159	147	-113.0	113	25159	147	-113.0	113	25159	147	-113.0	113	25159	147	-113.0	113	25159	147	-113.0	113	25159	147	-113.0	113	25159	147	-113.0	113	25159	147	-113.0	113	25159	147	-113.0	113	25159	147	-113.0	113	25159	147	-113.0	113	25159	147	-113.0	113	25159	147	-113.0	113	25159
148	-143.0	143	25302	148	-143.0	143	25302	148	-143.0	143	25302	148	-143.0	143	25302	148	-143.0	143	25302	148	-143.0	143	25302	148	-143.0	143	25302	148	-143.0	143	25302	148	-143.0	143	25302	148	-143.0	143	25302	148	-143.0	143	25302	148	-143.0	143	25302	148	-143.0	143	25302	148	-143.0	143	25302	148	-143.0	143	25302	148	-143.0	143	25302	148	-143.0	143	25302	148	-143.0	143	25302	148	-143.0	143	25302	148	-143.0	143	25302
149	-150.0	150	25452	149	-150.0	150	25452	149	-150.0	150	25452	149	-150.0	150	25452	149	-150.0	150	25452	149	-150.0	150	25452	149	-150.0	150	25452	149	-150.0	150	25452	149	-150.0	150	25452	149	-150.0	150	25452	149	-150.0	150	25452	149	-150.0	150	25452	149	-150.0	150	25452	149	-150.0	150	25452	149	-150.0	150	25452	149	-150.0	150	25452	149	-150.0	150	25452	149	-150.0	150	25452	149	-150.0	150	25452	149	-150.0	150	25452
150	-98.0	98	25550	150	-98.0	98	25550	150	-98.0	98	25550	150	-98.0	98	25550	150	-98.0	98	25550	150	-98.0	98	25550	150	-98.0	98	25550	150	-98.0	98	25550	150	-98.0	98	25550	150	-98.0	98	25550	150	-98.0	98	25550	150	-98.0	98	25550	150	-98.0	98	25550	150	-98.0	98	25550	150	-98.0	98	25550	150	-98.0	98	25550	150	-98.0	98	25550	150	-98.0	98	25550	150	-98.0	98	25550	150	-98.0	98	25550
151	-143.0	143	25693	151	-143.0	143	25693	151	-143.0	143	25693	151	-143.0	143	25693	151	-143.0	143	25693	151	-143.0	143	25693	151	-143.0	143	25693	151	-143.0	143	25693	151	-143.0	143	25693	151	-143.0	143	25693	151	-143.0	143	25693	151	-143.0	143	25693	151	-143.0	143	25693	151	-143.0	143	25693	151	-143.0	143	25693	151	-143.0	143	25693	151	-143.0	143	25693	151	-143.0	143	25693	151	-143.0	143	25693	151	-143.0	143	25693
152	-97.0	97	25790	152	-97.0	97	25790	152	-97.0	97	25790	152	-97.0	97	25790	152	-97.0	97	25790	152	-97.0	97	25790	152	-97.0	97	25790	152	-97.0	97	25790	152	-97.0	97	25790	152	-97.0	97	25790	152	-97.0	97	25790	152	-97.0	97	25790	152	-97.0	97	25790	152	-97.0	97	25790	152	-97.0	97	25790	152	-97.0	97	25790	152	-97.0	97	25790	152	-97.0	97	25790	152	-97.0	97	25790	152	-97.0	97	25790
153	-168.0	168	25958	153	-168.0	168	25958	153	-168.0	168	25958	153	-168.0	168	25958	153	-168.0	168	25958	153	-168.0	168	25958	153	-168.0	168	25958	153	-168.0	168	25958	153	-168.0	168	25958	153	-168.0	168	25958	153	-168.0	168	25958	153	-168.0	168	25958	153	-168.0	168	25958	153	-168.0	168	25958	153	-168.0	168	25958	153	-168.0	168	25958	153	-168.0	168	25958	153	-168.0	168	25958	153	-168.0	168	25958	153	-168.0	168	25958
154	-146.0	146	26104	154	-146.0	146	26104	154	-146.0	146	26104	154	-146.0	146	26104	154	-146.0	146	26104	154	-146.0	146	26104	154	-146.0	146	26104	154	-146.0	146	26104	154	-146.0	146	26104	154	-146.0	146	26104	154	-146.0	146	26104	154	-146.0	146	26104	154	-146.0	146	26104	154	-146.0	146	26104	154	-146.0	146	26104	154	-146.0	146	26104	154	-146.0	146	26104	154	-146.0	146	26104	154	-146.0	146	26104	154	-146.0	146	26104
155	-113.0	113	26217	155	-113.0	113	26217	155	-113.0	113	26217	155	-113.0	113	26217	155	-113.0	113	26217	155	-113.0	113	26217	155	-113.0	113	26217	155	-113.0	113	26217	155	-113.0	113	26217	155	-113.0	113	26217	155	-113.0	113	26217	155	-113.0	113	26217	155	-113.0	113	26217	155	-113.0	113	26217	155	-113.0	113	26217	155	-113.0	113	26217	155	-113.0	113	26217	155	-113.0	113	26217	155	-113.0	113	26217	155	-113.0	113	26217
156	-142.0	142	26359	156	-142.0	142	26359	156	-142.0	142	26359	156	-142.0	142	26359	156	-142.0	142	26359	156	-142.0	142	26359	156	-142.0	142	26359	156	-142.0	142	26359	156	-142.0	142	26359	156	-142.0	142	26359	156	-142.0	142	26359	156	-142.0	142	26359	156	-142.0	142	26359	156	-142.0	142	26359	156	-142.0	142	26359	156	-142.0	142	26359	156	-142.0	142	26359	156	-142.0	142	26359	156	-142.0	142	26359	156	-142.0	142	26359
157	-144.0	144	26503	157	-144.0	144	26503	157	-144.0	144	26503	157	-144.0	144	26503	157	-144.0	144	26503	157	-144.0	144	26503	157	-144.0	144	26503	157	-144.0	144	26503	157	-144.0	144	26503	157	-144.0	144	26503	157	-144.0	144	26503	157	-144.0	144	26503	157	-144.0	144	26503	157	-144.0	144	26503	157	-144.0	144	26503	157	-144.0	144	26503	157	-144.0	144	26503	157	-144.0	144	26503	157	-144.0	144	26503	157	-144.0	144	26503
158	-136.0	136	26639	158	-136.0	136	26639	158	-136.0	136	26639	158	-136.0	136	26639	158	-136.0	136	26639	158	-136.0	136	26639	158	-136.0	136	26639	158	-136.0	136	26639	158	-136.0	136	26639	158	-136.0	136	26639	158	-136.0	136	26639	158	-136.0	136	26639	158	-136.0	136	26639	158	-136.0	136	26639	158	-136.0	136	26639	158	-136.0	136	26639	158	-136.0	136	26639	158	-136.0	136	26639	158	-136.0	136	26639	158	-136.0	136	26639
159	-112.0	112	26751	159	-112.0	112	26751	159	-112.0	112	26751	159	-112.0	112	26751	159	-112.0	112	26751	159	-112.0	112	26751	159	-112.0	112	26751	159	-112.0	112	26751	159	-112.0	112	26751	159	-112.0	112	26751	159	-112.0	112	26751	159	-112.0	112	26751	159	-112.0	112	26751	159	-112.0	112	26751	159	-112.0	112	26751	159	-112.0	112	26751	159	-112.0	112	26751	159	-112.0	112	26751	159	-112.0	112	26751	159	-112.0	112	26751
160	-136.0	136	26887	160	-136.0	136	26887	160	-136.0	136	26887	160	-136.0	136	26887	160	-136.0	136	26887	160	-136.0	136	26887	160	-136.0	136	26887	160	-136.0	136	26887	160	-136.0	136	26887	160	-136.0	136	26887	160	-136.0	136	26887	160	-136.0	136	26887	160	-136.0	136	26887	160	-136.0	136	26887	160	-136.0	136	26887	160	-136.0	136	26887	160	-136.0	136	26887	160	-136.0	136	26887	160	-136.0	136	26887	160	-136.0	136	26887
161	-140.0	140	27027	161	-140.0	140	27027	161	-140.0	140	27027	161	-140.0	140	27027	161	-140.0	140	27027	161	-140.0	140	27027	161	-140.0	140	27027	161	-140.0	140	27027	161	-140.0	140	27027	161	-140.0	140	27027	161	-140.0	140	27027	161	-140.0	140	27027	161	-140.0	140	27027	161	-140.0	140	27027	161	-140.0	140	27027	161	-140.0	140	27027	161	-140.0	140	27027	161	-140.0	140	27027	161	-140.0	140	27027	161	-140.0	140	27027
162	-140.0	140	27167	162	-140.0	140	27167	162	-140.0	140	27167	162	-140.0	140	27167	162	-140.0	140	27167	162	-140.0	140	27167	162	-140.0	140	27167	162	-140.0	140	27167	162	-140.0	140	27167	162	-140.0	140	27167	162	-140.0	140	27167	162	-140.0	140	27167	162	-140.0	140	27167	162	-140.0	140	27167	162	-140.0	140	27167	162	-140.0	140	27167	162	-140.0	140	27167	162	-140.0	140	27167	162	-140.0	140	27167	162	-140.0	140	27167
163	-147.0	147	27314	163	-147.0	147	27314	163	-147.0	147	27314	163	-147.0	147	27314	163	-147.0	147	27314	163	-147.0	147	27314	163	-147.0	147	27314	163	-147.0	147	27314	163	-147.0	147	27314	163	-147.0	147	27314	163	-147.0	147	27314	163	-147.0	147	27314	163	-147.0	147	27314	163	-147.0	147	27314	163	-147.0	147	27314	163	-147.0	147	27314	163	-147.0	147	27314	163	-147.0	147	27314	163	-147.0	147	27314	163	-147.0	147	27314
164	-174.0	174	27488	164	-174.0	174	27488	164	-174.0	174	27488	164	-174.0	174	27488	164	-174.0	174	27488	164	-174.0	174	27488	164	-174.0	174	27488	164	-174.0	174	27488	164	-174.0	174	27488	164	-174.0	174	27488	164	-174.0	174	27488	164	-174.0	174	27488	164	-174.0	174	27488	164	-174.0	174	27488	164	-174.0	174	27488	164	-174.0	174	27488	164	-174.0	174	27488	164	-174.0	174	27488	164	-174.0	174	27488	164	-174.0	174	27488
165	-141.0	141	27629	165	-141.0	141	27629	165	-141.0	141	27629	165	-141.0	141	27629	165	-141.0	141	27629	165	-141.0	141	27629	165	-141.0	141	27629	165	-141.0	141	27629	165	-141.0	141	27629	165	-141.0	141	27629	165	-141.0	141	27629	165	-141.0	141	27629	165	-141.0	141	27629	165	-141.0	141	27629	165	-141.0	141	27629	165	-141.0	141	27629	165	-141.0	141	27629	165	-141.0	141	27629	165	-141.0	141	27629	165	-141.0	141	27629
166	-149.0	149	27778	166	-149.0	149	27778	166	-149.0	149	27778	166	-149.0	149	27778	166	-149.0	149	27778	166	-149.0	149	27778	166	-149.0	149	27778	166	-149.0	149	27778	166	-149.0	149	27778	166	-149.0	149	27778	166	-149.0	149	27778	166	-149.0	149	27778	166	-149.0	149	27778	166	-149.0	149	27778	166	-149.0	149	27778	166	-149.0	149	27778	166	-149.0	149	27778	166	-149.0	149	27778	166	-149.0	149	27778	166	-149.0	149	27778
167	-144.0	144	27922	167	-144.0	144	27922	167	-144.0	144	27922	167	-144.0	144	27922	167	-144.0	144	27922	167	-144.0	144	27922	167	-144.0	144	27922	167	-144.0	144	27922	167	-144.0	144	27922	167	-144.0	144	27922	167	-144.0	144	27922	167	-144.0	144	27922	167	-144.0	144	27922	167	-144.0	144	27922	167	-144.0	144	27922	167	-144.0	144	27922	167	-144.0	144	27922	167	-144.0	144	27922	167	-144.0	144	27922	167	-144.0	144	27922
168	-143.0	143	28065	168	-143.0	143	28065	168	-143.0	143	28065	168	-143.0	143	28065	168	-143.0	143	28065	168	-143.0	143	28065	168	-143.0	143	28065	168	-143.0	143	28065	168	-143.0	143	28065	168	-143.0	143	28065	168	-143.0	143	28065	168	-143.0	143	28065	168	-143.0	143	28065	168	-143.0	143	28065	168	-143.0	143	28065	168	-143.0	143	28065	168	-143.0	143	28065	168	-143.0	143	28065	168	-143.0	143	28065	168	-143.0	143	28065
169	-139.0	139	28204	169	-139.0	139	28204	169	-139.0	139	28204	169	-139.0	139	28204	169	-139.0	139	28204	169	-139.0	139	28204	169	-139.0	139	28204	169	-139.0	139	28204	169	-139.0	139	28204	169	-139.0	139	28204	169	-139.0	139	28204	169	-139.0	139	28204	169	-139.0	139	28204	169	-139.0	139	28204	169	-139.0	139	28204	169	-139.0	139	28204	169	-139.0	139	28204	169	-139.0	139	28204	169	-139.0	139	28204	169	-139.0	139	28204
170	-134.0	134	28338	170	-134.0	134	28338	170	-134.0	134	28338	170	-134.0	134	28338	170	-134.0	134	28338	170	-134.0	134	28338	170	-134.0	134	28338	170	-134.0	134	28338	170	-134.0	134	28338	170	-134.0	134	28338	170	-134.0	134	28338	170	-134.0	134	28338	170	-134.0	134	28338	170	-134.0	134	28338	170	-134.0	134	28338	170	-134.0	134	28338	170	-134.0	134	28338	170	-134.0	134	28338	170	-134.0	134	28338	170	-134.0	134	28338
171	-138.0	138	28476	171	-138.0	138	28476	171	-138.0	138	28476	171	-138.0	138	28476	171	-138.0	138	28476	171	-138.0	138	28476	171	-138.0	138	28476	171	-138.0	138	28476	171	-138.0	138	28476	171	-138.0	138	28476	171	-138.0	138	28476	171	-138.0	138	28476	171	-138.0	138	28476	171	-138.0	138	28476	171	-138.0	138	28476	171	-138.0	138	28476	171	-138.0	138	28476	171	-138.0	138	28476	171	-138.0	138	28476	171	-138.0	138	28476
172	-137.0	137	28613	172	-137.0	137	28613	172	-137.0	137	28613	172	-137.0	137	28613	172	-137.0	137	28613	172	-137.0	137	28613	172	-137.0	137	28613	172	-137.0	137	28613	172	-137.0	137	28613	172	-137.0	137	28613	172	-137.0	137	28613	172	-137.0	137	28613	172	-137.0	137	28613	172	-137.0	137	28613	172	-137.0	137	28613	172	-137.0	137	28613	172	-137.0	137	28613	172	-137.0	137	28613	172	-137.0	137	28613	172	-137.0	137	28613
173	-137.0	137	28750	173	-137.0	137	28750	173	-137.0	137	28750	173	-137.0	137	28750	173	-137.0	137	28750	173	-137.0	137	28750	173	-137.0	137	28750	173	-137.0	137	28750	173	-137.0	137	28750	173	-137.0	137	28750	173	-137.0	137	28750	173	-137.0	137	28750	173	-137.0	137	28750	173	-137.0	137	28750	173	-137.0	137	28750	173	-137.0	137	28750	173	-137.0	137	28750	173	-137.0	137	28750	173	-137.0	137	28750	173	-137.0	137	28750
174	-121.0	121	28871	174	-121.0	121	28871	174	-121.0	121	28871	174	-121.0	121	28871	174	-121.0	121	28871	174	-121.0	121	28871	174	-121.0	121	28871	174	-121.0	121	28871	174	-121.0	121	28871	174	-121.0	121	28871	174	-121.0	121	28871	174	-121.0	121	28871	174	-121.0	121	28871	174	-121.0	121	28871	174	-121.0	121	28871	174	-121.0	121	28871	174	-121.0	121	28871	174	-121.0	121	28871	174	-121.0	121	28871	174	-121.0	121	28871
175	-118.0	118	28989	175	-118.0	118	28989	175	-118.0	118	28989	175	-118.0	118	28989	175	-118.0	118	28989	175	-118.0	118	28989	175	-118.0	118	28989	175	-118.0	118	28989	175	-118.0	118	28989	175	-118.0	118	28989	175	-118.0	118	28989	175	-118.0	118	28989	175	-118.0	118	28989	175	-118.0	118	28989	175	-118.0	118	28989	175	-118.0	118	28989	175	-118.0	118	28989	175	-118.0	118	28989	175	-118.0	118	28989	175	-118.0	118	28989
176	-134.0	134	29123	176	-134.0	134	29123	176	-134.0	134	29123	176	-134.0	134	29123	176	-134.0	134	29123	176	-134.0	134	29123	176	-134.0	134	29123	176	-134.0	134	29123	176	-134.0	134	29123	176	-134.0	134	29123	176	-134.0	134	29123	176	-134.0	134	29123	176	-134.0	134	29123	176	-134.0	134	29123	176	-134.0	134	29123	176	-134.0	134	29123	176	-134.0	134	29123	176	-134.0	134	29123	176	-134.0	134	29123	176	-134.0	134	29123
177	-115.0	115	29238	177	-115.0	115	29238	177	-115.0	115	29238	177	-115.0	115	29238	177	-115.0	115	29238	177	-115.0	115	29238	177	-115.0	115	29238	177	-115.0	115	29238	177	-115.0	115	29238	177	-115.0	115	29238	177	-115.0	115	29238	177	-115.0	115	29238	177	-115.0	115	29238	177	-115.0	115	29238	177	-115.0	115	29238	177	-115.0	115	29238	177	-115.0	115	29238	177	-115.0	115	29238	177	-115.0	115	29238	177	-115.0	115	29238
178	-111.0	111	29349	178	-111.0	111	29349	178	-111.0	111	29349	178	-111.0	111	29349	178	-111.0	111	29349	178	-111.0	111	29349	178	-111.0	111	29349	178	-111.0	111	29349	178	-111.0	111	29349	178	-111.0	111	29349	178	-111.0	111	29349	178	-111.0	111	29349	178	-111.0	111	29349	178	-111.0	111	29349	178	-111.0	111	29349	178	-111.0	111	29349	178	-111.0	111	29349	178	-111.0	111	29349	178	-111.0	111	29349	178	-111.0	111	29349
179	-109.0	109	29458	179	-109.0	109	29458	179	-109.0	109	29458	179	-109.0	109	29458	179	-109.0	109	29458	179	-109.0	109	29458	179	-109.0	109	29458	179	-109.0	109	29458	179	-109.0	109	29458	179	-109.0	109	29458	179	-109.0	109	29458	179	-109.0	109	29458	179	-109.0	109	29458	179	-109.0	109	29458	179	-109.0	109	29458	179	-109.0	109	29458	179	-109.0	109	29458	179	-109.0	109	29458	179	-109.0	109	29458	179	-109.0	109	29458
180	-111.0	111	29569	180	-111.0	111	29569	180	-111.0	111	29569	180	-111.0	111	29569	180	-111.0	111	29569	180	-111.0	111	29569	180	-111.0	111	29569	180	-111.0	111	29569	180	-111.0	111	29569	180	-111.0	111	29569	180	-111.0	111	29569	180	-111.0	111	29569	180	-111.0	111	29569	180	-111.0	111	29569	180	-111.0	111	29569	180	-111.0	111	29569	180	-111.0	111	29569	180	-111.0	111	29569	180	-111.0	111	29569	180	-111.0	111	29569
181	-143.0	143	29712	181	-143.0	143	29712	181	-143.0	143	29712	181	-143.0	143	29712	181	-143.0	143	29712	181	-143.0	143	29712	181	-143.0	143	29712	181	-143.0	143	29712	181	-143.0	143	29712	181	-143.0	143	29712	181	-143.0	143	29712	181	-143.0	143	29712	181	-143.0	143	29712	181	-143.0	143	29712	181	-143.0	143	29712	181	-143.0	143	29712	181	-143.0	143	29712	181	-143.0	143	29712	181	-143.0	143	29712	181	-143.0	143	29712
182	-106.0	106	29818	182	-106.0	106	29818	182	-106.0	106	29818	182	-106.0	106	29818	182	-106.0	106	29818	182	-106.0	106	29818	182	-106.0	106	29818	182	-106.0	106	29818	182	-106.0	106	29818	182	-106.0	106	29818	182	-106.0	106	29818	182	-106.0	106	29818	182	-106.0	106	29818	182	-106.0	106	29818	182	-106.0	106	29818	182	-106.0	106	29818	182	-106.0	106	29818	182	-106.0	106	29818	182	-106.0	106	29818	182	-106.0	106	29818
183	-136.0	136	29954	183	-136.0	136	29954	183	-136.0	136	29954	183	-136.0	136	29954	183	-136.0	136	29954	183	-136.0	136	29954	183	-136.0	136	29954	183	-136.0	136	29954	183	-136.0	136	29954	183	-136.0	136	29954	183	-136.0	136	29954	183	-136.0	136	29954	183	-136.0	136	29954	183	-136.0	136	29954	183	-136.0	136	29954	183	-136.0	136	29954	183	-136.0	136	29954	183	-136.0	136	29954	183	-136.0	136	29954	183	-136.0	136	29954
184	-106.0	106	30060	184	-106.0	106	30060	184	-106.0	106	30060	184	-106.0	106	30060	184	-106.0	106	30060	184	-106.0	106	30060	184	-106.0	106	30060	184	-106.0	106	30060	184	-106.0	106	30060	184	-106.0	106	30060	184	-106.0	106	30060	184	-106.0	106	30060	184	-106.0	106	30060	184	-106.0	106	30060	184	-106.0	106	30060	184	-106.0	106	30060	184	-106.0	106	30060	184	-106.0	106	30060	184	-106.0	106	30060	184	-106.0	106	30060
185	-110.0	110	30170	185	-110.0	110	30170	185	-110.0	110	30170	185	-110.0	110	30170	185	-110.0	110	30170	185	-110.0	110	30170	185	-110.0	110	30170	185	-110.0	110	30170	185	-110.0	110	30170	185	-110.0	110	30170	185	-110.0	110	30170	185	-110.0	110	30170	185	-110.0	110	30170	185	-110.0	110	30170	185	-110.0	110	30170	185	-110.0	110	30170	185	-110.0	110	30170	185	-110.0	110	30170	185	-110.0	110	30170	185	-110.0	110	30170
186	-111.0	111	30281	186	-111.0	111	30281	186	-111.0	111	30281	186	-111.0	111	30281	186	-111.0	111	30281	186	-111.0	111	30281	186	-111.0	111	30281	186	-111.0	111	30281	186	-111.0	111	30281	186	-111.0	111	30281	186	-111.0	111	30281	186	-111.0	111	30281	186	-111.0	111	30281	186	-111.0	111	30281	186	-111.0	111	30281	186	-111.0	111	30281	186	-111.0	111	30281	186	-111.0	111	30281	186	-111.0	111	30281	186	-111.0	111	30281
187	-129.0	129	30410	187	-129.0	129	30410	187	-129.0	129	30410	187	-129.0	129	30410	187	-129.0	129	30410	187	-129.0	129	30410	187	-129.0	129	30410	187	-129.0	129	30410	187	-129.0	129	30410	187	-129.0	129	30410	187	-129.0	129	30410	187	-129.0	129	30410	187	-129.0	129	30410	187	-129.0	129	30410	187	-129.0	129	30410	187	-129.0	129	30410	187	-129.0	129	30410	187	-129.0	129	30410	187	-129.0	129	30410	187	-129.0	129	30410
188	-134.0	134	30544	188	-134.0	134	30544	188	-134.0	134	30544	188	-134.0	134	30544	188	-134.0	134	30544	188	-134.0	134	30544	188	-134.0	134	30544	188	-134.0	134	30544	188	-134.0	134	30544	188	-134.0	134	30544	188	-134.0	134	30544	188	-134.0	134	30544	188	-134.0	134	30544	188	-134.0	134	30544	188	-134.0	134	30544	188	-134.0	134	30544	188	-134.0	134	30544	188	-134.0	134	30544	188	-134.0	134	30544	188	-134.0	134	30544
189	-120.0	120	30664	189	-120.0	120	30664	189	-120.0	120	30664	189	-120.0	120	30664	189	-120.0	120	30664	189	-120.0	120	30664	189	-120.0	120	30664	189	-120.0	120	30664	189	-120.0	120	30664	189	-120.0	120	30664	189	-120.0	120	30664	189	-120.0	120	30664	189	-120.0	120	30664	189	-120.0	120	30664	189	-120.0	120	30664	189	-120.0	120	30664	189	-120.0	120	30664	189	-120.0	120	30664	189	-120.0	120	30664	189	-120.0	120	30664
190	-109.0	109	30773	190	-109.0	109	30773	190	-109.0	109	30773	190	-109.0	109	30773	190	-109.0	109	30773	190	-109.0	109	30773	190	-109.0	109	30773	190	-109.0	109	30773	190	-109.0	109	30773	190	-109.0	109	30773	190	-109.0	109	30773	190	-109.0	109	30773	190	-109.0	109	30773	190	-109.0	109	30773	190	-109.0	109	30773	190	-109.0	109	30773	190	-109.0	109	30773	190	-109.0	109	30773	190	-109.0	109	30773	190	-109.0	109	30773
191	-135.0	135	30908	191	-135.0	135	30908	191	-135.0	135	30908	191	-135.0	135	30908	191	-135.0	135	30908	191	-135.0	135	30908	191	-135.0	135	30908	191	-135.0	135	30908	191	-135.0	135	30908	191	-135.0	135	30908	191	-135.0	135	30908	191	-135.0	135	30908	191	-135.0	135	30908	191	-135.0	135	30908	191	-135.0	135	30908	191	-135.0	135	30908	191	-135.0	135	30908	191	-135.0	135	30908	191	-135.0	135	30908	191	-135.0	135	30908
192	-138.0	138	31046	192	-138.0	138	31046	192	-138.0	138	31046	192	-138.0	138	31046	192	-138.0	138	31046	192	-138.0	138	31046	192	-138.0	138	31046	192	-138.0	138	31046	192	-138.0	138	31046	192	-138.0	138	31046	192	-138.0	138	31046	192	-138.0	138	31046	192	-138.0	138	31046	192	-138.0	138	31046	192	-138.0	138	31046	192	-138.0	138	31046	192	-138.0	138	31046	192	-138.0	138	31046	192	-138.0	138	31046	192	-138.0	138	31046
193	-132.0	132	31178	193	-132.0	132	31178	193	-132.0	132	31178	193	-132.0	132	31178	193	-132.0	132	31178	193	-132.0	132	31178	193	-132.0	132	31178	193	-132.0	132	31178	193	-132.0	132	31178	193	-132.0	132	31178	193	-132.0	132	31178	193	-132.0	132	31178	193	-132.0	132	31178	193	-132.0	132	31178	193	-132.0	132	31178	193	-132.0	132	31178	193	-132.0	132	31178	193	-132.0	132	31178	193	-132.0	132	31178	193	-132.0	132	31178
194	-132.0	132	31310	194	-132.0	132	31310	194	-132.0	132	31310	194	-132.0	132	31310	194	-132.0	132	31310	194	-132.0	132	31310	194	-132.0	132	31310	194	-132.0	132	31310	194	-132.0	132	31310	194	-132.0	132	31310	194	-132.0	132	31310	194	-132.0	132	31310	194	-132.0	132	31310	194	-132.0	132	31310	194	-132.0	132	31310	194	-132.0	132	31310	194	-132.0	132	31310	194	-132.0	132	31310	194	-132.0	132	31310	194	-132.0	132	31310
195	-123.0	123	31433	195	-123.0	123	31433	195	-123.0	123	31433	195	-123.0	123	31433	195	-123.0	123	31433	195	-123.0	123	31433	195	-123.0	123	31433	195	-123.0	123	31433	195	-123.0	123	31433	195	-123.0	123	31433	195	-123.0	123	31433	195	-123.0	123	31433	195	-123.0	123	31433	195	-123.0	123	31433	195	-123.0	123	31433	195	-123.0	123	31433	195	-123.0	123	31433	195	-123.0	123	31433	195	-123.0	123	31433	195	-123.0	123	31433
196	-112.0	112	31545	196	-112.0	112	31545	196	-112.0	112	31545	196	-112.0	112	31545	196	-112.0	112	31545	196	-112.0	112	31545	196	-112.0	112	31545	196	-112.0	112	31545	196	-112.0	112	31545	196	-112.0	112	31545	196	-112.0	112	31545	196	-112.0	112	31545	196	-112.0	112	31545	196	-112.0	112	31545	196	-112.0	112	31545	196	-112.0	112	31545	196	-112.0	112	31545	196	-112.0	112	31545	196	-112.0	112	31545	196	-112.0	112	31545
197	-110.0	110	31655	197	-110.0	110	31655	197	-110.0	110	31655	197	-110.0	110	31655	197	-110.0	110	31655	197	-110.0	110	31655	197	-110.0	110	31655	197	-110.0	110	31655	197	-110.0	110	31655	197	-110.0	110	31655	197	-110.0	110	31655	197	-110.0	110	31655	197	-110.0	110	31655	197	-110.0	110	31655	197	-110.0	110	31655	197	-110.0	110	31655	197	-110.0	110	31655	197	-110.0	110	31655	197	-110.0	110	31655	197	-110.0	110	31655
198	-137.0	137	31792	198	-137.0	137	31792	198	-137.0	137	31792	198	-137.0	137	31792	198	-137.0	137	31792	198	-137.0	137	31792	198	-137.0	137	31792	198	-137.0	137	31792	198	-137.0	137	31792	198	-137.0	137	31792	198	-137.0	137	31792	198	-137.0	137	31792	198	-137.0	137	31792	198	-137.0	137	31792	198	-137.0	137	31792	198	-137.0	137	31792	198	-137.0	137	31792	198	-137.0	137	31792	198	-137.0	137	31792	198	-137.0	137	31792
199	-133.0	133	31925	199	-133.0	133	31925	199	-133.0	133	31925	199	-133.0	133	31925	199	-133.0	133	31925	199	-133.0	133	31925	199	-133.0	133	31925	199	-133.0	133	31925	199	-133.0	133	31925	199	-133.0	133	31925	199	-133.0	133	31925	199	-133.0	133	31925	199	-133.0	133	31925	199	-133.0	133	31925	199	-133.0	133	31925	199	-133.0	133	31925	199	-133.0	133	31925	199	-133.0	133	31925	199	-133.0	133	31925	199	-133.0	133	31925
200	-120.0	120	32045	200	-120.0	120	32045	200	-120.0	120	32045	200	-120.0	120	32045	200	-120.0	120	32045	200	-120.0	120	32045	200	-120.0	120	32045	200	-120.0	120	32045	200	-120.0	120	32045	200	-120.0	120	32045	200	-120.0	120	32045	200	-120.0	120	32045	200	-120.0	120	32045	200	-120.0	120	32045	200	-120.0	120	32045	200	-120.0	120	32045	200	-120.0	120	32045	200	-120.0	120	32045	200	-120.0	120	32045	200	-120.0	120	32045
201	-178.0	178	32223	201	-178.0	178	32223	201	-178.0	178	32223	201	-178.0	178	32223	201	-178.0	178	32223	201	-178.0	178	32223	201	-178.0	178	32223	201	-178.0	178	32223	201	-178.0	178	32223	201	-178.0	178	32223	201	-178.0	178	32223	201	-178.0	178	32223	201	-178.0	178	32223	201	-178.0	178	32223	201	-178.0	178	32223	201	-178.0	178	32223	201	-178.0	178	32223	201	-178.0	178	32223	201	-178.0	178	32223	201	-178.0	178	32223
202	-131.0	131	32354	202	-131.0	131	32354	202	-131.0	131	32354	202	-131.0	131	32354	202	-131.0	131	32354	202	-131.0	131	32354	202	-131.0	131	32354	202	-131.0	131	32354	202	-131.0	131	32354	202	-131.0	131	32354	202	-131.0	131	32354	202	-131.0	131	32354	202	-131.0	131	32354	202	-131.0	131	32354	202	-131.0	131	32354	202	-131.0	131	32354	202	-131.0	131	32354	202	-131.0	131	32354	202	-131.0	131	32354	202	-131.0	131	32354
203	-167.0	167	32521	203	-167.0	167	32521	203	-167.0	167	32521	203	-167.0	167	32521	203	-167.0	167	32521	203	-167.0	167	32521	203	-167.0	167	32521	203	-167.0	167	32521	203	-167.0	167	32521	203	-167.0	167	32521	203	-167.0	167	32521	203	-167.0	167	32521	203	-167.0	167	32521	203	-167.0	167	32521	203	-167.0	167	32521	203	-167.0	167	32521	203	-167.0	167	32521	203	-167.0	167	32521	203	-167.0	167	32521	203	-167.0	167	32521
204	-132.0	132	32653	204	-132.0	132	32653	204	-132.0	132	32653	204	-132.0	132	32653	204	-132.0	132	32653	204	-132.0	132	32653	204	-132.0	132	32653	204	-132.0	132	32653	204	-132.0	132	32653	204	-132.0	132	32653	204	-132.0	132	32653	204	-132.0	132	32653	204	-132.0	132	32653	204	-132.0	132	32653	204	-132.0	132	32653	204	-132.0	132	32653	204	-132.0	132	32653	204	-132.0	132	32653	204	-132.0	132	32653	204	-132.0	132	32653
205	-164.0	164	32817	205	-164.0	164	32817	205	-164.0	164	32817	205	-164.0	164	32817	205	-164.0	164	32817	205	-164.0	164	32817	205	-164.0	164	32817	205	-164.0	164	32817	205	-164.0	164	32817	205	-164.0	164	32817	205	-164.0	164	32817	205	-164.0	164	32817	205	-164.0	164	32817	205	-164.0	164	32817	205	-164.0	164	32817	205	-164.0	164	32817	205	-164.0	164	32817	205	-164.0	164	32817	205	-164.0	164	32817	205	-164.0	164	32817
206	-148.0	148	32965	206	-148.0	148	32965	206	-148.0	148	32965	206	-148.0	148	32965	206	-148.0	148	32965	206	-148.0	148	32965	206	-148.0	148	32965	206	-148.0	148	32965	206	-148.0	148	32965	206	-148.0	148	32965	206	-148.0	148	32965	206	-148.0	148	32965	206	-148.0	148	32965	206	-148.0	148	32965	206	-148.0	148	32965	206	-148.0	148	32965	206	-148.0	148	32965	206	-148.0	148	32965	206	-148.0	148	32965	206	-148.0	148	32965
207	-115.0	115	33080	207	-115.0	115	33080	207	-115.0	115	33080	207	-115.0	115	33080	207	-115.0	115	33080	207	-115.0	115	33080	207	-115.0	115	33080	207	-115.0	115	33080	207	-115.0	115	33080	207	-115.0	115	33080	207	-115.0	115	33080	207	-115.0	115	33080	207	-115.0	115	33080	207	-115.0	115	33080	207	-115.0	115	33080	207	-115.0	115	33080	207	-115.0	115	33080	207	-115.0	115	33080	207	-115.0	115	33080	207	-115.0	115	33080
208	-144.0	144	33224	208	-144.0	144	33224	208	-144.0	144	33224	208	-144.0	144	33224	208	-144.0	144	33224	208	-144.0	144	33224	208	-144.0	144	33224	208	-144.0	144	33224	208	-144.0	144	33224	208	-144.0	144	33224	208	-144.0	144	33224	208	-144.0	144	33224	208	-144.0	144	33224	208	-144.0	144	33224	208	-144.0	144	33224	208	-144.0	144	33224	208	-144.0	144	33224	208	-144.0	144	33224	208	-144.0	144	33224	208	-144.0	144	33224
209	-137.0	137	33361	209	-137.0	137	33361	209	-137.0	137	33361	209	-137.0	137	33361	209	-137.0	137	33361	209	-137.0	137	33361	209	-137.0	137	33361	209	-137.0	137	33361	209	-137.0	137	33361	209	-137.0	137	33361	209	-137.0	137	33361	209	-137.0	137	33361	209	-137.0	137	33361	209	-137.0	137	33361	209	-137.0	137	33361	209	-137.0	137	33361	209	-137.0	137	33361	209	-137.0	137	33361	209	-137.0	137	33361	209	-137.0	137	33361
210	-133.0	133	33494	210	-133.0	133	33494	210	-133.0	133	33494	210	-133.0	133	33494	210	-133.0	133	33494	210	-133.0	133	33494	210	-133.0	133	33494	210	-133.0	133	33494	210	-133.0	133	33494	210	-133.0	133	33494	210	-133.0	133	33494	210	-133.0	133	33494	210	-133.0	133	33494	210	-133.0	133	33494	210	-133.0	133	33494	210	-133.0	133	33494	210	-133.0	133	33494	210	-133.0	133	33494	210	-133.0	133	33494	210	-133.0	133	33494
211	-138.0	138	33632	211	-138.0	138	33632	211	-138.0	138	33632	211	-138.0	138	33632	211	-138.0	138	33632	211	-138.0	138	33632	211	-138.0	138	33632	211	-138.0	138	33632	211	-138.0	138	33632	211	-138.0	138	33632	211	-138.0	138	33632	211	-138.0	138	33632	211	-138.0	138	33632	211	-138.0	138	33632	211	-138.0	138	33632	211	-138.0	138	33632	211	-138.0	138	33632	211	-138.0	138	33632	211	-138.0	138	33632	211	-138.0	138	33632
212	-133.0	133	33765	212	-133.0	133	33765	212	-133.0	133	33765	212	-133.0	133	33765	212	-133.0	133	33765	212	-133.0	133	33765	212	-133.0	133	33765	212	-133.0	133	33765	212	-133.0	133	33765	212	-133.0	133	33765	212	-133.0	133	33765	212	-133.0	133	33765	212	-133.0	133	33765	212	-133.0	133	33765	212	-133.0	133	33765	212	-133.0	133	33765	212	-133.0	133	33765	212	-133.0	133	33765	212	-133.0	133	33765	212	-133.0	133	33765
213	-135.0	135	33900	213	-135.0	135	33900	213	-135.0	135	33900	213	-135.0	135	33900	213	-135.0	135	33900	213	-135.0	135	33900	213	-135.0	135	33900	213	-135.0	135	33900	213	-135.0	135	33900	213	-135.0	135	33900	213	-135.0	135	33900	213	-135.0	135	33900	213	-135.0	135	33900	213	-135.0	135	33900	213	-135.0	135	33900	213	-135.0	135	33900	213	-135.0	135	33900	213	-135.0	135	33900	213	-135.0	135	33900	213	-135.0	135	33900
214	-137.0	137	34037	214	-137.0	137	34037	214	-137.0	137	34037	214	-137.0	137	34037	214	-137.0	137	34037	214	-137.0	137	34037	214	-137.0	137	34037	214	-137.0	137	34037	214	-137.0	137	34037	214	-137.0	137	34037	214	-137.0	137	34037	214	-137.0	137	34037	214	-137.0	137	34037	214	-137.0	137	34037	214	-137.0	137	34037	214	-137.0	137	34037	214	-137.0	137	34037	214	-137.0	137	34037	214	-137.0	137	34037	214	-137.0	137	34037
215	-135.0	135	34172	215	-135.0	135	34172	215	-135.0	135	34172	215	-135.0	135	34172	215	-135.0	135	34172	215	-135.0	135	34172	215	-135.0	135	34172	215	-135.0	135	34172	215	-135.0	135	34172	215	-135.0	135	34172	215	-135.0	135	34172	215	-135.0	135	34172	215	-135.0	135	34172	215	-135.0	135	34172	215	-135.0	135	34172	215	-135.0	135	34172	215	-135.0	135	34172	215	-135.0	135	34172	215	-135.0	135	34172	215	-135.0	135	34172
216	-138.0	138	34310	216	-138.0	138	34310	216	-138.0	138	34310	216	-138.0	138	34310	216	-138.0	138	34310	216	-138.0	138	34310	216	-138.0	138	34310	216	-138.0	138	34310	216	-138.0	138	34310	216	-138.0	138	34310	216	-138.0	138	34310	216	-138.0	138	34310	216	-138.0	138	34310	216	-138.0	138	34310	216	-138.0	138	34310	216	-138.0	138	34310	216	-138.0	138	34310	216	-138.0	138	34310	216	-138.0	138	34310	216	-138.0	138	34310
217	-137.0	137	34447	217	-137.0	137	34447	217	-137.0	137	34447	217	-137.0	137	34447	217	-137.0	137	34447	217	-137.0	137	34447	217	-137.0	137	34447	217	-137.0	137	34447	217	-137.0	137	34447	217	-137.0	137	34447	217	-137.0	137	34447	217	-137.0	137	34447	217	-137.0	137	34447	217	-137.0	137	34447	217	-137.0	137	34447	217	-137.0	137	34447	217	-137.0	137	34447	217	-137.0	137	34447	217	-137.0	137	34447	217	-137.0	137	34447
218	-133.0	133	34580	218	-133.0	133	34580	218	-133.0	133	34580	218	-133.0	133	34580	218	-133.0	133	34580	218	-133.0	133	34580	218	-133.0	133	34580	218	-133.0	133	34580	218	-133.0	133	34580	218	-133.0	133	34580	218	-133.0	133	34580	218	-133.0	133	34580	218	-133.0	133	34580	218	-133.0	133	34580	218	-133.0	133	34580	218	-133.0	133	34580	218	-133.0	133	34580	218	-133.0	133	34580	218	-133.0	133	34580	218	-133.0	133	34580
219	-131.0	131	34711	219	-131.0	131	34711	219	-131.0	131	34711	219	-131.0	131	34711	219	-131.0	131	34711	219	-131.0	131	34711	219	-131.0	131	34711	219	-131.0	131	34711	219	-131.0	131	34711	219	-131.0	131	34711	219	-131.0	131	34711	219	-131.0	131	34711	219	-131.0	131	34711	219	-131.0	131	34711	219	-131.0	131	34711	219	-131.0	131	34711	219	-131.0	131	34711	219	-131.0	131	34711	219	-131.0	131	34711	219	-131.0	131	34711
220	-138.0	138	34849	220	-138.0	138	34849	220	-138.0	138	34849	220	-138.0	138	34849	220	-138.0	138	34849	220	-138.0	138	34849	220	-138.0	138	34849	220	-138.0	138	34849	220	-138.0	138	34849	220	-138.0	138	34849	220	-138.0	138	34849	220	-138.0	138	34849	220	-138.0	138	34849	220	-138.0	138	34849	220	-138.0	138	34849	220	-138.0	138	34849	220	-138.0	138	34849	220	-138.0	138	34849	220	-138.0	138	34849	220	-138.0	138	34849
221	-135.0	135	34984	221	-135.0	135	34984	221	-135.0	135	34984	221	-135.0	135	34984	221	-135.0	135	34984	221	-135.0	135	34984	221	-135.0	135	34984	221	-135.0	135	34984	221	-135.0	135	34984	221	-135.0	135	34984	221	-135.0	135	34984	221	-135.0	135	34984	221	-135.0	135	34984	221	-135.0	135	34984	221	-135.0	135	34984	221	-135.0	135	34984	221	-135.0	135	34984	221	-135.0	135	34984	221	-135.0	135	34984	221	-135.0	135	34984
222	-136.0	136	35120	222	-136.0	136	35120	222	-136.0	136	35120	222	-136.0	136	35120	222	-136.0	136	35120	222	-136.0	136	35120	222	-136.0	136	35120	222	-136.0	136	35120	222	-136.0	136	35120	222	-136.0	136	35120	222	-136.0	136	35120	222	-136.0	136	35120	222	-136.0	136	35120	222	-136.0	136	35120	222	-136.0	136	35120	222	-136.0	136	35120	222	-136.0	136	35120	222	-136.0	136	35120	222	-136.0	136	35120	222	-136.0	136	35120
223	-176.0	176	35296	223	-176.0	176	35296	223	-176.0	176	35296	223	-176.0	176	35296	223	-176.0	176	35296	223	-176.0	176	35296	223	-176.0	176	35296	223	-176.0	176	35296	223	-176.0	176	35296	223	-176.0	176	35296	223	-176.0	176	35296	223	-176.0	176	35296	223	-176.0	176	35296	223	-176.0	176	35296	223	-176.0	176	35296	223	-176.0	176	35296	223	-176.0	176	35296	223	-176.0	176	35296	223	-176.0	176	35296	223	-176.0	176	35296
224	-162.0	162	35458	224	-162.0	162	35458	224	-162.0	162	35458	224	-162.0	162	35458	224	-162.0	162	35458	224	-162.0	162	35458	224	-162.0	162	35458	224	-162.0	162	35458	224	-162.0	162	35458	224	-162.0	162	35458	224	-162.0	162	35458	224	-162.0	162	35458	224	-162.0	162	35458	224	-162.0	162	35458	224	-162.0	162	35458	224	-162.0	162	35458	224	-162.0	162	35458	224	-162.0	162	35458	224	-162.0	162	35458	224	-162.0	162	35458
225	-172.0	172	35630	225	-172.0	172	35630	225	-172.0	172	35630	225	-172.0	172	35630	225	-172.0	172	35630	225	-172.0	172	35630	225	-172.0	172	35630	225	-172.0	172	35630	225	-172.0	172	35630	225	-172.0	172	35630	225	-172.0	172	35630	225	-172.0	172	35630	225	-172.0	172	35630	225	-172.0	172	35630	225	-172.0	172	35630	225	-172.0	172	35630	225	-172.0	172	35630	225	-172.0	172	35630	225	-172.0	172	35630	225	-172.0	172	35630
226	-167.0	167	35797	226	-167.0	167	35797	226	-167.0	167	35797	226	-167.0	167	35797	226	-167.0	167	35797	226	-167.0	167	35797	226	-167.0	167	35797	226	-167.0	167	35797	226	-167.0	167	35797	226	-167.0	167	35797	226	-167.0	167	35797	226	-167.0	167	35797	226	-167.0	167	35797	226	-167.0	167	35797	226	-167.0	167	35797	226	-167.0	167	35797	226	-167.0	167	35797	226	-167.0	167	35797	226	-167.0	167	35797	226	-167.0	167	35797
227	-114.0	114	35911	227	-114.0	114	35911	227	-114.0	114	35911	227	-114.0	114	35911	227	-114.0	114	35911	227	-114.0	114	35911	227	-114.0	114	35911	227	-114.0	114	35911	227	-114.0	114	35911	227	-114.0	114	35911	227	-114.0	114	35911	227	-114.0	114	35911	227	-114.0	114	35911	227	-114.0	114	35911	227	-114.0	114	35911	227	-114.0	114	35911	227	-114.0	114	35911	227	-114.0	114	35911	227	-114.0	114	35911	227	-114.0	114	35911
228	-107.0	107	36018	228	-107.0	107	36018	228	-107.0	107	36018	228	-107.0	107	36018	228	-107.0	107	36018	228	-107.0	107	36018	228	-107.0	107	36018	228	-107.0	107	36018	228	-107.0	107	36018	228	-107.0	107	36018	228	-107.0	107	36018	228	-107.0	107	36018	228	-107.0	107	36018	228	-107.0	107	36018	228	-107.0	107	36018	228	-107.0	107	36018	228	-107.0	107	36018	228	-107.0	107	36018	228	-107.0	107	36018	228	-107.0	107	36018
229	-108.0	108	36126	229	-108.0	108	36126	229	-108.0	108	36126	229	-108.0	108	36126	229	-108.0	108	36126	229	-108.0	108	36126	229	-108.0	108	36126	229	-108.0	108	36126	229	-108.0	108	36126	229	-108.0	108	36126	229	-108.0	108	36126	229	-108.0	108	36126	229	-108.0	108	36126	229	-108.0	108	36126	229	-108.0	108	36126	229	-108.0	108	36126	229	-108.0	108	36126	229	-108.0	108	36126	229	-108.0	108	36126	229	-108.0	108	36126
230	-111.0	111	36237	230	-111.0	111	36237	230	-111.0	111	36237	230	-111.0	111	36237	230	-111.0	111	36237	230	-111.0	111	36237	230	-111.0	111	36237	230	-111.0	111	36237	230	-111.0	111	36237	230	-111.0	111	36237	230	-111.0	111	36237	230	-111.0	111	36237	230	-111.0	111	36237	230	-111.0	111	36237	230	-111.0	111	36237	230	-111.0	111	36237	230	-111.0	111	36237	230	-111.0	111	36237	230	-111.0	111	36237	230	-111.0	111	36237
231	-141.0	141	36378	231	-141.0	141	36378	231	-141.0	141	36378	231	-141.0	141	36378	231	-141.0	141	36378	231	-141.0	141	36378	231	-141.0	141	36378	231	-141.0	141	36378	231	-141.0	141	36378	231	-141.0	141	36378	231	-141.0	141	36378	231	-141.0	141	36378	231	-141.0	141	36378	231	-141.0	141	36378	231	-141.0	141	36378	231	-141.0	141	36378	231	-141.0	141	36378	231	-141.0	141	36378	231	-141.0	141	36378	231	-141.0	141	36378
232	-109.0	109	36487	232	-109.0	109	36487	232	-109.0	109	36487	232	-109.0	109	36487	232	-109.0	109	36487	232	-109.0	109	36487	232	-109.0	109	36487	232	-109.0	109	36487	232	-109.0	109	36487	232	-109.0	109	36487	232	-109.0	109	36487	232	-109.0	109	36487	232	-109.0	109	36487	232	-109.0	109	36487	232	-109.0	109	36487	232	-109.0	109	36487	232	-109.0	109	36487	232	-109.0	109	36487	232	-109.0	109	36487	232	-109.0	109	36487
233	-109.0	109	36596	233	-109.0	109	36596	233	-109.0	109	36596	233	-109.0	109	36596	233	-109.0	109	36596	233	-109.0	109	36596	233	-109.0	109	36596	233	-109.0	109	36596	233	-109.0	109	36596	233	-109.0	109	36596	233	-109.0	109	36596	233	-109.0	109	36596	233	-109.0	109	36596	233	-109.0	109	36596	233	-109.0	109	36596	233	-109.0	109	36596	233	-109.0	109	36596	233	-109.0	109	36596	233	-109.0	109	36596	233	-109.0	109	36596
234	-108.0	108	36704	234	-108.0	108	36704	234	-108.0	108	36704	234	-108.0	108	36704	234	-108.0	108	36704	234	-108.0	108	36704	234	-108.0	108	36704	234	-108.0	108	36704	234	-108.0	108	36704	234	-108.0	108	36704	234	-108.0	108	36704	234	-108.0	108	36704	234	-108.0	108	36704	234	-108.0	108	36704	234	-108.0	108	36704	234	-108.0	108	36704	234	-108.0	108	36704	234	-108.0	108	36704	234	-108.0	108	36704	234	-108.0	108	36704
235	-162.0	162	36866	235	-162.0	162	36866	235	-162.0	162	36866	235	-162.0	162	36866	235	-162.0	162	36866	235	-162.0	162	36866	235	-162.0	162	36866	235	-162.0	162	36866	235	-162.0	162	36866	235	-162.0	162	36866	235	-162.0	162	36866	235	-162.0	162	36866	235	-162.0	162	36866	235	-162.0	162	36866	235	-162.0	162	36866	235	-162.0	162	36866	235	-162.0	162	36866	235	-162.0	162	36866	235	-162.0	162	36866	235	-162.0	162	36866
236	-107.0	107	36973	236	-107.0	107	36973	236	-107.0	107	36973	236	-107.0	107	36973	236	-107.0	107	36973	236	-107.0	107	36973	236	-107.0	107	36973	236	-107.0	107	36973	236	-107.0	107	36973	236	-107.0	107	36973	236	-107.0	107	36973	236	-107.0	107	36973	236	-107.0	107	36973	236	-107.0	107	36973	236	-107.0	107	36973	236	-107.0	107	36973	236	-107.0	107	36973	236	-107.0	107	36973	236	-107.0	107	36973	236	-107.0	107	36973
237	-157.0	157	37130	237	-157.0	157	37130	237	-157.0	157	37130	237	-157.0	157	37130	237	-157.0	157	37130	237	-157.0	157	37130	237	-157.0	157	37130	237	-157.0	157	37130	237	-157.0	157	37130	237	-157.0	157	37130	237	-157.0	157	37130	237	-157.0	157	37130	237	-157.0	157	37130	237	-157.0	157	37130	237	-157.0	157	37130	237	-157.0	157	37130	237	-157.0	157	37130	237	-157.0	157	37130	237	-157.0	157	37130	237	-157.0	157	37130
238	-156.0	156	37286	238	-156.0	156	37286	238	-156.0	156	37286	238	-156.0	156	37286	238	-156.0	156	37286	238	-156.0	156	37286	238	-156.0	156	37286	238	-156.0	156	37286	238	-156.0	156	37286	238	-156.0	156	37286	238	-156.0	156	37286	238	-156.0	156	37286	238	-156.0	156	37286	238	-156.0	156	37286	238	-156.0	156	37286	238	-156.0	156	37286	238	-156.0	156	37286	238	-156.0	156	37286	238	-156.0	156	37286	238	-156.0	156	37286
239	-106.0	106	37392	239	-106.0	106	37392	239	-106.0	106	37392	239	-106.0	106	37392	239	-106.0	106	37392	239	-106.0	106	37392	239	-106.0	106	37392	239	-106.0	106	37392	239	-106.0	106	37392	239	-106.0	106	37392	239	-106.0	106	37392	239	-106.0	106	37392	239	-106.0	106	37392	239	-106.0	106	37392	239	-106.0	106	37392	239	-106.0	106	37392	239	-106.0	106	37392	239	-106.0	106	37392	239	-106.0	106	37392	239	-106.0	106	37392
240	-91.0	91	37483	240	-91.0	91	37483	240	-91.0	91	37483	240	-91.0	91	37483	240	-91.0	91	37483	240	-91.0	91	37483	240	-91.0	91	37483	240	-91.0	91	37483	240	-91.0	91	37483	240	-91.0	91	37483	240	-91.0	91	37483	240	-91.0	91	37483	240	-91.0	91	37483	240	-91.0	91	37483	240	-91.0	91	37483	240	-91.0	91	37483	240	-91.0	91	37483	240	-91.0	91	37483	240	-91.0	91	37483	240	-91.0	91	37483
241	-154.0	154	37637	241	-154.0	154	37637	241	-154.0	154	37637	241	-154.0	154	37637	241	-154.0	154	37637	241	-154.0	154	37637	241	-154.0	154	37637	241	-154.0	154	37637	241	-154.0	154	37637	241	-154.0	154	37637	241	-154.0	154	37637	241	-154.0	154	37637	241	-154.0	154	37637	241	-154.0	154	37637	241	-154.0	154	37637	241	-154.0	154	37637	241	-154.0	154	37637	241	-154.0	154	37637	241	-154.0	154	37637	241	-154.0	154	37637
242	-105.0	105	37742	242	-105.0	105	37742	242	-105.0	105	37742	242	-105.0	105	37742	242	-105.0	105	37742	242	-105.0	105	37742	242	-105.0	105	37742	242	-105.0	105	37742	242	-105.0	105	37742	242	-105.0	105	37742	242	-105.0	105	37742	242	-105.0	105	37742	242	-105.0	105	37742	242	-105.0	105	37742	242	-105.0	105	37742	242	-105.0	105	37742	242	-105.0	105	37742	242	-105.0	105	37742	242	-105.0	105	37742	242	-105.0	105	37742
243	-105.0	105	37847	243	-105.0	105	37847	243	-105.0	105	37847	243	-105.0	105	37847	243	-105.0	105	37847	243	-105.0	105	37847	243	-105.0	105	37847	243	-105.0	105	37847	243	-105.0	105	37847	243	-105.0	105	37847	243	-105.0	105	37847	243	-105.0	105	37847	243	-105.0	105	37847	243	-105.0	105	37847	243	-105.0	105	37847	243	-105.0	105	37847	243	-105.0	105	37847	243	-105.0	105	37847	243	-105.0	105	37847	243	-105.0	105	37847
244	-104.0	104	37951	244	-104.0	104	37951	244	-104.0	104	37951	244	-104.0	104	37951	244	-104.0	104	37951	244	-104.0	104	37951	244	-104.0	104	37951	244	-104.0	104	37951	244	-104.0	104	37951	244	-104.0	104	37951	244	-104.0	104	37951	244	-104.0	104	37951	244	-104.0	104	37951	244	-104.0	104	37951	244	-104.0	104	37951	244	-104.0	104	37951	244	-104.0	104	37951	244	-104.0	104	37951	244	-104.0	104	37951	244	-104.0	104	37951
245	-147.0	147	38098	245	-147.0	147	38098	245	-147.0	147	38098	245	-147.0	147	38098	245	-147.0	147	38098	245	-147.0	147	38098	245	-147.0	147	38098	245	-147.0	147	38098	245	-147.0	147	38098	245	-147.0	147	38098	245	-147.0	147	38098	245	-147.0	147	38098	245	-147.0	147	38098	245	-147.0	147	38098	245	-147.0	147	38098	245	-147.0	147	38098	245	-147.0	147	38098	245	-147.0	147	38098	245	-147.0	147	38098	245	-147.0	147	38098
246	-87.0	87	38185	246	-87.0	87	38185	246	-87.0	87	38185	246	-87.0	87	38185	246	-87.0	87	38185	246	-87.0	87	38185	246	-87.0	87	38185	246	-87.0	87	38185	246	-87.0	87	38185	246	-87.0	87	38185	246	-87.0	87	38185	246	-87.0	87	38185	246	-87.0	87	38185	246	-87.0	87	38185	246	-87.0	87	38185	246	-87.0	87	38185	246	-87.0	87	38185	246	-87.0	87	38185	246	-87.0	87	38185	246	-87.0	87	38185
247	-141.0	141	38326	247	-141.0	141	38326	247	-141.0	141	38326	247	-141.0	141	38326	247	-141.0	141	38326	247	-141.0	141	38326	247	-141.0	141	38326	247	-141.0	141	38326	247	-141.0	141	38326	247	-141.0	141	38326	247	-141.0	141	38326	247	-141.0	141	38326	247	-141.0	141	38326	247	-141.0	141	38326	247	-141.0	141	38326	247	-141.0	141	38326	247	-141.0	141	38326	247	-141.0	141	38326	247	-141.0	141	38326	247	-141.0	141	38326
248	-136.0	136	38462	248	-136.0	136	38462	248	-136.0	136	38462	248	-136.0	136	38462	248	-136.0	136	38462	248	-136.0	136	38462	248	-136.0	136	38462	248	-136.0	136	38462	248	-136.0	136	38462	248	-136.0	136	38462	248	-136.0	136	38462	248	-136.0	136	38462	248	-136.0	136	38462	248	-136.0	136	38462	248	-136.0	136	38462	248	-136.0	136	38462	248	-136.0	136	38462	248	-136.0	136	38462	248	-136.0	136	38462	248	-136.0	136	38462
249	-137.0	137	38599	249	-137.0	137	38599	249	-137.0	137	38599	249	-137.0	137	38599	249	-137.0	137	38599	249	-137.0	137	38599	249	-137.0	137	38599	249	-137.0	137	38599	249	-137.0	137	38599	249	-137.0	137	38599	249	-137.0	137	38599	249	-137.0	137	38599	249	-137.0	137	38599	249	-137.0	137	38599	249	-137.0	137	38599	249	-137.0	137	38599	249	-137.0	137	38599	249	-137.0	137	38599	249	-137.0	137	38599	249	-137.0	137	38599
250	-136.0	136	38735	250	-136.0	136	38735	250	-136.0	136	38735	250	-136.0	136	38735	250	-136.0	136	38735	250	-136.0	136	38735	250	-136.0	136	38735	250	-136.0	136	38735	250	-136.0	136	38735	250	-136.0	136	38735	250	-136.0	136	38735	250	-136.0	136	38735	250	-136.0	136	38735	250	-136.0	136	38735	250	-136.0	136	38735	250	-136.0	136	38735	250	-136.0	136	38735	250	-136.0	136	38735	250	-136.0	136	38735	250	-136.0	136	38735
251	-140.0	140	38875	251	-140.0	140	38875	251	-140.0	140	38875	251	-140.0	140	38875	251	-140.0	140	38875	251	-140.0	140	38875	251	-140.0	140	38875	251	-140.0	140	38875	251	-140.0	140	38875	251	-140.0	140	38875	251	-140.0	140	38875	251	-140.0	140	38875	251	-140.0	140	38875	251	-140.0	140	38875	251	-140.0	140	38875	251	-140.0	140	38875	251	-140.0	140	38875	251	-140.0	140	38875	251	-140.0	140	38875	251	-140.0	140	38875
252	-138.0	138	39013	252	-138.0	138	39013	252	-138.0	138	39013	252	-138.0	138	39013	252	-138.0	138	39013	252	-138.0	138	39013	252	-138.0	138	39013	252	-138.0	138	39013	252	-138.0	138	39013	252	-138.0	138	39013	252	-138.0	138	39013	252	-138.0	138	39013	252	-138.0	138	39013	252	-138.0	138	39013	252	-138.0	138	39013	252	-138.0	138	39013	252	-138.0	138	39013	252	-138.0	138	39013	252	-138.0	138	39013	252	-138.0	138	39013
253	-140.0	140	39153	253	-140.0	140	39153	253	-140.0	140	39153	253	-140.0	140	39153	253	-140.0	140	39153	253	-140.0	140	39153	253	-140.0	140	39153	253	-140.0	140	39153	253	-140.0	140	39153	253	-140.0	140	39153	253	-140.0	140	39153	253	-140.0	140	39153	253	-140.0	140	39153	253	-140.0	140	39153	253	-140.0	140	39153	253	-140.0	140	39153	253	-140.0	140	39153	253	-140.0	140	39153	253	-140.0	140	39153	253	-140.0	140	39153
254	-135.0	135	39288	254	-135.0	135	39288	254	-135.0	135	39288	254	-135.0	135	39288	254	-135.0	135	39288	254	-135.0	135	39288	254	-135.0	135	39288	254	-135.0	135	39288	254	-135.0	135	39288	254	-135.0	135	39288	254	-135.0	135	39288	254	-135.0	135	39288	254	-135.0	135	39288	254	-135.0	135	39288	254	-135.0	135	39288	254	-135.0	135	39288	254	-135.0	135	39288	254	-135.0	135	39288	254	-135.0	135	39288	254	-135.0	135	39288
255	-134.0	134	39422	255	-134.0	134	39422	255	-134.0	134	39422	255	-134.0	134	39422	255	-134.0	134	39422	255	-134.0	134	39422	255	-134.0	134	39422	255	-134.0	134	39422	255	-134.0	134	39422	255	-134.0	134	39422	255	-134.0	134	39422	255	-134.0	134	39422	255	-134.0	134	39422	255	-134.0	134	39422	255	-134.0	134	39422	255	-134.0	134	39422	255	-134.0	134	39422	255	-134.0	134	39422	255	-134.0	134	39422	255	-134.0	134	39422
256	-138.0	138	39560	256	-138.0	138	39560	256	-138.0	138	39560	256	-138.0	138	39560	256	-138.0	138	39560	256	-138.0	138	39560	256	-138.0	138	39560	256	-138.0	138	39560	256	-138.0	138	39560	256	-138.0	138	39560	256	-138.0	138	39560	256	-138.0	138	39560	256	-138.0	138	39560	256	-138.0	138	39560	256	-138.0	138	39560	256	-138.0	138	39560	256	-138.0	138	39560	256	-138.0	138	39560	256	-138.0	138	39560	256	-138.0	138	39560
257	-140.0	140	39700	257	-140.0	140	39700	257	-140.0	140	39700	257	-140.0	140	39700	257	-140.0	140	39700	257	-140.0	140	39700	257	-140.0	140	39700	257	-140.0	140	39700	257	-140.0	140	39700	257	-140.0	140	39700	257	-140.0	140	39700	257	-140.0	140	39700	257	-140.0	140	39700	257	-140.0	140	39700	257	-140.0	140	39700	257	-140.0	140	39700	257	-140.0	140	39700	257	-140.0	140	39700	257	-140.0	140	39700	257	-140.0	140	39700
258	-135.0	135	39835	258	-135.0	135	39835	258	-135.0	135	39835	258	-135.0	135	39835	258	-135.0	135	39835	258	-135.0	135	39835	258	-135.0	135	39835	258	-135.0	135	39835	258	-135.0	135	39835	258	-135.0	135	39835	258	-135.0	135	39835	258	-135.0	135	39835	258	-135.0	135	39835	258	-135.0	135	39835	258	-135.0	135	39835	258	-135.0	135	39835	258	-135.0	135	39835	258	-135.0	135	39835	258	-135.0	135	39835	258	-135.0	135	39835
259	-139.0	139	39974	259	-139.0	139	39974	259	-139.0	139	39974	259	-139.0	139	39974	259	-139.0	139	39974	259	-139.0	139	39974	259	-139.0	139	39974	259	-139.0	139	39974	259	-139.0	139	39974	259	-139.0	139	39974	259	-139.0	139	39974	259	-139.0	139	39974	259	-139.0	139	39974	259	-139.0	139	39974	259	-139.0	139	39974	259	-139.0	139	39974	259	-139.0	139	39974	259	-139.0	139	39974	259	-139.0	139	39974	259	-139.0	139	39974
260	-139.0	139	40113	260	-139.0	139	40113	260	-139.0	139	40113	260	-139.0	139	40113	260	-139.0	139	40113	260	-139.0	139	40113	260	-139.0	139	40113	260	-139.0	139	40113	260	-139.0	139	40113	260	-139.0	139	40113	260	-139.0	139	40113	260	-139.0	139	40113	260	-139.0	139	40113	260	-139.0	139	40113	260	-139.0	139	40113	260	-139.0	139	40113	260	-139.0	139	40113	260	-139.0	139	40113	260	-139.0	139	40113	260	-139.0	139	40113
261	-141.0	141	40254	261	-141.0	141	40254	261	-141.0	141	40254	261	-141.0	141	40254	261	-141.0	141	40254	261	-141.0	141	40254	261	-141.0	141	40254	261	-141.0	141	40254	261	-141.0	141	40254	261	-141.0	141	40254	261	-141.0	141	40254	261	-141.0	141	40254	261	-141.0	141	40254	261	-141.0	141	40254	261	-141.0	141	40254	261	-141.0	141	40254	261	-141.0	141	40254	261	-141.0	141	40254	261	-141.0	141	40254	261	-141.0	141	40254
262	-109.0	109	40363	262	-109.0	109	40363	262	-109.0	109	40363	262	-109.0	109	40363	262	-109.0	109	40363	262	-109.0	109	40363	262	-109.0	109	40363	262	-109.0	109	40363	262	-109.0	109	40363	262	-109.0	109	40363	262	-109.0	109	40363	262	-109.0	109	40363	262	-109.0	109	40363	262	-109.0	109	40363	262	-109.0	109	40363	262	-109.0	109	40363	262	-109.0	109	40363	262	-109.0	109	40363	262	-109.0	109	40363	262	-109.0	109	40363
263	-167.0	167	40530	263	-167.0	167	40530	263	-167.0	167	40530	263	-167.0	167	40530	263	-167.0	167	40530	263	-167.0	167	40530	263	-167.0	167	40530	263	-167.0	167	40530	263	-167.0	167	40530	263	-167.0	167	40530	263	-167.0	167	40530	263	-167.0	167	40530	263	-167.0	167	40530	263	-167.0	167	40530	263	-167.0	167	40530	263	-167.0	167	40530	263	-167.0	167	40530	263	-167.0	167	40530	263	-167.0	167	40530	263	-167.0	167	40530
264	-145.0	145	40675	264	-145.0	145	40675	264	-145.0	145	40675	264	-145.0	145	40675	264	-145.0	145	40675	264	-145.0	145	40675	264	-145.0	145	40675	264	-145.0	145	40675	264	-145.0	145	40675	264	-145.0	145	40675	264	-145.0	145	40675	264	-145.0	145	40675	264	-145.0	145	40675	264	-145.0	145	40675	264	-145.0	145	40675	264	-145.0	145	40675	264	-145.0	145	40675	264	-145.0	145	40675	264	-145.0	145	40675	264	-145.0	145	40675
265	-108.0	108	40783	265	-108.0	108	40783	265	-108.0	108	40783	265	-108.0	108	40783	265	-108.0	108	40783	265	-108.0	108	40783	265	-108.0	108	40783	265	-108.0	108	40783	265	-108.0	108	40783	265	-108.0	108	40783	265	-108.0	108	40783	265	-108.0	108	40783	265	-108.0	108	40783	265	-108.0	108	40783	265	-108.0	108	40783	265	-108.0	108	40783	265	-108.0	108	40783	265	-108.0	108	40783	265	-108.0	108	40783	265	-108.0	108	40783
266	-144.0	144	40927	266	-144.0	144	40927	266	-144.0	144	40927	266	-144.0	144	40927	266	-144.0	144	40927	266	-144.0	144	40927	266	-144.0	144	40927	266	-144.0	144	40927	266	-144.0	144	40927	266	-144.0	144	40927	266	-144.0	144	40927	266	-144.0	144	40927	266	-144.0	144	40927	266	-144.0	144	40927	266	-144.0	144	40927	266	-144.0	144	40927	266	-144.0	144	40927	266	-144.0	144	40927	266	-144.0	144	40927	266	-144.0	144	40927
267	-106.0	106	41033	267	-106.0	106	41033	267	-106.0	106	41033	267	-106.0	106	41033	267	-106.0	106	41033	267	-106.0	106	41033	267	-106.0	106	41033	267	-106.0	106	41033	267	-106.0	106	41033	267	-106.0	106	41033	267	-106.0	106	41033	267	-106.0	106	41033	267	-106.0	106	41033	267	-106.0	106	41033	267	-106.0	106	41033	267	-106.0	106	41033	267	-106.0	106	41033	267	-106.0	106	41033	267	-106.0	106	41033	267	-106.0	106	41033
268	-111.0	111	41144	268	-111.0	111	41144	268	-111.0	111	41144	268	-111.0	111	41144	268	-111.0	111	41144	268	-111.0	111	41144	268	-111.0	111	41144	268	-111.0	111	41144	268	-111.0	111	41144	268	-111.0	111	41144	268	-111.0	111	41144	268	-111.0	111	41144	268	-111.0	111	41144	268	-111.0	111	41144	268	-111.0	111	41144	268	-111.0	111	41144	268	-111.0	111	41144	268	-111.0	111	41144	268	-111.0	111	41144	268	-111.0	111	41144
269	-110.0	110	41254	269	-110.0	110	41254	269	-110.0	110	41254	269	-110.0	110	41254	269	-110.0	110	41254	269	-110.0	110	41254	269	-110.0	110	41254	269	-110.0	110	41254	269	-110.0	110	41254	269	-110.0	110	41254	269	-110.0	110	41254	269	-110.0	110	41254	269	-110.0	110	41254	269	-110.0	110	41254	269	-110.0	110	41254	269	-110.0	110	41254	269	-110.0	110	41254	269	-110.0	110	41254	269	-110.0	110	41254	269	-110.0	110	41254
270	-158.0	158	41412	270	-158.0	158	41412	270	-158.0	158	41412	270	-158.0	158	41412	270	-158.0	158	41412	270	-158.0	158	41412	270	-158.0	158	41412	270	-158.0	158	41412	270	-158.0	158	41412	270	-158.0	158	41412	270	-158.0	158	41412	270	-158.0	158	41412	270	-158.0	158	41412	270	-158.0	158	41412	270	-158.0	158	41412	270	-158.0	158	41412	270	-158.0	158	41412	270	-158.0	158	41412	270	-158.0	158	41412	270	-158.0	158	41412
271	-144.0	144	41556	271	-144.0	144	41556	271	-144.0	144	41556	271	-144.0	144	41556	271	-144.0	144	41556	271	-144.0	144	41556	271	-144.0	144	41556	271	-144.0	144	41556	271	-144.0	144	41556	271	-144.0	144	41556	271	-144.0	144	41556	271	-144.0	144	41556	271	-144.0	144	41556	271	-144.0	144	41556	271	-144.0	144	41556	271	-144.0	144	41556	271	-144.0	144	41556	271	-144.0	144	41556	271	-144.0	144	41556	271	-144.0	144	41556
272	-104.0	104	41660	272	-104.0	104	41660	272	-104.0	104	41660	272	-104.0	104	41660	272	-104.0	104	41660	272	-104.0	104	41660	272	-104.0	104	41660	272	-104.0	104	41660	272	-104.0	104	41660	272	-104.0	104	41660	272	-104.0	104	41660	272	-104.0	104	41660	272	-104.0	104	41660	272	-104.0	104	41660	272	-104.0	104	41660	272	-104.0	104	41660	272	-104.0	104	41660	272	-104.0	104	41660	272	-104.0	104	41660	272	-104.0	104	41660
273	-138.0	138	41798	273	-138.0	138	41798	273	-138.0	138	41798	273	-138.0	138	41798	273	-138.0	138	41798	273	-138.0	138	41798	273	-138.0	138	41798	273	-138.0	138	41798	273	-138.0	138	41798	273	-138.0	138	41798	273	-138.0	138	41798	273	-138.0	138	41798	273	-138.0	138	41798	273	-138.0	138	41798	273	-138.0	138	41798	273	-138.0	138	41798	273	-138.0	138	41798	273	-138.0	138	41798	273	-138.0	138	41798	273	-138.0	138	41798
274	-107.0	107	41905	274	-107.0	107	41905	274	-107.0	107	41905	274	-107.0	107	41905	274	-107.0	107	41905	274	-107.0	107	41905	274	-107.0	107	41905	274	-107.0	107	41905	274	-107.0	107	41905	274	-107.0	107	41905	274	-107.0	107	41905	274	-107.0	107	41905	274	-107.0	107	41905	274	-107.0	107	41905	274	-107.0	107	41905	274	-107.0	107	41905	274	-107.0	107	41905	274	-107.0	107	41905	274	-107.0	107	41905	274	-107.0	107	41905
275	-107.0	107	42012	275	-107.0	107	42012	275	-107.0	107	42012	275	-107.0	107	42012	275	-107.0	107	42012	275	-107.0	107	42012	275	-107.0	107	42012	275	-107.0	107	42012	275	-107.0	107	42012	275	-107.0	107	42012	275	-107.0	107	42012	275	-107.0	107	42012	275	-107.0	107	42012	275	-107.0	107	42012	275	-107.0	107	42012	275	-107.0	107	42012	275	-107.0	107	42012	275	-107.0	107	42012	275	-107.0	107	42012	275	-107.0	107	42012
276	-107.0	107	42119	276	-107.0	107	42119	276	-107.0	107	42119	276	-107.0	107	42119	276	-107.0	107	42119	276	-107.0	107	42119	276	-107.0	107	42119	276	-107.0	107	42119	276	-107.0	107	42119	276	-107.0	107	42119	276	-107.0	107	42119	276	-107.0	107	42119	276	-107.0	107	42119	276	-107.0	107	42119	276	-107.0	107	42119	276	-107.0	107	42119	276	-107.0	107	42119	276	-107.0	107	42119	276	-107.0	107	42119	276	-107.0	107	42119
277	-139.0	139	42258	277	-139.0	139	42258	277	-139.0	139	42258	277	-139.0	139	42258	277	-139.0	139	42258	277	-139.0	139	42258	277	-139.0	139	42258	277	-139.0	139	42258	277	-139.0	139	42258	277	-139.0	139	42258	277	-139.0	139	42258	277	-139.0	139	42258	277	-139.0	139	42258	277	-139.0	139	42258	277	-139.0	139	42258	277	-139.0	139	42258	277	-139.0	139	42258	277	-139.0	139	42258	277	-139.0	139	42258	277	-139.0	139	42258
278	-107.0	107	42365	278	-107.0	107	42365	278	-107.0	107	42365	278	-107.0	107	42365	278	-107.0	107	42365	278	-107.0	107	42365	278	-107.0	107	42365	278	-107.0	107	42365	278	-107.0	107	42365	278	-107.0	107	42365	278	-107.0	107	42365	278	-107.0	107	42365	278	-107.0	107	42365	278	-107.0	107	42365	278	-107.0	107	42365	278	-107.0	107	42365	278	-107.0	107	42365	278	-107.0	107	42365	278	-107.0	107	42365	278	-107.0	107	42365
279	-108.0	108	42473	279	-108.0	108	42473	279	-108.0	108	42473	279	-108.0	108	42473	279	-108.0	108	42473	279	-108.0	108	42473	279	-108.0	108	42473	279	-108.0	108	42473	279	-108.0	108	42473	279	-108.0	108	42473	279	-108.0	108	42473	279	-108.0	108	42473	279	-108.0	108	42473	279	-108.0	108	42473	279	-108.0	108	42473	279	-108.0	108	42473	279	-108.0	108	42473	279	-108.0	108	42473	279	-108.0	108	42473	279	-108.0	108	42473
280	-109.0	109	42582	280	-109.0	109	42582	280	-109.0	109	42582	280	-109.0	109	42582	280	-109.0	109	42582	280	-109.0	109	42582	280	-109.0	109	42582	280	-109.0	109	42582	280	-109.0	109	42582	280	-109.0	109	42582	280	-109.0	109	42582	280	-109.0	109	42582	280	-109.0	109	42582	280	-109.0	109	42582	280	-109.0	109	42582	280	-109.0	109	42582	280	-109.0	109	42582	280	-109.0	109	42582	280	-109.0	109	42582	280	-109.0	109	42582
281	-106.0	106	42688	281	-106.0	106	42688	281	-106.0	106	42688	281	-106.0	106	42688	281	-106.0	106	42688	281	-106.0	106	42688	281	-106.0	106	42688	281	-106.0	106	42688	281	-106.0	106	42688	281	-106.0	106	42688	281	-106.0	106	42688	281	-106.0	106	42688	281	-106.0	106	42688	281	-106.0	106	42688	281	-106.0	106	42688	281	-106.0	106	42688	281	-106.0	106	42688	281	-106.0	106	42688	281	-106.0	106	42688	281	-106.0	106	42688
282	-134.0	134	42822	282	-134.0	134	42822	282	-134.0	134	42822	282	-134.0	134	42822	282	-134.0	134	42822	282	-134.0	134	42822	282	-134.0	134	42822	282	-134.0	134	42822	282	-134.0	134	42822	282	-134.0	134	42822	282	-134.0	134	42822	282	-134.0	134	42822	282	-134.0	134	42822	282	-134.0	134	42822	282	-134.0	134	42822	282	-134.0	134	42822	282	-134.0	134	42822	282	-134.0	134	42822	282	-134.0	134	42822	282	-134.0	134	42822
283	-134.0	134	42956	283	-134.0	134	42956	283	-134.0	134	42956	283	-134.0	134	42956	283	-134.0	134	42956	283	-134.0	134	42956	283	-134.0	134	42956	283	-134.0	134	42956	283	-134.0	134	42956	283	-134.0	134	42956	283	-134.0	134	42956	283	-134.0	134	42956	283	-134.0	134	42956	283	-134.0	134	42956	283	-134.0	134	42956	283	-134.0	134	42956	283	-134.0	134	42956	283	-134.0	134	42956	283	-134.0	134	42956	283	-134.0	134	42956
284	-129.0	129	43085	284	-129.0	129	43085	284	-129.0	129	43085	284	-129.0	129	43085	284	-129.0	129	43085	284	-129.0	129	43085	284	-129.0	129	43085	284	-129.0	129	43085	284	-129.0	129	43085	284	-129.0	129	43085	284	-129.0	129	43085	284	-129.0	129	43085	284	-129.0	129	43085	284	-129.0	129	43085	284	-129.0	129	43085	284	-129.0	129	43085	284	-129.0	129	43085	284	-129.0	129	43085	284	-129.0	129	43085	284	-129.0	129	43085
285	-106.0	106	43191	285	-106.0	106	43191	285	-106.0	106	43191	285	-106.0	106	43191	285	-106.0	106	43191	285	-106.0	106	43191	285	-106.0	106	43191	285	-106.0	106	43191	285	-106.0	106	43191	285	-106.0	106	43191	285	-106.0	106	43191	285	-106.0	106	43191	285	-106.0	106	43191	285	-106.0	106	43191	285	-106.0	106	43191	285	-106.0	106	43191	285	-106.0	106	43191	285	-106.0	106	43191	285	-106.0	106	43191	285	-106.0	106	43191
286	-107.0	107	43298	286	-107.0	107	43298	286	-107.0	107	43298	286	-107.0	107	43298	286	-107.0	107	43298	286	-107.0	107	43298	286	-107.0	107	43298	286	-107.0	107	43298	286	-107.0	107	43298	286	-107.0	107	43298	286	-107.0	107	43298	286	-107.0	107	43298	286	-107.0	107	43298	286	-107.0	107	43298	286	-107.0	107	43298	286	-107.0	107	43298	286	-107.0	107	43298	286	-107.0	107	43298	286	-107.0	107	43298	286	-107.0	107	43298
287	-107.0	107	43405	287	-107.0	107	43405	287	-107.0	107	43405	287	-107.0	107	43405	287	-107.0	107	43405	287	-107.0	107	43405	287	-107.0	107	43405	287	-107.0	107	43405	287	-107.0	107	43405	287	-107.0	107	43405	287	-107.0	107	43405	287	-107.0	107	43405	287	-107.0	107	43405	287	-107.0	107	43405	287	-107.0	107	43405	287	-107.0	107	43405	287	-107.0	107	43405	287	-107.0	107	43405	287	-107.0	107	43405	287	-107.0	107	43405
288	-109.0	109	43514	288	-109.0	109	43514	288	-109.0	109	43514	288	-109.0	109	43514	288	-109.0	109	43514	288	-109.0	109	43514	288	-109.0	109	43514	288	-109.0	109	43514	288	-109.0	109	43514	288	-109.0	109	43514	288	-109.0	109	43514	288	-109.0	109	43514	288	-109.0	109	43514	288	-109.0	109	43514	288	-109.0	109	43514	288	-109.0	109	43514	288	-109.0	109	43514	288	-109.0	109	43514	288	-109.0	109	43514	288	-109.0	109	43514
289	-115.0	115	43629	289	-115.0	115	43629	289	-115.0	115	43629	289	-115.0	115	43629	289	-115.0	115	43629	289	-115.0	115	43629	289	-115.0	115	43629	289	-115.0	115	43629	289	-115.0	115	43629	289	-115.0	115	43629	289	-115.0	115	43629	289	-115.0	115	43629	289	-115.0	115	43629	289	-115.0	115	43629	289	-115.0	115	43629	289	-115.0	115	43629	289	-115.0	115	43629	289	-115.0	115	43629	289	-115.0	115	43629	289	-115.0	115	43629
290	-166.0	166	43795	290	-166.0	166	43795	290	-166.0	166	43795	290	-166.0	166	43795	290	-166.0	166	43795	290	-166.0	166	43795	290	-166.0	166	43795	290	-166.0	166	43795	290	-166.0	166	43795	290	-166.0	166	43795	290	-166.0	166	43795	290	-166.0	166	43795	290	-166.0	166	43795	290	-166.0	166	43795	290	-166.0	166	43795	290	-166.0	166	43795	290	-166.0	166	43795	290	-166.0	166	43795	290	-166.0	166	43795	290	-166.0	166	43795
291	-129.0	129	43924	291	-129.0	129	43924	291	-129.0	129	43924	291	-129.0	129	43924	291	-129.0	129	43924	291	-129.0	129	43924	291	-129.0	129	43924	291	-129.0	129	43924	291	-129.0	129	43924	291	-129.0	129	43924	291	-129.0	129	43924	291	-129.0	129	43924	291	-129.0	129	43924	291	-129.0	129	43924	291	-129.0	129	43924	291	-129.0	129	43924	291	-129.0	129	43924	291	-129.0	129	43924	291	-129.0	129	43924	291	-129.0	129	43924
292	-127.0	127	44051	292	-127.0	127	44051	292	-127.0	127	44051	292	-127.0	127	44051	292	-127.0	127	44051	292	-127.0	127	44051	292	-127.0	127	44051	292	-127.0	127	44051	292	-127.0	127	44051	292	-127.0	127	44051	292	-127.0	127	44051	292	-127.0	127	44051	292	-127.0	127	44051	292	-127.0	127	44051	292	-127.0	127	44051	292	-127.0	127	44051	292	-127.0	127	44051	292	-127.0	127	44051	292	-127.0	127	44051	292	-127.0	127	44051
293	-134.0	134	44185	293	-134.0	134	44185	293	-134.0	134	44185	293	-134.0	134	44185	293	-134.0	134	44185	293	-134.0	134	44185	293	-134.0	134	44185	293	-134.0	134	44185	293	-134.0	134	44185	293	-134.0	134	44185	293	-134.0	134	44185	293	-134.0	134	44185	293	-134.0	134	44185	293	-134.0	134	44185	293	-134.0	134	44185	293	-134.0	134	44185	293	-134.0	134	44185	293	-134.0	134	44185	293	-134.0	134	44185	293	-134.0	134	44185
294	-108.0	108	44293	294	-108.0	108	44293	294	-108.0	108	44293	294	-108.0	108	44293	294	-108.0	108	44293	294	-108.0	108	44293	294	-108.0	108	44293	294	-108.0	108	44293	294	-108.0	108	44293	294	-108.0	108	44293	294	-108.0	108	44293	294	-108.0	108	44293	294	-108.0	108	44293	294	-108.0	108	44293	294	-108.0	108	44293	294	-108.0	108	44293	294	-108.0	108	44293	294	-108.0	108	44293	294	-108.0	108	44293	294	-108.0	108	44293
295	-109.0	109	44402	295	-109.0	109	44402	295	-109.0	109	44402	295	-109.0	109	44402	295	-109.0	109	44402	295	-109.0	109	44402	295	-109.0	109	44402	295	-109.0	109	44402	295	-109.0	109	44402	295	-109.0	109	44402	295	-109.0	109	44402	295	-109.0	109	44402	295	-109.0	109	44402	295	-109.0	109	44402	295	-109.0	109	44402	295	-109.0	109	44402	295	-109.0	109	44402	295	-109.0	109	44402	295	-109.0	109	44402	295	-109.0	109	44402
296	-109.0	109	44511	296	-109.0	109	44511	296	-109.0	109	44511	296	-109.0	109	44511	296	-109.0	109	44511	296	-109.0	109	44511	296	-109.0	109	44511	296	-109.0	109	44511	296	-109.0	109	44511	296	-109.0	109	44511	296	-109.0	109	44511	296	-109.0	109	44511	296	-109.0	109	44511	296	-109.0	109	44511	296	-109.0	109	44511	296	-109.0	109	44511	296	-109.0	109	44511	296	-109.0	109	44511	296	-109.0	109	44511	296	-109.0	109	44511
297	-168.0	168	44679	297	-168.0	168	44679	297	-168.0	168	44679	297	-168.0	168	44679	297	-168.0	168	44679	297	-168.0	168	44679	297	-168.0	168	44679	297	-168.0	168	44679	297	-168.0	168	44679	297	-168.0	168	44679	297	-168.0	168	44679	297	-168.0	168	44679	297	-168.0	168	44679	297	-168.0	168	44679	297	-168.0	168	44679	297	-168.0	168	44679	297	-168.0	168	44679	297	-168.0	168	44679	297	-168.0	168	44679	297	-168.0	168	44679
298	-110.0	110	44789	298	-110.0	110	44789	298	-110.0	110	44789	298	-110.0	110	44789	298	-110.0	110	44789	298	-110.0	110	44789	298	-110.0	110	44789	298	-110.0	110	44789	298	-110.0	110	44789	298	-110.0	110	44789	298	-110.0	110	44789	298	-110.0	110	44789	298	-110.0	110	44789	298	-110.0	110	44789	298	-110.0	110	44789	298	-110.0	110	44789	298	-110.0	110	44789	298	-110.0	110	44789	298	-110.0	110	44789	298	-110.0	110	44789
299	-133.0	133	44922	299	-133.0	133	44922	299	-133.0	133	44922	299	-133.0	133	44922	299	-133.0	133	44922	299	-133.0	133	44922	299	-133.0	133	44922	299	-133.0	133	44922	299	-133.0	133	44922	299	-133.0	133	44922	299	-133.0	133	44922	299	-133.0	133	44922	299	-133.0	133	44922	299	-133.0	133	44922	299	-133.0	133	44922	299	-133.0	133	44922	299	-133.0	133	44922	299	-133.0	133	44922	299	-133.0	133	44922	299	-133.0	133	44922
