Episode	Accumulated Reward	Length	Steps	Episode	Accumulated Reward	Length	Steps	Episode	Accumulated Reward	Length	Steps	Episode	Accumulated Reward	Length	Steps	Episode	Accumulated Reward	Length	Steps	Episode	Accumulated Reward	Length	Steps	Episode	Accumulated Reward	Length	Steps	Episode	Accumulated Reward	Length	Steps	Episode	Accumulated Reward	Length	Steps	Episode	Accumulated Reward	Length	Steps	Episode	Accumulated Reward	Length	Steps	Episode	Accumulated Reward	Length	Steps	Episode	Accumulated Reward	Length	Steps	Episode	Accumulated Reward	Length	Steps	Episode	Accumulated Reward	Length	Steps	Episode	Accumulated Reward	Length	Steps	Episode	Accumulated Reward	Length	Steps	Episode	Accumulated Reward	Length	Steps	Episode	Accumulated Reward	Length	Steps
0	-500.0	500	500	0	-500.0	500	500	0	-500.0	500	500	0	-500.0	500	500	0	-500.0	500	500	0	-500.0	500	500	0	-500.0	500	500	0	-500.0	500	500	0	-500.0	500	500	0	-500.0	500	500	0	-500.0	500	500	0	-500.0	500	500	0	-500.0	500	500	0	-500.0	500	500	0	-500.0	500	500	0	-500.0	500	500	0	-500.0	500	500	0	-500.0	500	500	0	-500.0	500	500
1	-500.0	500	1000	1	-500.0	500	1000	1	-500.0	500	1000	1	-500.0	500	1000	1	-500.0	500	1000	1	-500.0	500	1000	1	-500.0	500	1000	1	-500.0	500	1000	1	-500.0	500	1000	1	-500.0	500	1000	1	-500.0	500	1000	1	-500.0	500	1000	1	-500.0	500	1000	1	-500.0	500	1000	1	-500.0	500	1000	1	-500.0	500	1000	1	-500.0	500	1000	1	-500.0	500	1000	1	-500.0	500	1000
2	-500.0	500	1500	2	-500.0	500	1500	2	-500.0	500	1500	2	-500.0	500	1500	2	-500.0	500	1500	2	-500.0	500	1500	2	-500.0	500	1500	2	-500.0	500	1500	2	-500.0	500	1500	2	-500.0	500	1500	2	-500.0	500	1500	2	-500.0	500	1500	2	-500.0	500	1500	2	-500.0	500	1500	2	-500.0	500	1500	2	-500.0	500	1500	2	-500.0	500	1500	2	-500.0	500	1500	2	-500.0	500	1500
3	-488.0	488	1988	3	-488.0	488	1988	3	-488.0	488	1988	3	-488.0	488	1988	3	-488.0	488	1988	3	-488.0	488	1988	3	-488.0	488	1988	3	-488.0	488	1988	3	-488.0	488	1988	3	-488.0	488	1988	3	-488.0	488	1988	3	-488.0	488	1988	3	-488.0	488	1988	3	-488.0	488	1988	3	-488.0	488	1988	3	-488.0	488	1988	3	-488.0	488	1988	3	-488.0	488	1988	3	-488.0	488	1988
4	-340.0	340	2328	4	-340.0	340	2328	4	-340.0	340	2328	4	-340.0	340	2328	4	-340.0	340	2328	4	-340.0	340	2328	4	-340.0	340	2328	4	-340.0	340	2328	4	-340.0	340	2328	4	-340.0	340	2328	4	-340.0	340	2328	4	-340.0	340	2328	4	-340.0	340	2328	4	-340.0	340	2328	4	-340.0	340	2328	4	-340.0	340	2328	4	-340.0	340	2328	4	-340.0	340	2328	4	-340.0	340	2328
5	-467.0	467	2795	5	-467.0	467	2795	5	-467.0	467	2795	5	-467.0	467	2795	5	-467.0	467	2795	5	-467.0	467	2795	5	-467.0	467	2795	5	-467.0	467	2795	5	-467.0	467	2795	5	-467.0	467	2795	5	-467.0	467	2795	5	-467.0	467	2795	5	-467.0	467	2795	5	-467.0	467	2795	5	-467.0	467	2795	5	-467.0	467	2795	5	-467.0	467	2795	5	-467.0	467	2795	5	-467.0	467	2795
6	-261.0	261	3056	6	-261.0	261	3056	6	-261.0	261	3056	6	-261.0	261	3056	6	-261.0	261	3056	6	-261.0	261	3056	6	-261.0	261	3056	6	-261.0	261	3056	6	-261.0	261	3056	6	-261.0	261	3056	6	-261.0	261	3056	6	-261.0	261	3056	6	-261.0	261	3056	6	-261.0	261	3056	6	-261.0	261	3056	6	-261.0	261	3056	6	-261.0	261	3056	6	-261.0	261	3056	6	-261.0	261	3056
7	-327.0	327	3383	7	-327.0	327	3383	7	-327.0	327	3383	7	-327.0	327	3383	7	-327.0	327	3383	7	-327.0	327	3383	7	-327.0	327	3383	7	-327.0	327	3383	7	-327.0	327	3383	7	-327.0	327	3383	7	-327.0	327	3383	7	-327.0	327	3383	7	-327.0	327	3383	7	-327.0	327	3383	7	-327.0	327	3383	7	-327.0	327	3383	7	-327.0	327	3383	7	-327.0	327	3383	7	-327.0	327	3383
8	-408.0	408	3791	8	-408.0	408	3791	8	-408.0	408	3791	8	-408.0	408	3791	8	-408.0	408	3791	8	-408.0	408	3791	8	-408.0	408	3791	8	-408.0	408	3791	8	-408.0	408	3791	8	-408.0	408	3791	8	-408.0	408	3791	8	-408.0	408	3791	8	-408.0	408	3791	8	-408.0	408	3791	8	-408.0	408	3791	8	-408.0	408	3791	8	-408.0	408	3791	8	-408.0	408	3791	8	-408.0	408	3791
9	-168.0	168	3959	9	-168.0	168	3959	9	-168.0	168	3959	9	-168.0	168	3959	9	-168.0	168	3959	9	-168.0	168	3959	9	-168.0	168	3959	9	-168.0	168	3959	9	-168.0	168	3959	9	-168.0	168	3959	9	-168.0	168	3959	9	-168.0	168	3959	9	-168.0	168	3959	9	-168.0	168	3959	9	-168.0	168	3959	9	-168.0	168	3959	9	-168.0	168	3959	9	-168.0	168	3959	9	-168.0	168	3959
10	-248.0	248	4207	10	-248.0	248	4207	10	-248.0	248	4207	10	-248.0	248	4207	10	-248.0	248	4207	10	-248.0	248	4207	10	-248.0	248	4207	10	-248.0	248	4207	10	-248.0	248	4207	10	-248.0	248	4207	10	-248.0	248	4207	10	-248.0	248	4207	10	-248.0	248	4207	10	-248.0	248	4207	10	-248.0	248	4207	10	-248.0	248	4207	10	-248.0	248	4207	10	-248.0	248	4207	10	-248.0	248	4207
11	-155.0	155	4362	11	-155.0	155	4362	11	-155.0	155	4362	11	-155.0	155	4362	11	-155.0	155	4362	11	-155.0	155	4362	11	-155.0	155	4362	11	-155.0	155	4362	11	-155.0	155	4362	11	-155.0	155	4362	11	-155.0	155	4362	11	-155.0	155	4362	11	-155.0	155	4362	11	-155.0	155	4362	11	-155.0	155	4362	11	-155.0	155	4362	11	-155.0	155	4362	11	-155.0	155	4362	11	-155.0	155	4362
12	-240.0	240	4602	12	-240.0	240	4602	12	-240.0	240	4602	12	-240.0	240	4602	12	-240.0	240	4602	12	-240.0	240	4602	12	-240.0	240	4602	12	-240.0	240	4602	12	-240.0	240	4602	12	-240.0	240	4602	12	-240.0	240	4602	12	-240.0	240	4602	12	-240.0	240	4602	12	-240.0	240	4602	12	-240.0	240	4602	12	-240.0	240	4602	12	-240.0	240	4602	12	-240.0	240	4602	12	-240.0	240	4602
13	-235.0	235	4837	13	-235.0	235	4837	13	-235.0	235	4837	13	-235.0	235	4837	13	-235.0	235	4837	13	-235.0	235	4837	13	-235.0	235	4837	13	-235.0	235	4837	13	-235.0	235	4837	13	-235.0	235	4837	13	-235.0	235	4837	13	-235.0	235	4837	13	-235.0	235	4837	13	-235.0	235	4837	13	-235.0	235	4837	13	-235.0	235	4837	13	-235.0	235	4837	13	-235.0	235	4837	13	-235.0	235	4837
14	-306.0	306	5143	14	-306.0	306	5143	14	-306.0	306	5143	14	-306.0	306	5143	14	-306.0	306	5143	14	-306.0	306	5143	14	-306.0	306	5143	14	-306.0	306	5143	14	-306.0	306	5143	14	-306.0	306	5143	14	-306.0	306	5143	14	-306.0	306	5143	14	-306.0	306	5143	14	-306.0	306	5143	14	-306.0	306	5143	14	-306.0	306	5143	14	-306.0	306	5143	14	-306.0	306	5143	14	-306.0	306	5143
15	-226.0	226	5369	15	-226.0	226	5369	15	-226.0	226	5369	15	-226.0	226	5369	15	-226.0	226	5369	15	-226.0	226	5369	15	-226.0	226	5369	15	-226.0	226	5369	15	-226.0	226	5369	15	-226.0	226	5369	15	-226.0	226	5369	15	-226.0	226	5369	15	-226.0	226	5369	15	-226.0	226	5369	15	-226.0	226	5369	15	-226.0	226	5369	15	-226.0	226	5369	15	-226.0	226	5369	15	-226.0	226	5369
16	-211.0	211	5580	16	-211.0	211	5580	16	-211.0	211	5580	16	-211.0	211	5580	16	-211.0	211	5580	16	-211.0	211	5580	16	-211.0	211	5580	16	-211.0	211	5580	16	-211.0	211	5580	16	-211.0	211	5580	16	-211.0	211	5580	16	-211.0	211	5580	16	-211.0	211	5580	16	-211.0	211	5580	16	-211.0	211	5580	16	-211.0	211	5580	16	-211.0	211	5580	16	-211.0	211	5580	16	-211.0	211	5580
17	-212.0	212	5792	17	-212.0	212	5792	17	-212.0	212	5792	17	-212.0	212	5792	17	-212.0	212	5792	17	-212.0	212	5792	17	-212.0	212	5792	17	-212.0	212	5792	17	-212.0	212	5792	17	-212.0	212	5792	17	-212.0	212	5792	17	-212.0	212	5792	17	-212.0	212	5792	17	-212.0	212	5792	17	-212.0	212	5792	17	-212.0	212	5792	17	-212.0	212	5792	17	-212.0	212	5792	17	-212.0	212	5792
18	-223.0	223	6015	18	-223.0	223	6015	18	-223.0	223	6015	18	-223.0	223	6015	18	-223.0	223	6015	18	-223.0	223	6015	18	-223.0	223	6015	18	-223.0	223	6015	18	-223.0	223	6015	18	-223.0	223	6015	18	-223.0	223	6015	18	-223.0	223	6015	18	-223.0	223	6015	18	-223.0	223	6015	18	-223.0	223	6015	18	-223.0	223	6015	18	-223.0	223	6015	18	-223.0	223	6015	18	-223.0	223	6015
19	-187.0	187	6202	19	-187.0	187	6202	19	-187.0	187	6202	19	-187.0	187	6202	19	-187.0	187	6202	19	-187.0	187	6202	19	-187.0	187	6202	19	-187.0	187	6202	19	-187.0	187	6202	19	-187.0	187	6202	19	-187.0	187	6202	19	-187.0	187	6202	19	-187.0	187	6202	19	-187.0	187	6202	19	-187.0	187	6202	19	-187.0	187	6202	19	-187.0	187	6202	19	-187.0	187	6202	19	-187.0	187	6202
20	-176.0	176	6378	20	-176.0	176	6378	20	-176.0	176	6378	20	-176.0	176	6378	20	-176.0	176	6378	20	-176.0	176	6378	20	-176.0	176	6378	20	-176.0	176	6378	20	-176.0	176	6378	20	-176.0	176	6378	20	-176.0	176	6378	20	-176.0	176	6378	20	-176.0	176	6378	20	-176.0	176	6378	20	-176.0	176	6378	20	-176.0	176	6378	20	-176.0	176	6378	20	-176.0	176	6378	20	-176.0	176	6378
21	-182.0	182	6560	21	-182.0	182	6560	21	-182.0	182	6560	21	-182.0	182	6560	21	-182.0	182	6560	21	-182.0	182	6560	21	-182.0	182	6560	21	-182.0	182	6560	21	-182.0	182	6560	21	-182.0	182	6560	21	-182.0	182	6560	21	-182.0	182	6560	21	-182.0	182	6560	21	-182.0	182	6560	21	-182.0	182	6560	21	-182.0	182	6560	21	-182.0	182	6560	21	-182.0	182	6560	21	-182.0	182	6560
22	-153.0	153	6713	22	-153.0	153	6713	22	-153.0	153	6713	22	-153.0	153	6713	22	-153.0	153	6713	22	-153.0	153	6713	22	-153.0	153	6713	22	-153.0	153	6713	22	-153.0	153	6713	22	-153.0	153	6713	22	-153.0	153	6713	22	-153.0	153	6713	22	-153.0	153	6713	22	-153.0	153	6713	22	-153.0	153	6713	22	-153.0	153	6713	22	-153.0	153	6713	22	-153.0	153	6713	22	-153.0	153	6713
23	-177.0	177	6890	23	-177.0	177	6890	23	-177.0	177	6890	23	-177.0	177	6890	23	-177.0	177	6890	23	-177.0	177	6890	23	-177.0	177	6890	23	-177.0	177	6890	23	-177.0	177	6890	23	-177.0	177	6890	23	-177.0	177	6890	23	-177.0	177	6890	23	-177.0	177	6890	23	-177.0	177	6890	23	-177.0	177	6890	23	-177.0	177	6890	23	-177.0	177	6890	23	-177.0	177	6890	23	-177.0	177	6890
24	-192.0	192	7082	24	-192.0	192	7082	24	-192.0	192	7082	24	-192.0	192	7082	24	-192.0	192	7082	24	-192.0	192	7082	24	-192.0	192	7082	24	-192.0	192	7082	24	-192.0	192	7082	24	-192.0	192	7082	24	-192.0	192	7082	24	-192.0	192	7082	24	-192.0	192	7082	24	-192.0	192	7082	24	-192.0	192	7082	24	-192.0	192	7082	24	-192.0	192	7082	24	-192.0	192	7082	24	-192.0	192	7082
25	-189.0	189	7271	25	-189.0	189	7271	25	-189.0	189	7271	25	-189.0	189	7271	25	-189.0	189	7271	25	-189.0	189	7271	25	-189.0	189	7271	25	-189.0	189	7271	25	-189.0	189	7271	25	-189.0	189	7271	25	-189.0	189	7271	25	-189.0	189	7271	25	-189.0	189	7271	25	-189.0	189	7271	25	-189.0	189	7271	25	-189.0	189	7271	25	-189.0	189	7271	25	-189.0	189	7271	25	-189.0	189	7271
26	-199.0	199	7470	26	-199.0	199	7470	26	-199.0	199	7470	26	-199.0	199	7470	26	-199.0	199	7470	26	-199.0	199	7470	26	-199.0	199	7470	26	-199.0	199	7470	26	-199.0	199	7470	26	-199.0	199	7470	26	-199.0	199	7470	26	-199.0	199	7470	26	-199.0	199	7470	26	-199.0	199	7470	26	-199.0	199	7470	26	-199.0	199	7470	26	-199.0	199	7470	26	-199.0	199	7470	26	-199.0	199	7470
27	-158.0	158	7628	27	-158.0	158	7628	27	-158.0	158	7628	27	-158.0	158	7628	27	-158.0	158	7628	27	-158.0	158	7628	27	-158.0	158	7628	27	-158.0	158	7628	27	-158.0	158	7628	27	-158.0	158	7628	27	-158.0	158	7628	27	-158.0	158	7628	27	-158.0	158	7628	27	-158.0	158	7628	27	-158.0	158	7628	27	-158.0	158	7628	27	-158.0	158	7628	27	-158.0	158	7628	27	-158.0	158	7628
28	-197.0	197	7825	28	-197.0	197	7825	28	-197.0	197	7825	28	-197.0	197	7825	28	-197.0	197	7825	28	-197.0	197	7825	28	-197.0	197	7825	28	-197.0	197	7825	28	-197.0	197	7825	28	-197.0	197	7825	28	-197.0	197	7825	28	-197.0	197	7825	28	-197.0	197	7825	28	-197.0	197	7825	28	-197.0	197	7825	28	-197.0	197	7825	28	-197.0	197	7825	28	-197.0	197	7825	28	-197.0	197	7825
29	-149.0	149	7974	29	-149.0	149	7974	29	-149.0	149	7974	29	-149.0	149	7974	29	-149.0	149	7974	29	-149.0	149	7974	29	-149.0	149	7974	29	-149.0	149	7974	29	-149.0	149	7974	29	-149.0	149	7974	29	-149.0	149	7974	29	-149.0	149	7974	29	-149.0	149	7974	29	-149.0	149	7974	29	-149.0	149	7974	29	-149.0	149	7974	29	-149.0	149	7974	29	-149.0	149	7974	29	-149.0	149	7974
30	-226.0	226	8200	30	-226.0	226	8200	30	-226.0	226	8200	30	-226.0	226	8200	30	-226.0	226	8200	30	-226.0	226	8200	30	-226.0	226	8200	30	-226.0	226	8200	30	-226.0	226	8200	30	-226.0	226	8200	30	-226.0	226	8200	30	-226.0	226	8200	30	-226.0	226	8200	30	-226.0	226	8200	30	-226.0	226	8200	30	-226.0	226	8200	30	-226.0	226	8200	30	-226.0	226	8200	30	-226.0	226	8200
31	-186.0	186	8386	31	-186.0	186	8386	31	-186.0	186	8386	31	-186.0	186	8386	31	-186.0	186	8386	31	-186.0	186	8386	31	-186.0	186	8386	31	-186.0	186	8386	31	-186.0	186	8386	31	-186.0	186	8386	31	-186.0	186	8386	31	-186.0	186	8386	31	-186.0	186	8386	31	-186.0	186	8386	31	-186.0	186	8386	31	-186.0	186	8386	31	-186.0	186	8386	31	-186.0	186	8386	31	-186.0	186	8386
32	-246.0	246	8632	32	-246.0	246	8632	32	-246.0	246	8632	32	-246.0	246	8632	32	-246.0	246	8632	32	-246.0	246	8632	32	-246.0	246	8632	32	-246.0	246	8632	32	-246.0	246	8632	32	-246.0	246	8632	32	-246.0	246	8632	32	-246.0	246	8632	32	-246.0	246	8632	32	-246.0	246	8632	32	-246.0	246	8632	32	-246.0	246	8632	32	-246.0	246	8632	32	-246.0	246	8632	32	-246.0	246	8632
33	-149.0	149	8781	33	-149.0	149	8781	33	-149.0	149	8781	33	-149.0	149	8781	33	-149.0	149	8781	33	-149.0	149	8781	33	-149.0	149	8781	33	-149.0	149	8781	33	-149.0	149	8781	33	-149.0	149	8781	33	-149.0	149	8781	33	-149.0	149	8781	33	-149.0	149	8781	33	-149.0	149	8781	33	-149.0	149	8781	33	-149.0	149	8781	33	-149.0	149	8781	33	-149.0	149	8781	33	-149.0	149	8781
34	-129.0	129	8910	34	-129.0	129	8910	34	-129.0	129	8910	34	-129.0	129	8910	34	-129.0	129	8910	34	-129.0	129	8910	34	-129.0	129	8910	34	-129.0	129	8910	34	-129.0	129	8910	34	-129.0	129	8910	34	-129.0	129	8910	34	-129.0	129	8910	34	-129.0	129	8910	34	-129.0	129	8910	34	-129.0	129	8910	34	-129.0	129	8910	34	-129.0	129	8910	34	-129.0	129	8910	34	-129.0	129	8910
35	-113.0	113	9023	35	-113.0	113	9023	35	-113.0	113	9023	35	-113.0	113	9023	35	-113.0	113	9023	35	-113.0	113	9023	35	-113.0	113	9023	35	-113.0	113	9023	35	-113.0	113	9023	35	-113.0	113	9023	35	-113.0	113	9023	35	-113.0	113	9023	35	-113.0	113	9023	35	-113.0	113	9023	35	-113.0	113	9023	35	-113.0	113	9023	35	-113.0	113	9023	35	-113.0	113	9023	35	-113.0	113	9023
36	-147.0	147	9170	36	-147.0	147	9170	36	-147.0	147	9170	36	-147.0	147	9170	36	-147.0	147	9170	36	-147.0	147	9170	36	-147.0	147	9170	36	-147.0	147	9170	36	-147.0	147	9170	36	-147.0	147	9170	36	-147.0	147	9170	36	-147.0	147	9170	36	-147.0	147	9170	36	-147.0	147	9170	36	-147.0	147	9170	36	-147.0	147	9170	36	-147.0	147	9170	36	-147.0	147	9170	36	-147.0	147	9170
37	-113.0	113	9283	37	-113.0	113	9283	37	-113.0	113	9283	37	-113.0	113	9283	37	-113.0	113	9283	37	-113.0	113	9283	37	-113.0	113	9283	37	-113.0	113	9283	37	-113.0	113	9283	37	-113.0	113	9283	37	-113.0	113	9283	37	-113.0	113	9283	37	-113.0	113	9283	37	-113.0	113	9283	37	-113.0	113	9283	37	-113.0	113	9283	37	-113.0	113	9283	37	-113.0	113	9283	37	-113.0	113	9283
38	-177.0	177	9460	38	-177.0	177	9460	38	-177.0	177	9460	38	-177.0	177	9460	38	-177.0	177	9460	38	-177.0	177	9460	38	-177.0	177	9460	38	-177.0	177	9460	38	-177.0	177	9460	38	-177.0	177	9460	38	-177.0	177	9460	38	-177.0	177	9460	38	-177.0	177	9460	38	-177.0	177	9460	38	-177.0	177	9460	38	-177.0	177	9460	38	-177.0	177	9460	38	-177.0	177	9460	38	-177.0	177	9460
39	-146.0	146	9606	39	-146.0	146	9606	39	-146.0	146	9606	39	-146.0	146	9606	39	-146.0	146	9606	39	-146.0	146	9606	39	-146.0	146	9606	39	-146.0	146	9606	39	-146.0	146	9606	39	-146.0	146	9606	39	-146.0	146	9606	39	-146.0	146	9606	39	-146.0	146	9606	39	-146.0	146	9606	39	-146.0	146	9606	39	-146.0	146	9606	39	-146.0	146	9606	39	-146.0	146	9606	39	-146.0	146	9606
40	-124.0	124	9730	40	-124.0	124	9730	40	-124.0	124	9730	40	-124.0	124	9730	40	-124.0	124	9730	40	-124.0	124	9730	40	-124.0	124	9730	40	-124.0	124	9730	40	-124.0	124	9730	40	-124.0	124	9730	40	-124.0	124	9730	40	-124.0	124	9730	40	-124.0	124	9730	40	-124.0	124	9730	40	-124.0	124	9730	40	-124.0	124	9730	40	-124.0	124	9730	40	-124.0	124	9730	40	-124.0	124	9730
41	-109.0	109	9839	41	-109.0	109	9839	41	-109.0	109	9839	41	-109.0	109	9839	41	-109.0	109	9839	41	-109.0	109	9839	41	-109.0	109	9839	41	-109.0	109	9839	41	-109.0	109	9839	41	-109.0	109	9839	41	-109.0	109	9839	41	-109.0	109	9839	41	-109.0	109	9839	41	-109.0	109	9839	41	-109.0	109	9839	41	-109.0	109	9839	41	-109.0	109	9839	41	-109.0	109	9839	41	-109.0	109	9839
42	-117.0	117	9956	42	-117.0	117	9956	42	-117.0	117	9956	42	-117.0	117	9956	42	-117.0	117	9956	42	-117.0	117	9956	42	-117.0	117	9956	42	-117.0	117	9956	42	-117.0	117	9956	42	-117.0	117	9956	42	-117.0	117	9956	42	-117.0	117	9956	42	-117.0	117	9956	42	-117.0	117	9956	42	-117.0	117	9956	42	-117.0	117	9956	42	-117.0	117	9956	42	-117.0	117	9956	42	-117.0	117	9956
43	-153.0	153	10109	43	-153.0	153	10109	43	-153.0	153	10109	43	-153.0	153	10109	43	-153.0	153	10109	43	-153.0	153	10109	43	-153.0	153	10109	43	-153.0	153	10109	43	-153.0	153	10109	43	-153.0	153	10109	43	-153.0	153	10109	43	-153.0	153	10109	43	-153.0	153	10109	43	-153.0	153	10109	43	-153.0	153	10109	43	-153.0	153	10109	43	-153.0	153	10109	43	-153.0	153	10109	43	-153.0	153	10109
44	-145.0	145	10254	44	-145.0	145	10254	44	-145.0	145	10254	44	-145.0	145	10254	44	-145.0	145	10254	44	-145.0	145	10254	44	-145.0	145	10254	44	-145.0	145	10254	44	-145.0	145	10254	44	-145.0	145	10254	44	-145.0	145	10254	44	-145.0	145	10254	44	-145.0	145	10254	44	-145.0	145	10254	44	-145.0	145	10254	44	-145.0	145	10254	44	-145.0	145	10254	44	-145.0	145	10254	44	-145.0	145	10254
45	-149.0	149	10403	45	-149.0	149	10403	45	-149.0	149	10403	45	-149.0	149	10403	45	-149.0	149	10403	45	-149.0	149	10403	45	-149.0	149	10403	45	-149.0	149	10403	45	-149.0	149	10403	45	-149.0	149	10403	45	-149.0	149	10403	45	-149.0	149	10403	45	-149.0	149	10403	45	-149.0	149	10403	45	-149.0	149	10403	45	-149.0	149	10403	45	-149.0	149	10403	45	-149.0	149	10403	45	-149.0	149	10403
46	-149.0	149	10552	46	-149.0	149	10552	46	-149.0	149	10552	46	-149.0	149	10552	46	-149.0	149	10552	46	-149.0	149	10552	46	-149.0	149	10552	46	-149.0	149	10552	46	-149.0	149	10552	46	-149.0	149	10552	46	-149.0	149	10552	46	-149.0	149	10552	46	-149.0	149	10552	46	-149.0	149	10552	46	-149.0	149	10552	46	-149.0	149	10552	46	-149.0	149	10552	46	-149.0	149	10552	46	-149.0	149	10552
47	-143.0	143	10695	47	-143.0	143	10695	47	-143.0	143	10695	47	-143.0	143	10695	47	-143.0	143	10695	47	-143.0	143	10695	47	-143.0	143	10695	47	-143.0	143	10695	47	-143.0	143	10695	47	-143.0	143	10695	47	-143.0	143	10695	47	-143.0	143	10695	47	-143.0	143	10695	47	-143.0	143	10695	47	-143.0	143	10695	47	-143.0	143	10695	47	-143.0	143	10695	47	-143.0	143	10695	47	-143.0	143	10695
48	-148.0	148	10843	48	-148.0	148	10843	48	-148.0	148	10843	48	-148.0	148	10843	48	-148.0	148	10843	48	-148.0	148	10843	48	-148.0	148	10843	48	-148.0	148	10843	48	-148.0	148	10843	48	-148.0	148	10843	48	-148.0	148	10843	48	-148.0	148	10843	48	-148.0	148	10843	48	-148.0	148	10843	48	-148.0	148	10843	48	-148.0	148	10843	48	-148.0	148	10843	48	-148.0	148	10843	48	-148.0	148	10843
49	-143.0	143	10986	49	-143.0	143	10986	49	-143.0	143	10986	49	-143.0	143	10986	49	-143.0	143	10986	49	-143.0	143	10986	49	-143.0	143	10986	49	-143.0	143	10986	49	-143.0	143	10986	49	-143.0	143	10986	49	-143.0	143	10986	49	-143.0	143	10986	49	-143.0	143	10986	49	-143.0	143	10986	49	-143.0	143	10986	49	-143.0	143	10986	49	-143.0	143	10986	49	-143.0	143	10986	49	-143.0	143	10986
50	-163.0	163	11149	50	-163.0	163	11149	50	-163.0	163	11149	50	-163.0	163	11149	50	-163.0	163	11149	50	-163.0	163	11149	50	-163.0	163	11149	50	-163.0	163	11149	50	-163.0	163	11149	50	-163.0	163	11149	50	-163.0	163	11149	50	-163.0	163	11149	50	-163.0	163	11149	50	-163.0	163	11149	50	-163.0	163	11149	50	-163.0	163	11149	50	-163.0	163	11149	50	-163.0	163	11149	50	-163.0	163	11149
51	-145.0	145	11294	51	-145.0	145	11294	51	-145.0	145	11294	51	-145.0	145	11294	51	-145.0	145	11294	51	-145.0	145	11294	51	-145.0	145	11294	51	-145.0	145	11294	51	-145.0	145	11294	51	-145.0	145	11294	51	-145.0	145	11294	51	-145.0	145	11294	51	-145.0	145	11294	51	-145.0	145	11294	51	-145.0	145	11294	51	-145.0	145	11294	51	-145.0	145	11294	51	-145.0	145	11294	51	-145.0	145	11294
52	-144.0	144	11438	52	-144.0	144	11438	52	-144.0	144	11438	52	-144.0	144	11438	52	-144.0	144	11438	52	-144.0	144	11438	52	-144.0	144	11438	52	-144.0	144	11438	52	-144.0	144	11438	52	-144.0	144	11438	52	-144.0	144	11438	52	-144.0	144	11438	52	-144.0	144	11438	52	-144.0	144	11438	52	-144.0	144	11438	52	-144.0	144	11438	52	-144.0	144	11438	52	-144.0	144	11438	52	-144.0	144	11438
53	-142.0	142	11580	53	-142.0	142	11580	53	-142.0	142	11580	53	-142.0	142	11580	53	-142.0	142	11580	53	-142.0	142	11580	53	-142.0	142	11580	53	-142.0	142	11580	53	-142.0	142	11580	53	-142.0	142	11580	53	-142.0	142	11580	53	-142.0	142	11580	53	-142.0	142	11580	53	-142.0	142	11580	53	-142.0	142	11580	53	-142.0	142	11580	53	-142.0	142	11580	53	-142.0	142	11580	53	-142.0	142	11580
54	-148.0	148	11728	54	-148.0	148	11728	54	-148.0	148	11728	54	-148.0	148	11728	54	-148.0	148	11728	54	-148.0	148	11728	54	-148.0	148	11728	54	-148.0	148	11728	54	-148.0	148	11728	54	-148.0	148	11728	54	-148.0	148	11728	54	-148.0	148	11728	54	-148.0	148	11728	54	-148.0	148	11728	54	-148.0	148	11728	54	-148.0	148	11728	54	-148.0	148	11728	54	-148.0	148	11728	54	-148.0	148	11728
55	-139.0	139	11867	55	-139.0	139	11867	55	-139.0	139	11867	55	-139.0	139	11867	55	-139.0	139	11867	55	-139.0	139	11867	55	-139.0	139	11867	55	-139.0	139	11867	55	-139.0	139	11867	55	-139.0	139	11867	55	-139.0	139	11867	55	-139.0	139	11867	55	-139.0	139	11867	55	-139.0	139	11867	55	-139.0	139	11867	55	-139.0	139	11867	55	-139.0	139	11867	55	-139.0	139	11867	55	-139.0	139	11867
56	-144.0	144	12011	56	-144.0	144	12011	56	-144.0	144	12011	56	-144.0	144	12011	56	-144.0	144	12011	56	-144.0	144	12011	56	-144.0	144	12011	56	-144.0	144	12011	56	-144.0	144	12011	56	-144.0	144	12011	56	-144.0	144	12011	56	-144.0	144	12011	56	-144.0	144	12011	56	-144.0	144	12011	56	-144.0	144	12011	56	-144.0	144	12011	56	-144.0	144	12011	56	-144.0	144	12011	56	-144.0	144	12011
57	-141.0	141	12152	57	-141.0	141	12152	57	-141.0	141	12152	57	-141.0	141	12152	57	-141.0	141	12152	57	-141.0	141	12152	57	-141.0	141	12152	57	-141.0	141	12152	57	-141.0	141	12152	57	-141.0	141	12152	57	-141.0	141	12152	57	-141.0	141	12152	57	-141.0	141	12152	57	-141.0	141	12152	57	-141.0	141	12152	57	-141.0	141	12152	57	-141.0	141	12152	57	-141.0	141	12152	57	-141.0	141	12152
58	-137.0	137	12289	58	-137.0	137	12289	58	-137.0	137	12289	58	-137.0	137	12289	58	-137.0	137	12289	58	-137.0	137	12289	58	-137.0	137	12289	58	-137.0	137	12289	58	-137.0	137	12289	58	-137.0	137	12289	58	-137.0	137	12289	58	-137.0	137	12289	58	-137.0	137	12289	58	-137.0	137	12289	58	-137.0	137	12289	58	-137.0	137	12289	58	-137.0	137	12289	58	-137.0	137	12289	58	-137.0	137	12289
59	-139.0	139	12428	59	-139.0	139	12428	59	-139.0	139	12428	59	-139.0	139	12428	59	-139.0	139	12428	59	-139.0	139	12428	59	-139.0	139	12428	59	-139.0	139	12428	59	-139.0	139	12428	59	-139.0	139	12428	59	-139.0	139	12428	59	-139.0	139	12428	59	-139.0	139	12428	59	-139.0	139	12428	59	-139.0	139	12428	59	-139.0	139	12428	59	-139.0	139	12428	59	-139.0	139	12428	59	-139.0	139	12428
60	-132.0	132	12560	60	-132.0	132	12560	60	-132.0	132	12560	60	-132.0	132	12560	60	-132.0	132	12560	60	-132.0	132	12560	60	-132.0	132	12560	60	-132.0	132	12560	60	-132.0	132	12560	60	-132.0	132	12560	60	-132.0	132	12560	60	-132.0	132	12560	60	-132.0	132	12560	60	-132.0	132	12560	60	-132.0	132	12560	60	-132.0	132	12560	60	-132.0	132	12560	60	-132.0	132	12560	60	-132.0	132	12560
61	-136.0	136	12696	61	-136.0	136	12696	61	-136.0	136	12696	61	-136.0	136	12696	61	-136.0	136	12696	61	-136.0	136	12696	61	-136.0	136	12696	61	-136.0	136	12696	61	-136.0	136	12696	61	-136.0	136	12696	61	-136.0	136	12696	61	-136.0	136	12696	61	-136.0	136	12696	61	-136.0	136	12696	61	-136.0	136	12696	61	-136.0	136	12696	61	-136.0	136	12696	61	-136.0	136	12696	61	-136.0	136	12696
62	-141.0	141	12837	62	-141.0	141	12837	62	-141.0	141	12837	62	-141.0	141	12837	62	-141.0	141	12837	62	-141.0	141	12837	62	-141.0	141	12837	62	-141.0	141	12837	62	-141.0	141	12837	62	-141.0	141	12837	62	-141.0	141	12837	62	-141.0	141	12837	62	-141.0	141	12837	62	-141.0	141	12837	62	-141.0	141	12837	62	-141.0	141	12837	62	-141.0	141	12837	62	-141.0	141	12837	62	-141.0	141	12837
63	-176.0	176	13013	63	-176.0	176	13013	63	-176.0	176	13013	63	-176.0	176	13013	63	-176.0	176	13013	63	-176.0	176	13013	63	-176.0	176	13013	63	-176.0	176	13013	63	-176.0	176	13013	63	-176.0	176	13013	63	-176.0	176	13013	63	-176.0	176	13013	63	-176.0	176	13013	63	-176.0	176	13013	63	-176.0	176	13013	63	-176.0	176	13013	63	-176.0	176	13013	63	-176.0	176	13013	63	-176.0	176	13013
64	-143.0	143	13156	64	-143.0	143	13156	64	-143.0	143	13156	64	-143.0	143	13156	64	-143.0	143	13156	64	-143.0	143	13156	64	-143.0	143	13156	64	-143.0	143	13156	64	-143.0	143	13156	64	-143.0	143	13156	64	-143.0	143	13156	64	-143.0	143	13156	64	-143.0	143	13156	64	-143.0	143	13156	64	-143.0	143	13156	64	-143.0	143	13156	64	-143.0	143	13156	64	-143.0	143	13156	64	-143.0	143	13156
65	-182.0	182	13338	65	-182.0	182	13338	65	-182.0	182	13338	65	-182.0	182	13338	65	-182.0	182	13338	65	-182.0	182	13338	65	-182.0	182	13338	65	-182.0	182	13338	65	-182.0	182	13338	65	-182.0	182	13338	65	-182.0	182	13338	65	-182.0	182	13338	65	-182.0	182	13338	65	-182.0	182	13338	65	-182.0	182	13338	65	-182.0	182	13338	65	-182.0	182	13338	65	-182.0	182	13338	65	-182.0	182	13338
66	-179.0	179	13517	66	-179.0	179	13517	66	-179.0	179	13517	66	-179.0	179	13517	66	-179.0	179	13517	66	-179.0	179	13517	66	-179.0	179	13517	66	-179.0	179	13517	66	-179.0	179	13517	66	-179.0	179	13517	66	-179.0	179	13517	66	-179.0	179	13517	66	-179.0	179	13517	66	-179.0	179	13517	66	-179.0	179	13517	66	-179.0	179	13517	66	-179.0	179	13517	66	-179.0	179	13517	66	-179.0	179	13517
67	-192.0	192	13709	67	-192.0	192	13709	67	-192.0	192	13709	67	-192.0	192	13709	67	-192.0	192	13709	67	-192.0	192	13709	67	-192.0	192	13709	67	-192.0	192	13709	67	-192.0	192	13709	67	-192.0	192	13709	67	-192.0	192	13709	67	-192.0	192	13709	67	-192.0	192	13709	67	-192.0	192	13709	67	-192.0	192	13709	67	-192.0	192	13709	67	-192.0	192	13709	67	-192.0	192	13709	67	-192.0	192	13709
68	-185.0	185	13894	68	-185.0	185	13894	68	-185.0	185	13894	68	-185.0	185	13894	68	-185.0	185	13894	68	-185.0	185	13894	68	-185.0	185	13894	68	-185.0	185	13894	68	-185.0	185	13894	68	-185.0	185	13894	68	-185.0	185	13894	68	-185.0	185	13894	68	-185.0	185	13894	68	-185.0	185	13894	68	-185.0	185	13894	68	-185.0	185	13894	68	-185.0	185	13894	68	-185.0	185	13894	68	-185.0	185	13894
69	-183.0	183	14077	69	-183.0	183	14077	69	-183.0	183	14077	69	-183.0	183	14077	69	-183.0	183	14077	69	-183.0	183	14077	69	-183.0	183	14077	69	-183.0	183	14077	69	-183.0	183	14077	69	-183.0	183	14077	69	-183.0	183	14077	69	-183.0	183	14077	69	-183.0	183	14077	69	-183.0	183	14077	69	-183.0	183	14077	69	-183.0	183	14077	69	-183.0	183	14077	69	-183.0	183	14077	69	-183.0	183	14077
70	-182.0	182	14259	70	-182.0	182	14259	70	-182.0	182	14259	70	-182.0	182	14259	70	-182.0	182	14259	70	-182.0	182	14259	70	-182.0	182	14259	70	-182.0	182	14259	70	-182.0	182	14259	70	-182.0	182	14259	70	-182.0	182	14259	70	-182.0	182	14259	70	-182.0	182	14259	70	-182.0	182	14259	70	-182.0	182	14259	70	-182.0	182	14259	70	-182.0	182	14259	70	-182.0	182	14259	70	-182.0	182	14259
71	-154.0	154	14413	71	-154.0	154	14413	71	-154.0	154	14413	71	-154.0	154	14413	71	-154.0	154	14413	71	-154.0	154	14413	71	-154.0	154	14413	71	-154.0	154	14413	71	-154.0	154	14413	71	-154.0	154	14413	71	-154.0	154	14413	71	-154.0	154	14413	71	-154.0	154	14413	71	-154.0	154	14413	71	-154.0	154	14413	71	-154.0	154	14413	71	-154.0	154	14413	71	-154.0	154	14413	71	-154.0	154	14413
72	-151.0	151	14564	72	-151.0	151	14564	72	-151.0	151	14564	72	-151.0	151	14564	72	-151.0	151	14564	72	-151.0	151	14564	72	-151.0	151	14564	72	-151.0	151	14564	72	-151.0	151	14564	72	-151.0	151	14564	72	-151.0	151	14564	72	-151.0	151	14564	72	-151.0	151	14564	72	-151.0	151	14564	72	-151.0	151	14564	72	-151.0	151	14564	72	-151.0	151	14564	72	-151.0	151	14564	72	-151.0	151	14564
73	-143.0	143	14707	73	-143.0	143	14707	73	-143.0	143	14707	73	-143.0	143	14707	73	-143.0	143	14707	73	-143.0	143	14707	73	-143.0	143	14707	73	-143.0	143	14707	73	-143.0	143	14707	73	-143.0	143	14707	73	-143.0	143	14707	73	-143.0	143	14707	73	-143.0	143	14707	73	-143.0	143	14707	73	-143.0	143	14707	73	-143.0	143	14707	73	-143.0	143	14707	73	-143.0	143	14707	73	-143.0	143	14707
74	-144.0	144	14851	74	-144.0	144	14851	74	-144.0	144	14851	74	-144.0	144	14851	74	-144.0	144	14851	74	-144.0	144	14851	74	-144.0	144	14851	74	-144.0	144	14851	74	-144.0	144	14851	74	-144.0	144	14851	74	-144.0	144	14851	74	-144.0	144	14851	74	-144.0	144	14851	74	-144.0	144	14851	74	-144.0	144	14851	74	-144.0	144	14851	74	-144.0	144	14851	74	-144.0	144	14851	74	-144.0	144	14851
75	-143.0	143	14994	75	-143.0	143	14994	75	-143.0	143	14994	75	-143.0	143	14994	75	-143.0	143	14994	75	-143.0	143	14994	75	-143.0	143	14994	75	-143.0	143	14994	75	-143.0	143	14994	75	-143.0	143	14994	75	-143.0	143	14994	75	-143.0	143	14994	75	-143.0	143	14994	75	-143.0	143	14994	75	-143.0	143	14994	75	-143.0	143	14994	75	-143.0	143	14994	75	-143.0	143	14994	75	-143.0	143	14994
76	-140.0	140	15134	76	-140.0	140	15134	76	-140.0	140	15134	76	-140.0	140	15134	76	-140.0	140	15134	76	-140.0	140	15134	76	-140.0	140	15134	76	-140.0	140	15134	76	-140.0	140	15134	76	-140.0	140	15134	76	-140.0	140	15134	76	-140.0	140	15134	76	-140.0	140	15134	76	-140.0	140	15134	76	-140.0	140	15134	76	-140.0	140	15134	76	-140.0	140	15134	76	-140.0	140	15134	76	-140.0	140	15134
77	-150.0	150	15284	77	-150.0	150	15284	77	-150.0	150	15284	77	-150.0	150	15284	77	-150.0	150	15284	77	-150.0	150	15284	77	-150.0	150	15284	77	-150.0	150	15284	77	-150.0	150	15284	77	-150.0	150	15284	77	-150.0	150	15284	77	-150.0	150	15284	77	-150.0	150	15284	77	-150.0	150	15284	77	-150.0	150	15284	77	-150.0	150	15284	77	-150.0	150	15284	77	-150.0	150	15284	77	-150.0	150	15284
78	-116.0	116	15400	78	-116.0	116	15400	78	-116.0	116	15400	78	-116.0	116	15400	78	-116.0	116	15400	78	-116.0	116	15400	78	-116.0	116	15400	78	-116.0	116	15400	78	-116.0	116	15400	78	-116.0	116	15400	78	-116.0	116	15400	78	-116.0	116	15400	78	-116.0	116	15400	78	-116.0	116	15400	78	-116.0	116	15400	78	-116.0	116	15400	78	-116.0	116	15400	78	-116.0	116	15400	78	-116.0	116	15400
79	-152.0	152	15552	79	-152.0	152	15552	79	-152.0	152	15552	79	-152.0	152	15552	79	-152.0	152	15552	79	-152.0	152	15552	79	-152.0	152	15552	79	-152.0	152	15552	79	-152.0	152	15552	79	-152.0	152	15552	79	-152.0	152	15552	79	-152.0	152	15552	79	-152.0	152	15552	79	-152.0	152	15552	79	-152.0	152	15552	79	-152.0	152	15552	79	-152.0	152	15552	79	-152.0	152	15552	79	-152.0	152	15552
80	-155.0	155	15707	80	-155.0	155	15707	80	-155.0	155	15707	80	-155.0	155	15707	80	-155.0	155	15707	80	-155.0	155	15707	80	-155.0	155	15707	80	-155.0	155	15707	80	-155.0	155	15707	80	-155.0	155	15707	80	-155.0	155	15707	80	-155.0	155	15707	80	-155.0	155	15707	80	-155.0	155	15707	80	-155.0	155	15707	80	-155.0	155	15707	80	-155.0	155	15707	80	-155.0	155	15707	80	-155.0	155	15707
81	-144.0	144	15851	81	-144.0	144	15851	81	-144.0	144	15851	81	-144.0	144	15851	81	-144.0	144	15851	81	-144.0	144	15851	81	-144.0	144	15851	81	-144.0	144	15851	81	-144.0	144	15851	81	-144.0	144	15851	81	-144.0	144	15851	81	-144.0	144	15851	81	-144.0	144	15851	81	-144.0	144	15851	81	-144.0	144	15851	81	-144.0	144	15851	81	-144.0	144	15851	81	-144.0	144	15851	81	-144.0	144	15851
82	-146.0	146	15997	82	-146.0	146	15997	82	-146.0	146	15997	82	-146.0	146	15997	82	-146.0	146	15997	82	-146.0	146	15997	82	-146.0	146	15997	82	-146.0	146	15997	82	-146.0	146	15997	82	-146.0	146	15997	82	-146.0	146	15997	82	-146.0	146	15997	82	-146.0	146	15997	82	-146.0	146	15997	82	-146.0	146	15997	82	-146.0	146	15997	82	-146.0	146	15997	82	-146.0	146	15997	82	-146.0	146	15997
83	-143.0	143	16140	83	-143.0	143	16140	83	-143.0	143	16140	83	-143.0	143	16140	83	-143.0	143	16140	83	-143.0	143	16140	83	-143.0	143	16140	83	-143.0	143	16140	83	-143.0	143	16140	83	-143.0	143	16140	83	-143.0	143	16140	83	-143.0	143	16140	83	-143.0	143	16140	83	-143.0	143	16140	83	-143.0	143	16140	83	-143.0	143	16140	83	-143.0	143	16140	83	-143.0	143	16140	83	-143.0	143	16140
84	-134.0	134	16274	84	-134.0	134	16274	84	-134.0	134	16274	84	-134.0	134	16274	84	-134.0	134	16274	84	-134.0	134	16274	84	-134.0	134	16274	84	-134.0	134	16274	84	-134.0	134	16274	84	-134.0	134	16274	84	-134.0	134	16274	84	-134.0	134	16274	84	-134.0	134	16274	84	-134.0	134	16274	84	-134.0	134	16274	84	-134.0	134	16274	84	-134.0	134	16274	84	-134.0	134	16274	84	-134.0	134	16274
85	-140.0	140	16414	85	-140.0	140	16414	85	-140.0	140	16414	85	-140.0	140	16414	85	-140.0	140	16414	85	-140.0	140	16414	85	-140.0	140	16414	85	-140.0	140	16414	85	-140.0	140	16414	85	-140.0	140	16414	85	-140.0	140	16414	85	-140.0	140	16414	85	-140.0	140	16414	85	-140.0	140	16414	85	-140.0	140	16414	85	-140.0	140	16414	85	-140.0	140	16414	85	-140.0	140	16414	85	-140.0	140	16414
86	-147.0	147	16561	86	-147.0	147	16561	86	-147.0	147	16561	86	-147.0	147	16561	86	-147.0	147	16561	86	-147.0	147	16561	86	-147.0	147	16561	86	-147.0	147	16561	86	-147.0	147	16561	86	-147.0	147	16561	86	-147.0	147	16561	86	-147.0	147	16561	86	-147.0	147	16561	86	-147.0	147	16561	86	-147.0	147	16561	86	-147.0	147	16561	86	-147.0	147	16561	86	-147.0	147	16561	86	-147.0	147	16561
87	-133.0	133	16694	87	-133.0	133	16694	87	-133.0	133	16694	87	-133.0	133	16694	87	-133.0	133	16694	87	-133.0	133	16694	87	-133.0	133	16694	87	-133.0	133	16694	87	-133.0	133	16694	87	-133.0	133	16694	87	-133.0	133	16694	87	-133.0	133	16694	87	-133.0	133	16694	87	-133.0	133	16694	87	-133.0	133	16694	87	-133.0	133	16694	87	-133.0	133	16694	87	-133.0	133	16694	87	-133.0	133	16694
88	-155.0	155	16849	88	-155.0	155	16849	88	-155.0	155	16849	88	-155.0	155	16849	88	-155.0	155	16849	88	-155.0	155	16849	88	-155.0	155	16849	88	-155.0	155	16849	88	-155.0	155	16849	88	-155.0	155	16849	88	-155.0	155	16849	88	-155.0	155	16849	88	-155.0	155	16849	88	-155.0	155	16849	88	-155.0	155	16849	88	-155.0	155	16849	88	-155.0	155	16849	88	-155.0	155	16849	88	-155.0	155	16849
89	-144.0	144	16993	89	-144.0	144	16993	89	-144.0	144	16993	89	-144.0	144	16993	89	-144.0	144	16993	89	-144.0	144	16993	89	-144.0	144	16993	89	-144.0	144	16993	89	-144.0	144	16993	89	-144.0	144	16993	89	-144.0	144	16993	89	-144.0	144	16993	89	-144.0	144	16993	89	-144.0	144	16993	89	-144.0	144	16993	89	-144.0	144	16993	89	-144.0	144	16993	89	-144.0	144	16993	89	-144.0	144	16993
90	-145.0	145	17138	90	-145.0	145	17138	90	-145.0	145	17138	90	-145.0	145	17138	90	-145.0	145	17138	90	-145.0	145	17138	90	-145.0	145	17138	90	-145.0	145	17138	90	-145.0	145	17138	90	-145.0	145	17138	90	-145.0	145	17138	90	-145.0	145	17138	90	-145.0	145	17138	90	-145.0	145	17138	90	-145.0	145	17138	90	-145.0	145	17138	90	-145.0	145	17138	90	-145.0	145	17138	90	-145.0	145	17138
91	-131.0	131	17269	91	-131.0	131	17269	91	-131.0	131	17269	91	-131.0	131	17269	91	-131.0	131	17269	91	-131.0	131	17269	91	-131.0	131	17269	91	-131.0	131	17269	91	-131.0	131	17269	91	-131.0	131	17269	91	-131.0	131	17269	91	-131.0	131	17269	91	-131.0	131	17269	91	-131.0	131	17269	91	-131.0	131	17269	91	-131.0	131	17269	91	-131.0	131	17269	91	-131.0	131	17269	91	-131.0	131	17269
92	-132.0	132	17401	92	-132.0	132	17401	92	-132.0	132	17401	92	-132.0	132	17401	92	-132.0	132	17401	92	-132.0	132	17401	92	-132.0	132	17401	92	-132.0	132	17401	92	-132.0	132	17401	92	-132.0	132	17401	92	-132.0	132	17401	92	-132.0	132	17401	92	-132.0	132	17401	92	-132.0	132	17401	92	-132.0	132	17401	92	-132.0	132	17401	92	-132.0	132	17401	92	-132.0	132	17401	92	-132.0	132	17401
93	-148.0	148	17549	93	-148.0	148	17549	93	-148.0	148	17549	93	-148.0	148	17549	93	-148.0	148	17549	93	-148.0	148	17549	93	-148.0	148	17549	93	-148.0	148	17549	93	-148.0	148	17549	93	-148.0	148	17549	93	-148.0	148	17549	93	-148.0	148	17549	93	-148.0	148	17549	93	-148.0	148	17549	93	-148.0	148	17549	93	-148.0	148	17549	93	-148.0	148	17549	93	-148.0	148	17549	93	-148.0	148	17549
94	-145.0	145	17694	94	-145.0	145	17694	94	-145.0	145	17694	94	-145.0	145	17694	94	-145.0	145	17694	94	-145.0	145	17694	94	-145.0	145	17694	94	-145.0	145	17694	94	-145.0	145	17694	94	-145.0	145	17694	94	-145.0	145	17694	94	-145.0	145	17694	94	-145.0	145	17694	94	-145.0	145	17694	94	-145.0	145	17694	94	-145.0	145	17694	94	-145.0	145	17694	94	-145.0	145	17694	94	-145.0	145	17694
95	-144.0	144	17838	95	-144.0	144	17838	95	-144.0	144	17838	95	-144.0	144	17838	95	-144.0	144	17838	95	-144.0	144	17838	95	-144.0	144	17838	95	-144.0	144	17838	95	-144.0	144	17838	95	-144.0	144	17838	95	-144.0	144	17838	95	-144.0	144	17838	95	-144.0	144	17838	95	-144.0	144	17838	95	-144.0	144	17838	95	-144.0	144	17838	95	-144.0	144	17838	95	-144.0	144	17838	95	-144.0	144	17838
96	-147.0	147	17985	96	-147.0	147	17985	96	-147.0	147	17985	96	-147.0	147	17985	96	-147.0	147	17985	96	-147.0	147	17985	96	-147.0	147	17985	96	-147.0	147	17985	96	-147.0	147	17985	96	-147.0	147	17985	96	-147.0	147	17985	96	-147.0	147	17985	96	-147.0	147	17985	96	-147.0	147	17985	96	-147.0	147	17985	96	-147.0	147	17985	96	-147.0	147	17985	96	-147.0	147	17985	96	-147.0	147	17985
97	-135.0	135	18120	97	-135.0	135	18120	97	-135.0	135	18120	97	-135.0	135	18120	97	-135.0	135	18120	97	-135.0	135	18120	97	-135.0	135	18120	97	-135.0	135	18120	97	-135.0	135	18120	97	-135.0	135	18120	97	-135.0	135	18120	97	-135.0	135	18120	97	-135.0	135	18120	97	-135.0	135	18120	97	-135.0	135	18120	97	-135.0	135	18120	97	-135.0	135	18120	97	-135.0	135	18120	97	-135.0	135	18120
98	-145.0	145	18265	98	-145.0	145	18265	98	-145.0	145	18265	98	-145.0	145	18265	98	-145.0	145	18265	98	-145.0	145	18265	98	-145.0	145	18265	98	-145.0	145	18265	98	-145.0	145	18265	98	-145.0	145	18265	98	-145.0	145	18265	98	-145.0	145	18265	98	-145.0	145	18265	98	-145.0	145	18265	98	-145.0	145	18265	98	-145.0	145	18265	98	-145.0	145	18265	98	-145.0	145	18265	98	-145.0	145	18265
99	-197.0	197	18462	99	-197.0	197	18462	99	-197.0	197	18462	99	-197.0	197	18462	99	-197.0	197	18462	99	-197.0	197	18462	99	-197.0	197	18462	99	-197.0	197	18462	99	-197.0	197	18462	99	-197.0	197	18462	99	-197.0	197	18462	99	-197.0	197	18462	99	-197.0	197	18462	99	-197.0	197	18462	99	-197.0	197	18462	99	-197.0	197	18462	99	-197.0	197	18462	99	-197.0	197	18462	99	-197.0	197	18462
100	-204.0	204	18666	100	-204.0	204	18666	100	-204.0	204	18666	100	-204.0	204	18666	100	-204.0	204	18666	100	-204.0	204	18666	100	-204.0	204	18666	100	-204.0	204	18666	100	-204.0	204	18666	100	-204.0	204	18666	100	-204.0	204	18666	100	-204.0	204	18666	100	-204.0	204	18666	100	-204.0	204	18666	100	-204.0	204	18666	100	-204.0	204	18666	100	-204.0	204	18666	100	-204.0	204	18666	100	-204.0	204	18666
101	-154.0	154	18820	101	-154.0	154	18820	101	-154.0	154	18820	101	-154.0	154	18820	101	-154.0	154	18820	101	-154.0	154	18820	101	-154.0	154	18820	101	-154.0	154	18820	101	-154.0	154	18820	101	-154.0	154	18820	101	-154.0	154	18820	101	-154.0	154	18820	101	-154.0	154	18820	101	-154.0	154	18820	101	-154.0	154	18820	101	-154.0	154	18820	101	-154.0	154	18820	101	-154.0	154	18820	101	-154.0	154	18820
102	-211.0	211	19031	102	-211.0	211	19031	102	-211.0	211	19031	102	-211.0	211	19031	102	-211.0	211	19031	102	-211.0	211	19031	102	-211.0	211	19031	102	-211.0	211	19031	102	-211.0	211	19031	102	-211.0	211	19031	102	-211.0	211	19031	102	-211.0	211	19031	102	-211.0	211	19031	102	-211.0	211	19031	102	-211.0	211	19031	102	-211.0	211	19031	102	-211.0	211	19031	102	-211.0	211	19031	102	-211.0	211	19031
103	-157.0	157	19188	103	-157.0	157	19188	103	-157.0	157	19188	103	-157.0	157	19188	103	-157.0	157	19188	103	-157.0	157	19188	103	-157.0	157	19188	103	-157.0	157	19188	103	-157.0	157	19188	103	-157.0	157	19188	103	-157.0	157	19188	103	-157.0	157	19188	103	-157.0	157	19188	103	-157.0	157	19188	103	-157.0	157	19188	103	-157.0	157	19188	103	-157.0	157	19188	103	-157.0	157	19188	103	-157.0	157	19188
104	-188.0	188	19376	104	-188.0	188	19376	104	-188.0	188	19376	104	-188.0	188	19376	104	-188.0	188	19376	104	-188.0	188	19376	104	-188.0	188	19376	104	-188.0	188	19376	104	-188.0	188	19376	104	-188.0	188	19376	104	-188.0	188	19376	104	-188.0	188	19376	104	-188.0	188	19376	104	-188.0	188	19376	104	-188.0	188	19376	104	-188.0	188	19376	104	-188.0	188	19376	104	-188.0	188	19376	104	-188.0	188	19376
105	-87.0	87	19463	105	-87.0	87	19463	105	-87.0	87	19463	105	-87.0	87	19463	105	-87.0	87	19463	105	-87.0	87	19463	105	-87.0	87	19463	105	-87.0	87	19463	105	-87.0	87	19463	105	-87.0	87	19463	105	-87.0	87	19463	105	-87.0	87	19463	105	-87.0	87	19463	105	-87.0	87	19463	105	-87.0	87	19463	105	-87.0	87	19463	105	-87.0	87	19463	105	-87.0	87	19463	105	-87.0	87	19463
106	-92.0	92	19555	106	-92.0	92	19555	106	-92.0	92	19555	106	-92.0	92	19555	106	-92.0	92	19555	106	-92.0	92	19555	106	-92.0	92	19555	106	-92.0	92	19555	106	-92.0	92	19555	106	-92.0	92	19555	106	-92.0	92	19555	106	-92.0	92	19555	106	-92.0	92	19555	106	-92.0	92	19555	106	-92.0	92	19555	106	-92.0	92	19555	106	-92.0	92	19555	106	-92.0	92	19555	106	-92.0	92	19555
107	-106.0	106	19661	107	-106.0	106	19661	107	-106.0	106	19661	107	-106.0	106	19661	107	-106.0	106	19661	107	-106.0	106	19661	107	-106.0	106	19661	107	-106.0	106	19661	107	-106.0	106	19661	107	-106.0	106	19661	107	-106.0	106	19661	107	-106.0	106	19661	107	-106.0	106	19661	107	-106.0	106	19661	107	-106.0	106	19661	107	-106.0	106	19661	107	-106.0	106	19661	107	-106.0	106	19661	107	-106.0	106	19661
108	-96.0	96	19757	108	-96.0	96	19757	108	-96.0	96	19757	108	-96.0	96	19757	108	-96.0	96	19757	108	-96.0	96	19757	108	-96.0	96	19757	108	-96.0	96	19757	108	-96.0	96	19757	108	-96.0	96	19757	108	-96.0	96	19757	108	-96.0	96	19757	108	-96.0	96	19757	108	-96.0	96	19757	108	-96.0	96	19757	108	-96.0	96	19757	108	-96.0	96	19757	108	-96.0	96	19757	108	-96.0	96	19757
109	-95.0	95	19852	109	-95.0	95	19852	109	-95.0	95	19852	109	-95.0	95	19852	109	-95.0	95	19852	109	-95.0	95	19852	109	-95.0	95	19852	109	-95.0	95	19852	109	-95.0	95	19852	109	-95.0	95	19852	109	-95.0	95	19852	109	-95.0	95	19852	109	-95.0	95	19852	109	-95.0	95	19852	109	-95.0	95	19852	109	-95.0	95	19852	109	-95.0	95	19852	109	-95.0	95	19852	109	-95.0	95	19852
110	-110.0	110	19962	110	-110.0	110	19962	110	-110.0	110	19962	110	-110.0	110	19962	110	-110.0	110	19962	110	-110.0	110	19962	110	-110.0	110	19962	110	-110.0	110	19962	110	-110.0	110	19962	110	-110.0	110	19962	110	-110.0	110	19962	110	-110.0	110	19962	110	-110.0	110	19962	110	-110.0	110	19962	110	-110.0	110	19962	110	-110.0	110	19962	110	-110.0	110	19962	110	-110.0	110	19962	110	-110.0	110	19962
111	-108.0	108	20070	111	-108.0	108	20070	111	-108.0	108	20070	111	-108.0	108	20070	111	-108.0	108	20070	111	-108.0	108	20070	111	-108.0	108	20070	111	-108.0	108	20070	111	-108.0	108	20070	111	-108.0	108	20070	111	-108.0	108	20070	111	-108.0	108	20070	111	-108.0	108	20070	111	-108.0	108	20070	111	-108.0	108	20070	111	-108.0	108	20070	111	-108.0	108	20070	111	-108.0	108	20070	111	-108.0	108	20070
112	-90.0	90	20160	112	-90.0	90	20160	112	-90.0	90	20160	112	-90.0	90	20160	112	-90.0	90	20160	112	-90.0	90	20160	112	-90.0	90	20160	112	-90.0	90	20160	112	-90.0	90	20160	112	-90.0	90	20160	112	-90.0	90	20160	112	-90.0	90	20160	112	-90.0	90	20160	112	-90.0	90	20160	112	-90.0	90	20160	112	-90.0	90	20160	112	-90.0	90	20160	112	-90.0	90	20160	112	-90.0	90	20160
113	-156.0	156	20316	113	-156.0	156	20316	113	-156.0	156	20316	113	-156.0	156	20316	113	-156.0	156	20316	113	-156.0	156	20316	113	-156.0	156	20316	113	-156.0	156	20316	113	-156.0	156	20316	113	-156.0	156	20316	113	-156.0	156	20316	113	-156.0	156	20316	113	-156.0	156	20316	113	-156.0	156	20316	113	-156.0	156	20316	113	-156.0	156	20316	113	-156.0	156	20316	113	-156.0	156	20316	113	-156.0	156	20316
114	-138.0	138	20454	114	-138.0	138	20454	114	-138.0	138	20454	114	-138.0	138	20454	114	-138.0	138	20454	114	-138.0	138	20454	114	-138.0	138	20454	114	-138.0	138	20454	114	-138.0	138	20454	114	-138.0	138	20454	114	-138.0	138	20454	114	-138.0	138	20454	114	-138.0	138	20454	114	-138.0	138	20454	114	-138.0	138	20454	114	-138.0	138	20454	114	-138.0	138	20454	114	-138.0	138	20454	114	-138.0	138	20454
115	-88.0	88	20542	115	-88.0	88	20542	115	-88.0	88	20542	115	-88.0	88	20542	115	-88.0	88	20542	115	-88.0	88	20542	115	-88.0	88	20542	115	-88.0	88	20542	115	-88.0	88	20542	115	-88.0	88	20542	115	-88.0	88	20542	115	-88.0	88	20542	115	-88.0	88	20542	115	-88.0	88	20542	115	-88.0	88	20542	115	-88.0	88	20542	115	-88.0	88	20542	115	-88.0	88	20542	115	-88.0	88	20542
116	-147.0	147	20689	116	-147.0	147	20689	116	-147.0	147	20689	116	-147.0	147	20689	116	-147.0	147	20689	116	-147.0	147	20689	116	-147.0	147	20689	116	-147.0	147	20689	116	-147.0	147	20689	116	-147.0	147	20689	116	-147.0	147	20689	116	-147.0	147	20689	116	-147.0	147	20689	116	-147.0	147	20689	116	-147.0	147	20689	116	-147.0	147	20689	116	-147.0	147	20689	116	-147.0	147	20689	116	-147.0	147	20689
117	-126.0	126	20815	117	-126.0	126	20815	117	-126.0	126	20815	117	-126.0	126	20815	117	-126.0	126	20815	117	-126.0	126	20815	117	-126.0	126	20815	117	-126.0	126	20815	117	-126.0	126	20815	117	-126.0	126	20815	117	-126.0	126	20815	117	-126.0	126	20815	117	-126.0	126	20815	117	-126.0	126	20815	117	-126.0	126	20815	117	-126.0	126	20815	117	-126.0	126	20815	117	-126.0	126	20815	117	-126.0	126	20815
118	-110.0	110	20925	118	-110.0	110	20925	118	-110.0	110	20925	118	-110.0	110	20925	118	-110.0	110	20925	118	-110.0	110	20925	118	-110.0	110	20925	118	-110.0	110	20925	118	-110.0	110	20925	118	-110.0	110	20925	118	-110.0	110	20925	118	-110.0	110	20925	118	-110.0	110	20925	118	-110.0	110	20925	118	-110.0	110	20925	118	-110.0	110	20925	118	-110.0	110	20925	118	-110.0	110	20925	118	-110.0	110	20925
119	-122.0	122	21047	119	-122.0	122	21047	119	-122.0	122	21047	119	-122.0	122	21047	119	-122.0	122	21047	119	-122.0	122	21047	119	-122.0	122	21047	119	-122.0	122	21047	119	-122.0	122	21047	119	-122.0	122	21047	119	-122.0	122	21047	119	-122.0	122	21047	119	-122.0	122	21047	119	-122.0	122	21047	119	-122.0	122	21047	119	-122.0	122	21047	119	-122.0	122	21047	119	-122.0	122	21047	119	-122.0	122	21047
120	-121.0	121	21168	120	-121.0	121	21168	120	-121.0	121	21168	120	-121.0	121	21168	120	-121.0	121	21168	120	-121.0	121	21168	120	-121.0	121	21168	120	-121.0	121	21168	120	-121.0	121	21168	120	-121.0	121	21168	120	-121.0	121	21168	120	-121.0	121	21168	120	-121.0	121	21168	120	-121.0	121	21168	120	-121.0	121	21168	120	-121.0	121	21168	120	-121.0	121	21168	120	-121.0	121	21168	120	-121.0	121	21168
121	-107.0	107	21275	121	-107.0	107	21275	121	-107.0	107	21275	121	-107.0	107	21275	121	-107.0	107	21275	121	-107.0	107	21275	121	-107.0	107	21275	121	-107.0	107	21275	121	-107.0	107	21275	121	-107.0	107	21275	121	-107.0	107	21275	121	-107.0	107	21275	121	-107.0	107	21275	121	-107.0	107	21275	121	-107.0	107	21275	121	-107.0	107	21275	121	-107.0	107	21275	121	-107.0	107	21275	121	-107.0	107	21275
122	-110.0	110	21385	122	-110.0	110	21385	122	-110.0	110	21385	122	-110.0	110	21385	122	-110.0	110	21385	122	-110.0	110	21385	122	-110.0	110	21385	122	-110.0	110	21385	122	-110.0	110	21385	122	-110.0	110	21385	122	-110.0	110	21385	122	-110.0	110	21385	122	-110.0	110	21385	122	-110.0	110	21385	122	-110.0	110	21385	122	-110.0	110	21385	122	-110.0	110	21385	122	-110.0	110	21385	122	-110.0	110	21385
123	-108.0	108	21493	123	-108.0	108	21493	123	-108.0	108	21493	123	-108.0	108	21493	123	-108.0	108	21493	123	-108.0	108	21493	123	-108.0	108	21493	123	-108.0	108	21493	123	-108.0	108	21493	123	-108.0	108	21493	123	-108.0	108	21493	123	-108.0	108	21493	123	-108.0	108	21493	123	-108.0	108	21493	123	-108.0	108	21493	123	-108.0	108	21493	123	-108.0	108	21493	123	-108.0	108	21493	123	-108.0	108	21493
124	-152.0	152	21645	124	-152.0	152	21645	124	-152.0	152	21645	124	-152.0	152	21645	124	-152.0	152	21645	124	-152.0	152	21645	124	-152.0	152	21645	124	-152.0	152	21645	124	-152.0	152	21645	124	-152.0	152	21645	124	-152.0	152	21645	124	-152.0	152	21645	124	-152.0	152	21645	124	-152.0	152	21645	124	-152.0	152	21645	124	-152.0	152	21645	124	-152.0	152	21645	124	-152.0	152	21645	124	-152.0	152	21645
125	-109.0	109	21754	125	-109.0	109	21754	125	-109.0	109	21754	125	-109.0	109	21754	125	-109.0	109	21754	125	-109.0	109	21754	125	-109.0	109	21754	125	-109.0	109	21754	125	-109.0	109	21754	125	-109.0	109	21754	125	-109.0	109	21754	125	-109.0	109	21754	125	-109.0	109	21754	125	-109.0	109	21754	125	-109.0	109	21754	125	-109.0	109	21754	125	-109.0	109	21754	125	-109.0	109	21754	125	-109.0	109	21754
126	-88.0	88	21842	126	-88.0	88	21842	126	-88.0	88	21842	126	-88.0	88	21842	126	-88.0	88	21842	126	-88.0	88	21842	126	-88.0	88	21842	126	-88.0	88	21842	126	-88.0	88	21842	126	-88.0	88	21842	126	-88.0	88	21842	126	-88.0	88	21842	126	-88.0	88	21842	126	-88.0	88	21842	126	-88.0	88	21842	126	-88.0	88	21842	126	-88.0	88	21842	126	-88.0	88	21842	126	-88.0	88	21842
127	-108.0	108	21950	127	-108.0	108	21950	127	-108.0	108	21950	127	-108.0	108	21950	127	-108.0	108	21950	127	-108.0	108	21950	127	-108.0	108	21950	127	-108.0	108	21950	127	-108.0	108	21950	127	-108.0	108	21950	127	-108.0	108	21950	127	-108.0	108	21950	127	-108.0	108	21950	127	-108.0	108	21950	127	-108.0	108	21950	127	-108.0	108	21950	127	-108.0	108	21950	127	-108.0	108	21950	127	-108.0	108	21950
128	-109.0	109	22059	128	-109.0	109	22059	128	-109.0	109	22059	128	-109.0	109	22059	128	-109.0	109	22059	128	-109.0	109	22059	128	-109.0	109	22059	128	-109.0	109	22059	128	-109.0	109	22059	128	-109.0	109	22059	128	-109.0	109	22059	128	-109.0	109	22059	128	-109.0	109	22059	128	-109.0	109	22059	128	-109.0	109	22059	128	-109.0	109	22059	128	-109.0	109	22059	128	-109.0	109	22059	128	-109.0	109	22059
129	-145.0	145	22204	129	-145.0	145	22204	129	-145.0	145	22204	129	-145.0	145	22204	129	-145.0	145	22204	129	-145.0	145	22204	129	-145.0	145	22204	129	-145.0	145	22204	129	-145.0	145	22204	129	-145.0	145	22204	129	-145.0	145	22204	129	-145.0	145	22204	129	-145.0	145	22204	129	-145.0	145	22204	129	-145.0	145	22204	129	-145.0	145	22204	129	-145.0	145	22204	129	-145.0	145	22204	129	-145.0	145	22204
130	-107.0	107	22311	130	-107.0	107	22311	130	-107.0	107	22311	130	-107.0	107	22311	130	-107.0	107	22311	130	-107.0	107	22311	130	-107.0	107	22311	130	-107.0	107	22311	130	-107.0	107	22311	130	-107.0	107	22311	130	-107.0	107	22311	130	-107.0	107	22311	130	-107.0	107	22311	130	-107.0	107	22311	130	-107.0	107	22311	130	-107.0	107	22311	130	-107.0	107	22311	130	-107.0	107	22311	130	-107.0	107	22311
131	-108.0	108	22419	131	-108.0	108	22419	131	-108.0	108	22419	131	-108.0	108	22419	131	-108.0	108	22419	131	-108.0	108	22419	131	-108.0	108	22419	131	-108.0	108	22419	131	-108.0	108	22419	131	-108.0	108	22419	131	-108.0	108	22419	131	-108.0	108	22419	131	-108.0	108	22419	131	-108.0	108	22419	131	-108.0	108	22419	131	-108.0	108	22419	131	-108.0	108	22419	131	-108.0	108	22419	131	-108.0	108	22419
132	-106.0	106	22525	132	-106.0	106	22525	132	-106.0	106	22525	132	-106.0	106	22525	132	-106.0	106	22525	132	-106.0	106	22525	132	-106.0	106	22525	132	-106.0	106	22525	132	-106.0	106	22525	132	-106.0	106	22525	132	-106.0	106	22525	132	-106.0	106	22525	132	-106.0	106	22525	132	-106.0	106	22525	132	-106.0	106	22525	132	-106.0	106	22525	132	-106.0	106	22525	132	-106.0	106	22525	132	-106.0	106	22525
133	-146.0	146	22671	133	-146.0	146	22671	133	-146.0	146	22671	133	-146.0	146	22671	133	-146.0	146	22671	133	-146.0	146	22671	133	-146.0	146	22671	133	-146.0	146	22671	133	-146.0	146	22671	133	-146.0	146	22671	133	-146.0	146	22671	133	-146.0	146	22671	133	-146.0	146	22671	133	-146.0	146	22671	133	-146.0	146	22671	133	-146.0	146	22671	133	-146.0	146	22671	133	-146.0	146	22671	133	-146.0	146	22671
134	-108.0	108	22779	134	-108.0	108	22779	134	-108.0	108	22779	134	-108.0	108	22779	134	-108.0	108	22779	134	-108.0	108	22779	134	-108.0	108	22779	134	-108.0	108	22779	134	-108.0	108	22779	134	-108.0	108	22779	134	-108.0	108	22779	134	-108.0	108	22779	134	-108.0	108	22779	134	-108.0	108	22779	134	-108.0	108	22779	134	-108.0	108	22779	134	-108.0	108	22779	134	-108.0	108	22779	134	-108.0	108	22779
135	-143.0	143	22922	135	-143.0	143	22922	135	-143.0	143	22922	135	-143.0	143	22922	135	-143.0	143	22922	135	-143.0	143	22922	135	-143.0	143	22922	135	-143.0	143	22922	135	-143.0	143	22922	135	-143.0	143	22922	135	-143.0	143	22922	135	-143.0	143	22922	135	-143.0	143	22922	135	-143.0	143	22922	135	-143.0	143	22922	135	-143.0	143	22922	135	-143.0	143	22922	135	-143.0	143	22922	135	-143.0	143	22922
136	-140.0	140	23062	136	-140.0	140	23062	136	-140.0	140	23062	136	-140.0	140	23062	136	-140.0	140	23062	136	-140.0	140	23062	136	-140.0	140	23062	136	-140.0	140	23062	136	-140.0	140	23062	136	-140.0	140	23062	136	-140.0	140	23062	136	-140.0	140	23062	136	-140.0	140	23062	136	-140.0	140	23062	136	-140.0	140	23062	136	-140.0	140	23062	136	-140.0	140	23062	136	-140.0	140	23062	136	-140.0	140	23062
137	-105.0	105	23167	137	-105.0	105	23167	137	-105.0	105	23167	137	-105.0	105	23167	137	-105.0	105	23167	137	-105.0	105	23167	137	-105.0	105	23167	137	-105.0	105	23167	137	-105.0	105	23167	137	-105.0	105	23167	137	-105.0	105	23167	137	-105.0	105	23167	137	-105.0	105	23167	137	-105.0	105	23167	137	-105.0	105	23167	137	-105.0	105	23167	137	-105.0	105	23167	137	-105.0	105	23167	137	-105.0	105	23167
138	-104.0	104	23271	138	-104.0	104	23271	138	-104.0	104	23271	138	-104.0	104	23271	138	-104.0	104	23271	138	-104.0	104	23271	138	-104.0	104	23271	138	-104.0	104	23271	138	-104.0	104	23271	138	-104.0	104	23271	138	-104.0	104	23271	138	-104.0	104	23271	138	-104.0	104	23271	138	-104.0	104	23271	138	-104.0	104	23271	138	-104.0	104	23271	138	-104.0	104	23271	138	-104.0	104	23271	138	-104.0	104	23271
139	-141.0	141	23412	139	-141.0	141	23412	139	-141.0	141	23412	139	-141.0	141	23412	139	-141.0	141	23412	139	-141.0	141	23412	139	-141.0	141	23412	139	-141.0	141	23412	139	-141.0	141	23412	139	-141.0	141	23412	139	-141.0	141	23412	139	-141.0	141	23412	139	-141.0	141	23412	139	-141.0	141	23412	139	-141.0	141	23412	139	-141.0	141	23412	139	-141.0	141	23412	139	-141.0	141	23412	139	-141.0	141	23412
140	-104.0	104	23516	140	-104.0	104	23516	140	-104.0	104	23516	140	-104.0	104	23516	140	-104.0	104	23516	140	-104.0	104	23516	140	-104.0	104	23516	140	-104.0	104	23516	140	-104.0	104	23516	140	-104.0	104	23516	140	-104.0	104	23516	140	-104.0	104	23516	140	-104.0	104	23516	140	-104.0	104	23516	140	-104.0	104	23516	140	-104.0	104	23516	140	-104.0	104	23516	140	-104.0	104	23516	140	-104.0	104	23516
141	-138.0	138	23654	141	-138.0	138	23654	141	-138.0	138	23654	141	-138.0	138	23654	141	-138.0	138	23654	141	-138.0	138	23654	141	-138.0	138	23654	141	-138.0	138	23654	141	-138.0	138	23654	141	-138.0	138	23654	141	-138.0	138	23654	141	-138.0	138	23654	141	-138.0	138	23654	141	-138.0	138	23654	141	-138.0	138	23654	141	-138.0	138	23654	141	-138.0	138	23654	141	-138.0	138	23654	141	-138.0	138	23654
142	-106.0	106	23760	142	-106.0	106	23760	142	-106.0	106	23760	142	-106.0	106	23760	142	-106.0	106	23760	142	-106.0	106	23760	142	-106.0	106	23760	142	-106.0	106	23760	142	-106.0	106	23760	142	-106.0	106	23760	142	-106.0	106	23760	142	-106.0	106	23760	142	-106.0	106	23760	142	-106.0	106	23760	142	-106.0	106	23760	142	-106.0	106	23760	142	-106.0	106	23760	142	-106.0	106	23760	142	-106.0	106	23760
143	-105.0	105	23865	143	-105.0	105	23865	143	-105.0	105	23865	143	-105.0	105	23865	143	-105.0	105	23865	143	-105.0	105	23865	143	-105.0	105	23865	143	-105.0	105	23865	143	-105.0	105	23865	143	-105.0	105	23865	143	-105.0	105	23865	143	-105.0	105	23865	143	-105.0	105	23865	143	-105.0	105	23865	143	-105.0	105	23865	143	-105.0	105	23865	143	-105.0	105	23865	143	-105.0	105	23865	143	-105.0	105	23865
144	-139.0	139	24004	144	-139.0	139	24004	144	-139.0	139	24004	144	-139.0	139	24004	144	-139.0	139	24004	144	-139.0	139	24004	144	-139.0	139	24004	144	-139.0	139	24004	144	-139.0	139	24004	144	-139.0	139	24004	144	-139.0	139	24004	144	-139.0	139	24004	144	-139.0	139	24004	144	-139.0	139	24004	144	-139.0	139	24004	144	-139.0	139	24004	144	-139.0	139	24004	144	-139.0	139	24004	144	-139.0	139	24004
145	-140.0	140	24144	145	-140.0	140	24144	145	-140.0	140	24144	145	-140.0	140	24144	145	-140.0	140	24144	145	-140.0	140	24144	145	-140.0	140	24144	145	-140.0	140	24144	145	-140.0	140	24144	145	-140.0	140	24144	145	-140.0	140	24144	145	-140.0	140	24144	145	-140.0	140	24144	145	-140.0	140	24144	145	-140.0	140	24144	145	-140.0	140	24144	145	-140.0	140	24144	145	-140.0	140	24144	145	-140.0	140	24144
146	-132.0	132	24276	146	-132.0	132	24276	146	-132.0	132	24276	146	-132.0	132	24276	146	-132.0	132	24276	146	-132.0	132	24276	146	-132.0	132	24276	146	-132.0	132	24276	146	-132.0	132	24276	146	-132.0	132	24276	146	-132.0	132	24276	146	-132.0	132	24276	146	-132.0	132	24276	146	-132.0	132	24276	146	-132.0	132	24276	146	-132.0	132	24276	146	-132.0	132	24276	146	-132.0	132	24276	146	-132.0	132	24276
147	-139.0	139	24415	147	-139.0	139	24415	147	-139.0	139	24415	147	-139.0	139	24415	147	-139.0	139	24415	147	-139.0	139	24415	147	-139.0	139	24415	147	-139.0	139	24415	147	-139.0	139	24415	147	-139.0	139	24415	147	-139.0	139	24415	147	-139.0	139	24415	147	-139.0	139	24415	147	-139.0	139	24415	147	-139.0	139	24415	147	-139.0	139	24415	147	-139.0	139	24415	147	-139.0	139	24415	147	-139.0	139	24415
148	-140.0	140	24555	148	-140.0	140	24555	148	-140.0	140	24555	148	-140.0	140	24555	148	-140.0	140	24555	148	-140.0	140	24555	148	-140.0	140	24555	148	-140.0	140	24555	148	-140.0	140	24555	148	-140.0	140	24555	148	-140.0	140	24555	148	-140.0	140	24555	148	-140.0	140	24555	148	-140.0	140	24555	148	-140.0	140	24555	148	-140.0	140	24555	148	-140.0	140	24555	148	-140.0	140	24555	148	-140.0	140	24555
149	-135.0	135	24690	149	-135.0	135	24690	149	-135.0	135	24690	149	-135.0	135	24690	149	-135.0	135	24690	149	-135.0	135	24690	149	-135.0	135	24690	149	-135.0	135	24690	149	-135.0	135	24690	149	-135.0	135	24690	149	-135.0	135	24690	149	-135.0	135	24690	149	-135.0	135	24690	149	-135.0	135	24690	149	-135.0	135	24690	149	-135.0	135	24690	149	-135.0	135	24690	149	-135.0	135	24690	149	-135.0	135	24690
150	-139.0	139	24829	150	-139.0	139	24829	150	-139.0	139	24829	150	-139.0	139	24829	150	-139.0	139	24829	150	-139.0	139	24829	150	-139.0	139	24829	150	-139.0	139	24829	150	-139.0	139	24829	150	-139.0	139	24829	150	-139.0	139	24829	150	-139.0	139	24829	150	-139.0	139	24829	150	-139.0	139	24829	150	-139.0	139	24829	150	-139.0	139	24829	150	-139.0	139	24829	150	-139.0	139	24829	150	-139.0	139	24829
151	-136.0	136	24965	151	-136.0	136	24965	151	-136.0	136	24965	151	-136.0	136	24965	151	-136.0	136	24965	151	-136.0	136	24965	151	-136.0	136	24965	151	-136.0	136	24965	151	-136.0	136	24965	151	-136.0	136	24965	151	-136.0	136	24965	151	-136.0	136	24965	151	-136.0	136	24965	151	-136.0	136	24965	151	-136.0	136	24965	151	-136.0	136	24965	151	-136.0	136	24965	151	-136.0	136	24965	151	-136.0	136	24965
152	-142.0	142	25107	152	-142.0	142	25107	152	-142.0	142	25107	152	-142.0	142	25107	152	-142.0	142	25107	152	-142.0	142	25107	152	-142.0	142	25107	152	-142.0	142	25107	152	-142.0	142	25107	152	-142.0	142	25107	152	-142.0	142	25107	152	-142.0	142	25107	152	-142.0	142	25107	152	-142.0	142	25107	152	-142.0	142	25107	152	-142.0	142	25107	152	-142.0	142	25107	152	-142.0	142	25107	152	-142.0	142	25107
153	-142.0	142	25249	153	-142.0	142	25249	153	-142.0	142	25249	153	-142.0	142	25249	153	-142.0	142	25249	153	-142.0	142	25249	153	-142.0	142	25249	153	-142.0	142	25249	153	-142.0	142	25249	153	-142.0	142	25249	153	-142.0	142	25249	153	-142.0	142	25249	153	-142.0	142	25249	153	-142.0	142	25249	153	-142.0	142	25249	153	-142.0	142	25249	153	-142.0	142	25249	153	-142.0	142	25249	153	-142.0	142	25249
154	-135.0	135	25384	154	-135.0	135	25384	154	-135.0	135	25384	154	-135.0	135	25384	154	-135.0	135	25384	154	-135.0	135	25384	154	-135.0	135	25384	154	-135.0	135	25384	154	-135.0	135	25384	154	-135.0	135	25384	154	-135.0	135	25384	154	-135.0	135	25384	154	-135.0	135	25384	154	-135.0	135	25384	154	-135.0	135	25384	154	-135.0	135	25384	154	-135.0	135	25384	154	-135.0	135	25384	154	-135.0	135	25384
155	-137.0	137	25521	155	-137.0	137	25521	155	-137.0	137	25521	155	-137.0	137	25521	155	-137.0	137	25521	155	-137.0	137	25521	155	-137.0	137	25521	155	-137.0	137	25521	155	-137.0	137	25521	155	-137.0	137	25521	155	-137.0	137	25521	155	-137.0	137	25521	155	-137.0	137	25521	155	-137.0	137	25521	155	-137.0	137	25521	155	-137.0	137	25521	155	-137.0	137	25521	155	-137.0	137	25521	155	-137.0	137	25521
156	-105.0	105	25626	156	-105.0	105	25626	156	-105.0	105	25626	156	-105.0	105	25626	156	-105.0	105	25626	156	-105.0	105	25626	156	-105.0	105	25626	156	-105.0	105	25626	156	-105.0	105	25626	156	-105.0	105	25626	156	-105.0	105	25626	156	-105.0	105	25626	156	-105.0	105	25626	156	-105.0	105	25626	156	-105.0	105	25626	156	-105.0	105	25626	156	-105.0	105	25626	156	-105.0	105	25626	156	-105.0	105	25626
157	-144.0	144	25770	157	-144.0	144	25770	157	-144.0	144	25770	157	-144.0	144	25770	157	-144.0	144	25770	157	-144.0	144	25770	157	-144.0	144	25770	157	-144.0	144	25770	157	-144.0	144	25770	157	-144.0	144	25770	157	-144.0	144	25770	157	-144.0	144	25770	157	-144.0	144	25770	157	-144.0	144	25770	157	-144.0	144	25770	157	-144.0	144	25770	157	-144.0	144	25770	157	-144.0	144	25770	157	-144.0	144	25770
158	-104.0	104	25874	158	-104.0	104	25874	158	-104.0	104	25874	158	-104.0	104	25874	158	-104.0	104	25874	158	-104.0	104	25874	158	-104.0	104	25874	158	-104.0	104	25874	158	-104.0	104	25874	158	-104.0	104	25874	158	-104.0	104	25874	158	-104.0	104	25874	158	-104.0	104	25874	158	-104.0	104	25874	158	-104.0	104	25874	158	-104.0	104	25874	158	-104.0	104	25874	158	-104.0	104	25874	158	-104.0	104	25874
159	-106.0	106	25980	159	-106.0	106	25980	159	-106.0	106	25980	159	-106.0	106	25980	159	-106.0	106	25980	159	-106.0	106	25980	159	-106.0	106	25980	159	-106.0	106	25980	159	-106.0	106	25980	159	-106.0	106	25980	159	-106.0	106	25980	159	-106.0	106	25980	159	-106.0	106	25980	159	-106.0	106	25980	159	-106.0	106	25980	159	-106.0	106	25980	159	-106.0	106	25980	159	-106.0	106	25980	159	-106.0	106	25980
160	-169.0	169	26149	160	-169.0	169	26149	160	-169.0	169	26149	160	-169.0	169	26149	160	-169.0	169	26149	160	-169.0	169	26149	160	-169.0	169	26149	160	-169.0	169	26149	160	-169.0	169	26149	160	-169.0	169	26149	160	-169.0	169	26149	160	-169.0	169	26149	160	-169.0	169	26149	160	-169.0	169	26149	160	-169.0	169	26149	160	-169.0	169	26149	160	-169.0	169	26149	160	-169.0	169	26149	160	-169.0	169	26149
161	-93.0	93	26242	161	-93.0	93	26242	161	-93.0	93	26242	161	-93.0	93	26242	161	-93.0	93	26242	161	-93.0	93	26242	161	-93.0	93	26242	161	-93.0	93	26242	161	-93.0	93	26242	161	-93.0	93	26242	161	-93.0	93	26242	161	-93.0	93	26242	161	-93.0	93	26242	161	-93.0	93	26242	161	-93.0	93	26242	161	-93.0	93	26242	161	-93.0	93	26242	161	-93.0	93	26242	161	-93.0	93	26242
162	-91.0	91	26333	162	-91.0	91	26333	162	-91.0	91	26333	162	-91.0	91	26333	162	-91.0	91	26333	162	-91.0	91	26333	162	-91.0	91	26333	162	-91.0	91	26333	162	-91.0	91	26333	162	-91.0	91	26333	162	-91.0	91	26333	162	-91.0	91	26333	162	-91.0	91	26333	162	-91.0	91	26333	162	-91.0	91	26333	162	-91.0	91	26333	162	-91.0	91	26333	162	-91.0	91	26333	162	-91.0	91	26333
163	-111.0	111	26444	163	-111.0	111	26444	163	-111.0	111	26444	163	-111.0	111	26444	163	-111.0	111	26444	163	-111.0	111	26444	163	-111.0	111	26444	163	-111.0	111	26444	163	-111.0	111	26444	163	-111.0	111	26444	163	-111.0	111	26444	163	-111.0	111	26444	163	-111.0	111	26444	163	-111.0	111	26444	163	-111.0	111	26444	163	-111.0	111	26444	163	-111.0	111	26444	163	-111.0	111	26444	163	-111.0	111	26444
164	-176.0	176	26620	164	-176.0	176	26620	164	-176.0	176	26620	164	-176.0	176	26620	164	-176.0	176	26620	164	-176.0	176	26620	164	-176.0	176	26620	164	-176.0	176	26620	164	-176.0	176	26620	164	-176.0	176	26620	164	-176.0	176	26620	164	-176.0	176	26620	164	-176.0	176	26620	164	-176.0	176	26620	164	-176.0	176	26620	164	-176.0	176	26620	164	-176.0	176	26620	164	-176.0	176	26620	164	-176.0	176	26620
165	-85.0	85	26705	165	-85.0	85	26705	165	-85.0	85	26705	165	-85.0	85	26705	165	-85.0	85	26705	165	-85.0	85	26705	165	-85.0	85	26705	165	-85.0	85	26705	165	-85.0	85	26705	165	-85.0	85	26705	165	-85.0	85	26705	165	-85.0	85	26705	165	-85.0	85	26705	165	-85.0	85	26705	165	-85.0	85	26705	165	-85.0	85	26705	165	-85.0	85	26705	165	-85.0	85	26705	165	-85.0	85	26705
166	-106.0	106	26811	166	-106.0	106	26811	166	-106.0	106	26811	166	-106.0	106	26811	166	-106.0	106	26811	166	-106.0	106	26811	166	-106.0	106	26811	166	-106.0	106	26811	166	-106.0	106	26811	166	-106.0	106	26811	166	-106.0	106	26811	166	-106.0	106	26811	166	-106.0	106	26811	166	-106.0	106	26811	166	-106.0	106	26811	166	-106.0	106	26811	166	-106.0	106	26811	166	-106.0	106	26811	166	-106.0	106	26811
167	-85.0	85	26896	167	-85.0	85	26896	167	-85.0	85	26896	167	-85.0	85	26896	167	-85.0	85	26896	167	-85.0	85	26896	167	-85.0	85	26896	167	-85.0	85	26896	167	-85.0	85	26896	167	-85.0	85	26896	167	-85.0	85	26896	167	-85.0	85	26896	167	-85.0	85	26896	167	-85.0	85	26896	167	-85.0	85	26896	167	-85.0	85	26896	167	-85.0	85	26896	167	-85.0	85	26896	167	-85.0	85	26896
168	-88.0	88	26984	168	-88.0	88	26984	168	-88.0	88	26984	168	-88.0	88	26984	168	-88.0	88	26984	168	-88.0	88	26984	168	-88.0	88	26984	168	-88.0	88	26984	168	-88.0	88	26984	168	-88.0	88	26984	168	-88.0	88	26984	168	-88.0	88	26984	168	-88.0	88	26984	168	-88.0	88	26984	168	-88.0	88	26984	168	-88.0	88	26984	168	-88.0	88	26984	168	-88.0	88	26984	168	-88.0	88	26984
169	-180.0	180	27164	169	-180.0	180	27164	169	-180.0	180	27164	169	-180.0	180	27164	169	-180.0	180	27164	169	-180.0	180	27164	169	-180.0	180	27164	169	-180.0	180	27164	169	-180.0	180	27164	169	-180.0	180	27164	169	-180.0	180	27164	169	-180.0	180	27164	169	-180.0	180	27164	169	-180.0	180	27164	169	-180.0	180	27164	169	-180.0	180	27164	169	-180.0	180	27164	169	-180.0	180	27164	169	-180.0	180	27164
170	-141.0	141	27305	170	-141.0	141	27305	170	-141.0	141	27305	170	-141.0	141	27305	170	-141.0	141	27305	170	-141.0	141	27305	170	-141.0	141	27305	170	-141.0	141	27305	170	-141.0	141	27305	170	-141.0	141	27305	170	-141.0	141	27305	170	-141.0	141	27305	170	-141.0	141	27305	170	-141.0	141	27305	170	-141.0	141	27305	170	-141.0	141	27305	170	-141.0	141	27305	170	-141.0	141	27305	170	-141.0	141	27305
171	-146.0	146	27451	171	-146.0	146	27451	171	-146.0	146	27451	171	-146.0	146	27451	171	-146.0	146	27451	171	-146.0	146	27451	171	-146.0	146	27451	171	-146.0	146	27451	171	-146.0	146	27451	171	-146.0	146	27451	171	-146.0	146	27451	171	-146.0	146	27451	171	-146.0	146	27451	171	-146.0	146	27451	171	-146.0	146	27451	171	-146.0	146	27451	171	-146.0	146	27451	171	-146.0	146	27451	171	-146.0	146	27451
172	-152.0	152	27603	172	-152.0	152	27603	172	-152.0	152	27603	172	-152.0	152	27603	172	-152.0	152	27603	172	-152.0	152	27603	172	-152.0	152	27603	172	-152.0	152	27603	172	-152.0	152	27603	172	-152.0	152	27603	172	-152.0	152	27603	172	-152.0	152	27603	172	-152.0	152	27603	172	-152.0	152	27603	172	-152.0	152	27603	172	-152.0	152	27603	172	-152.0	152	27603	172	-152.0	152	27603	172	-152.0	152	27603
173	-142.0	142	27745	173	-142.0	142	27745	173	-142.0	142	27745	173	-142.0	142	27745	173	-142.0	142	27745	173	-142.0	142	27745	173	-142.0	142	27745	173	-142.0	142	27745	173	-142.0	142	27745	173	-142.0	142	27745	173	-142.0	142	27745	173	-142.0	142	27745	173	-142.0	142	27745	173	-142.0	142	27745	173	-142.0	142	27745	173	-142.0	142	27745	173	-142.0	142	27745	173	-142.0	142	27745	173	-142.0	142	27745
174	-142.0	142	27887	174	-142.0	142	27887	174	-142.0	142	27887	174	-142.0	142	27887	174	-142.0	142	27887	174	-142.0	142	27887	174	-142.0	142	27887	174	-142.0	142	27887	174	-142.0	142	27887	174	-142.0	142	27887	174	-142.0	142	27887	174	-142.0	142	27887	174	-142.0	142	27887	174	-142.0	142	27887	174	-142.0	142	27887	174	-142.0	142	27887	174	-142.0	142	27887	174	-142.0	142	27887	174	-142.0	142	27887
175	-141.0	141	28028	175	-141.0	141	28028	175	-141.0	141	28028	175	-141.0	141	28028	175	-141.0	141	28028	175	-141.0	141	28028	175	-141.0	141	28028	175	-141.0	141	28028	175	-141.0	141	28028	175	-141.0	141	28028	175	-141.0	141	28028	175	-141.0	141	28028	175	-141.0	141	28028	175	-141.0	141	28028	175	-141.0	141	28028	175	-141.0	141	28028	175	-141.0	141	28028	175	-141.0	141	28028	175	-141.0	141	28028
176	-137.0	137	28165	176	-137.0	137	28165	176	-137.0	137	28165	176	-137.0	137	28165	176	-137.0	137	28165	176	-137.0	137	28165	176	-137.0	137	28165	176	-137.0	137	28165	176	-137.0	137	28165	176	-137.0	137	28165	176	-137.0	137	28165	176	-137.0	137	28165	176	-137.0	137	28165	176	-137.0	137	28165	176	-137.0	137	28165	176	-137.0	137	28165	176	-137.0	137	28165	176	-137.0	137	28165	176	-137.0	137	28165
177	-117.0	117	28282	177	-117.0	117	28282	177	-117.0	117	28282	177	-117.0	117	28282	177	-117.0	117	28282	177	-117.0	117	28282	177	-117.0	117	28282	177	-117.0	117	28282	177	-117.0	117	28282	177	-117.0	117	28282	177	-117.0	117	28282	177	-117.0	117	28282	177	-117.0	117	28282	177	-117.0	117	28282	177	-117.0	117	28282	177	-117.0	117	28282	177	-117.0	117	28282	177	-117.0	117	28282	177	-117.0	117	28282
178	-141.0	141	28423	178	-141.0	141	28423	178	-141.0	141	28423	178	-141.0	141	28423	178	-141.0	141	28423	178	-141.0	141	28423	178	-141.0	141	28423	178	-141.0	141	28423	178	-141.0	141	28423	178	-141.0	141	28423	178	-141.0	141	28423	178	-141.0	141	28423	178	-141.0	141	28423	178	-141.0	141	28423	178	-141.0	141	28423	178	-141.0	141	28423	178	-141.0	141	28423	178	-141.0	141	28423	178	-141.0	141	28423
179	-140.0	140	28563	179	-140.0	140	28563	179	-140.0	140	28563	179	-140.0	140	28563	179	-140.0	140	28563	179	-140.0	140	28563	179	-140.0	140	28563	179	-140.0	140	28563	179	-140.0	140	28563	179	-140.0	140	28563	179	-140.0	140	28563	179	-140.0	140	28563	179	-140.0	140	28563	179	-140.0	140	28563	179	-140.0	140	28563	179	-140.0	140	28563	179	-140.0	140	28563	179	-140.0	140	28563	179	-140.0	140	28563
180	-131.0	131	28694	180	-131.0	131	28694	180	-131.0	131	28694	180	-131.0	131	28694	180	-131.0	131	28694	180	-131.0	131	28694	180	-131.0	131	28694	180	-131.0	131	28694	180	-131.0	131	28694	180	-131.0	131	28694	180	-131.0	131	28694	180	-131.0	131	28694	180	-131.0	131	28694	180	-131.0	131	28694	180	-131.0	131	28694	180	-131.0	131	28694	180	-131.0	131	28694	180	-131.0	131	28694	180	-131.0	131	28694
181	-137.0	137	28831	181	-137.0	137	28831	181	-137.0	137	28831	181	-137.0	137	28831	181	-137.0	137	28831	181	-137.0	137	28831	181	-137.0	137	28831	181	-137.0	137	28831	181	-137.0	137	28831	181	-137.0	137	28831	181	-137.0	137	28831	181	-137.0	137	28831	181	-137.0	137	28831	181	-137.0	137	28831	181	-137.0	137	28831	181	-137.0	137	28831	181	-137.0	137	28831	181	-137.0	137	28831	181	-137.0	137	28831
182	-144.0	144	28975	182	-144.0	144	28975	182	-144.0	144	28975	182	-144.0	144	28975	182	-144.0	144	28975	182	-144.0	144	28975	182	-144.0	144	28975	182	-144.0	144	28975	182	-144.0	144	28975	182	-144.0	144	28975	182	-144.0	144	28975	182	-144.0	144	28975	182	-144.0	144	28975	182	-144.0	144	28975	182	-144.0	144	28975	182	-144.0	144	28975	182	-144.0	144	28975	182	-144.0	144	28975	182	-144.0	144	28975
183	-153.0	153	29128	183	-153.0	153	29128	183	-153.0	153	29128	183	-153.0	153	29128	183	-153.0	153	29128	183	-153.0	153	29128	183	-153.0	153	29128	183	-153.0	153	29128	183	-153.0	153	29128	183	-153.0	153	29128	183	-153.0	153	29128	183	-153.0	153	29128	183	-153.0	153	29128	183	-153.0	153	29128	183	-153.0	153	29128	183	-153.0	153	29128	183	-153.0	153	29128	183	-153.0	153	29128	183	-153.0	153	29128
184	-131.0	131	29259	184	-131.0	131	29259	184	-131.0	131	29259	184	-131.0	131	29259	184	-131.0	131	29259	184	-131.0	131	29259	184	-131.0	131	29259	184	-131.0	131	29259	184	-131.0	131	29259	184	-131.0	131	29259	184	-131.0	131	29259	184	-131.0	131	29259	184	-131.0	131	29259	184	-131.0	131	29259	184	-131.0	131	29259	184	-131.0	131	29259	184	-131.0	131	29259	184	-131.0	131	29259	184	-131.0	131	29259
185	-161.0	161	29420	185	-161.0	161	29420	185	-161.0	161	29420	185	-161.0	161	29420	185	-161.0	161	29420	185	-161.0	161	29420	185	-161.0	161	29420	185	-161.0	161	29420	185	-161.0	161	29420	185	-161.0	161	29420	185	-161.0	161	29420	185	-161.0	161	29420	185	-161.0	161	29420	185	-161.0	161	29420	185	-161.0	161	29420	185	-161.0	161	29420	185	-161.0	161	29420	185	-161.0	161	29420	185	-161.0	161	29420
186	-160.0	160	29580	186	-160.0	160	29580	186	-160.0	160	29580	186	-160.0	160	29580	186	-160.0	160	29580	186	-160.0	160	29580	186	-160.0	160	29580	186	-160.0	160	29580	186	-160.0	160	29580	186	-160.0	160	29580	186	-160.0	160	29580	186	-160.0	160	29580	186	-160.0	160	29580	186	-160.0	160	29580	186	-160.0	160	29580	186	-160.0	160	29580	186	-160.0	160	29580	186	-160.0	160	29580	186	-160.0	160	29580
187	-159.0	159	29739	187	-159.0	159	29739	187	-159.0	159	29739	187	-159.0	159	29739	187	-159.0	159	29739	187	-159.0	159	29739	187	-159.0	159	29739	187	-159.0	159	29739	187	-159.0	159	29739	187	-159.0	159	29739	187	-159.0	159	29739	187	-159.0	159	29739	187	-159.0	159	29739	187	-159.0	159	29739	187	-159.0	159	29739	187	-159.0	159	29739	187	-159.0	159	29739	187	-159.0	159	29739	187	-159.0	159	29739
188	-161.0	161	29900	188	-161.0	161	29900	188	-161.0	161	29900	188	-161.0	161	29900	188	-161.0	161	29900	188	-161.0	161	29900	188	-161.0	161	29900	188	-161.0	161	29900	188	-161.0	161	29900	188	-161.0	161	29900	188	-161.0	161	29900	188	-161.0	161	29900	188	-161.0	161	29900	188	-161.0	161	29900	188	-161.0	161	29900	188	-161.0	161	29900	188	-161.0	161	29900	188	-161.0	161	29900	188	-161.0	161	29900
189	-90.0	90	29990	189	-90.0	90	29990	189	-90.0	90	29990	189	-90.0	90	29990	189	-90.0	90	29990	189	-90.0	90	29990	189	-90.0	90	29990	189	-90.0	90	29990	189	-90.0	90	29990	189	-90.0	90	29990	189	-90.0	90	29990	189	-90.0	90	29990	189	-90.0	90	29990	189	-90.0	90	29990	189	-90.0	90	29990	189	-90.0	90	29990	189	-90.0	90	29990	189	-90.0	90	29990	189	-90.0	90	29990
190	-99.0	99	30089	190	-99.0	99	30089	190	-99.0	99	30089	190	-99.0	99	30089	190	-99.0	99	30089	190	-99.0	99	30089	190	-99.0	99	30089	190	-99.0	99	30089	190	-99.0	99	30089	190	-99.0	99	30089	190	-99.0	99	30089	190	-99.0	99	30089	190	-99.0	99	30089	190	-99.0	99	30089	190	-99.0	99	30089	190	-99.0	99	30089	190	-99.0	99	30089	190	-99.0	99	30089	190	-99.0	99	30089
191	-175.0	175	30264	191	-175.0	175	30264	191	-175.0	175	30264	191	-175.0	175	30264	191	-175.0	175	30264	191	-175.0	175	30264	191	-175.0	175	30264	191	-175.0	175	30264	191	-175.0	175	30264	191	-175.0	175	30264	191	-175.0	175	30264	191	-175.0	175	30264	191	-175.0	175	30264	191	-175.0	175	30264	191	-175.0	175	30264	191	-175.0	175	30264	191	-175.0	175	30264	191	-175.0	175	30264	191	-175.0	175	30264
192	-148.0	148	30412	192	-148.0	148	30412	192	-148.0	148	30412	192	-148.0	148	30412	192	-148.0	148	30412	192	-148.0	148	30412	192	-148.0	148	30412	192	-148.0	148	30412	192	-148.0	148	30412	192	-148.0	148	30412	192	-148.0	148	30412	192	-148.0	148	30412	192	-148.0	148	30412	192	-148.0	148	30412	192	-148.0	148	30412	192	-148.0	148	30412	192	-148.0	148	30412	192	-148.0	148	30412	192	-148.0	148	30412
193	-157.0	157	30569	193	-157.0	157	30569	193	-157.0	157	30569	193	-157.0	157	30569	193	-157.0	157	30569	193	-157.0	157	30569	193	-157.0	157	30569	193	-157.0	157	30569	193	-157.0	157	30569	193	-157.0	157	30569	193	-157.0	157	30569	193	-157.0	157	30569	193	-157.0	157	30569	193	-157.0	157	30569	193	-157.0	157	30569	193	-157.0	157	30569	193	-157.0	157	30569	193	-157.0	157	30569	193	-157.0	157	30569
194	-142.0	142	30711	194	-142.0	142	30711	194	-142.0	142	30711	194	-142.0	142	30711	194	-142.0	142	30711	194	-142.0	142	30711	194	-142.0	142	30711	194	-142.0	142	30711	194	-142.0	142	30711	194	-142.0	142	30711	194	-142.0	142	30711	194	-142.0	142	30711	194	-142.0	142	30711	194	-142.0	142	30711	194	-142.0	142	30711	194	-142.0	142	30711	194	-142.0	142	30711	194	-142.0	142	30711	194	-142.0	142	30711
195	-157.0	157	30868	195	-157.0	157	30868	195	-157.0	157	30868	195	-157.0	157	30868	195	-157.0	157	30868	195	-157.0	157	30868	195	-157.0	157	30868	195	-157.0	157	30868	195	-157.0	157	30868	195	-157.0	157	30868	195	-157.0	157	30868	195	-157.0	157	30868	195	-157.0	157	30868	195	-157.0	157	30868	195	-157.0	157	30868	195	-157.0	157	30868	195	-157.0	157	30868	195	-157.0	157	30868	195	-157.0	157	30868
196	-154.0	154	31022	196	-154.0	154	31022	196	-154.0	154	31022	196	-154.0	154	31022	196	-154.0	154	31022	196	-154.0	154	31022	196	-154.0	154	31022	196	-154.0	154	31022	196	-154.0	154	31022	196	-154.0	154	31022	196	-154.0	154	31022	196	-154.0	154	31022	196	-154.0	154	31022	196	-154.0	154	31022	196	-154.0	154	31022	196	-154.0	154	31022	196	-154.0	154	31022	196	-154.0	154	31022	196	-154.0	154	31022
197	-117.0	117	31139	197	-117.0	117	31139	197	-117.0	117	31139	197	-117.0	117	31139	197	-117.0	117	31139	197	-117.0	117	31139	197	-117.0	117	31139	197	-117.0	117	31139	197	-117.0	117	31139	197	-117.0	117	31139	197	-117.0	117	31139	197	-117.0	117	31139	197	-117.0	117	31139	197	-117.0	117	31139	197	-117.0	117	31139	197	-117.0	117	31139	197	-117.0	117	31139	197	-117.0	117	31139	197	-117.0	117	31139
198	-150.0	150	31289	198	-150.0	150	31289	198	-150.0	150	31289	198	-150.0	150	31289	198	-150.0	150	31289	198	-150.0	150	31289	198	-150.0	150	31289	198	-150.0	150	31289	198	-150.0	150	31289	198	-150.0	150	31289	198	-150.0	150	31289	198	-150.0	150	31289	198	-150.0	150	31289	198	-150.0	150	31289	198	-150.0	150	31289	198	-150.0	150	31289	198	-150.0	150	31289	198	-150.0	150	31289	198	-150.0	150	31289
199	-143.0	143	31432	199	-143.0	143	31432	199	-143.0	143	31432	199	-143.0	143	31432	199	-143.0	143	31432	199	-143.0	143	31432	199	-143.0	143	31432	199	-143.0	143	31432	199	-143.0	143	31432	199	-143.0	143	31432	199	-143.0	143	31432	199	-143.0	143	31432	199	-143.0	143	31432	199	-143.0	143	31432	199	-143.0	143	31432	199	-143.0	143	31432	199	-143.0	143	31432	199	-143.0	143	31432	199	-143.0	143	31432
200	-180.0	180	31612	200	-180.0	180	31612	200	-180.0	180	31612	200	-180.0	180	31612	200	-180.0	180	31612	200	-180.0	180	31612	200	-180.0	180	31612	200	-180.0	180	31612	200	-180.0	180	31612	200	-180.0	180	31612	200	-180.0	180	31612	200	-180.0	180	31612	200	-180.0	180	31612	200	-180.0	180	31612	200	-180.0	180	31612	200	-180.0	180	31612	200	-180.0	180	31612	200	-180.0	180	31612	200	-180.0	180	31612
201	-184.0	184	31796	201	-184.0	184	31796	201	-184.0	184	31796	201	-184.0	184	31796	201	-184.0	184	31796	201	-184.0	184	31796	201	-184.0	184	31796	201	-184.0	184	31796	201	-184.0	184	31796	201	-184.0	184	31796	201	-184.0	184	31796	201	-184.0	184	31796	201	-184.0	184	31796	201	-184.0	184	31796	201	-184.0	184	31796	201	-184.0	184	31796	201	-184.0	184	31796	201	-184.0	184	31796	201	-184.0	184	31796
202	-145.0	145	31941	202	-145.0	145	31941	202	-145.0	145	31941	202	-145.0	145	31941	202	-145.0	145	31941	202	-145.0	145	31941	202	-145.0	145	31941	202	-145.0	145	31941	202	-145.0	145	31941	202	-145.0	145	31941	202	-145.0	145	31941	202	-145.0	145	31941	202	-145.0	145	31941	202	-145.0	145	31941	202	-145.0	145	31941	202	-145.0	145	31941	202	-145.0	145	31941	202	-145.0	145	31941	202	-145.0	145	31941
203	-177.0	177	32118	203	-177.0	177	32118	203	-177.0	177	32118	203	-177.0	177	32118	203	-177.0	177	32118	203	-177.0	177	32118	203	-177.0	177	32118	203	-177.0	177	32118	203	-177.0	177	32118	203	-177.0	177	32118	203	-177.0	177	32118	203	-177.0	177	32118	203	-177.0	177	32118	203	-177.0	177	32118	203	-177.0	177	32118	203	-177.0	177	32118	203	-177.0	177	32118	203	-177.0	177	32118	203	-177.0	177	32118
204	-143.0	143	32261	204	-143.0	143	32261	204	-143.0	143	32261	204	-143.0	143	32261	204	-143.0	143	32261	204	-143.0	143	32261	204	-143.0	143	32261	204	-143.0	143	32261	204	-143.0	143	32261	204	-143.0	143	32261	204	-143.0	143	32261	204	-143.0	143	32261	204	-143.0	143	32261	204	-143.0	143	32261	204	-143.0	143	32261	204	-143.0	143	32261	204	-143.0	143	32261	204	-143.0	143	32261	204	-143.0	143	32261
205	-126.0	126	32387	205	-126.0	126	32387	205	-126.0	126	32387	205	-126.0	126	32387	205	-126.0	126	32387	205	-126.0	126	32387	205	-126.0	126	32387	205	-126.0	126	32387	205	-126.0	126	32387	205	-126.0	126	32387	205	-126.0	126	32387	205	-126.0	126	32387	205	-126.0	126	32387	205	-126.0	126	32387	205	-126.0	126	32387	205	-126.0	126	32387	205	-126.0	126	32387	205	-126.0	126	32387	205	-126.0	126	32387
206	-144.0	144	32531	206	-144.0	144	32531	206	-144.0	144	32531	206	-144.0	144	32531	206	-144.0	144	32531	206	-144.0	144	32531	206	-144.0	144	32531	206	-144.0	144	32531	206	-144.0	144	32531	206	-144.0	144	32531	206	-144.0	144	32531	206	-144.0	144	32531	206	-144.0	144	32531	206	-144.0	144	32531	206	-144.0	144	32531	206	-144.0	144	32531	206	-144.0	144	32531	206	-144.0	144	32531	206	-144.0	144	32531
207	-178.0	178	32709	207	-178.0	178	32709	207	-178.0	178	32709	207	-178.0	178	32709	207	-178.0	178	32709	207	-178.0	178	32709	207	-178.0	178	32709	207	-178.0	178	32709	207	-178.0	178	32709	207	-178.0	178	32709	207	-178.0	178	32709	207	-178.0	178	32709	207	-178.0	178	32709	207	-178.0	178	32709	207	-178.0	178	32709	207	-178.0	178	32709	207	-178.0	178	32709	207	-178.0	178	32709	207	-178.0	178	32709
208	-146.0	146	32855	208	-146.0	146	32855	208	-146.0	146	32855	208	-146.0	146	32855	208	-146.0	146	32855	208	-146.0	146	32855	208	-146.0	146	32855	208	-146.0	146	32855	208	-146.0	146	32855	208	-146.0	146	32855	208	-146.0	146	32855	208	-146.0	146	32855	208	-146.0	146	32855	208	-146.0	146	32855	208	-146.0	146	32855	208	-146.0	146	32855	208	-146.0	146	32855	208	-146.0	146	32855	208	-146.0	146	32855
209	-181.0	181	33036	209	-181.0	181	33036	209	-181.0	181	33036	209	-181.0	181	33036	209	-181.0	181	33036	209	-181.0	181	33036	209	-181.0	181	33036	209	-181.0	181	33036	209	-181.0	181	33036	209	-181.0	181	33036	209	-181.0	181	33036	209	-181.0	181	33036	209	-181.0	181	33036	209	-181.0	181	33036	209	-181.0	181	33036	209	-181.0	181	33036	209	-181.0	181	33036	209	-181.0	181	33036	209	-181.0	181	33036
210	-142.0	142	33178	210	-142.0	142	33178	210	-142.0	142	33178	210	-142.0	142	33178	210	-142.0	142	33178	210	-142.0	142	33178	210	-142.0	142	33178	210	-142.0	142	33178	210	-142.0	142	33178	210	-142.0	142	33178	210	-142.0	142	33178	210	-142.0	142	33178	210	-142.0	142	33178	210	-142.0	142	33178	210	-142.0	142	33178	210	-142.0	142	33178	210	-142.0	142	33178	210	-142.0	142	33178	210	-142.0	142	33178
211	-164.0	164	33342	211	-164.0	164	33342	211	-164.0	164	33342	211	-164.0	164	33342	211	-164.0	164	33342	211	-164.0	164	33342	211	-164.0	164	33342	211	-164.0	164	33342	211	-164.0	164	33342	211	-164.0	164	33342	211	-164.0	164	33342	211	-164.0	164	33342	211	-164.0	164	33342	211	-164.0	164	33342	211	-164.0	164	33342	211	-164.0	164	33342	211	-164.0	164	33342	211	-164.0	164	33342	211	-164.0	164	33342
212	-203.0	203	33545	212	-203.0	203	33545	212	-203.0	203	33545	212	-203.0	203	33545	212	-203.0	203	33545	212	-203.0	203	33545	212	-203.0	203	33545	212	-203.0	203	33545	212	-203.0	203	33545	212	-203.0	203	33545	212	-203.0	203	33545	212	-203.0	203	33545	212	-203.0	203	33545	212	-203.0	203	33545	212	-203.0	203	33545	212	-203.0	203	33545	212	-203.0	203	33545	212	-203.0	203	33545	212	-203.0	203	33545
213	-146.0	146	33691	213	-146.0	146	33691	213	-146.0	146	33691	213	-146.0	146	33691	213	-146.0	146	33691	213	-146.0	146	33691	213	-146.0	146	33691	213	-146.0	146	33691	213	-146.0	146	33691	213	-146.0	146	33691	213	-146.0	146	33691	213	-146.0	146	33691	213	-146.0	146	33691	213	-146.0	146	33691	213	-146.0	146	33691	213	-146.0	146	33691	213	-146.0	146	33691	213	-146.0	146	33691	213	-146.0	146	33691
214	-143.0	143	33834	214	-143.0	143	33834	214	-143.0	143	33834	214	-143.0	143	33834	214	-143.0	143	33834	214	-143.0	143	33834	214	-143.0	143	33834	214	-143.0	143	33834	214	-143.0	143	33834	214	-143.0	143	33834	214	-143.0	143	33834	214	-143.0	143	33834	214	-143.0	143	33834	214	-143.0	143	33834	214	-143.0	143	33834	214	-143.0	143	33834	214	-143.0	143	33834	214	-143.0	143	33834	214	-143.0	143	33834
215	-213.0	213	34047	215	-213.0	213	34047	215	-213.0	213	34047	215	-213.0	213	34047	215	-213.0	213	34047	215	-213.0	213	34047	215	-213.0	213	34047	215	-213.0	213	34047	215	-213.0	213	34047	215	-213.0	213	34047	215	-213.0	213	34047	215	-213.0	213	34047	215	-213.0	213	34047	215	-213.0	213	34047	215	-213.0	213	34047	215	-213.0	213	34047	215	-213.0	213	34047	215	-213.0	213	34047	215	-213.0	213	34047
216	-139.0	139	34186	216	-139.0	139	34186	216	-139.0	139	34186	216	-139.0	139	34186	216	-139.0	139	34186	216	-139.0	139	34186	216	-139.0	139	34186	216	-139.0	139	34186	216	-139.0	139	34186	216	-139.0	139	34186	216	-139.0	139	34186	216	-139.0	139	34186	216	-139.0	139	34186	216	-139.0	139	34186	216	-139.0	139	34186	216	-139.0	139	34186	216	-139.0	139	34186	216	-139.0	139	34186	216	-139.0	139	34186
217	-148.0	148	34334	217	-148.0	148	34334	217	-148.0	148	34334	217	-148.0	148	34334	217	-148.0	148	34334	217	-148.0	148	34334	217	-148.0	148	34334	217	-148.0	148	34334	217	-148.0	148	34334	217	-148.0	148	34334	217	-148.0	148	34334	217	-148.0	148	34334	217	-148.0	148	34334	217	-148.0	148	34334	217	-148.0	148	34334	217	-148.0	148	34334	217	-148.0	148	34334	217	-148.0	148	34334	217	-148.0	148	34334
218	-149.0	149	34483	218	-149.0	149	34483	218	-149.0	149	34483	218	-149.0	149	34483	218	-149.0	149	34483	218	-149.0	149	34483	218	-149.0	149	34483	218	-149.0	149	34483	218	-149.0	149	34483	218	-149.0	149	34483	218	-149.0	149	34483	218	-149.0	149	34483	218	-149.0	149	34483	218	-149.0	149	34483	218	-149.0	149	34483	218	-149.0	149	34483	218	-149.0	149	34483	218	-149.0	149	34483	218	-149.0	149	34483
219	-202.0	202	34685	219	-202.0	202	34685	219	-202.0	202	34685	219	-202.0	202	34685	219	-202.0	202	34685	219	-202.0	202	34685	219	-202.0	202	34685	219	-202.0	202	34685	219	-202.0	202	34685	219	-202.0	202	34685	219	-202.0	202	34685	219	-202.0	202	34685	219	-202.0	202	34685	219	-202.0	202	34685	219	-202.0	202	34685	219	-202.0	202	34685	219	-202.0	202	34685	219	-202.0	202	34685	219	-202.0	202	34685
220	-180.0	180	34865	220	-180.0	180	34865	220	-180.0	180	34865	220	-180.0	180	34865	220	-180.0	180	34865	220	-180.0	180	34865	220	-180.0	180	34865	220	-180.0	180	34865	220	-180.0	180	34865	220	-180.0	180	34865	220	-180.0	180	34865	220	-180.0	180	34865	220	-180.0	180	34865	220	-180.0	180	34865	220	-180.0	180	34865	220	-180.0	180	34865	220	-180.0	180	34865	220	-180.0	180	34865	220	-180.0	180	34865
221	-187.0	187	35052	221	-187.0	187	35052	221	-187.0	187	35052	221	-187.0	187	35052	221	-187.0	187	35052	221	-187.0	187	35052	221	-187.0	187	35052	221	-187.0	187	35052	221	-187.0	187	35052	221	-187.0	187	35052	221	-187.0	187	35052	221	-187.0	187	35052	221	-187.0	187	35052	221	-187.0	187	35052	221	-187.0	187	35052	221	-187.0	187	35052	221	-187.0	187	35052	221	-187.0	187	35052	221	-187.0	187	35052
222	-147.0	147	35199	222	-147.0	147	35199	222	-147.0	147	35199	222	-147.0	147	35199	222	-147.0	147	35199	222	-147.0	147	35199	222	-147.0	147	35199	222	-147.0	147	35199	222	-147.0	147	35199	222	-147.0	147	35199	222	-147.0	147	35199	222	-147.0	147	35199	222	-147.0	147	35199	222	-147.0	147	35199	222	-147.0	147	35199	222	-147.0	147	35199	222	-147.0	147	35199	222	-147.0	147	35199	222	-147.0	147	35199
223	-149.0	149	35348	223	-149.0	149	35348	223	-149.0	149	35348	223	-149.0	149	35348	223	-149.0	149	35348	223	-149.0	149	35348	223	-149.0	149	35348	223	-149.0	149	35348	223	-149.0	149	35348	223	-149.0	149	35348	223	-149.0	149	35348	223	-149.0	149	35348	223	-149.0	149	35348	223	-149.0	149	35348	223	-149.0	149	35348	223	-149.0	149	35348	223	-149.0	149	35348	223	-149.0	149	35348	223	-149.0	149	35348
224	-179.0	179	35527	224	-179.0	179	35527	224	-179.0	179	35527	224	-179.0	179	35527	224	-179.0	179	35527	224	-179.0	179	35527	224	-179.0	179	35527	224	-179.0	179	35527	224	-179.0	179	35527	224	-179.0	179	35527	224	-179.0	179	35527	224	-179.0	179	35527	224	-179.0	179	35527	224	-179.0	179	35527	224	-179.0	179	35527	224	-179.0	179	35527	224	-179.0	179	35527	224	-179.0	179	35527	224	-179.0	179	35527
225	-180.0	180	35707	225	-180.0	180	35707	225	-180.0	180	35707	225	-180.0	180	35707	225	-180.0	180	35707	225	-180.0	180	35707	225	-180.0	180	35707	225	-180.0	180	35707	225	-180.0	180	35707	225	-180.0	180	35707	225	-180.0	180	35707	225	-180.0	180	35707	225	-180.0	180	35707	225	-180.0	180	35707	225	-180.0	180	35707	225	-180.0	180	35707	225	-180.0	180	35707	225	-180.0	180	35707	225	-180.0	180	35707
226	-150.0	150	35857	226	-150.0	150	35857	226	-150.0	150	35857	226	-150.0	150	35857	226	-150.0	150	35857	226	-150.0	150	35857	226	-150.0	150	35857	226	-150.0	150	35857	226	-150.0	150	35857	226	-150.0	150	35857	226	-150.0	150	35857	226	-150.0	150	35857	226	-150.0	150	35857	226	-150.0	150	35857	226	-150.0	150	35857	226	-150.0	150	35857	226	-150.0	150	35857	226	-150.0	150	35857	226	-150.0	150	35857
227	-148.0	148	36005	227	-148.0	148	36005	227	-148.0	148	36005	227	-148.0	148	36005	227	-148.0	148	36005	227	-148.0	148	36005	227	-148.0	148	36005	227	-148.0	148	36005	227	-148.0	148	36005	227	-148.0	148	36005	227	-148.0	148	36005	227	-148.0	148	36005	227	-148.0	148	36005	227	-148.0	148	36005	227	-148.0	148	36005	227	-148.0	148	36005	227	-148.0	148	36005	227	-148.0	148	36005	227	-148.0	148	36005
228	-216.0	216	36221	228	-216.0	216	36221	228	-216.0	216	36221	228	-216.0	216	36221	228	-216.0	216	36221	228	-216.0	216	36221	228	-216.0	216	36221	228	-216.0	216	36221	228	-216.0	216	36221	228	-216.0	216	36221	228	-216.0	216	36221	228	-216.0	216	36221	228	-216.0	216	36221	228	-216.0	216	36221	228	-216.0	216	36221	228	-216.0	216	36221	228	-216.0	216	36221	228	-216.0	216	36221	228	-216.0	216	36221
229	-197.0	197	36418	229	-197.0	197	36418	229	-197.0	197	36418	229	-197.0	197	36418	229	-197.0	197	36418	229	-197.0	197	36418	229	-197.0	197	36418	229	-197.0	197	36418	229	-197.0	197	36418	229	-197.0	197	36418	229	-197.0	197	36418	229	-197.0	197	36418	229	-197.0	197	36418	229	-197.0	197	36418	229	-197.0	197	36418	229	-197.0	197	36418	229	-197.0	197	36418	229	-197.0	197	36418	229	-197.0	197	36418
230	-209.0	209	36627	230	-209.0	209	36627	230	-209.0	209	36627	230	-209.0	209	36627	230	-209.0	209	36627	230	-209.0	209	36627	230	-209.0	209	36627	230	-209.0	209	36627	230	-209.0	209	36627	230	-209.0	209	36627	230	-209.0	209	36627	230	-209.0	209	36627	230	-209.0	209	36627	230	-209.0	209	36627	230	-209.0	209	36627	230	-209.0	209	36627	230	-209.0	209	36627	230	-209.0	209	36627	230	-209.0	209	36627
231	-117.0	117	36744	231	-117.0	117	36744	231	-117.0	117	36744	231	-117.0	117	36744	231	-117.0	117	36744	231	-117.0	117	36744	231	-117.0	117	36744	231	-117.0	117	36744	231	-117.0	117	36744	231	-117.0	117	36744	231	-117.0	117	36744	231	-117.0	117	36744	231	-117.0	117	36744	231	-117.0	117	36744	231	-117.0	117	36744	231	-117.0	117	36744	231	-117.0	117	36744	231	-117.0	117	36744	231	-117.0	117	36744
232	-152.0	152	36896	232	-152.0	152	36896	232	-152.0	152	36896	232	-152.0	152	36896	232	-152.0	152	36896	232	-152.0	152	36896	232	-152.0	152	36896	232	-152.0	152	36896	232	-152.0	152	36896	232	-152.0	152	36896	232	-152.0	152	36896	232	-152.0	152	36896	232	-152.0	152	36896	232	-152.0	152	36896	232	-152.0	152	36896	232	-152.0	152	36896	232	-152.0	152	36896	232	-152.0	152	36896	232	-152.0	152	36896
233	-115.0	115	37011	233	-115.0	115	37011	233	-115.0	115	37011	233	-115.0	115	37011	233	-115.0	115	37011	233	-115.0	115	37011	233	-115.0	115	37011	233	-115.0	115	37011	233	-115.0	115	37011	233	-115.0	115	37011	233	-115.0	115	37011	233	-115.0	115	37011	233	-115.0	115	37011	233	-115.0	115	37011	233	-115.0	115	37011	233	-115.0	115	37011	233	-115.0	115	37011	233	-115.0	115	37011	233	-115.0	115	37011
234	-147.0	147	37158	234	-147.0	147	37158	234	-147.0	147	37158	234	-147.0	147	37158	234	-147.0	147	37158	234	-147.0	147	37158	234	-147.0	147	37158	234	-147.0	147	37158	234	-147.0	147	37158	234	-147.0	147	37158	234	-147.0	147	37158	234	-147.0	147	37158	234	-147.0	147	37158	234	-147.0	147	37158	234	-147.0	147	37158	234	-147.0	147	37158	234	-147.0	147	37158	234	-147.0	147	37158	234	-147.0	147	37158
235	-112.0	112	37270	235	-112.0	112	37270	235	-112.0	112	37270	235	-112.0	112	37270	235	-112.0	112	37270	235	-112.0	112	37270	235	-112.0	112	37270	235	-112.0	112	37270	235	-112.0	112	37270	235	-112.0	112	37270	235	-112.0	112	37270	235	-112.0	112	37270	235	-112.0	112	37270	235	-112.0	112	37270	235	-112.0	112	37270	235	-112.0	112	37270	235	-112.0	112	37270	235	-112.0	112	37270	235	-112.0	112	37270
236	-134.0	134	37404	236	-134.0	134	37404	236	-134.0	134	37404	236	-134.0	134	37404	236	-134.0	134	37404	236	-134.0	134	37404	236	-134.0	134	37404	236	-134.0	134	37404	236	-134.0	134	37404	236	-134.0	134	37404	236	-134.0	134	37404	236	-134.0	134	37404	236	-134.0	134	37404	236	-134.0	134	37404	236	-134.0	134	37404	236	-134.0	134	37404	236	-134.0	134	37404	236	-134.0	134	37404	236	-134.0	134	37404
237	-114.0	114	37518	237	-114.0	114	37518	237	-114.0	114	37518	237	-114.0	114	37518	237	-114.0	114	37518	237	-114.0	114	37518	237	-114.0	114	37518	237	-114.0	114	37518	237	-114.0	114	37518	237	-114.0	114	37518	237	-114.0	114	37518	237	-114.0	114	37518	237	-114.0	114	37518	237	-114.0	114	37518	237	-114.0	114	37518	237	-114.0	114	37518	237	-114.0	114	37518	237	-114.0	114	37518	237	-114.0	114	37518
238	-141.0	141	37659	238	-141.0	141	37659	238	-141.0	141	37659	238	-141.0	141	37659	238	-141.0	141	37659	238	-141.0	141	37659	238	-141.0	141	37659	238	-141.0	141	37659	238	-141.0	141	37659	238	-141.0	141	37659	238	-141.0	141	37659	238	-141.0	141	37659	238	-141.0	141	37659	238	-141.0	141	37659	238	-141.0	141	37659	238	-141.0	141	37659	238	-141.0	141	37659	238	-141.0	141	37659	238	-141.0	141	37659
239	-112.0	112	37771	239	-112.0	112	37771	239	-112.0	112	37771	239	-112.0	112	37771	239	-112.0	112	37771	239	-112.0	112	37771	239	-112.0	112	37771	239	-112.0	112	37771	239	-112.0	112	37771	239	-112.0	112	37771	239	-112.0	112	37771	239	-112.0	112	37771	239	-112.0	112	37771	239	-112.0	112	37771	239	-112.0	112	37771	239	-112.0	112	37771	239	-112.0	112	37771	239	-112.0	112	37771	239	-112.0	112	37771
240	-106.0	106	37877	240	-106.0	106	37877	240	-106.0	106	37877	240	-106.0	106	37877	240	-106.0	106	37877	240	-106.0	106	37877	240	-106.0	106	37877	240	-106.0	106	37877	240	-106.0	106	37877	240	-106.0	106	37877	240	-106.0	106	37877	240	-106.0	106	37877	240	-106.0	106	37877	240	-106.0	106	37877	240	-106.0	106	37877	240	-106.0	106	37877	240	-106.0	106	37877	240	-106.0	106	37877	240	-106.0	106	37877
241	-135.0	135	38012	241	-135.0	135	38012	241	-135.0	135	38012	241	-135.0	135	38012	241	-135.0	135	38012	241	-135.0	135	38012	241	-135.0	135	38012	241	-135.0	135	38012	241	-135.0	135	38012	241	-135.0	135	38012	241	-135.0	135	38012	241	-135.0	135	38012	241	-135.0	135	38012	241	-135.0	135	38012	241	-135.0	135	38012	241	-135.0	135	38012	241	-135.0	135	38012	241	-135.0	135	38012	241	-135.0	135	38012
242	-136.0	136	38148	242	-136.0	136	38148	242	-136.0	136	38148	242	-136.0	136	38148	242	-136.0	136	38148	242	-136.0	136	38148	242	-136.0	136	38148	242	-136.0	136	38148	242	-136.0	136	38148	242	-136.0	136	38148	242	-136.0	136	38148	242	-136.0	136	38148	242	-136.0	136	38148	242	-136.0	136	38148	242	-136.0	136	38148	242	-136.0	136	38148	242	-136.0	136	38148	242	-136.0	136	38148	242	-136.0	136	38148
243	-109.0	109	38257	243	-109.0	109	38257	243	-109.0	109	38257	243	-109.0	109	38257	243	-109.0	109	38257	243	-109.0	109	38257	243	-109.0	109	38257	243	-109.0	109	38257	243	-109.0	109	38257	243	-109.0	109	38257	243	-109.0	109	38257	243	-109.0	109	38257	243	-109.0	109	38257	243	-109.0	109	38257	243	-109.0	109	38257	243	-109.0	109	38257	243	-109.0	109	38257	243	-109.0	109	38257	243	-109.0	109	38257
244	-109.0	109	38366	244	-109.0	109	38366	244	-109.0	109	38366	244	-109.0	109	38366	244	-109.0	109	38366	244	-109.0	109	38366	244	-109.0	109	38366	244	-109.0	109	38366	244	-109.0	109	38366	244	-109.0	109	38366	244	-109.0	109	38366	244	-109.0	109	38366	244	-109.0	109	38366	244	-109.0	109	38366	244	-109.0	109	38366	244	-109.0	109	38366	244	-109.0	109	38366	244	-109.0	109	38366	244	-109.0	109	38366
245	-108.0	108	38474	245	-108.0	108	38474	245	-108.0	108	38474	245	-108.0	108	38474	245	-108.0	108	38474	245	-108.0	108	38474	245	-108.0	108	38474	245	-108.0	108	38474	245	-108.0	108	38474	245	-108.0	108	38474	245	-108.0	108	38474	245	-108.0	108	38474	245	-108.0	108	38474	245	-108.0	108	38474	245	-108.0	108	38474	245	-108.0	108	38474	245	-108.0	108	38474	245	-108.0	108	38474	245	-108.0	108	38474
246	-140.0	140	38614	246	-140.0	140	38614	246	-140.0	140	38614	246	-140.0	140	38614	246	-140.0	140	38614	246	-140.0	140	38614	246	-140.0	140	38614	246	-140.0	140	38614	246	-140.0	140	38614	246	-140.0	140	38614	246	-140.0	140	38614	246	-140.0	140	38614	246	-140.0	140	38614	246	-140.0	140	38614	246	-140.0	140	38614	246	-140.0	140	38614	246	-140.0	140	38614	246	-140.0	140	38614	246	-140.0	140	38614
247	-143.0	143	38757	247	-143.0	143	38757	247	-143.0	143	38757	247	-143.0	143	38757	247	-143.0	143	38757	247	-143.0	143	38757	247	-143.0	143	38757	247	-143.0	143	38757	247	-143.0	143	38757	247	-143.0	143	38757	247	-143.0	143	38757	247	-143.0	143	38757	247	-143.0	143	38757	247	-143.0	143	38757	247	-143.0	143	38757	247	-143.0	143	38757	247	-143.0	143	38757	247	-143.0	143	38757	247	-143.0	143	38757
248	-137.0	137	38894	248	-137.0	137	38894	248	-137.0	137	38894	248	-137.0	137	38894	248	-137.0	137	38894	248	-137.0	137	38894	248	-137.0	137	38894	248	-137.0	137	38894	248	-137.0	137	38894	248	-137.0	137	38894	248	-137.0	137	38894	248	-137.0	137	38894	248	-137.0	137	38894	248	-137.0	137	38894	248	-137.0	137	38894	248	-137.0	137	38894	248	-137.0	137	38894	248	-137.0	137	38894	248	-137.0	137	38894
249	-131.0	131	39025	249	-131.0	131	39025	249	-131.0	131	39025	249	-131.0	131	39025	249	-131.0	131	39025	249	-131.0	131	39025	249	-131.0	131	39025	249	-131.0	131	39025	249	-131.0	131	39025	249	-131.0	131	39025	249	-131.0	131	39025	249	-131.0	131	39025	249	-131.0	131	39025	249	-131.0	131	39025	249	-131.0	131	39025	249	-131.0	131	39025	249	-131.0	131	39025	249	-131.0	131	39025	249	-131.0	131	39025
250	-141.0	141	39166	250	-141.0	141	39166	250	-141.0	141	39166	250	-141.0	141	39166	250	-141.0	141	39166	250	-141.0	141	39166	250	-141.0	141	39166	250	-141.0	141	39166	250	-141.0	141	39166	250	-141.0	141	39166	250	-141.0	141	39166	250	-141.0	141	39166	250	-141.0	141	39166	250	-141.0	141	39166	250	-141.0	141	39166	250	-141.0	141	39166	250	-141.0	141	39166	250	-141.0	141	39166	250	-141.0	141	39166
251	-108.0	108	39274	251	-108.0	108	39274	251	-108.0	108	39274	251	-108.0	108	39274	251	-108.0	108	39274	251	-108.0	108	39274	251	-108.0	108	39274	251	-108.0	108	39274	251	-108.0	108	39274	251	-108.0	108	39274	251	-108.0	108	39274	251	-108.0	108	39274	251	-108.0	108	39274	251	-108.0	108	39274	251	-108.0	108	39274	251	-108.0	108	39274	251	-108.0	108	39274	251	-108.0	108	39274	251	-108.0	108	39274
252	-111.0	111	39385	252	-111.0	111	39385	252	-111.0	111	39385	252	-111.0	111	39385	252	-111.0	111	39385	252	-111.0	111	39385	252	-111.0	111	39385	252	-111.0	111	39385	252	-111.0	111	39385	252	-111.0	111	39385	252	-111.0	111	39385	252	-111.0	111	39385	252	-111.0	111	39385	252	-111.0	111	39385	252	-111.0	111	39385	252	-111.0	111	39385	252	-111.0	111	39385	252	-111.0	111	39385	252	-111.0	111	39385
253	-162.0	162	39547	253	-162.0	162	39547	253	-162.0	162	39547	253	-162.0	162	39547	253	-162.0	162	39547	253	-162.0	162	39547	253	-162.0	162	39547	253	-162.0	162	39547	253	-162.0	162	39547	253	-162.0	162	39547	253	-162.0	162	39547	253	-162.0	162	39547	253	-162.0	162	39547	253	-162.0	162	39547	253	-162.0	162	39547	253	-162.0	162	39547	253	-162.0	162	39547	253	-162.0	162	39547	253	-162.0	162	39547
254	-134.0	134	39681	254	-134.0	134	39681	254	-134.0	134	39681	254	-134.0	134	39681	254	-134.0	134	39681	254	-134.0	134	39681	254	-134.0	134	39681	254	-134.0	134	39681	254	-134.0	134	39681	254	-134.0	134	39681	254	-134.0	134	39681	254	-134.0	134	39681	254	-134.0	134	39681	254	-134.0	134	39681	254	-134.0	134	39681	254	-134.0	134	39681	254	-134.0	134	39681	254	-134.0	134	39681	254	-134.0	134	39681
255	-171.0	171	39852	255	-171.0	171	39852	255	-171.0	171	39852	255	-171.0	171	39852	255	-171.0	171	39852	255	-171.0	171	39852	255	-171.0	171	39852	255	-171.0	171	39852	255	-171.0	171	39852	255	-171.0	171	39852	255	-171.0	171	39852	255	-171.0	171	39852	255	-171.0	171	39852	255	-171.0	171	39852	255	-171.0	171	39852	255	-171.0	171	39852	255	-171.0	171	39852	255	-171.0	171	39852	255	-171.0	171	39852
256	-141.0	141	39993	256	-141.0	141	39993	256	-141.0	141	39993	256	-141.0	141	39993	256	-141.0	141	39993	256	-141.0	141	39993	256	-141.0	141	39993	256	-141.0	141	39993	256	-141.0	141	39993	256	-141.0	141	39993	256	-141.0	141	39993	256	-141.0	141	39993	256	-141.0	141	39993	256	-141.0	141	39993	256	-141.0	141	39993	256	-141.0	141	39993	256	-141.0	141	39993	256	-141.0	141	39993	256	-141.0	141	39993
257	-144.0	144	40137	257	-144.0	144	40137	257	-144.0	144	40137	257	-144.0	144	40137	257	-144.0	144	40137	257	-144.0	144	40137	257	-144.0	144	40137	257	-144.0	144	40137	257	-144.0	144	40137	257	-144.0	144	40137	257	-144.0	144	40137	257	-144.0	144	40137	257	-144.0	144	40137	257	-144.0	144	40137	257	-144.0	144	40137	257	-144.0	144	40137	257	-144.0	144	40137	257	-144.0	144	40137	257	-144.0	144	40137
258	-141.0	141	40278	258	-141.0	141	40278	258	-141.0	141	40278	258	-141.0	141	40278	258	-141.0	141	40278	258	-141.0	141	40278	258	-141.0	141	40278	258	-141.0	141	40278	258	-141.0	141	40278	258	-141.0	141	40278	258	-141.0	141	40278	258	-141.0	141	40278	258	-141.0	141	40278	258	-141.0	141	40278	258	-141.0	141	40278	258	-141.0	141	40278	258	-141.0	141	40278	258	-141.0	141	40278	258	-141.0	141	40278
259	-110.0	110	40388	259	-110.0	110	40388	259	-110.0	110	40388	259	-110.0	110	40388	259	-110.0	110	40388	259	-110.0	110	40388	259	-110.0	110	40388	259	-110.0	110	40388	259	-110.0	110	40388	259	-110.0	110	40388	259	-110.0	110	40388	259	-110.0	110	40388	259	-110.0	110	40388	259	-110.0	110	40388	259	-110.0	110	40388	259	-110.0	110	40388	259	-110.0	110	40388	259	-110.0	110	40388	259	-110.0	110	40388
260	-141.0	141	40529	260	-141.0	141	40529	260	-141.0	141	40529	260	-141.0	141	40529	260	-141.0	141	40529	260	-141.0	141	40529	260	-141.0	141	40529	260	-141.0	141	40529	260	-141.0	141	40529	260	-141.0	141	40529	260	-141.0	141	40529	260	-141.0	141	40529	260	-141.0	141	40529	260	-141.0	141	40529	260	-141.0	141	40529	260	-141.0	141	40529	260	-141.0	141	40529	260	-141.0	141	40529	260	-141.0	141	40529
261	-144.0	144	40673	261	-144.0	144	40673	261	-144.0	144	40673	261	-144.0	144	40673	261	-144.0	144	40673	261	-144.0	144	40673	261	-144.0	144	40673	261	-144.0	144	40673	261	-144.0	144	40673	261	-144.0	144	40673	261	-144.0	144	40673	261	-144.0	144	40673	261	-144.0	144	40673	261	-144.0	144	40673	261	-144.0	144	40673	261	-144.0	144	40673	261	-144.0	144	40673	261	-144.0	144	40673	261	-144.0	144	40673
262	-160.0	160	40833	262	-160.0	160	40833	262	-160.0	160	40833	262	-160.0	160	40833	262	-160.0	160	40833	262	-160.0	160	40833	262	-160.0	160	40833	262	-160.0	160	40833	262	-160.0	160	40833	262	-160.0	160	40833	262	-160.0	160	40833	262	-160.0	160	40833	262	-160.0	160	40833	262	-160.0	160	40833	262	-160.0	160	40833	262	-160.0	160	40833	262	-160.0	160	40833	262	-160.0	160	40833	262	-160.0	160	40833
263	-142.0	142	40975	263	-142.0	142	40975	263	-142.0	142	40975	263	-142.0	142	40975	263	-142.0	142	40975	263	-142.0	142	40975	263	-142.0	142	40975	263	-142.0	142	40975	263	-142.0	142	40975	263	-142.0	142	40975	263	-142.0	142	40975	263	-142.0	142	40975	263	-142.0	142	40975	263	-142.0	142	40975	263	-142.0	142	40975	263	-142.0	142	40975	263	-142.0	142	40975	263	-142.0	142	40975	263	-142.0	142	40975
264	-146.0	146	41121	264	-146.0	146	41121	264	-146.0	146	41121	264	-146.0	146	41121	264	-146.0	146	41121	264	-146.0	146	41121	264	-146.0	146	41121	264	-146.0	146	41121	264	-146.0	146	41121	264	-146.0	146	41121	264	-146.0	146	41121	264	-146.0	146	41121	264	-146.0	146	41121	264	-146.0	146	41121	264	-146.0	146	41121	264	-146.0	146	41121	264	-146.0	146	41121	264	-146.0	146	41121	264	-146.0	146	41121
265	-144.0	144	41265	265	-144.0	144	41265	265	-144.0	144	41265	265	-144.0	144	41265	265	-144.0	144	41265	265	-144.0	144	41265	265	-144.0	144	41265	265	-144.0	144	41265	265	-144.0	144	41265	265	-144.0	144	41265	265	-144.0	144	41265	265	-144.0	144	41265	265	-144.0	144	41265	265	-144.0	144	41265	265	-144.0	144	41265	265	-144.0	144	41265	265	-144.0	144	41265	265	-144.0	144	41265	265	-144.0	144	41265
266	-85.0	85	41350	266	-85.0	85	41350	266	-85.0	85	41350	266	-85.0	85	41350	266	-85.0	85	41350	266	-85.0	85	41350	266	-85.0	85	41350	266	-85.0	85	41350	266	-85.0	85	41350	266	-85.0	85	41350	266	-85.0	85	41350	266	-85.0	85	41350	266	-85.0	85	41350	266	-85.0	85	41350	266	-85.0	85	41350	266	-85.0	85	41350	266	-85.0	85	41350	266	-85.0	85	41350	266	-85.0	85	41350
267	-91.0	91	41441	267	-91.0	91	41441	267	-91.0	91	41441	267	-91.0	91	41441	267	-91.0	91	41441	267	-91.0	91	41441	267	-91.0	91	41441	267	-91.0	91	41441	267	-91.0	91	41441	267	-91.0	91	41441	267	-91.0	91	41441	267	-91.0	91	41441	267	-91.0	91	41441	267	-91.0	91	41441	267	-91.0	91	41441	267	-91.0	91	41441	267	-91.0	91	41441	267	-91.0	91	41441	267	-91.0	91	41441
268	-104.0	104	41545	268	-104.0	104	41545	268	-104.0	104	41545	268	-104.0	104	41545	268	-104.0	104	41545	268	-104.0	104	41545	268	-104.0	104	41545	268	-104.0	104	41545	268	-104.0	104	41545	268	-104.0	104	41545	268	-104.0	104	41545	268	-104.0	104	41545	268	-104.0	104	41545	268	-104.0	104	41545	268	-104.0	104	41545	268	-104.0	104	41545	268	-104.0	104	41545	268	-104.0	104	41545	268	-104.0	104	41545
269	-144.0	144	41689	269	-144.0	144	41689	269	-144.0	144	41689	269	-144.0	144	41689	269	-144.0	144	41689	269	-144.0	144	41689	269	-144.0	144	41689	269	-144.0	144	41689	269	-144.0	144	41689	269	-144.0	144	41689	269	-144.0	144	41689	269	-144.0	144	41689	269	-144.0	144	41689	269	-144.0	144	41689	269	-144.0	144	41689	269	-144.0	144	41689	269	-144.0	144	41689	269	-144.0	144	41689	269	-144.0	144	41689
270	-120.0	120	41809	270	-120.0	120	41809	270	-120.0	120	41809	270	-120.0	120	41809	270	-120.0	120	41809	270	-120.0	120	41809	270	-120.0	120	41809	270	-120.0	120	41809	270	-120.0	120	41809	270	-120.0	120	41809	270	-120.0	120	41809	270	-120.0	120	41809	270	-120.0	120	41809	270	-120.0	120	41809	270	-120.0	120	41809	270	-120.0	120	41809	270	-120.0	120	41809	270	-120.0	120	41809	270	-120.0	120	41809
271	-110.0	110	41919	271	-110.0	110	41919	271	-110.0	110	41919	271	-110.0	110	41919	271	-110.0	110	41919	271	-110.0	110	41919	271	-110.0	110	41919	271	-110.0	110	41919	271	-110.0	110	41919	271	-110.0	110	41919	271	-110.0	110	41919	271	-110.0	110	41919	271	-110.0	110	41919	271	-110.0	110	41919	271	-110.0	110	41919	271	-110.0	110	41919	271	-110.0	110	41919	271	-110.0	110	41919	271	-110.0	110	41919
272	-141.0	141	42060	272	-141.0	141	42060	272	-141.0	141	42060	272	-141.0	141	42060	272	-141.0	141	42060	272	-141.0	141	42060	272	-141.0	141	42060	272	-141.0	141	42060	272	-141.0	141	42060	272	-141.0	141	42060	272	-141.0	141	42060	272	-141.0	141	42060	272	-141.0	141	42060	272	-141.0	141	42060	272	-141.0	141	42060	272	-141.0	141	42060	272	-141.0	141	42060	272	-141.0	141	42060	272	-141.0	141	42060
273	-126.0	126	42186	273	-126.0	126	42186	273	-126.0	126	42186	273	-126.0	126	42186	273	-126.0	126	42186	273	-126.0	126	42186	273	-126.0	126	42186	273	-126.0	126	42186	273	-126.0	126	42186	273	-126.0	126	42186	273	-126.0	126	42186	273	-126.0	126	42186	273	-126.0	126	42186	273	-126.0	126	42186	273	-126.0	126	42186	273	-126.0	126	42186	273	-126.0	126	42186	273	-126.0	126	42186	273	-126.0	126	42186
274	-112.0	112	42298	274	-112.0	112	42298	274	-112.0	112	42298	274	-112.0	112	42298	274	-112.0	112	42298	274	-112.0	112	42298	274	-112.0	112	42298	274	-112.0	112	42298	274	-112.0	112	42298	274	-112.0	112	42298	274	-112.0	112	42298	274	-112.0	112	42298	274	-112.0	112	42298	274	-112.0	112	42298	274	-112.0	112	42298	274	-112.0	112	42298	274	-112.0	112	42298	274	-112.0	112	42298	274	-112.0	112	42298
275	-106.0	106	42404	275	-106.0	106	42404	275	-106.0	106	42404	275	-106.0	106	42404	275	-106.0	106	42404	275	-106.0	106	42404	275	-106.0	106	42404	275	-106.0	106	42404	275	-106.0	106	42404	275	-106.0	106	42404	275	-106.0	106	42404	275	-106.0	106	42404	275	-106.0	106	42404	275	-106.0	106	42404	275	-106.0	106	42404	275	-106.0	106	42404	275	-106.0	106	42404	275	-106.0	106	42404	275	-106.0	106	42404
276	-109.0	109	42513	276	-109.0	109	42513	276	-109.0	109	42513	276	-109.0	109	42513	276	-109.0	109	42513	276	-109.0	109	42513	276	-109.0	109	42513	276	-109.0	109	42513	276	-109.0	109	42513	276	-109.0	109	42513	276	-109.0	109	42513	276	-109.0	109	42513	276	-109.0	109	42513	276	-109.0	109	42513	276	-109.0	109	42513	276	-109.0	109	42513	276	-109.0	109	42513	276	-109.0	109	42513	276	-109.0	109	42513
277	-161.0	161	42674	277	-161.0	161	42674	277	-161.0	161	42674	277	-161.0	161	42674	277	-161.0	161	42674	277	-161.0	161	42674	277	-161.0	161	42674	277	-161.0	161	42674	277	-161.0	161	42674	277	-161.0	161	42674	277	-161.0	161	42674	277	-161.0	161	42674	277	-161.0	161	42674	277	-161.0	161	42674	277	-161.0	161	42674	277	-161.0	161	42674	277	-161.0	161	42674	277	-161.0	161	42674	277	-161.0	161	42674
278	-111.0	111	42785	278	-111.0	111	42785	278	-111.0	111	42785	278	-111.0	111	42785	278	-111.0	111	42785	278	-111.0	111	42785	278	-111.0	111	42785	278	-111.0	111	42785	278	-111.0	111	42785	278	-111.0	111	42785	278	-111.0	111	42785	278	-111.0	111	42785	278	-111.0	111	42785	278	-111.0	111	42785	278	-111.0	111	42785	278	-111.0	111	42785	278	-111.0	111	42785	278	-111.0	111	42785	278	-111.0	111	42785
279	-170.0	170	42955	279	-170.0	170	42955	279	-170.0	170	42955	279	-170.0	170	42955	279	-170.0	170	42955	279	-170.0	170	42955	279	-170.0	170	42955	279	-170.0	170	42955	279	-170.0	170	42955	279	-170.0	170	42955	279	-170.0	170	42955	279	-170.0	170	42955	279	-170.0	170	42955	279	-170.0	170	42955	279	-170.0	170	42955	279	-170.0	170	42955	279	-170.0	170	42955	279	-170.0	170	42955	279	-170.0	170	42955
280	-147.0	147	43102	280	-147.0	147	43102	280	-147.0	147	43102	280	-147.0	147	43102	280	-147.0	147	43102	280	-147.0	147	43102	280	-147.0	147	43102	280	-147.0	147	43102	280	-147.0	147	43102	280	-147.0	147	43102	280	-147.0	147	43102	280	-147.0	147	43102	280	-147.0	147	43102	280	-147.0	147	43102	280	-147.0	147	43102	280	-147.0	147	43102	280	-147.0	147	43102	280	-147.0	147	43102	280	-147.0	147	43102
281	-162.0	162	43264	281	-162.0	162	43264	281	-162.0	162	43264	281	-162.0	162	43264	281	-162.0	162	43264	281	-162.0	162	43264	281	-162.0	162	43264	281	-162.0	162	43264	281	-162.0	162	43264	281	-162.0	162	43264	281	-162.0	162	43264	281	-162.0	162	43264	281	-162.0	162	43264	281	-162.0	162	43264	281	-162.0	162	43264	281	-162.0	162	43264	281	-162.0	162	43264	281	-162.0	162	43264	281	-162.0	162	43264
282	-153.0	153	43417	282	-153.0	153	43417	282	-153.0	153	43417	282	-153.0	153	43417	282	-153.0	153	43417	282	-153.0	153	43417	282	-153.0	153	43417	282	-153.0	153	43417	282	-153.0	153	43417	282	-153.0	153	43417	282	-153.0	153	43417	282	-153.0	153	43417	282	-153.0	153	43417	282	-153.0	153	43417	282	-153.0	153	43417	282	-153.0	153	43417	282	-153.0	153	43417	282	-153.0	153	43417	282	-153.0	153	43417
283	-144.0	144	43561	283	-144.0	144	43561	283	-144.0	144	43561	283	-144.0	144	43561	283	-144.0	144	43561	283	-144.0	144	43561	283	-144.0	144	43561	283	-144.0	144	43561	283	-144.0	144	43561	283	-144.0	144	43561	283	-144.0	144	43561	283	-144.0	144	43561	283	-144.0	144	43561	283	-144.0	144	43561	283	-144.0	144	43561	283	-144.0	144	43561	283	-144.0	144	43561	283	-144.0	144	43561	283	-144.0	144	43561
284	-181.0	181	43742	284	-181.0	181	43742	284	-181.0	181	43742	284	-181.0	181	43742	284	-181.0	181	43742	284	-181.0	181	43742	284	-181.0	181	43742	284	-181.0	181	43742	284	-181.0	181	43742	284	-181.0	181	43742	284	-181.0	181	43742	284	-181.0	181	43742	284	-181.0	181	43742	284	-181.0	181	43742	284	-181.0	181	43742	284	-181.0	181	43742	284	-181.0	181	43742	284	-181.0	181	43742	284	-181.0	181	43742
285	-108.0	108	43850	285	-108.0	108	43850	285	-108.0	108	43850	285	-108.0	108	43850	285	-108.0	108	43850	285	-108.0	108	43850	285	-108.0	108	43850	285	-108.0	108	43850	285	-108.0	108	43850	285	-108.0	108	43850	285	-108.0	108	43850	285	-108.0	108	43850	285	-108.0	108	43850	285	-108.0	108	43850	285	-108.0	108	43850	285	-108.0	108	43850	285	-108.0	108	43850	285	-108.0	108	43850	285	-108.0	108	43850
286	-150.0	150	44000	286	-150.0	150	44000	286	-150.0	150	44000	286	-150.0	150	44000	286	-150.0	150	44000	286	-150.0	150	44000	286	-150.0	150	44000	286	-150.0	150	44000	286	-150.0	150	44000	286	-150.0	150	44000	286	-150.0	150	44000	286	-150.0	150	44000	286	-150.0	150	44000	286	-150.0	150	44000	286	-150.0	150	44000	286	-150.0	150	44000	286	-150.0	150	44000	286	-150.0	150	44000	286	-150.0	150	44000
287	-153.0	153	44153	287	-153.0	153	44153	287	-153.0	153	44153	287	-153.0	153	44153	287	-153.0	153	44153	287	-153.0	153	44153	287	-153.0	153	44153	287	-153.0	153	44153	287	-153.0	153	44153	287	-153.0	153	44153	287	-153.0	153	44153	287	-153.0	153	44153	287	-153.0	153	44153	287	-153.0	153	44153	287	-153.0	153	44153	287	-153.0	153	44153	287	-153.0	153	44153	287	-153.0	153	44153	287	-153.0	153	44153
288	-144.0	144	44297	288	-144.0	144	44297	288	-144.0	144	44297	288	-144.0	144	44297	288	-144.0	144	44297	288	-144.0	144	44297	288	-144.0	144	44297	288	-144.0	144	44297	288	-144.0	144	44297	288	-144.0	144	44297	288	-144.0	144	44297	288	-144.0	144	44297	288	-144.0	144	44297	288	-144.0	144	44297	288	-144.0	144	44297	288	-144.0	144	44297	288	-144.0	144	44297	288	-144.0	144	44297	288	-144.0	144	44297
289	-140.0	140	44437	289	-140.0	140	44437	289	-140.0	140	44437	289	-140.0	140	44437	289	-140.0	140	44437	289	-140.0	140	44437	289	-140.0	140	44437	289	-140.0	140	44437	289	-140.0	140	44437	289	-140.0	140	44437	289	-140.0	140	44437	289	-140.0	140	44437	289	-140.0	140	44437	289	-140.0	140	44437	289	-140.0	140	44437	289	-140.0	140	44437	289	-140.0	140	44437	289	-140.0	140	44437	289	-140.0	140	44437
290	-139.0	139	44576	290	-139.0	139	44576	290	-139.0	139	44576	290	-139.0	139	44576	290	-139.0	139	44576	290	-139.0	139	44576	290	-139.0	139	44576	290	-139.0	139	44576	290	-139.0	139	44576	290	-139.0	139	44576	290	-139.0	139	44576	290	-139.0	139	44576	290	-139.0	139	44576	290	-139.0	139	44576	290	-139.0	139	44576	290	-139.0	139	44576	290	-139.0	139	44576	290	-139.0	139	44576	290	-139.0	139	44576
291	-139.0	139	44715	291	-139.0	139	44715	291	-139.0	139	44715	291	-139.0	139	44715	291	-139.0	139	44715	291	-139.0	139	44715	291	-139.0	139	44715	291	-139.0	139	44715	291	-139.0	139	44715	291	-139.0	139	44715	291	-139.0	139	44715	291	-139.0	139	44715	291	-139.0	139	44715	291	-139.0	139	44715	291	-139.0	139	44715	291	-139.0	139	44715	291	-139.0	139	44715	291	-139.0	139	44715	291	-139.0	139	44715
292	-142.0	142	44857	292	-142.0	142	44857	292	-142.0	142	44857	292	-142.0	142	44857	292	-142.0	142	44857	292	-142.0	142	44857	292	-142.0	142	44857	292	-142.0	142	44857	292	-142.0	142	44857	292	-142.0	142	44857	292	-142.0	142	44857	292	-142.0	142	44857	292	-142.0	142	44857	292	-142.0	142	44857	292	-142.0	142	44857	292	-142.0	142	44857	292	-142.0	142	44857	292	-142.0	142	44857	292	-142.0	142	44857
293	-150.0	150	45007	293	-150.0	150	45007	293	-150.0	150	45007	293	-150.0	150	45007	293	-150.0	150	45007	293	-150.0	150	45007	293	-150.0	150	45007	293	-150.0	150	45007	293	-150.0	150	45007	293	-150.0	150	45007	293	-150.0	150	45007	293	-150.0	150	45007	293	-150.0	150	45007	293	-150.0	150	45007	293	-150.0	150	45007	293	-150.0	150	45007	293	-150.0	150	45007	293	-150.0	150	45007	293	-150.0	150	45007
294	-140.0	140	45147	294	-140.0	140	45147	294	-140.0	140	45147	294	-140.0	140	45147	294	-140.0	140	45147	294	-140.0	140	45147	294	-140.0	140	45147	294	-140.0	140	45147	294	-140.0	140	45147	294	-140.0	140	45147	294	-140.0	140	45147	294	-140.0	140	45147	294	-140.0	140	45147	294	-140.0	140	45147	294	-140.0	140	45147	294	-140.0	140	45147	294	-140.0	140	45147	294	-140.0	140	45147	294	-140.0	140	45147
295	-144.0	144	45291	295	-144.0	144	45291	295	-144.0	144	45291	295	-144.0	144	45291	295	-144.0	144	45291	295	-144.0	144	45291	295	-144.0	144	45291	295	-144.0	144	45291	295	-144.0	144	45291	295	-144.0	144	45291	295	-144.0	144	45291	295	-144.0	144	45291	295	-144.0	144	45291	295	-144.0	144	45291	295	-144.0	144	45291	295	-144.0	144	45291	295	-144.0	144	45291	295	-144.0	144	45291	295	-144.0	144	45291
296	-143.0	143	45434	296	-143.0	143	45434	296	-143.0	143	45434	296	-143.0	143	45434	296	-143.0	143	45434	296	-143.0	143	45434	296	-143.0	143	45434	296	-143.0	143	45434	296	-143.0	143	45434	296	-143.0	143	45434	296	-143.0	143	45434	296	-143.0	143	45434	296	-143.0	143	45434	296	-143.0	143	45434	296	-143.0	143	45434	296	-143.0	143	45434	296	-143.0	143	45434	296	-143.0	143	45434	296	-143.0	143	45434
297	-140.0	140	45574	297	-140.0	140	45574	297	-140.0	140	45574	297	-140.0	140	45574	297	-140.0	140	45574	297	-140.0	140	45574	297	-140.0	140	45574	297	-140.0	140	45574	297	-140.0	140	45574	297	-140.0	140	45574	297	-140.0	140	45574	297	-140.0	140	45574	297	-140.0	140	45574	297	-140.0	140	45574	297	-140.0	140	45574	297	-140.0	140	45574	297	-140.0	140	45574	297	-140.0	140	45574	297	-140.0	140	45574
298	-144.0	144	45718	298	-144.0	144	45718	298	-144.0	144	45718	298	-144.0	144	45718	298	-144.0	144	45718	298	-144.0	144	45718	298	-144.0	144	45718	298	-144.0	144	45718	298	-144.0	144	45718	298	-144.0	144	45718	298	-144.0	144	45718	298	-144.0	144	45718	298	-144.0	144	45718	298	-144.0	144	45718	298	-144.0	144	45718	298	-144.0	144	45718	298	-144.0	144	45718	298	-144.0	144	45718	298	-144.0	144	45718
299	-143.0	143	45861	299	-143.0	143	45861	299	-143.0	143	45861	299	-143.0	143	45861	299	-143.0	143	45861	299	-143.0	143	45861	299	-143.0	143	45861	299	-143.0	143	45861	299	-143.0	143	45861	299	-143.0	143	45861	299	-143.0	143	45861	299	-143.0	143	45861	299	-143.0	143	45861	299	-143.0	143	45861	299	-143.0	143	45861	299	-143.0	143	45861	299	-143.0	143	45861	299	-143.0	143	45861	299	-143.0	143	45861
