Episode	Accumulated Reward	Length	Steps
0	-15	17	17
1	-6	8	25
2	-2	4	29
3	-16	18	47
4	-134	136	183
5	-4	6	189
6	-2	4	193
7	-3	5	198
8	-2	4	202
9	-14	16	218
10	-2	4	222
11	-28	30	252
12	-9	11	263
13	-2	4	267
14	-2	4	271
15	-2	4	275
16	-2	4	279
17	-4	6	285
18	-2	4	289
19	-2	4	293
20	-2	4	297
21	-3	5	302
22	-2	4	306
23	-4	6	312
24	-2	4	316
25	-2	4	320
26	-2	4	324
27	-2	4	328
28	-2	4	332
29	-2	4	336
30	-2	4	340
31	-2	4	344
32	-2	4	348
33	-2	4	352
34	-2	4	356
35	-2	4	360
36	-2	4	364
37	-2	4	368
38	-2	4	372
39	-2	4	376
40	-2	4	380
41	-2	4	384
42	-2	4	388
43	-2	4	392
44	-2	4	396
45	-2	4	400
46	-2	4	404
47	-2	4	408
48	-2	4	412
49	-2	4	416
50	-2	4	420
51	-2	4	424
52	-2	4	428
53	-2	4	432
54	-2	4	436
55	-2	4	440
56	-2	4	444
57	-2	4	448
58	-2	4	452
59	-2	4	456
60	-2	4	460
61	-2	4	464
62	-8	10	474
63	-2	4	478
64	-2	4	482
65	-2	4	486
66	-2	4	490
67	-2	4	494
68	-2	4	498
69	-3	5	503
70	-2	4	507
71	-2	4	511
72	-2	4	515
73	-2	4	519
74	-2	4	523
75	-2	4	527
76	-2	4	531
77	-2	4	535
78	-2	4	539
79	-2	4	543
80	-2	4	547
81	-2	4	551
82	-2	4	555
83	-2	4	559
84	-2	4	563
85	-2	4	567
86	-2	4	571
87	-2	4	575
88	-2	4	579
89	-2	4	583
90	-2	4	587
91	-2	4	591
92	-2	4	595
93	-2	4	599
94	-2	4	603
95	-2	4	607
96	-4	6	613
97	-2	4	617
98	-2	4	621
99	-2	4	625
100	-2	4	629
101	-2	4	633
102	-2	4	637
103	-2	4	641
104	-2	4	645
105	-2	4	649
106	-2	4	653
107	-2	4	657
108	-2	4	661
109	-2	4	665
110	-2	4	669
111	-2	4	673
112	-2	4	677
113	-2	4	681
114	-2	4	685
115	-2	4	689
116	-2	4	693
117	-2	4	697
118	-2	4	701
119	-2	4	705
120	-2	4	709
121	-2	4	713
122	-2	4	717
123	-4	6	723
124	-2	4	727
125	-2	4	731
126	-2	4	735
127	-2	4	739
128	-5	7	746
129	-2	4	750
130	-2	4	754
131	-2	4	758
132	-2	4	762
133	-2	4	766
134	-2	4	770
135	-2	4	774
136	-2	4	778
137	-2	4	782
138	-2	4	786
139	-2	4	790
140	-2	4	794
141	-2	4	798
142	-2	4	802
143	-2	4	806
144	-2	4	810
145	-2	4	814
146	-2	4	818
147	-2	4	822
148	-2	4	826
149	-2	4	830
150	-2	4	834
151	-2	4	838
152	-2	4	842
153	-2	4	846
154	-2	4	850
155	-2	4	854
156	-2	4	858
157	-2	4	862
158	-2	4	866
159	-2	4	870
160	-16	18	888
161	-2	4	892
162	-2	4	896
163	-2	4	900
164	-2	4	904
165	-2	4	908
166	-2	4	912
167	-2	4	916
168	-2	4	920
169	-2	4	924
170	-2	4	928
171	-2	4	932
172	-2	4	936
173	-2	4	940
174	-4	6	946
175	-2	4	950
176	-2	4	954
177	-2	4	958
178	-2	4	962
179	-2	4	966
180	-2	4	970
181	-2	4	974
182	-2	4	978
183	-2	4	982
184	-2	4	986
185	-4	6	992
186	-2	4	996
187	-2	4	1000
188	-2	4	1004
189	-2	4	1008
190	-2	4	1012
191	-2	4	1016
192	-2	4	1020
193	-2	4	1024
194	-2	4	1028
195	-2	4	1032
196	-2	4	1036
197	-2	4	1040
198	-2	4	1044
199	-2	4	1048
200	-2	4	1052
201	-2	4	1056
202	-2	4	1060
203	-2	4	1064
204	-2	4	1068
205	-2	4	1072
206	-3	5	1077
207	-2	4	1081
208	-2	4	1085
209	-2	4	1089
210	-2	4	1093
211	-2	4	1097
212	-2	4	1101
213	-2	4	1105
214	-2	4	1109
215	-2	4	1113
216	-2	4	1117
217	-2	4	1121
218	-2	4	1125
219	-2	4	1129
220	-2	4	1133
221	-2	4	1137
222	-2	4	1141
223	-2	4	1145
224	-2	4	1149
225	-2	4	1153
226	-2	4	1157
227	-2	4	1161
228	-2	4	1165
229	-4	6	1171
230	-2	4	1175
231	-2	4	1179
232	-2	4	1183
233	-2	4	1187
234	-2	4	1191
235	-2	4	1195
236	-2	4	1199
237	-2	4	1203
238	-2	4	1207
239	-2	4	1211
240	-2	4	1215
241	-2	4	1219
242	-2	4	1223
243	-2	4	1227
244	-2	4	1231
245	-2	4	1235
246	-2	4	1239
247	-2	4	1243
248	-2	4	1247
249	-2	4	1251
250	-2	4	1255
251	-2	4	1259
252	-2	4	1263
253	-2	4	1267
254	-2	4	1271
255	-2	4	1275
256	-2	4	1279
257	-4	6	1285
258	-2	4	1289
259	-2	4	1293
260	-2	4	1297
261	-2	4	1301
262	-2	4	1305
263	-2	4	1309
264	-2	4	1313
265	-2	4	1317
266	-2	4	1321
267	-2	4	1325
268	-2	4	1329
269	-2	4	1333
270	-2	4	1337
271	-2	4	1341
272	-2	4	1345
273	-2	4	1349
274	-2	4	1353
275	-2	4	1357
276	-2	4	1361
277	-2	4	1365
278	-2	4	1369
279	-2	4	1373
280	-2	4	1377
281	-2	4	1381
282	-2	4	1385
283	-2	4	1389
284	-2	4	1393
285	-2	4	1397
286	-2	4	1401
287	-2	4	1405
288	-2	4	1409
289	-2	4	1413
290	-2	4	1417
291	-2	4	1421
292	-2	4	1425
293	-2	4	1429
294	-2	4	1433
295	-2	4	1437
296	-2	4	1441
297	-2	4	1445
298	-2	4	1449
299	-2	4	1453
300	-2	4	1457
301	-4	6	1463
302	-2	4	1467
303	-2	4	1471
304	-2	4	1475
305	-2	4	1479
306	-2	4	1483
307	-2	4	1487
308	-2	4	1491
309	-2	4	1495
310	-2	4	1499
311	-2	4	1503
312	-2	4	1507
313	-2	4	1511
314	-2	4	1515
315	-2	4	1519
316	-2	4	1523
317	-2	4	1527
318	-2	4	1531
319	-2	4	1535
320	-2	4	1539
321	-2	4	1543
322	-2	4	1547
323	-2	4	1551
324	-2	4	1555
325	-2	4	1559
326	-2	4	1563
327	-2	4	1567
328	-2	4	1571
329	-2	4	1575
330	-2	4	1579
331	-2	4	1583
332	-2	4	1587
333	-2	4	1591
334	-2	4	1595
335	-2	4	1599
336	-2	4	1603
337	-2	4	1607
338	-2	4	1611
339	-2	4	1615
340	-2	4	1619
341	-2	4	1623
342	-2	4	1627
343	-2	4	1631
344	-2	4	1635
345	-2	4	1639
346	-3	5	1644
347	-2	4	1648
348	-4	6	1654
349	-2	4	1658
350	-2	4	1662
351	-2	4	1666
352	-2	4	1670
353	-2	4	1674
354	-2	4	1678
355	-2	4	1682
356	-2	4	1686
357	-2	4	1690
358	-2	4	1694
359	-2	4	1698
360	-2	4	1702
361	-2	4	1706
362	-2	4	1710
363	-2	4	1714
364	-2	4	1718
365	-2	4	1722
366	-2	4	1726
367	-2	4	1730
368	-2	4	1734
369	-2	4	1738
370	-2	4	1742
371	-2	4	1746
372	-2	4	1750
373	-2	4	1754
374	-2	4	1758
375	-2	4	1762
376	-2	4	1766
377	-2	4	1770
378	-2	4	1774
379	-2	4	1778
380	-2	4	1782
381	-2	4	1786
382	-2	4	1790
383	-2	4	1794
384	-2	4	1798
385	-2	4	1802
386	-2	4	1806
387	-2	4	1810
388	-2	4	1814
389	-2	4	1818
390	-2	4	1822
391	-2	4	1826
392	-2	4	1830
393	-2	4	1834
394	-2	4	1838
395	-2	4	1842
396	-2	4	1846
397	-2	4	1850
398	-2	4	1854
399	-2	4	1858
400	-2	4	1862
401	-2	4	1866
402	-4	6	1872
403	-2	4	1876
404	-2	4	1880
405	-2	4	1884
406	-2	4	1888
407	-2	4	1892
408	-2	4	1896
409	-2	4	1900
410	-2	4	1904
411	-2	4	1908
412	-2	4	1912
413	-2	4	1916
414	-2	4	1920
415	-2	4	1924
416	-3	5	1929
417	-2	4	1933
418	-2	4	1937
419	-2	4	1941
420	-3	5	1946
421	-2	4	1950
422	-2	4	1954
423	-2	4	1958
424	-2	4	1962
425	-2	4	1966
426	-2	4	1970
427	-2	4	1974
428	-2	4	1978
429	-2	4	1982
430	-2	4	1986
431	-3	5	1991
432	-2	4	1995
433	-2	4	1999
434	-2	4	2003
435	-2	4	2007
436	-2	4	2011
437	-2	4	2015
438	-2	4	2019
439	-2	4	2023
440	-2	4	2027
441	-2	4	2031
442	-2	4	2035
443	-2	4	2039
444	-2	4	2043
445	-2	4	2047
446	-2	4	2051
447	-4	6	2057
448	-4	6	2063
449	-2	4	2067
450	-2	4	2071
451	-2	4	2075
452	-2	4	2079
453	-2	4	2083
454	-6	8	2091
455	-2	4	2095
456	-2	4	2099
457	-2	4	2103
458	-2	4	2107
459	-2	4	2111
460	-2	4	2115
461	-2	4	2119
462	-2	4	2123
463	-2	4	2127
464	-2	4	2131
465	-2	4	2135
466	-2	4	2139
467	-2	4	2143
468	-2	4	2147
469	-2	4	2151
470	-2	4	2155
471	-4	6	2161
472	-2	4	2165
473	-2	4	2169
474	-2	4	2173
475	-2	4	2177
476	-2	4	2181
477	-2	4	2185
478	-2	4	2189
479	-2	4	2193
480	-2	4	2197
481	-2	4	2201
482	-2	4	2205
483	-2	4	2209
484	-2	4	2213
485	-2	4	2217
486	-3	5	2222
487	-2	4	2226
488	-2	4	2230
489	-2	4	2234
490	-2	4	2238
491	-2	4	2242
492	-2	4	2246
493	-2	4	2250
494	-2	4	2254
495	-2	4	2258
496	-2	4	2262
497	-2	4	2266
498	-6	8	2274
499	-2	4	2278
500	-2	4	2282
501	-2	4	2286
502	-2	4	2290
503	-2	4	2294
504	-2	4	2298
505	-2	4	2302
506	-2	4	2306
507	-2	4	2310
508	-2	4	2314
509	-2	4	2318
510	-2	4	2322
511	-2	4	2326
512	-2	4	2330
513	-2	4	2334
514	-2	4	2338
515	-2	4	2342
516	-3	5	2347
517	-2	4	2351
518	-2	4	2355
519	-2	4	2359
520	-2	4	2363
521	-2	4	2367
522	-2	4	2371
523	-2	4	2375
524	-2	4	2379
525	-2	4	2383
526	-2	4	2387
527	-2	4	2391
528	-2	4	2395
529	-2	4	2399
530	-2	4	2403
531	-2	4	2407
532	-2	4	2411
533	-2	4	2415
534	-4	6	2421
535	-2	4	2425
536	-2	4	2429
537	-2	4	2433
538	-2	4	2437
539	-2	4	2441
540	-2	4	2445
541	-2	4	2449
542	-2	4	2453
543	-2	4	2457
544	-2	4	2461
545	-2	4	2465
546	-2	4	2469
547	-2	4	2473
548	-5	7	2480
549	-2	4	2484
550	-2	4	2488
551	-2	4	2492
552	-2	4	2496
553	-2	4	2500
554	-2	4	2504
555	-2	4	2508
556	-2	4	2512
557	-2	4	2516
558	-3	5	2521
559	-2	4	2525
560	-2	4	2529
561	-2	4	2533
562	-2	4	2537
563	-2	4	2541
564	-2	4	2545
565	-2	4	2549
566	-2	4	2553
567	-2	4	2557
568	-2	4	2561
569	-2	4	2565
570	-2	4	2569
571	-2	4	2573
572	-3	5	2578
573	-2	4	2582
574	-2	4	2586
575	-2	4	2590
576	-2	4	2594
577	-2	4	2598
578	-2	4	2602
579	-2	4	2606
580	-2	4	2610
581	-2	4	2614
582	-4	6	2620
583	-2	4	2624
584	-2	4	2628
585	-2	4	2632
586	-2	4	2636
587	-2	4	2640
588	-2	4	2644
589	-4	6	2650
590	-2	4	2654
591	-2	4	2658
592	-2	4	2662
593	-2	4	2666
594	-2	4	2670
595	-3	5	2675
596	-2	4	2679
597	-2	4	2683
598	-2	4	2687
599	-2	4	2691
600	-2	4	2695
601	-2	4	2699
602	-2	4	2703
603	-2	4	2707
604	-2	4	2711
605	-2	4	2715
606	-2	4	2719
607	-2	4	2723
608	-2	4	2727
609	-2	4	2731
610	-2	4	2735
611	-2	4	2739
612	-2	4	2743
613	-2	4	2747
614	-2	4	2751
615	-2	4	2755
616	-4	6	2761
617	-2	4	2765
618	-2	4	2769
619	-2	4	2773
620	-2	4	2777
621	-2	4	2781
622	-2	4	2785
623	-2	4	2789
624	-2	4	2793
625	-2	4	2797
626	-2	4	2801
627	-2	4	2805
628	-2	4	2809
629	-2	4	2813
630	-2	4	2817
631	-2	4	2821
632	-2	4	2825
633	-2	4	2829
634	-2	4	2833
635	-2	4	2837
636	-2	4	2841
637	-2	4	2845
638	-2	4	2849
639	-2	4	2853
640	-2	4	2857
641	-2	4	2861
642	-2	4	2865
643	-2	4	2869
644	-2	4	2873
645	-2	4	2877
646	-2	4	2881
647	-2	4	2885
648	-2	4	2889
649	-2	4	2893
650	-2	4	2897
651	-3	5	2902
652	-2	4	2906
653	-2	4	2910
654	-4	6	2916
655	-2	4	2920
656	-2	4	2924
657	-2	4	2928
658	-2	4	2932
659	-2	4	2936
660	-2	4	2940
661	-2	4	2944
662	-2	4	2948
663	-2	4	2952
664	-2	4	2956
665	-2	4	2960
666	-2	4	2964
667	-2	4	2968
668	-2	4	2972
669	-2	4	2976
670	-2	4	2980
671	-2	4	2984
672	-2	4	2988
673	-2	4	2992
674	-2	4	2996
675	-4	6	3002
676	-2	4	3006
677	-2	4	3010
678	-4	6	3016
679	-2	4	3020
680	-2	4	3024
681	-2	4	3028
682	-2	4	3032
683	-4	6	3038
684	-2	4	3042
685	-2	4	3046
686	-2	4	3050
687	-2	4	3054
688	-2	4	3058
689	-2	4	3062
690	-2	4	3066
691	-2	4	3070
692	-2	4	3074
693	-2	4	3078
694	-2	4	3082
695	-2	4	3086
696	-2	4	3090
697	-2	4	3094
698	-3	5	3099
699	-2	4	3103
700	-2	4	3107
701	-2	4	3111
702	-4	6	3117
703	-2	4	3121
704	-2	4	3125
705	-2	4	3129
706	-2	4	3133
707	-2	4	3137
708	-2	4	3141
709	-2	4	3145
710	-2	4	3149
711	-4	6	3155
712	-2	4	3159
713	-2	4	3163
714	-2	4	3167
715	-2	4	3171
716	-2	4	3175
717	-2	4	3179
718	-2	4	3183
719	-2	4	3187
720	-2	4	3191
721	-4	6	3197
722	-2	4	3201
723	-2	4	3205
724	-2	4	3209
725	-2	4	3213
726	-2	4	3217
727	-2	4	3221
728	-2	4	3225
729	-2	4	3229
730	-2	4	3233
731	-2	4	3237
732	-2	4	3241
733	-2	4	3245
734	-2	4	3249
735	-2	4	3253
736	-2	4	3257
737	-2	4	3261
738	-2	4	3265
739	-2	4	3269
740	-2	4	3273
741	-2	4	3277
742	-2	4	3281
743	-2	4	3285
744	-2	4	3289
745	-2	4	3293
746	-2	4	3297
747	-2	4	3301
748	-2	4	3305
749	-2	4	3309
750	-2	4	3313
751	-2	4	3317
752	-2	4	3321
753	-2	4	3325
754	-2	4	3329
755	-2	4	3333
756	-2	4	3337
757	-2	4	3341
758	-2	4	3345
759	-2	4	3349
760	-2	4	3353
761	-2	4	3357
762	-2	4	3361
763	-2	4	3365
764	-2	4	3369
765	-2	4	3373
766	-2	4	3377
767	-2	4	3381
768	-2	4	3385
769	-2	4	3389
770	-2	4	3393
771	-2	4	3397
772	-4	6	3403
773	-2	4	3407
774	-2	4	3411
775	-2	4	3415
776	-2	4	3419
777	-2	4	3423
778	-2	4	3427
779	-2	4	3431
780	-2	4	3435
781	-2	4	3439
782	-2	4	3443
783	-2	4	3447
784	-2	4	3451
785	-2	4	3455
786	-2	4	3459
787	-2	4	3463
788	-2	4	3467
789	-6	8	3475
790	-2	4	3479
791	-2	4	3483
792	-2	4	3487
793	-2	4	3491
794	-2	4	3495
795	-2	4	3499
796	-2	4	3503
797	-2	4	3507
798	-2	4	3511
799	-2	4	3515
800	-8	10	3525
801	-2	4	3529
802	-2	4	3533
803	-2	4	3537
804	-2	4	3541
805	-2	4	3545
806	-2	4	3549
807	-2	4	3553
808	-2	4	3557
809	-2	4	3561
810	-2	4	3565
811	-3	5	3570
812	-2	4	3574
813	-2	4	3578
814	-2	4	3582
815	-2	4	3586
816	-2	4	3590
817	-2	4	3594
818	-2	4	3598
819	-2	4	3602
820	-2	4	3606
821	-2	4	3610
822	-2	4	3614
823	-2	4	3618
824	-2	4	3622
825	-4	6	3628
826	-2	4	3632
827	-2	4	3636
828	-2	4	3640
829	-2	4	3644
830	-2	4	3648
831	-2	4	3652
832	-2	4	3656
833	-2	4	3660
834	-2	4	3664
835	-2	4	3668
836	-2	4	3672
837	-2	4	3676
838	-2	4	3680
839	-2	4	3684
840	-2	4	3688
841	-2	4	3692
842	-2	4	3696
843	-2	4	3700
844	-2	4	3704
845	-2	4	3708
846	-2	4	3712
847	-4	6	3718
848	-2	4	3722
849	-2	4	3726
850	-2	4	3730
851	-2	4	3734
852	-2	4	3738
853	-4	6	3744
854	-2	4	3748
855	-2	4	3752
856	-2	4	3756
857	-2	4	3760
858	-2	4	3764
859	-2	4	3768
860	-2	4	3772
861	-2	4	3776
862	-2	4	3780
863	-2	4	3784
864	-2	4	3788
865	-2	4	3792
866	-4	6	3798
867	-2	4	3802
868	-2	4	3806
869	-2	4	3810
870	-2	4	3814
871	-2	4	3818
872	-2	4	3822
873	-2	4	3826
874	-2	4	3830
875	-2	4	3834
876	-2	4	3838
877	-2	4	3842
878	-2	4	3846
879	-2	4	3850
880	-2	4	3854
881	-2	4	3858
882	-2	4	3862
883	-2	4	3866
884	-2	4	3870
885	-2	4	3874
886	-2	4	3878
887	-2	4	3882
888	-2	4	3886
889	-2	4	3890
890	-2	4	3894
891	-2	4	3898
892	-2	4	3902
893	-2	4	3906
894	-2	4	3910
895	-2	4	3914
896	-2	4	3918
897	-2	4	3922
898	-2	4	3926
899	-2	4	3930
900	-2	4	3934
901	-2	4	3938
902	-2	4	3942
903	-2	4	3946
904	-2	4	3950
905	-2	4	3954
906	-2	4	3958
907	-2	4	3962
908	-2	4	3966
909	-2	4	3970
910	-2	4	3974
911	-2	4	3978
912	-2	4	3982
913	-2	4	3986
914	-2	4	3990
915	-2	4	3994
916	-2	4	3998
917	-2	4	4002
918	-2	4	4006
919	-2	4	4010
920	-2	4	4014
921	-2	4	4018
922	-2	4	4022
923	-2	4	4026
924	-2	4	4030
925	-2	4	4034
926	-2	4	4038
927	-2	4	4042
928	-2	4	4046
929	-2	4	4050
930	-2	4	4054
931	-2	4	4058
932	-2	4	4062
933	-2	4	4066
934	-2	4	4070
935	-2	4	4074
936	-2	4	4078
937	-3	5	4083
938	-2	4	4087
939	-2	4	4091
940	-2	4	4095
941	-2	4	4099
942	-2	4	4103
943	-2	4	4107
944	-2	4	4111
945	-2	4	4115
946	-2	4	4119
947	-2	4	4123
948	-2	4	4127
949	-3	5	4132
950	-2	4	4136
951	-2	4	4140
952	-2	4	4144
953	-2	4	4148
954	-2	4	4152
955	-2	4	4156
956	-2	4	4160
957	-2	4	4164
958	-2	4	4168
959	-4	6	4174
960	-2	4	4178
961	-2	4	4182
962	-2	4	4186
963	-2	4	4190
964	-2	4	4194
965	-2	4	4198
966	-2	4	4202
967	-2	4	4206
968	-2	4	4210
969	-2	4	4214
970	-2	4	4218
971	-2	4	4222
972	-2	4	4226
973	-2	4	4230
974	-2	4	4234
975	-2	4	4238
976	-2	4	4242
977	-2	4	4246
978	-2	4	4250
979	-2	4	4254
980	-2	4	4258
981	-2	4	4262
982	-6	8	4270
983	-2	4	4274
984	-2	4	4278
985	-2	4	4282
986	-2	4	4286
987	-2	4	4290
988	-2	4	4294
989	-2	4	4298
990	-2	4	4302
991	-2	4	4306
992	-2	4	4310
993	-2	4	4314
994	-2	4	4318
995	-2	4	4322
996	-2	4	4326
997	-2	4	4330
998	-2	4	4334
999	-2	4	4338
1000	-2	4	4342
1001	-2	4	4346
1002	-2	4	4350
1003	-4	6	4356
1004	-2	4	4360
1005	-2	4	4364
1006	-2	4	4368
1007	-2	4	4372
1008	-2	4	4376
1009	-2	4	4380
1010	-2	4	4384
1011	-2	4	4388
1012	-2	4	4392
1013	-2	4	4396
1014	-2	4	4400
1015	-2	4	4404
1016	-2	4	4408
1017	-2	4	4412
1018	-2	4	4416
1019	-2	4	4420
1020	-2	4	4424
1021	-2	4	4428
1022	-2	4	4432
1023	-2	4	4436
1024	-4	6	4442
1025	-2	4	4446
1026	-2	4	4450
1027	-2	4	4454
1028	-2	4	4458
1029	-2	4	4462
1030	-2	4	4466
1031	-2	4	4470
1032	-4	6	4476
1033	-2	4	4480
1034	-2	4	4484
1035	-2	4	4488
1036	-2	4	4492
1037	-2	4	4496
1038	-2	4	4500
1039	-2	4	4504
1040	-2	4	4508
1041	-2	4	4512
1042	-2	4	4516
1043	-2	4	4520
1044	-2	4	4524
1045	-2	4	4528
1046	-2	4	4532
1047	-2	4	4536
1048	-2	4	4540
1049	-2	4	4544
1050	-2	4	4548
1051	-2	4	4552
1052	-2	4	4556
1053	-2	4	4560
1054	-2	4	4564
1055	-2	4	4568
1056	-2	4	4572
1057	-2	4	4576
1058	-2	4	4580
1059	-4	6	4586
1060	-2	4	4590
1061	-2	4	4594
1062	-2	4	4598
1063	-2	4	4602
1064	-2	4	4606
1065	-2	4	4610
1066	-2	4	4614
1067	-2	4	4618
1068	-2	4	4622
1069	-2	4	4626
1070	-2	4	4630
1071	-2	4	4634
1072	-2	4	4638
1073	-2	4	4642
1074	-2	4	4646
1075	-2	4	4650
1076	-2	4	4654
1077	-2	4	4658
1078	-2	4	4662
1079	-2	4	4666
1080	-2	4	4670
1081	-2	4	4674
1082	-2	4	4678
1083	-2	4	4682
1084	-2	4	4686
1085	-2	4	4690
1086	-2	4	4694
1087	-2	4	4698
1088	-2	4	4702
1089	-2	4	4706
1090	-2	4	4710
1091	-2	4	4714
1092	-2	4	4718
1093	-2	4	4722
1094	-2	4	4726
1095	-2	4	4730
1096	-2	4	4734
1097	-2	4	4738
1098	-2	4	4742
1099	-2	4	4746
1100	-2	4	4750
1101	-2	4	4754
1102	-4	6	4760
1103	-2	4	4764
1104	-2	4	4768
1105	-2	4	4772
1106	-2	4	4776
1107	-2	4	4780
1108	-2	4	4784
1109	-2	4	4788
1110	-3	5	4793
1111	-2	4	4797
1112	-2	4	4801
1113	-2	4	4805
1114	-2	4	4809
1115	-2	4	4813
1116	-2	4	4817
1117	-2	4	4821
1118	-2	4	4825
1119	-2	4	4829
1120	-4	6	4835
1121	-2	4	4839
1122	-2	4	4843
1123	-2	4	4847
1124	-2	4	4851
1125	-2	4	4855
1126	-2	4	4859
1127	-2	4	4863
1128	-2	4	4867
1129	-4	6	4873
1130	-2	4	4877
1131	-4	6	4883
1132	-2	4	4887
1133	-2	4	4891
1134	-2	4	4895
1135	-2	4	4899
1136	-2	4	4903
1137	-2	4	4907
1138	-2	4	4911
1139	-5	7	4918
1140	-2	4	4922
1141	-2	4	4926
1142	-2	4	4930
1143	-2	4	4934
1144	-2	4	4938
1145	-4	6	4944
1146	-2	4	4948
1147	-2	4	4952
1148	-2	4	4956
1149	-2	4	4960
1150	-2	4	4964
1151	-2	4	4968
1152	-2	4	4972
1153	-2	4	4976
1154	-2	4	4980
1155	-2	4	4984
1156	-2	4	4988
1157	-2	4	4992
1158	-2	4	4996
1159	-2	4	5000
1160	-2	4	5004
1161	-2	4	5008
1162	-2	4	5012
1163	-2	4	5016
1164	-2	4	5020
1165	-2	4	5024
1166	-2	4	5028
1167	-2	4	5032
1168	-2	4	5036
1169	-2	4	5040
1170	-2	4	5044
1171	-3	5	5049
1172	-2	4	5053
1173	-2	4	5057
1174	-2	4	5061
1175	-2	4	5065
1176	-2	4	5069
1177	-2	4	5073
1178	-2	4	5077
1179	-2	4	5081
1180	-2	4	5085
1181	-2	4	5089
1182	-2	4	5093
1183	-2	4	5097
1184	-2	4	5101
1185	-2	4	5105
1186	-2	4	5109
1187	-4	6	5115
1188	-2	4	5119
1189	-2	4	5123
1190	-2	4	5127
1191	-2	4	5131
1192	-2	4	5135
1193	-2	4	5139
1194	-2	4	5143
1195	-6	8	5151
1196	-2	4	5155
1197	-2	4	5159
1198	-2	4	5163
1199	-2	4	5167
1200	-2	4	5171
1201	-2	4	5175
1202	-2	4	5179
1203	-2	4	5183
1204	-2	4	5187
1205	-2	4	5191
1206	-2	4	5195
1207	-3	5	5200
1208	-2	4	5204
1209	-2	4	5208
1210	-2	4	5212
1211	-2	4	5216
1212	-2	4	5220
1213	-4	6	5226
1214	-2	4	5230
1215	-2	4	5234
1216	-2	4	5238
1217	-2	4	5242
1218	-2	4	5246
1219	-2	4	5250
1220	-2	4	5254
1221	-2	4	5258
1222	-2	4	5262
1223	-2	4	5266
1224	-2	4	5270
1225	-2	4	5274
1226	-2	4	5278
1227	-2	4	5282
1228	-2	4	5286
1229	-4	6	5292
1230	-2	4	5296
1231	-2	4	5300
1232	-2	4	5304
1233	-2	4	5308
1234	-2	4	5312
1235	-2	4	5316
1236	-2	4	5320
1237	-2	4	5324
1238	-2	4	5328
1239	-2	4	5332
1240	-2	4	5336
1241	-2	4	5340
1242	-4	6	5346
1243	-2	4	5350
1244	-2	4	5354
1245	-2	4	5358
1246	-2	4	5362
1247	-2	4	5366
1248	-2	4	5370
1249	-2	4	5374
1250	-4	6	5380
1251	-2	4	5384
1252	-2	4	5388
1253	-2	4	5392
1254	-2	4	5396
1255	-2	4	5400
1256	-2	4	5404
1257	-2	4	5408
1258	-2	4	5412
1259	-2	4	5416
1260	-2	4	5420
1261	-2	4	5424
1262	-2	4	5428
1263	-2	4	5432
1264	-2	4	5436
1265	-2	4	5440
1266	-2	4	5444
1267	-2	4	5448
1268	-2	4	5452
1269	-2	4	5456
1270	-2	4	5460
1271	-2	4	5464
1272	-2	4	5468
1273	-2	4	5472
1274	-2	4	5476
1275	-2	4	5480
1276	-2	4	5484
1277	-2	4	5488
1278	-2	4	5492
1279	-2	4	5496
1280	-2	4	5500
1281	-2	4	5504
1282	-3	5	5509
1283	-2	4	5513
1284	-2	4	5517
1285	-2	4	5521
1286	-4	6	5527
1287	-2	4	5531
1288	-2	4	5535
1289	-2	4	5539
1290	-2	4	5543
1291	-2	4	5547
1292	-2	4	5551
1293	-2	4	5555
1294	-2	4	5559
1295	-2	4	5563
1296	-2	4	5567
1297	-2	4	5571
1298	-2	4	5575
1299	-2	4	5579
1300	-2	4	5583
1301	-2	4	5587
1302	-2	4	5591
1303	-2	4	5595
1304	-2	4	5599
1305	-2	4	5603
1306	-2	4	5607
1307	-2	4	5611
1308	-2	4	5615
1309	-2	4	5619
1310	-2	4	5623
1311	-2	4	5627
1312	-2	4	5631
1313	-2	4	5635
1314	-3	5	5640
1315	-2	4	5644
1316	-2	4	5648
1317	-2	4	5652
1318	-2	4	5656
1319	-2	4	5660
1320	-2	4	5664
1321	-2	4	5668
1322	-2	4	5672
1323	-2	4	5676
1324	-6	8	5684
1325	-2	4	5688
1326	-2	4	5692
1327	-2	4	5696
1328	-2	4	5700
1329	-2	4	5704
1330	-2	4	5708
1331	-2	4	5712
1332	-2	4	5716
1333	-2	4	5720
1334	-2	4	5724
1335	-2	4	5728
1336	-2	4	5732
1337	-2	4	5736
1338	-2	4	5740
1339	-2	4	5744
1340	-2	4	5748
1341	-2	4	5752
1342	-2	4	5756
1343	-2	4	5760
1344	-2	4	5764
1345	-3	5	5769
1346	-2	4	5773
1347	-2	4	5777
1348	-2	4	5781
1349	-2	4	5785
1350	-2	4	5789
1351	-2	4	5793
1352	-2	4	5797
1353	-2	4	5801
1354	-2	4	5805
1355	-2	4	5809
1356	-2	4	5813
1357	-2	4	5817
1358	-2	4	5821
1359	-2	4	5825
1360	-2	4	5829
1361	-4	6	5835
1362	-2	4	5839
1363	-2	4	5843
1364	-2	4	5847
1365	-2	4	5851
1366	-2	4	5855
1367	-2	4	5859
1368	-2	4	5863
1369	-2	4	5867
1370	-2	4	5871
1371	-2	4	5875
1372	-2	4	5879
1373	-2	4	5883
1374	-2	4	5887
1375	-2	4	5891
1376	-2	4	5895
1377	-2	4	5899
1378	-2	4	5903
1379	-2	4	5907
1380	-2	4	5911
1381	-2	4	5915
1382	-2	4	5919
1383	-2	4	5923
1384	-2	4	5927
1385	-2	4	5931
1386	-2	4	5935
1387	-2	4	5939
1388	-2	4	5943
1389	-2	4	5947
1390	-2	4	5951
1391	-2	4	5955
1392	-2	4	5959
1393	-2	4	5963
1394	-2	4	5967
1395	-4	6	5973
1396	-2	4	5977
1397	-2	4	5981
1398	-2	4	5985
1399	-2	4	5989
1400	-2	4	5993
1401	-2	4	5997
1402	-2	4	6001
1403	-2	4	6005
1404	-2	4	6009
1405	-2	4	6013
1406	-2	4	6017
1407	-2	4	6021
1408	-2	4	6025
1409	-4	6	6031
1410	-2	4	6035
1411	-2	4	6039
1412	-2	4	6043
1413	-4	6	6049
1414	-2	4	6053
1415	-2	4	6057
1416	-2	4	6061
1417	-2	4	6065
1418	-2	4	6069
1419	-2	4	6073
1420	-2	4	6077
1421	-2	4	6081
1422	-4	6	6087
1423	-2	4	6091
1424	-2	4	6095
1425	-2	4	6099
1426	-2	4	6103
1427	-2	4	6107
1428	-2	4	6111
1429	-2	4	6115
1430	-2	4	6119
1431	-2	4	6123
1432	-2	4	6127
1433	-2	4	6131
1434	-2	4	6135
1435	-4	6	6141
1436	-2	4	6145
1437	-2	4	6149
1438	-2	4	6153
1439	-2	4	6157
1440	-2	4	6161
1441	-2	4	6165
1442	-2	4	6169
1443	-2	4	6173
1444	-2	4	6177
1445	-2	4	6181
1446	-2	4	6185
1447	-2	4	6189
1448	-2	4	6193
1449	-2	4	6197
1450	-4	6	6203
1451	-2	4	6207
1452	-2	4	6211
1453	-2	4	6215
1454	-2	4	6219
1455	-2	4	6223
1456	-2	4	6227
1457	-2	4	6231
1458	-2	4	6235
1459	-2	4	6239
1460	-2	4	6243
1461	-2	4	6247
1462	-2	4	6251
1463	-2	4	6255
1464	-2	4	6259
1465	-2	4	6263
1466	-2	4	6267
1467	-2	4	6271
1468	-2	4	6275
1469	-2	4	6279
1470	-2	4	6283
1471	-2	4	6287
1472	-2	4	6291
1473	-2	4	6295
1474	-2	4	6299
1475	-2	4	6303
1476	-2	4	6307
1477	-2	4	6311
1478	-2	4	6315
1479	-2	4	6319
1480	-2	4	6323
1481	-2	4	6327
1482	-2	4	6331
1483	-2	4	6335
1484	-2	4	6339
1485	-2	4	6343
1486	-2	4	6347
1487	-2	4	6351
1488	-2	4	6355
1489	-2	4	6359
1490	-2	4	6363
1491	-2	4	6367
1492	-2	4	6371
1493	-2	4	6375
1494	-2	4	6379
1495	-2	4	6383
1496	-2	4	6387
1497	-2	4	6391
1498	-2	4	6395
1499	-2	4	6399
1500	-2	4	6403
1501	-2	4	6407
1502	-2	4	6411
1503	-2	4	6415
1504	-2	4	6419
1505	-2	4	6423
1506	-2	4	6427
1507	-2	4	6431
1508	-2	4	6435
1509	-2	4	6439
1510	-2	4	6443
1511	-2	4	6447
1512	-2	4	6451
1513	-2	4	6455
1514	-2	4	6459
1515	-2	4	6463
1516	-2	4	6467
1517	-2	4	6471
1518	-2	4	6475
1519	-2	4	6479
1520	-2	4	6483
1521	-3	5	6488
1522	-2	4	6492
1523	-2	4	6496
1524	-2	4	6500
1525	-2	4	6504
1526	-2	4	6508
1527	-2	4	6512
1528	-2	4	6516
1529	-2	4	6520
1530	-5	7	6527
1531	-2	4	6531
1532	-2	4	6535
1533	-2	4	6539
1534	-2	4	6543
1535	-2	4	6547
1536	-2	4	6551
1537	-3	5	6556
1538	-2	4	6560
1539	-2	4	6564
1540	-2	4	6568
1541	-2	4	6572
1542	-2	4	6576
1543	-2	4	6580
1544	-2	4	6584
1545	-2	4	6588
1546	-2	4	6592
1547	-2	4	6596
1548	-2	4	6600
1549	-3	5	6605
1550	-2	4	6609
1551	-2	4	6613
1552	-2	4	6617
1553	-2	4	6621
1554	-2	4	6625
1555	-2	4	6629
1556	-2	4	6633
1557	-2	4	6637
1558	-2	4	6641
1559	-2	4	6645
1560	-4	6	6651
1561	-2	4	6655
1562	-2	4	6659
1563	-2	4	6663
1564	-2	4	6667
1565	-2	4	6671
1566	-2	4	6675
1567	-2	4	6679
1568	-2	4	6683
1569	-2	4	6687
1570	-2	4	6691
1571	-2	4	6695
1572	-2	4	6699
1573	-2	4	6703
1574	-2	4	6707
1575	-2	4	6711
1576	-2	4	6715
1577	-2	4	6719
1578	-2	4	6723
1579	-2	4	6727
1580	-2	4	6731
1581	-2	4	6735
1582	-2	4	6739
1583	-2	4	6743
1584	-2	4	6747
1585	-2	4	6751
1586	-2	4	6755
1587	-2	4	6759
1588	-2	4	6763
1589	-4	6	6769
1590	-2	4	6773
1591	-2	4	6777
1592	-2	4	6781
1593	-2	4	6785
1594	-4	6	6791
1595	-2	4	6795
1596	-2	4	6799
1597	-2	4	6803
1598	-2	4	6807
1599	-2	4	6811
1600	-2	4	6815
1601	-2	4	6819
1602	-2	4	6823
1603	-2	4	6827
1604	-2	4	6831
1605	-2	4	6835
1606	-2	4	6839
1607	-2	4	6843
1608	-2	4	6847
1609	-2	4	6851
1610	-2	4	6855
1611	-4	6	6861
1612	-2	4	6865
1613	-4	6	6871
1614	-2	4	6875
1615	-2	4	6879
1616	-2	4	6883
1617	-3	5	6888
1618	-2	4	6892
1619	-2	4	6896
1620	-2	4	6900
1621	-2	4	6904
1622	-2	4	6908
1623	-2	4	6912
1624	-2	4	6916
1625	-2	4	6920
1626	-2	4	6924
1627	-2	4	6928
1628	-2	4	6932
1629	-2	4	6936
1630	-2	4	6940
1631	-2	4	6944
1632	-2	4	6948
1633	-2	4	6952
1634	-4	6	6958
1635	-2	4	6962
1636	-2	4	6966
1637	-2	4	6970
1638	-3	5	6975
1639	-3	5	6980
1640	-2	4	6984
1641	-2	4	6988
1642	-2	4	6992
1643	-2	4	6996
1644	-2	4	7000
1645	-2	4	7004
1646	-2	4	7008
1647	-2	4	7012
1648	-2	4	7016
1649	-2	4	7020
1650	-2	4	7024
1651	-2	4	7028
1652	-2	4	7032
1653	-4	6	7038
1654	-2	4	7042
1655	-2	4	7046
1656	-2	4	7050
1657	-2	4	7054
1658	-2	4	7058
1659	-2	4	7062
1660	-2	4	7066
1661	-2	4	7070
1662	-2	4	7074
1663	-2	4	7078
1664	-3	5	7083
1665	-2	4	7087
1666	-2	4	7091
1667	-2	4	7095
1668	-2	4	7099
1669	-2	4	7103
1670	-4	6	7109
1671	-2	4	7113
1672	-2	4	7117
1673	-2	4	7121
1674	-2	4	7125
1675	-2	4	7129
1676	-2	4	7133
1677	-2	4	7137
1678	-2	4	7141
1679	-2	4	7145
1680	-2	4	7149
1681	-2	4	7153
1682	-2	4	7157
1683	-2	4	7161
1684	-4	6	7167
1685	-2	4	7171
1686	-2	4	7175
1687	-2	4	7179
1688	-2	4	7183
1689	-2	4	7187
1690	-2	4	7191
1691	-2	4	7195
1692	-2	4	7199
1693	-2	4	7203
1694	-2	4	7207
1695	-2	4	7211
1696	-2	4	7215
1697	-2	4	7219
1698	-2	4	7223
1699	-2	4	7227
1700	-2	4	7231
1701	-2	4	7235
1702	-2	4	7239
1703	-2	4	7243
1704	-2	4	7247
1705	-2	4	7251
1706	-2	4	7255
1707	-2	4	7259
1708	-4	6	7265
1709	-2	4	7269
1710	-2	4	7273
1711	-4	6	7279
1712	-2	4	7283
1713	-2	4	7287
1714	-2	4	7291
1715	-2	4	7295
1716	-2	4	7299
1717	-2	4	7303
1718	-4	6	7309
1719	-2	4	7313
1720	-2	4	7317
1721	-2	4	7321
1722	-2	4	7325
1723	-2	4	7329
1724	-2	4	7333
1725	-2	4	7337
1726	-2	4	7341
1727	-2	4	7345
1728	-2	4	7349
1729	-2	4	7353
1730	-2	4	7357
1731	-2	4	7361
1732	-2	4	7365
1733	-2	4	7369
1734	-2	4	7373
1735	-2	4	7377
1736	-4	6	7383
1737	-2	4	7387
1738	-2	4	7391
1739	-2	4	7395
1740	-2	4	7399
1741	-2	4	7403
1742	-2	4	7407
1743	-2	4	7411
1744	-2	4	7415
1745	-2	4	7419
1746	-2	4	7423
1747	-2	4	7427
1748	-2	4	7431
1749	-2	4	7435
1750	-4	6	7441
1751	-2	4	7445
1752	-2	4	7449
1753	-2	4	7453
1754	-2	4	7457
1755	-2	4	7461
1756	-2	4	7465
1757	-2	4	7469
1758	-2	4	7473
1759	-4	6	7479
1760	-2	4	7483
1761	-2	4	7487
1762	-2	4	7491
1763	-2	4	7495
1764	-2	4	7499
1765	-2	4	7503
1766	-2	4	7507
1767	-2	4	7511
1768	-2	4	7515
1769	-2	4	7519
1770	-2	4	7523
1771	-2	4	7527
1772	-2	4	7531
1773	-2	4	7535
1774	-2	4	7539
1775	-2	4	7543
1776	-2	4	7547
1777	-2	4	7551
1778	-2	4	7555
1779	-2	4	7559
1780	-2	4	7563
1781	-2	4	7567
1782	-2	4	7571
1783	-2	4	7575
1784	-2	4	7579
1785	-2	4	7583
1786	-2	4	7587
1787	-2	4	7591
1788	-2	4	7595
1789	-2	4	7599
1790	-2	4	7603
1791	-2	4	7607
1792	-2	4	7611
1793	-2	4	7615
1794	-2	4	7619
1795	-2	4	7623
1796	-2	4	7627
1797	-2	4	7631
1798	-2	4	7635
1799	-2	4	7639
1800	-2	4	7643
1801	-2	4	7647
1802	-2	4	7651
1803	-2	4	7655
1804	-2	4	7659
1805	-2	4	7663
1806	-2	4	7667
1807	-2	4	7671
1808	-2	4	7675
1809	-2	4	7679
1810	-2	4	7683
1811	-2	4	7687
1812	-2	4	7691
1813	-2	4	7695
1814	-2	4	7699
1815	-2	4	7703
1816	-2	4	7707
1817	-2	4	7711
1818	-2	4	7715
1819	-2	4	7719
1820	-2	4	7723
1821	-2	4	7727
1822	-2	4	7731
1823	-2	4	7735
1824	-2	4	7739
1825	-2	4	7743
1826	-2	4	7747
1827	-2	4	7751
1828	-2	4	7755
1829	-2	4	7759
1830	-2	4	7763
1831	-2	4	7767
1832	-2	4	7771
1833	-2	4	7775
1834	-2	4	7779
1835	-2	4	7783
1836	-2	4	7787
1837	-2	4	7791
1838	-2	4	7795
1839	-2	4	7799
1840	-2	4	7803
1841	-3	5	7808
1842	-2	4	7812
1843	-2	4	7816
1844	-2	4	7820
1845	-4	6	7826
1846	-2	4	7830
1847	-2	4	7834
1848	-2	4	7838
1849	-2	4	7842
1850	-2	4	7846
1851	-2	4	7850
1852	-2	4	7854
1853	-2	4	7858
1854	-2	4	7862
1855	-2	4	7866
1856	-2	4	7870
1857	-2	4	7874
1858	-2	4	7878
1859	-2	4	7882
1860	-2	4	7886
1861	-2	4	7890
1862	-2	4	7894
1863	-2	4	7898
1864	-2	4	7902
1865	-2	4	7906
1866	-2	4	7910
1867	-4	6	7916
1868	-2	4	7920
1869	-2	4	7924
1870	-2	4	7928
1871	-2	4	7932
1872	-2	4	7936
1873	-2	4	7940
1874	-2	4	7944
1875	-2	4	7948
1876	-2	4	7952
1877	-2	4	7956
1878	-2	4	7960
1879	-2	4	7964
1880	-2	4	7968
1881	-2	4	7972
1882	-2	4	7976
1883	-2	4	7980
1884	-2	4	7984
1885	-2	4	7988
1886	-2	4	7992
1887	-2	4	7996
1888	-2	4	8000
1889	-2	4	8004
1890	-2	4	8008
1891	-2	4	8012
1892	-2	4	8016
1893	-4	6	8022
1894	-2	4	8026
1895	-2	4	8030
1896	-2	4	8034
1897	-2	4	8038
1898	-2	4	8042
1899	-2	4	8046
1900	-2	4	8050
1901	-2	4	8054
1902	-4	6	8060
1903	-2	4	8064
1904	-2	4	8068
1905	-2	4	8072
1906	-2	4	8076
1907	-2	4	8080
1908	-2	4	8084
1909	-2	4	8088
1910	-2	4	8092
1911	-4	6	8098
1912	-4	6	8104
1913	-2	4	8108
1914	-2	4	8112
1915	-2	4	8116
1916	-2	4	8120
1917	-2	4	8124
1918	-4	6	8130
1919	-2	4	8134
1920	-2	4	8138
1921	-2	4	8142
1922	-2	4	8146
1923	-2	4	8150
1924	-2	4	8154
1925	-4	6	8160
1926	-3	5	8165
1927	-2	4	8169
1928	-2	4	8173
1929	-2	4	8177
1930	-4	6	8183
1931	-2	4	8187
1932	-2	4	8191
1933	-2	4	8195
1934	-2	4	8199
1935	-2	4	8203
1936	-2	4	8207
1937	-2	4	8211
1938	-2	4	8215
1939	-2	4	8219
1940	-2	4	8223
1941	-2	4	8227
1942	-2	4	8231
1943	-2	4	8235
1944	-2	4	8239
1945	-2	4	8243
1946	-2	4	8247
1947	-2	4	8251
1948	-2	4	8255
1949	-2	4	8259
1950	-2	4	8263
1951	-2	4	8267
1952	-2	4	8271
1953	-3	5	8276
1954	-2	4	8280
1955	-2	4	8284
1956	-2	4	8288
1957	-2	4	8292
1958	-2	4	8296
1959	-2	4	8300
1960	-6	8	8308
1961	-2	4	8312
1962	-2	4	8316
1963	-2	4	8320
1964	-2	4	8324
1965	-2	4	8328
1966	-7	9	8337
1967	-2	4	8341
1968	-2	4	8345
1969	-2	4	8349
1970	-2	4	8353
1971	-2	4	8357
1972	-2	4	8361
1973	-2	4	8365
1974	-2	4	8369
1975	-2	4	8373
1976	-2	4	8377
1977	-2	4	8381
1978	-2	4	8385
1979	-2	4	8389
1980	-2	4	8393
1981	-2	4	8397
1982	-2	4	8401
1983	-2	4	8405
1984	-2	4	8409
1985	-2	4	8413
1986	-5	7	8420
1987	-2	4	8424
1988	-2	4	8428
1989	-2	4	8432
1990	-2	4	8436
1991	-2	4	8440
1992	-2	4	8444
1993	-4	6	8450
1994	-2	4	8454
1995	-2	4	8458
1996	-2	4	8462
1997	-2	4	8466
1998	-2	4	8470
1999	-2	4	8474
2000	-2	4	8478
2001	-2	4	8482
2002	-2	4	8486
2003	-2	4	8490
2004	-2	4	8494
2005	-4	6	8500
2006	-2	4	8504
2007	-4	6	8510
2008	-2	4	8514
2009	-2	4	8518
2010	-2	4	8522
2011	-2	4	8526
2012	-2	4	8530
2013	-4	6	8536
2014	-2	4	8540
2015	-2	4	8544
2016	-2	4	8548
2017	-2	4	8552
2018	-2	4	8556
2019	-2	4	8560
2020	-2	4	8564
2021	-2	4	8568
2022	-2	4	8572
2023	-2	4	8576
2024	-2	4	8580
2025	-2	4	8584
2026	-2	4	8588
2027	-2	4	8592
2028	-2	4	8596
2029	-2	4	8600
2030	-2	4	8604
2031	-2	4	8608
2032	-2	4	8612
2033	-2	4	8616
2034	-2	4	8620
2035	-4	6	8626
2036	-2	4	8630
2037	-2	4	8634
2038	-2	4	8638
2039	-2	4	8642
2040	-2	4	8646
2041	-2	4	8650
2042	-2	4	8654
2043	-2	4	8658
2044	-2	4	8662
2045	-2	4	8666
2046	-2	4	8670
2047	-2	4	8674
2048	-2	4	8678
2049	-2	4	8682
2050	-2	4	8686
2051	-2	4	8690
2052	-2	4	8694
2053	-2	4	8698
2054	-2	4	8702
2055	-2	4	8706
2056	-2	4	8710
2057	-2	4	8714
2058	-2	4	8718
2059	-2	4	8722
2060	-2	4	8726
2061	-2	4	8730
2062	-2	4	8734
2063	-2	4	8738
2064	-2	4	8742
2065	-2	4	8746
2066	-2	4	8750
2067	-2	4	8754
2068	-2	4	8758
2069	-2	4	8762
2070	-2	4	8766
2071	-2	4	8770
2072	-2	4	8774
2073	-4	6	8780
2074	-2	4	8784
2075	-4	6	8790
2076	-2	4	8794
2077	-2	4	8798
2078	-2	4	8802
2079	-2	4	8806
2080	-2	4	8810
2081	-2	4	8814
2082	-2	4	8818
2083	-2	4	8822
2084	-2	4	8826
2085	-2	4	8830
2086	-2	4	8834
2087	-2	4	8838
2088	-2	4	8842
2089	-2	4	8846
2090	-2	4	8850
2091	-2	4	8854
2092	-2	4	8858
2093	-2	4	8862
2094	-2	4	8866
2095	-7	9	8875
2096	-2	4	8879
2097	-2	4	8883
2098	-2	4	8887
2099	-2	4	8891
2100	-2	4	8895
2101	-2	4	8899
2102	-2	4	8903
2103	-2	4	8907
2104	-4	6	8913
2105	-2	4	8917
2106	-2	4	8921
2107	-2	4	8925
2108	-2	4	8929
2109	-2	4	8933
2110	-2	4	8937
2111	-2	4	8941
2112	-2	4	8945
2113	-2	4	8949
2114	-2	4	8953
2115	-2	4	8957
2116	-2	4	8961
2117	-2	4	8965
2118	-2	4	8969
2119	-4	6	8975
2120	-2	4	8979
2121	-2	4	8983
2122	-2	4	8987
2123	-2	4	8991
2124	-2	4	8995
2125	-2	4	8999
2126	-2	4	9003
2127	-4	6	9009
2128	-2	4	9013
2129	-2	4	9017
2130	-2	4	9021
2131	-2	4	9025
2132	-2	4	9029
2133	-2	4	9033
2134	-2	4	9037
2135	-2	4	9041
2136	-2	4	9045
2137	-2	4	9049
2138	-2	4	9053
2139	-2	4	9057
2140	-4	6	9063
2141	-2	4	9067
2142	-2	4	9071
2143	-2	4	9075
2144	-2	4	9079
2145	-2	4	9083
2146	-2	4	9087
2147	-2	4	9091
2148	-2	4	9095
2149	-2	4	9099
2150	-4	6	9105
2151	-2	4	9109
2152	-2	4	9113
2153	-2	4	9117
2154	-2	4	9121
2155	-2	4	9125
2156	-2	4	9129
2157	-2	4	9133
2158	-2	4	9137
2159	-2	4	9141
2160	-2	4	9145
2161	-2	4	9149
2162	-4	6	9155
2163	-2	4	9159
2164	-2	4	9163
2165	-2	4	9167
2166	-2	4	9171
2167	-2	4	9175
2168	-2	4	9179
2169	-2	4	9183
2170	-2	4	9187
2171	-2	4	9191
2172	-2	4	9195
2173	-2	4	9199
2174	-2	4	9203
2175	-2	4	9207
2176	-2	4	9211
2177	-2	4	9215
2178	-2	4	9219
2179	-2	4	9223
2180	-2	4	9227
2181	-2	4	9231
2182	-2	4	9235
2183	-2	4	9239
2184	-2	4	9243
2185	-2	4	9247
2186	-6	8	9255
2187	-2	4	9259
2188	-2	4	9263
2189	-2	4	9267
2190	-2	4	9271
2191	-2	4	9275
2192	-2	4	9279
2193	-2	4	9283
2194	-2	4	9287
2195	-2	4	9291
2196	-2	4	9295
2197	-2	4	9299
2198	-2	4	9303
2199	-4	6	9309
2200	-2	4	9313
2201	-2	4	9317
2202	-2	4	9321
2203	-2	4	9325
2204	-2	4	9329
2205	-2	4	9333
2206	-2	4	9337
2207	-2	4	9341
2208	-2	4	9345
2209	-2	4	9349
2210	-2	4	9353
2211	-2	4	9357
2212	-2	4	9361
2213	-2	4	9365
2214	-2	4	9369
2215	-2	4	9373
2216	-2	4	9377
2217	-2	4	9381
2218	-2	4	9385
2219	-2	4	9389
2220	-2	4	9393
2221	-2	4	9397
2222	-2	4	9401
2223	-2	4	9405
2224	-2	4	9409
2225	-2	4	9413
2226	-2	4	9417
2227	-2	4	9421
2228	-4	6	9427
2229	-2	4	9431
2230	-2	4	9435
2231	-2	4	9439
2232	-2	4	9443
2233	-2	4	9447
2234	-4	6	9453
2235	-2	4	9457
2236	-2	4	9461
2237	-2	4	9465
2238	-2	4	9469
2239	-2	4	9473
2240	-2	4	9477
2241	-2	4	9481
2242	-2	4	9485
2243	-2	4	9489
2244	-2	4	9493
2245	-2	4	9497
2246	-2	4	9501
2247	-2	4	9505
2248	-4	6	9511
2249	-2	4	9515
2250	-2	4	9519
2251	-2	4	9523
2252	-2	4	9527
2253	-2	4	9531
2254	-2	4	9535
2255	-2	4	9539
2256	-2	4	9543
2257	-2	4	9547
2258	-2	4	9551
2259	-2	4	9555
2260	-2	4	9559
2261	-2	4	9563
2262	-2	4	9567
2263	-2	4	9571
2264	-2	4	9575
2265	-2	4	9579
2266	-2	4	9583
2267	-2	4	9587
2268	-2	4	9591
2269	-2	4	9595
2270	-2	4	9599
2271	-2	4	9603
2272	-2	4	9607
2273	-4	6	9613
2274	-2	4	9617
2275	-4	6	9623
2276	-2	4	9627
2277	-2	4	9631
2278	-2	4	9635
2279	-3	5	9640
2280	-2	4	9644
2281	-2	4	9648
2282	-2	4	9652
2283	-2	4	9656
2284	-2	4	9660
2285	-2	4	9664
2286	-2	4	9668
2287	-2	4	9672
2288	-2	4	9676
2289	-2	4	9680
2290	-2	4	9684
2291	-2	4	9688
2292	-2	4	9692
2293	-2	4	9696
2294	-2	4	9700
2295	-2	4	9704
2296	-2	4	9708
2297	-2	4	9712
2298	-2	4	9716
2299	-2	4	9720
2300	-2	4	9724
2301	-2	4	9728
2302	-2	4	9732
2303	-2	4	9736
2304	-2	4	9740
2305	-2	4	9744
2306	-2	4	9748
2307	-2	4	9752
2308	-2	4	9756
2309	-2	4	9760
2310	-2	4	9764
2311	-2	4	9768
2312	-2	4	9772
2313	-2	4	9776
2314	-2	4	9780
2315	-2	4	9784
2316	-2	4	9788
2317	-2	4	9792
2318	-2	4	9796
2319	-2	4	9800
2320	-2	4	9804
2321	-2	4	9808
2322	-2	4	9812
2323	-3	5	9817
2324	-2	4	9821
2325	-2	4	9825
2326	-2	4	9829
2327	-4	6	9835
2328	-2	4	9839
2329	-2	4	9843
2330	-2	4	9847
2331	-2	4	9851
2332	-2	4	9855
2333	-2	4	9859
2334	-2	4	9863
2335	-2	4	9867
2336	-6	8	9875
2337	-2	4	9879
2338	-2	4	9883
2339	-2	4	9887
2340	-2	4	9891
2341	-2	4	9895
2342	-2	4	9899
2343	-2	4	9903
2344	-2	4	9907
2345	-2	4	9911
2346	-2	4	9915
2347	-2	4	9919
2348	-2	4	9923
2349	-2	4	9927
2350	-2	4	9931
2351	-2	4	9935
2352	-2	4	9939
2353	-2	4	9943
2354	-2	4	9947
2355	-2	4	9951
2356	-2	4	9955
2357	-2	4	9959
2358	-2	4	9963
2359	-2	4	9967
2360	-2	4	9971
2361	-2	4	9975
2362	-2	4	9979
2363	-2	4	9983
2364	-2	4	9987
2365	-2	4	9991
2366	-2	4	9995
2367	-2	4	9999
2368	-2	4	10003
2369	-2	4	10007
2370	-2	4	10011
2371	-2	4	10015
2372	-2	4	10019
2373	-2	4	10023
2374	-4	6	10029
2375	-2	4	10033
2376	-2	4	10037
2377	-2	4	10041
2378	-4	6	10047
2379	-2	4	10051
2380	-2	4	10055
2381	-2	4	10059
2382	-3	5	10064
2383	-2	4	10068
2384	-2	4	10072
2385	-2	4	10076
2386	-2	4	10080
2387	-2	4	10084
2388	-2	4	10088
2389	-2	4	10092
2390	-2	4	10096
2391	-2	4	10100
2392	-2	4	10104
2393	-2	4	10108
2394	-2	4	10112
2395	-2	4	10116
2396	-2	4	10120
2397	-2	4	10124
2398	-2	4	10128
2399	-2	4	10132
2400	-2	4	10136
2401	-2	4	10140
2402	-2	4	10144
2403	-2	4	10148
2404	-2	4	10152
2405	-2	4	10156
2406	-2	4	10160
2407	-2	4	10164
2408	-2	4	10168
2409	-2	4	10172
2410	-2	4	10176
2411	-2	4	10180
2412	-2	4	10184
2413	-2	4	10188
2414	-2	4	10192
2415	-2	4	10196
2416	-2	4	10200
2417	-2	4	10204
2418	-2	4	10208
2419	-2	4	10212
2420	-2	4	10216
2421	-2	4	10220
2422	-2	4	10224
2423	-2	4	10228
2424	-2	4	10232
2425	-2	4	10236
2426	-2	4	10240
2427	-4	6	10246
2428	-2	4	10250
2429	-2	4	10254
2430	-4	6	10260
2431	-2	4	10264
2432	-2	4	10268
2433	-2	4	10272
2434	-2	4	10276
2435	-2	4	10280
2436	-2	4	10284
2437	-2	4	10288
2438	-2	4	10292
2439	-2	4	10296
2440	-2	4	10300
2441	-2	4	10304
2442	-2	4	10308
2443	-2	4	10312
2444	-2	4	10316
2445	-2	4	10320
2446	-2	4	10324
2447	-2	4	10328
2448	-2	4	10332
2449	-2	4	10336
2450	-2	4	10340
2451	-2	4	10344
2452	-2	4	10348
2453	-2	4	10352
2454	-2	4	10356
2455	-2	4	10360
2456	-2	4	10364
2457	-2	4	10368
2458	-2	4	10372
2459	-2	4	10376
2460	-2	4	10380
2461	-4	6	10386
2462	-2	4	10390
2463	-2	4	10394
2464	-2	4	10398
2465	-2	4	10402
2466	-2	4	10406
2467	-2	4	10410
2468	-2	4	10414
2469	-2	4	10418
2470	-2	4	10422
2471	-2	4	10426
2472	-2	4	10430
2473	-2	4	10434
2474	-2	4	10438
2475	-2	4	10442
2476	-2	4	10446
2477	-2	4	10450
2478	-2	4	10454
2479	-2	4	10458
2480	-2	4	10462
2481	-2	4	10466
2482	-2	4	10470
2483	-2	4	10474
2484	-2	4	10478
2485	-2	4	10482
2486	-2	4	10486
2487	-2	4	10490
2488	-2	4	10494
2489	-2	4	10498
2490	-2	4	10502
2491	-2	4	10506
2492	-2	4	10510
2493	-4	6	10516
2494	-2	4	10520
2495	-2	4	10524
2496	-2	4	10528
2497	-2	4	10532
2498	-4	6	10538
2499	-2	4	10542
2500	-2	4	10546
2501	-2	4	10550
2502	-2	4	10554
2503	-2	4	10558
2504	-2	4	10562
2505	-2	4	10566
2506	-2	4	10570
2507	-2	4	10574
2508	-2	4	10578
2509	-2	4	10582
2510	-2	4	10586
2511	-2	4	10590
2512	-4	6	10596
2513	-2	4	10600
2514	-2	4	10604
2515	-2	4	10608
2516	-2	4	10612
2517	-2	4	10616
2518	-2	4	10620
2519	-2	4	10624
2520	-2	4	10628
2521	-2	4	10632
2522	-2	4	10636
2523	-2	4	10640
2524	-2	4	10644
2525	-2	4	10648
2526	-2	4	10652
2527	-2	4	10656
2528	-2	4	10660
2529	-2	4	10664
2530	-2	4	10668
2531	-2	4	10672
2532	-2	4	10676
2533	-2	4	10680
2534	-2	4	10684
2535	-2	4	10688
2536	-2	4	10692
2537	-2	4	10696
2538	-2	4	10700
2539	-2	4	10704
2540	-2	4	10708
2541	-2	4	10712
2542	-2	4	10716
2543	-2	4	10720
2544	-2	4	10724
2545	-2	4	10728
2546	-2	4	10732
2547	-2	4	10736
2548	-2	4	10740
2549	-2	4	10744
2550	-2	4	10748
2551	-2	4	10752
2552	-2	4	10756
2553	-2	4	10760
2554	-4	6	10766
2555	-2	4	10770
2556	-2	4	10774
2557	-2	4	10778
2558	-4	6	10784
2559	-2	4	10788
2560	-2	4	10792
2561	-2	4	10796
2562	-2	4	10800
2563	-2	4	10804
2564	-2	4	10808
2565	-2	4	10812
2566	-2	4	10816
2567	-2	4	10820
2568	-2	4	10824
2569	-2	4	10828
2570	-2	4	10832
2571	-2	4	10836
2572	-2	4	10840
2573	-2	4	10844
2574	-2	4	10848
2575	-2	4	10852
2576	-2	4	10856
2577	-2	4	10860
2578	-2	4	10864
2579	-2	4	10868
2580	-2	4	10872
2581	-2	4	10876
2582	-2	4	10880
2583	-2	4	10884
2584	-2	4	10888
2585	-2	4	10892
2586	-2	4	10896
2587	-2	4	10900
2588	-2	4	10904
2589	-2	4	10908
2590	-2	4	10912
2591	-2	4	10916
2592	-2	4	10920
2593	-2	4	10924
2594	-2	4	10928
2595	-2	4	10932
2596	-2	4	10936
2597	-2	4	10940
2598	-2	4	10944
2599	-2	4	10948
2600	-2	4	10952
2601	-2	4	10956
2602	-2	4	10960
2603	-2	4	10964
2604	-2	4	10968
2605	-2	4	10972
2606	-2	4	10976
2607	-2	4	10980
2608	-2	4	10984
2609	-2	4	10988
2610	-2	4	10992
2611	-2	4	10996
2612	-2	4	11000
2613	-2	4	11004
2614	-2	4	11008
2615	-2	4	11012
2616	-2	4	11016
2617	-2	4	11020
2618	-2	4	11024
2619	-2	4	11028
2620	-2	4	11032
2621	-2	4	11036
2622	-2	4	11040
2623	-2	4	11044
2624	-2	4	11048
2625	-2	4	11052
2626	-2	4	11056
2627	-2	4	11060
2628	-2	4	11064
2629	-2	4	11068
2630	-2	4	11072
2631	-2	4	11076
2632	-2	4	11080
2633	-2	4	11084
2634	-2	4	11088
2635	-2	4	11092
2636	-2	4	11096
2637	-2	4	11100
2638	-2	4	11104
2639	-2	4	11108
2640	-2	4	11112
2641	-2	4	11116
2642	-2	4	11120
2643	-2	4	11124
2644	-2	4	11128
2645	-2	4	11132
2646	-2	4	11136
2647	-2	4	11140
2648	-4	6	11146
2649	-2	4	11150
2650	-2	4	11154
2651	-2	4	11158
2652	-2	4	11162
2653	-2	4	11166
2654	-2	4	11170
2655	-2	4	11174
2656	-2	4	11178
2657	-2	4	11182
2658	-2	4	11186
2659	-2	4	11190
2660	-4	6	11196
2661	-2	4	11200
2662	-2	4	11204
2663	-2	4	11208
2664	-2	4	11212
2665	-2	4	11216
2666	-4	6	11222
2667	-2	4	11226
2668	-2	4	11230
2669	-2	4	11234
2670	-2	4	11238
2671	-2	4	11242
2672	-2	4	11246
2673	-2	4	11250
2674	-2	4	11254
2675	-2	4	11258
2676	-2	4	11262
2677	-2	4	11266
2678	-2	4	11270
2679	-2	4	11274
2680	-2	4	11278
2681	-2	4	11282
2682	-2	4	11286
2683	-2	4	11290
2684	-2	4	11294
2685	-2	4	11298
2686	-2	4	11302
2687	-2	4	11306
2688	-2	4	11310
2689	-2	4	11314
2690	-4	6	11320
2691	-2	4	11324
2692	-2	4	11328
2693	-2	4	11332
2694	-4	6	11338
2695	-2	4	11342
2696	-4	6	11348
2697	-2	4	11352
2698	-2	4	11356
2699	-2	4	11360
2700	-2	4	11364
2701	-2	4	11368
2702	-2	4	11372
2703	-2	4	11376
2704	-2	4	11380
2705	-2	4	11384
2706	-2	4	11388
2707	-2	4	11392
2708	-2	4	11396
2709	-3	5	11401
2710	-2	4	11405
2711	-2	4	11409
2712	-2	4	11413
2713	-2	4	11417
2714	-2	4	11421
2715	-2	4	11425
2716	-2	4	11429
2717	-2	4	11433
2718	-2	4	11437
2719	-2	4	11441
2720	-2	4	11445
2721	-2	4	11449
2722	-2	4	11453
2723	-4	6	11459
2724	-2	4	11463
2725	-2	4	11467
2726	-2	4	11471
2727	-2	4	11475
2728	-2	4	11479
2729	-2	4	11483
2730	-2	4	11487
2731	-2	4	11491
2732	-2	4	11495
2733	-2	4	11499
2734	-2	4	11503
2735	-2	4	11507
2736	-2	4	11511
2737	-2	4	11515
2738	-2	4	11519
2739	-2	4	11523
2740	-2	4	11527
2741	-2	4	11531
2742	-2	4	11535
2743	-2	4	11539
2744	-2	4	11543
2745	-2	4	11547
2746	-2	4	11551
2747	-2	4	11555
2748	-2	4	11559
2749	-2	4	11563
2750	-2	4	11567
2751	-2	4	11571
2752	-2	4	11575
2753	-2	4	11579
2754	-2	4	11583
2755	-2	4	11587
2756	-2	4	11591
2757	-4	6	11597
2758	-2	4	11601
2759	-2	4	11605
2760	-2	4	11609
2761	-2	4	11613
2762	-2	4	11617
2763	-2	4	11621
2764	-2	4	11625
2765	-2	4	11629
2766	-2	4	11633
2767	-2	4	11637
2768	-2	4	11641
2769	-2	4	11645
2770	-2	4	11649
2771	-2	4	11653
2772	-2	4	11657
2773	-2	4	11661
2774	-2	4	11665
2775	-2	4	11669
2776	-2	4	11673
2777	-2	4	11677
2778	-2	4	11681
2779	-4	6	11687
2780	-2	4	11691
2781	-2	4	11695
2782	-2	4	11699
2783	-2	4	11703
2784	-2	4	11707
2785	-4	6	11713
2786	-2	4	11717
2787	-2	4	11721
2788	-2	4	11725
2789	-2	4	11729
2790	-2	4	11733
2791	-2	4	11737
2792	-2	4	11741
2793	-2	4	11745
2794	-2	4	11749
2795	-3	5	11754
2796	-2	4	11758
2797	-2	4	11762
2798	-2	4	11766
2799	-2	4	11770
2800	-2	4	11774
2801	-2	4	11778
2802	-2	4	11782
2803	-2	4	11786
2804	-4	6	11792
2805	-2	4	11796
2806	-2	4	11800
2807	-2	4	11804
2808	-2	4	11808
2809	-4	6	11814
2810	-2	4	11818
2811	-2	4	11822
2812	-2	4	11826
2813	-2	4	11830
2814	-2	4	11834
2815	-2	4	11838
2816	-2	4	11842
2817	-2	4	11846
2818	-2	4	11850
2819	-2	4	11854
2820	-2	4	11858
2821	-2	4	11862
2822	-4	6	11868
2823	-4	6	11874
2824	-2	4	11878
2825	-2	4	11882
2826	-2	4	11886
2827	-2	4	11890
2828	-2	4	11894
2829	-2	4	11898
2830	-2	4	11902
2831	-2	4	11906
2832	-2	4	11910
2833	-2	4	11914
2834	-2	4	11918
2835	-2	4	11922
2836	-2	4	11926
2837	-4	6	11932
2838	-2	4	11936
2839	-2	4	11940
2840	-2	4	11944
2841	-2	4	11948
2842	-2	4	11952
2843	-4	6	11958
2844	-2	4	11962
2845	-2	4	11966
2846	-2	4	11970
2847	-2	4	11974
2848	-2	4	11978
2849	-2	4	11982
2850	-2	4	11986
2851	-2	4	11990
2852	-2	4	11994
2853	-2	4	11998
2854	-2	4	12002
2855	-2	4	12006
2856	-2	4	12010
2857	-2	4	12014
2858	-2	4	12018
2859	-2	4	12022
2860	-2	4	12026
2861	-2	4	12030
2862	-2	4	12034
2863	-2	4	12038
2864	-2	4	12042
2865	-2	4	12046
2866	-2	4	12050
2867	-2	4	12054
2868	-2	4	12058
2869	-2	4	12062
2870	-6	8	12070
2871	-2	4	12074
2872	-2	4	12078
2873	-2	4	12082
2874	-2	4	12086
2875	-2	4	12090
2876	-2	4	12094
2877	-2	4	12098
2878	-4	6	12104
2879	-2	4	12108
2880	-2	4	12112
2881	-2	4	12116
2882	-2	4	12120
2883	-2	4	12124
2884	-2	4	12128
2885	-2	4	12132
2886	-2	4	12136
2887	-2	4	12140
2888	-2	4	12144
2889	-2	4	12148
2890	-4	6	12154
2891	-2	4	12158
2892	-2	4	12162
2893	-2	4	12166
2894	-2	4	12170
2895	-2	4	12174
2896	-2	4	12178
2897	-2	4	12182
2898	-2	4	12186
2899	-2	4	12190
2900	-4	6	12196
2901	-2	4	12200
2902	-4	6	12206
2903	-2	4	12210
2904	-2	4	12214
2905	-2	4	12218
2906	-2	4	12222
2907	-2	4	12226
2908	-2	4	12230
2909	-2	4	12234
2910	-2	4	12238
2911	-2	4	12242
2912	-2	4	12246
2913	-2	4	12250
2914	-2	4	12254
2915	-2	4	12258
2916	-2	4	12262
2917	-2	4	12266
2918	-2	4	12270
2919	-2	4	12274
2920	-2	4	12278
2921	-2	4	12282
2922	-2	4	12286
2923	-2	4	12290
2924	-2	4	12294
2925	-2	4	12298
2926	-2	4	12302
2927	-2	4	12306
2928	-2	4	12310
2929	-2	4	12314
2930	-2	4	12318
2931	-2	4	12322
2932	-2	4	12326
2933	-2	4	12330
2934	-2	4	12334
2935	-2	4	12338
2936	-2	4	12342
2937	-2	4	12346
2938	-2	4	12350
2939	-2	4	12354
2940	-2	4	12358
2941	-2	4	12362
2942	-2	4	12366
2943	-2	4	12370
2944	-2	4	12374
2945	-2	4	12378
2946	-2	4	12382
2947	-2	4	12386
2948	-2	4	12390
2949	-2	4	12394
2950	-2	4	12398
2951	-2	4	12402
2952	-2	4	12406
2953	-2	4	12410
2954	-2	4	12414
2955	-2	4	12418
2956	-2	4	12422
2957	-2	4	12426
2958	-2	4	12430
2959	-2	4	12434
2960	-2	4	12438
2961	-2	4	12442
2962	-2	4	12446
2963	-2	4	12450
2964	-4	6	12456
2965	-2	4	12460
2966	-2	4	12464
2967	-2	4	12468
2968	-2	4	12472
2969	-2	4	12476
2970	-2	4	12480
2971	-2	4	12484
2972	-4	6	12490
2973	-2	4	12494
2974	-2	4	12498
2975	-4	6	12504
2976	-2	4	12508
2977	-2	4	12512
2978	-2	4	12516
2979	-2	4	12520
2980	-2	4	12524
2981	-2	4	12528
2982	-2	4	12532
2983	-2	4	12536
2984	-2	4	12540
2985	-2	4	12544
2986	-4	6	12550
2987	-2	4	12554
2988	-2	4	12558
2989	-2	4	12562
2990	-2	4	12566
2991	-2	4	12570
2992	-2	4	12574
2993	-2	4	12578
2994	-2	4	12582
2995	-2	4	12586
2996	-2	4	12590
2997	-2	4	12594
2998	-2	4	12598
2999	-2	4	12602
3000	-2	4	12606
3001	-2	4	12610
3002	-2	4	12614
3003	-2	4	12618
3004	-2	4	12622
3005	-2	4	12626
3006	-2	4	12630
3007	-2	4	12634
3008	-2	4	12638
3009	-2	4	12642
3010	-2	4	12646
3011	-2	4	12650
3012	-2	4	12654
3013	-2	4	12658
3014	-2	4	12662
3015	-2	4	12666
3016	-2	4	12670
3017	-2	4	12674
3018	-2	4	12678
3019	-2	4	12682
3020	-2	4	12686
3021	-4	6	12692
3022	-2	4	12696
3023	-2	4	12700
3024	-2	4	12704
3025	-2	4	12708
3026	-2	4	12712
3027	-2	4	12716
3028	-2	4	12720
3029	-2	4	12724
3030	-2	4	12728
3031	-2	4	12732
3032	-2	4	12736
3033	-2	4	12740
3034	-2	4	12744
3035	-2	4	12748
3036	-2	4	12752
3037	-2	4	12756
3038	-2	4	12760
3039	-2	4	12764
3040	-2	4	12768
3041	-2	4	12772
3042	-2	4	12776
3043	-2	4	12780
3044	-2	4	12784
3045	-2	4	12788
3046	-2	4	12792
3047	-2	4	12796
3048	-2	4	12800
3049	-2	4	12804
3050	-4	6	12810
3051	-2	4	12814
3052	-2	4	12818
3053	-2	4	12822
3054	-2	4	12826
3055	-4	6	12832
3056	-2	4	12836
3057	-2	4	12840
3058	-2	4	12844
3059	-2	4	12848
3060	-2	4	12852
3061	-2	4	12856
3062	-2	4	12860
3063	-2	4	12864
3064	-2	4	12868
3065	-2	4	12872
3066	-2	4	12876
3067	-2	4	12880
3068	-2	4	12884
3069	-2	4	12888
3070	-2	4	12892
3071	-2	4	12896
3072	-2	4	12900
3073	-4	6	12906
3074	-2	4	12910
3075	-2	4	12914
3076	-2	4	12918
3077	-2	4	12922
3078	-2	4	12926
3079	-2	4	12930
3080	-2	4	12934
3081	-2	4	12938
3082	-2	4	12942
3083	-2	4	12946
3084	-2	4	12950
3085	-2	4	12954
3086	-2	4	12958
3087	-2	4	12962
3088	-2	4	12966
3089	-2	4	12970
3090	-2	4	12974
3091	-2	4	12978
3092	-4	6	12984
3093	-2	4	12988
3094	-2	4	12992
3095	-2	4	12996
3096	-2	4	13000
3097	-2	4	13004
3098	-2	4	13008
3099	-2	4	13012
3100	-2	4	13016
3101	-2	4	13020
3102	-2	4	13024
3103	-4	6	13030
3104	-2	4	13034
3105	-2	4	13038
3106	-2	4	13042
3107	-2	4	13046
3108	-2	4	13050
3109	-2	4	13054
3110	-2	4	13058
3111	-2	4	13062
3112	-2	4	13066
3113	-2	4	13070
3114	-2	4	13074
3115	-2	4	13078
3116	-2	4	13082
3117	-2	4	13086
3118	-2	4	13090
3119	-2	4	13094
3120	-2	4	13098
3121	-2	4	13102
3122	-2	4	13106
3123	-2	4	13110
3124	-2	4	13114
3125	-4	6	13120
3126	-2	4	13124
3127	-2	4	13128
3128	-2	4	13132
3129	-2	4	13136
3130	-2	4	13140
3131	-2	4	13144
3132	-2	4	13148
3133	-2	4	13152
3134	-2	4	13156
3135	-2	4	13160
3136	-2	4	13164
3137	-2	4	13168
3138	-2	4	13172
3139	-2	4	13176
3140	-2	4	13180
3141	-2	4	13184
3142	-2	4	13188
3143	-2	4	13192
3144	-2	4	13196
3145	-2	4	13200
3146	-2	4	13204
3147	-2	4	13208
3148	-2	4	13212
3149	-2	4	13216
3150	-2	4	13220
3151	-2	4	13224
3152	-2	4	13228
3153	-2	4	13232
3154	-2	4	13236
3155	-2	4	13240
3156	-4	6	13246
3157	-2	4	13250
3158	-2	4	13254
3159	-2	4	13258
3160	-4	6	13264
3161	-2	4	13268
3162	-4	6	13274
3163	-2	4	13278
3164	-2	4	13282
3165	-2	4	13286
3166	-2	4	13290
3167	-2	4	13294
3168	-2	4	13298
3169	-2	4	13302
3170	-2	4	13306
3171	-2	4	13310
3172	-2	4	13314
3173	-2	4	13318
3174	-2	4	13322
3175	-2	4	13326
3176	-2	4	13330
3177	-2	4	13334
3178	-2	4	13338
3179	-2	4	13342
3180	-2	4	13346
3181	-2	4	13350
3182	-2	4	13354
3183	-2	4	13358
3184	-2	4	13362
3185	-2	4	13366
3186	-2	4	13370
3187	-2	4	13374
3188	-2	4	13378
3189	-2	4	13382
3190	-2	4	13386
3191	-2	4	13390
3192	-2	4	13394
3193	-2	4	13398
3194	-2	4	13402
3195	-2	4	13406
3196	-4	6	13412
3197	-2	4	13416
3198	-2	4	13420
3199	-2	4	13424
3200	-2	4	13428
3201	-2	4	13432
3202	-2	4	13436
3203	-2	4	13440
3204	-2	4	13444
3205	-2	4	13448
3206	-2	4	13452
3207	-2	4	13456
3208	-2	4	13460
3209	-2	4	13464
3210	-2	4	13468
3211	-2	4	13472
3212	-2	4	13476
3213	-2	4	13480
3214	-2	4	13484
3215	-2	4	13488
3216	-2	4	13492
3217	-2	4	13496
3218	-2	4	13500
3219	-2	4	13504
3220	-2	4	13508
3221	-2	4	13512
3222	-2	4	13516
3223	-4	6	13522
3224	-2	4	13526
3225	-2	4	13530
3226	-2	4	13534
3227	-2	4	13538
3228	-4	6	13544
3229	-2	4	13548
3230	-2	4	13552
3231	-2	4	13556
3232	-2	4	13560
3233	-2	4	13564
3234	-2	4	13568
3235	-2	4	13572
3236	-2	4	13576
3237	-2	4	13580
3238	-2	4	13584
3239	-2	4	13588
3240	-2	4	13592
3241	-2	4	13596
3242	-2	4	13600
3243	-2	4	13604
3244	-2	4	13608
3245	-4	6	13614
3246	-4	6	13620
3247	-2	4	13624
3248	-2	4	13628
3249	-2	4	13632
3250	-2	4	13636
3251	-2	4	13640
3252	-2	4	13644
3253	-2	4	13648
3254	-2	4	13652
3255	-2	4	13656
3256	-2	4	13660
3257	-2	4	13664
3258	-2	4	13668
3259	-2	4	13672
3260	-2	4	13676
3261	-2	4	13680
3262	-2	4	13684
3263	-2	4	13688
3264	-2	4	13692
3265	-2	4	13696
3266	-4	6	13702
3267	-2	4	13706
3268	-2	4	13710
3269	-2	4	13714
3270	-2	4	13718
3271	-2	4	13722
3272	-4	6	13728
3273	-2	4	13732
3274	-2	4	13736
3275	-2	4	13740
3276	-2	4	13744
3277	-2	4	13748
3278	-2	4	13752
3279	-2	4	13756
3280	-4	6	13762
3281	-2	4	13766
3282	-2	4	13770
3283	-2	4	13774
3284	-2	4	13778
3285	-2	4	13782
3286	-2	4	13786
3287	-2	4	13790
3288	-2	4	13794
3289	-2	4	13798
3290	-2	4	13802
3291	-2	4	13806
3292	-2	4	13810
3293	-2	4	13814
3294	-2	4	13818
3295	-2	4	13822
3296	-2	4	13826
3297	-2	4	13830
3298	-2	4	13834
3299	-4	6	13840
3300	-2	4	13844
3301	-2	4	13848
3302	-2	4	13852
3303	-2	4	13856
3304	-4	6	13862
3305	-2	4	13866
3306	-2	4	13870
3307	-2	4	13874
3308	-2	4	13878
3309	-2	4	13882
3310	-2	4	13886
3311	-2	4	13890
3312	-2	4	13894
3313	-4	6	13900
3314	-2	4	13904
3315	-2	4	13908
3316	-2	4	13912
3317	-2	4	13916
3318	-2	4	13920
3319	-2	4	13924
3320	-2	4	13928
3321	-2	4	13932
3322	-2	4	13936
3323	-4	6	13942
3324	-2	4	13946
3325	-2	4	13950
3326	-2	4	13954
3327	-2	4	13958
3328	-2	4	13962
3329	-2	4	13966
3330	-2	4	13970
3331	-2	4	13974
3332	-2	4	13978
3333	-2	4	13982
3334	-4	6	13988
3335	-2	4	13992
3336	-2	4	13996
3337	-2	4	14000
3338	-2	4	14004
3339	-2	4	14008
3340	-2	4	14012
3341	-2	4	14016
3342	-2	4	14020
3343	-4	6	14026
3344	-2	4	14030
3345	-2	4	14034
3346	-2	4	14038
3347	-2	4	14042
3348	-2	4	14046
3349	-2	4	14050
3350	-2	4	14054
3351	-2	4	14058
3352	-2	4	14062
3353	-2	4	14066
3354	-2	4	14070
3355	-2	4	14074
3356	-2	4	14078
3357	-2	4	14082
3358	-2	4	14086
3359	-2	4	14090
3360	-2	4	14094
3361	-2	4	14098
3362	-2	4	14102
3363	-2	4	14106
3364	-2	4	14110
3365	-2	4	14114
3366	-2	4	14118
3367	-2	4	14122
3368	-2	4	14126
3369	-2	4	14130
3370	-2	4	14134
3371	-2	4	14138
3372	-2	4	14142
3373	-2	4	14146
3374	-2	4	14150
3375	-2	4	14154
3376	-2	4	14158
3377	-2	4	14162
3378	-2	4	14166
3379	-2	4	14170
3380	-2	4	14174
3381	-2	4	14178
3382	-2	4	14182
3383	-2	4	14186
3384	-2	4	14190
3385	-2	4	14194
3386	-2	4	14198
3387	-2	4	14202
3388	-2	4	14206
3389	-2	4	14210
3390	-2	4	14214
3391	-2	4	14218
3392	-2	4	14222
3393	-2	4	14226
3394	-2	4	14230
3395	-2	4	14234
3396	-2	4	14238
3397	-2	4	14242
3398	-2	4	14246
3399	-4	6	14252
3400	-2	4	14256
3401	-2	4	14260
3402	-2	4	14264
3403	-2	4	14268
3404	-2	4	14272
3405	-2	4	14276
3406	-2	4	14280
3407	-2	4	14284
3408	-2	4	14288
3409	-4	6	14294
3410	-2	4	14298
3411	-2	4	14302
3412	-2	4	14306
3413	-2	4	14310
3414	-2	4	14314
3415	-2	4	14318
3416	-2	4	14322
3417	-2	4	14326
3418	-2	4	14330
3419	-4	6	14336
3420	-2	4	14340
3421	-2	4	14344
3422	-2	4	14348
3423	-2	4	14352
3424	-2	4	14356
3425	-2	4	14360
3426	-2	4	14364
3427	-2	4	14368
3428	-2	4	14372
3429	-2	4	14376
3430	-2	4	14380
3431	-4	6	14386
3432	-2	4	14390
3433	-2	4	14394
3434	-2	4	14398
3435	-4	6	14404
3436	-2	4	14408
3437	-2	4	14412
3438	-2	4	14416
3439	-2	4	14420
3440	-2	4	14424
3441	-2	4	14428
3442	-4	6	14434
3443	-4	6	14440
3444	-2	4	14444
3445	-2	4	14448
3446	-2	4	14452
3447	-2	4	14456
3448	-2	4	14460
3449	-2	4	14464
3450	-2	4	14468
3451	-2	4	14472
3452	-2	4	14476
3453	-2	4	14480
3454	-2	4	14484
3455	-2	4	14488
3456	-2	4	14492
3457	-4	6	14498
3458	-2	4	14502
3459	-2	4	14506
3460	-2	4	14510
3461	-2	4	14514
3462	-2	4	14518
3463	-2	4	14522
3464	-2	4	14526
3465	-2	4	14530
3466	-2	4	14534
3467	-2	4	14538
3468	-2	4	14542
3469	-2	4	14546
3470	-2	4	14550
3471	-2	4	14554
3472	-2	4	14558
3473	-2	4	14562
3474	-2	4	14566
3475	-2	4	14570
3476	-2	4	14574
3477	-2	4	14578
3478	-4	6	14584
3479	-2	4	14588
3480	-2	4	14592
3481	-2	4	14596
3482	-2	4	14600
3483	-2	4	14604
3484	-2	4	14608
3485	-2	4	14612
3486	-2	4	14616
3487	-2	4	14620
3488	-2	4	14624
3489	-2	4	14628
3490	-2	4	14632
3491	-2	4	14636
3492	-2	4	14640
3493	-2	4	14644
3494	-4	6	14650
3495	-2	4	14654
3496	-2	4	14658
3497	-2	4	14662
3498	-2	4	14666
3499	-2	4	14670
3500	-2	4	14674
3501	-2	4	14678
3502	-2	4	14682
3503	-2	4	14686
3504	-2	4	14690
3505	-2	4	14694
3506	-2	4	14698
3507	-2	4	14702
3508	-2	4	14706
3509	-2	4	14710
3510	-2	4	14714
3511	-2	4	14718
3512	-2	4	14722
3513	-2	4	14726
3514	-2	4	14730
3515	-2	4	14734
3516	-4	6	14740
3517	-2	4	14744
3518	-2	4	14748
3519	-2	4	14752
3520	-2	4	14756
3521	-2	4	14760
3522	-2	4	14764
3523	-2	4	14768
3524	-2	4	14772
3525	-2	4	14776
3526	-2	4	14780
3527	-2	4	14784
3528	-2	4	14788
3529	-2	4	14792
3530	-2	4	14796
3531	-2	4	14800
3532	-2	4	14804
3533	-2	4	14808
3534	-2	4	14812
3535	-2	4	14816
3536	-2	4	14820
3537	-2	4	14824
3538	-2	4	14828
3539	-2	4	14832
3540	-2	4	14836
3541	-2	4	14840
3542	-2	4	14844
3543	-2	4	14848
3544	-2	4	14852
3545	-2	4	14856
3546	-2	4	14860
3547	-4	6	14866
3548	-2	4	14870
3549	-2	4	14874
3550	-2	4	14878
3551	-2	4	14882
3552	-2	4	14886
3553	-2	4	14890
3554	-2	4	14894
3555	-2	4	14898
3556	-2	4	14902
3557	-2	4	14906
3558	-2	4	14910
3559	-2	4	14914
3560	-2	4	14918
3561	-2	4	14922
3562	-2	4	14926
3563	-2	4	14930
3564	-2	4	14934
3565	-2	4	14938
3566	-2	4	14942
3567	-2	4	14946
3568	-2	4	14950
3569	-2	4	14954
3570	-4	6	14960
3571	-2	4	14964
3572	-2	4	14968
3573	-2	4	14972
3574	-2	4	14976
3575	-2	4	14980
3576	-2	4	14984
3577	-2	4	14988
3578	-2	4	14992
3579	-2	4	14996
3580	-2	4	15000
3581	-2	4	15004
3582	-2	4	15008
3583	-2	4	15012
3584	-2	4	15016
3585	-4	6	15022
3586	-2	4	15026
3587	-2	4	15030
3588	-2	4	15034
3589	-2	4	15038
3590	-2	4	15042
3591	-2	4	15046
3592	-2	4	15050
3593	-2	4	15054
3594	-2	4	15058
3595	-2	4	15062
3596	-2	4	15066
3597	-2	4	15070
3598	-2	4	15074
3599	-2	4	15078
3600	-2	4	15082
3601	-2	4	15086
3602	-2	4	15090
3603	-2	4	15094
3604	-2	4	15098
3605	-2	4	15102
3606	-2	4	15106
3607	-2	4	15110
3608	-2	4	15114
3609	-2	4	15118
3610	-2	4	15122
3611	-2	4	15126
3612	-2	4	15130
3613	-2	4	15134
3614	-2	4	15138
3615	-2	4	15142
3616	-2	4	15146
3617	-2	4	15150
3618	-2	4	15154
3619	-2	4	15158
3620	-2	4	15162
3621	-2	4	15166
3622	-2	4	15170
3623	-2	4	15174
3624	-2	4	15178
3625	-2	4	15182
3626	-4	6	15188
3627	-2	4	15192
3628	-2	4	15196
3629	-2	4	15200
3630	-2	4	15204
3631	-4	6	15210
3632	-2	4	15214
3633	-2	4	15218
3634	-2	4	15222
3635	-2	4	15226
3636	-2	4	15230
3637	-2	4	15234
3638	-2	4	15238
3639	-2	4	15242
3640	-2	4	15246
3641	-2	4	15250
3642	-2	4	15254
3643	-2	4	15258
3644	-2	4	15262
3645	-2	4	15266
3646	-2	4	15270
3647	-2	4	15274
3648	-2	4	15278
3649	-4	6	15284
3650	-2	4	15288
3651	-2	4	15292
3652	-2	4	15296
3653	-2	4	15300
3654	-2	4	15304
3655	-2	4	15308
3656	-2	4	15312
3657	-2	4	15316
3658	-3	5	15321
3659	-2	4	15325
3660	-2	4	15329
3661	-2	4	15333
3662	-2	4	15337
3663	-2	4	15341
3664	-2	4	15345
3665	-2	4	15349
3666	-2	4	15353
3667	-2	4	15357
3668	-2	4	15361
3669	-2	4	15365
3670	-2	4	15369
3671	-2	4	15373
3672	-2	4	15377
3673	-2	4	15381
3674	-4	6	15387
3675	-2	4	15391
3676	-2	4	15395
3677	-2	4	15399
3678	-2	4	15403
3679	-2	4	15407
3680	-2	4	15411
3681	-2	4	15415
3682	-2	4	15419
3683	-2	4	15423
3684	-2	4	15427
3685	-2	4	15431
3686	-2	4	15435
3687	-2	4	15439
3688	-2	4	15443
3689	-2	4	15447
3690	-2	4	15451
3691	-2	4	15455
3692	-2	4	15459
3693	-2	4	15463
3694	-2	4	15467
3695	-2	4	15471
3696	-2	4	15475
3697	-2	4	15479
3698	-2	4	15483
3699	-2	4	15487
3700	-2	4	15491
3701	-2	4	15495
3702	-2	4	15499
3703	-2	4	15503
3704	-2	4	15507
3705	-2	4	15511
3706	-2	4	15515
3707	-2	4	15519
3708	-2	4	15523
3709	-2	4	15527
3710	-2	4	15531
3711	-2	4	15535
3712	-4	6	15541
3713	-2	4	15545
3714	-2	4	15549
3715	-2	4	15553
3716	-2	4	15557
3717	-2	4	15561
3718	-2	4	15565
3719	-2	4	15569
3720	-2	4	15573
3721	-2	4	15577
3722	-2	4	15581
3723	-2	4	15585
3724	-2	4	15589
3725	-2	4	15593
3726	-2	4	15597
3727	-2	4	15601
3728	-2	4	15605
3729	-2	4	15609
3730	-2	4	15613
3731	-2	4	15617
3732	-2	4	15621
3733	-2	4	15625
3734	-2	4	15629
3735	-2	4	15633
3736	-2	4	15637
3737	-2	4	15641
3738	-2	4	15645
3739	-2	4	15649
3740	-2	4	15653
3741	-4	6	15659
3742	-2	4	15663
3743	-2	4	15667
3744	-2	4	15671
3745	-2	4	15675
3746	-2	4	15679
3747	-2	4	15683
3748	-2	4	15687
3749	-2	4	15691
3750	-2	4	15695
3751	-2	4	15699
3752	-2	4	15703
3753	-2	4	15707
3754	-2	4	15711
3755	-2	4	15715
3756	-2	4	15719
3757	-2	4	15723
3758	-2	4	15727
3759	-2	4	15731
3760	-2	4	15735
3761	-2	4	15739
3762	-2	4	15743
3763	-2	4	15747
3764	-2	4	15751
3765	-2	4	15755
3766	-2	4	15759
3767	-2	4	15763
3768	-3	5	15768
3769	-2	4	15772
3770	-2	4	15776
3771	-2	4	15780
3772	-2	4	15784
3773	-2	4	15788
3774	-2	4	15792
3775	-2	4	15796
3776	-2	4	15800
3777	-2	4	15804
3778	-2	4	15808
3779	-2	4	15812
3780	-2	4	15816
3781	-2	4	15820
3782	-2	4	15824
3783	-2	4	15828
3784	-2	4	15832
3785	-2	4	15836
3786	-2	4	15840
3787	-2	4	15844
3788	-2	4	15848
3789	-2	4	15852
3790	-2	4	15856
3791	-2	4	15860
3792	-2	4	15864
3793	-2	4	15868
3794	-2	4	15872
3795	-2	4	15876
3796	-2	4	15880
3797	-2	4	15884
3798	-2	4	15888
3799	-2	4	15892
3800	-2	4	15896
3801	-2	4	15900
3802	-2	4	15904
3803	-2	4	15908
3804	-2	4	15912
3805	-2	4	15916
3806	-2	4	15920
3807	-2	4	15924
3808	-2	4	15928
3809	-2	4	15932
3810	-2	4	15936
3811	-2	4	15940
3812	-2	4	15944
3813	-2	4	15948
3814	-2	4	15952
3815	-4	6	15958
3816	-2	4	15962
3817	-2	4	15966
3818	-2	4	15970
3819	-2	4	15974
3820	-2	4	15978
3821	-2	4	15982
3822	-2	4	15986
3823	-2	4	15990
3824	-2	4	15994
3825	-2	4	15998
3826	-2	4	16002
3827	-2	4	16006
3828	-2	4	16010
3829	-2	4	16014
3830	-2	4	16018
3831	-2	4	16022
3832	-2	4	16026
3833	-2	4	16030
3834	-2	4	16034
3835	-2	4	16038
3836	-2	4	16042
3837	-2	4	16046
3838	-6	8	16054
3839	-2	4	16058
3840	-2	4	16062
3841	-2	4	16066
3842	-2	4	16070
3843	-2	4	16074
3844	-2	4	16078
3845	-2	4	16082
3846	-2	4	16086
3847	-2	4	16090
3848	-2	4	16094
3849	-4	6	16100
3850	-2	4	16104
3851	-2	4	16108
3852	-2	4	16112
3853	-2	4	16116
3854	-4	6	16122
3855	-2	4	16126
3856	-2	4	16130
3857	-2	4	16134
3858	-2	4	16138
3859	-2	4	16142
3860	-2	4	16146
3861	-2	4	16150
3862	-2	4	16154
3863	-2	4	16158
3864	-2	4	16162
3865	-2	4	16166
3866	-2	4	16170
3867	-2	4	16174
3868	-2	4	16178
3869	-2	4	16182
3870	-2	4	16186
3871	-2	4	16190
3872	-2	4	16194
3873	-2	4	16198
3874	-2	4	16202
3875	-2	4	16206
3876	-2	4	16210
3877	-2	4	16214
3878	-4	6	16220
3879	-2	4	16224
3880	-2	4	16228
3881	-2	4	16232
3882	-2	4	16236
3883	-2	4	16240
3884	-4	6	16246
3885	-2	4	16250
3886	-2	4	16254
3887	-2	4	16258
3888	-2	4	16262
3889	-2	4	16266
3890	-2	4	16270
3891	-2	4	16274
3892	-2	4	16278
3893	-2	4	16282
3894	-2	4	16286
3895	-2	4	16290
3896	-2	4	16294
3897	-2	4	16298
3898	-2	4	16302
3899	-2	4	16306
3900	-2	4	16310
3901	-2	4	16314
3902	-2	4	16318
3903	-2	4	16322
3904	-2	4	16326
3905	-2	4	16330
3906	-2	4	16334
3907	-4	6	16340
3908	-2	4	16344
3909	-2	4	16348
3910	-2	4	16352
3911	-2	4	16356
3912	-2	4	16360
3913	-2	4	16364
3914	-2	4	16368
3915	-2	4	16372
3916	-2	4	16376
3917	-2	4	16380
3918	-2	4	16384
3919	-2	4	16388
3920	-2	4	16392
3921	-2	4	16396
3922	-2	4	16400
3923	-2	4	16404
3924	-2	4	16408
3925	-2	4	16412
3926	-2	4	16416
3927	-2	4	16420
3928	-4	6	16426
3929	-2	4	16430
3930	-2	4	16434
3931	-2	4	16438
3932	-2	4	16442
3933	-2	4	16446
3934	-2	4	16450
3935	-2	4	16454
3936	-2	4	16458
3937	-3	5	16463
3938	-2	4	16467
3939	-2	4	16471
3940	-2	4	16475
3941	-2	4	16479
3942	-2	4	16483
3943	-2	4	16487
3944	-2	4	16491
3945	-2	4	16495
3946	-2	4	16499
3947	-2	4	16503
3948	-2	4	16507
3949	-2	4	16511
3950	-2	4	16515
3951	-4	6	16521
3952	-2	4	16525
3953	-2	4	16529
3954	-2	4	16533
3955	-2	4	16537
3956	-2	4	16541
3957	-2	4	16545
3958	-2	4	16549
3959	-2	4	16553
3960	-2	4	16557
3961	-2	4	16561
3962	-2	4	16565
3963	-2	4	16569
3964	-2	4	16573
3965	-2	4	16577
3966	-2	4	16581
3967	-2	4	16585
3968	-4	6	16591
3969	-2	4	16595
3970	-2	4	16599
3971	-2	4	16603
3972	-2	4	16607
3973	-2	4	16611
3974	-2	4	16615
3975	-2	4	16619
3976	-2	4	16623
3977	-2	4	16627
3978	-2	4	16631
3979	-4	6	16637
3980	-2	4	16641
3981	-2	4	16645
3982	-2	4	16649
3983	-2	4	16653
3984	-2	4	16657
3985	-2	4	16661
3986	-4	6	16667
3987	-2	4	16671
3988	-2	4	16675
3989	-2	4	16679
3990	-2	4	16683
3991	-2	4	16687
3992	-2	4	16691
3993	-2	4	16695
3994	-2	4	16699
3995	-2	4	16703
3996	-2	4	16707
3997	-2	4	16711
3998	-2	4	16715
3999	-2	4	16719
4000	-2	4	16723
4001	-2	4	16727
4002	-2	4	16731
4003	-2	4	16735
4004	-2	4	16739
4005	-2	4	16743
4006	-2	4	16747
4007	-2	4	16751
4008	-2	4	16755
4009	-2	4	16759
4010	-2	4	16763
4011	-2	4	16767
4012	-4	6	16773
4013	-2	4	16777
4014	-2	4	16781
4015	-2	4	16785
4016	-2	4	16789
4017	-2	4	16793
4018	-2	4	16797
4019	-2	4	16801
4020	-2	4	16805
4021	-2	4	16809
4022	-2	4	16813
4023	-2	4	16817
4024	-4	6	16823
4025	-2	4	16827
4026	-2	4	16831
4027	-2	4	16835
4028	-2	4	16839
4029	-2	4	16843
4030	-2	4	16847
4031	-2	4	16851
4032	-2	4	16855
4033	-2	4	16859
4034	-2	4	16863
4035	-2	4	16867
4036	-5	7	16874
4037	-4	6	16880
4038	-2	4	16884
4039	-2	4	16888
4040	-2	4	16892
4041	-2	4	16896
4042	-2	4	16900
4043	-2	4	16904
4044	-2	4	16908
4045	-2	4	16912
4046	-2	4	16916
4047	-2	4	16920
4048	-2	4	16924
4049	-2	4	16928
4050	-2	4	16932
4051	-2	4	16936
4052	-2	4	16940
4053	-2	4	16944
4054	-2	4	16948
4055	-2	4	16952
4056	-2	4	16956
4057	-2	4	16960
4058	-2	4	16964
4059	-2	4	16968
4060	-2	4	16972
4061	-2	4	16976
4062	-2	4	16980
4063	-2	4	16984
4064	-2	4	16988
4065	-2	4	16992
4066	-2	4	16996
4067	-2	4	17000
4068	-2	4	17004
4069	-2	4	17008
4070	-2	4	17012
4071	-2	4	17016
4072	-2	4	17020
4073	-2	4	17024
4074	-2	4	17028
4075	-2	4	17032
4076	-2	4	17036
4077	-2	4	17040
4078	-2	4	17044
4079	-2	4	17048
4080	-2	4	17052
4081	-2	4	17056
4082	-2	4	17060
4083	-2	4	17064
4084	-2	4	17068
4085	-2	4	17072
4086	-2	4	17076
4087	-2	4	17080
4088	-2	4	17084
4089	-4	6	17090
4090	-2	4	17094
4091	-2	4	17098
4092	-2	4	17102
4093	-2	4	17106
4094	-2	4	17110
4095	-2	4	17114
4096	-2	4	17118
4097	-2	4	17122
4098	-2	4	17126
4099	-2	4	17130
4100	-2	4	17134
4101	-2	4	17138
4102	-2	4	17142
4103	-2	4	17146
4104	-2	4	17150
4105	-2	4	17154
4106	-2	4	17158
4107	-2	4	17162
4108	-2	4	17166
4109	-2	4	17170
4110	-2	4	17174
4111	-4	6	17180
4112	-2	4	17184
4113	-4	6	17190
4114	-2	4	17194
4115	-2	4	17198
4116	-2	4	17202
4117	-3	5	17207
4118	-2	4	17211
4119	-4	6	17217
4120	-2	4	17221
4121	-2	4	17225
4122	-2	4	17229
4123	-4	6	17235
4124	-2	4	17239
4125	-2	4	17243
4126	-2	4	17247
4127	-2	4	17251
4128	-2	4	17255
4129	-2	4	17259
4130	-2	4	17263
4131	-2	4	17267
4132	-2	4	17271
4133	-2	4	17275
4134	-2	4	17279
4135	-2	4	17283
4136	-4	6	17289
4137	-3	5	17294
4138	-2	4	17298
4139	-2	4	17302
4140	-2	4	17306
4141	-2	4	17310
4142	-2	4	17314
4143	-2	4	17318
4144	-2	4	17322
4145	-2	4	17326
4146	-2	4	17330
4147	-2	4	17334
4148	-2	4	17338
4149	-2	4	17342
4150	-2	4	17346
4151	-2	4	17350
4152	-2	4	17354
4153	-2	4	17358
4154	-2	4	17362
4155	-2	4	17366
4156	-3	5	17371
4157	-2	4	17375
4158	-2	4	17379
4159	-2	4	17383
4160	-2	4	17387
4161	-2	4	17391
4162	-2	4	17395
4163	-2	4	17399
4164	-2	4	17403
4165	-2	4	17407
4166	-2	4	17411
4167	-2	4	17415
4168	-2	4	17419
4169	-2	4	17423
4170	-2	4	17427
4171	-2	4	17431
4172	-2	4	17435
4173	-4	6	17441
4174	-2	4	17445
4175	-2	4	17449
4176	-2	4	17453
4177	-2	4	17457
4178	-2	4	17461
4179	-2	4	17465
4180	-2	4	17469
4181	-2	4	17473
4182	-2	4	17477
4183	-2	4	17481
4184	-2	4	17485
4185	-2	4	17489
4186	-2	4	17493
4187	-2	4	17497
4188	-2	4	17501
4189	-2	4	17505
4190	-2	4	17509
4191	-2	4	17513
4192	-2	4	17517
4193	-2	4	17521
4194	-2	4	17525
4195	-2	4	17529
4196	-2	4	17533
4197	-2	4	17537
4198	-2	4	17541
4199	-2	4	17545
4200	-2	4	17549
4201	-4	6	17555
4202	-4	6	17561
4203	-2	4	17565
4204	-2	4	17569
4205	-2	4	17573
4206	-2	4	17577
4207	-2	4	17581
4208	-2	4	17585
4209	-2	4	17589
4210	-2	4	17593
4211	-2	4	17597
4212	-2	4	17601
4213	-2	4	17605
4214	-2	4	17609
4215	-3	5	17614
4216	-2	4	17618
4217	-2	4	17622
4218	-2	4	17626
4219	-2	4	17630
4220	-2	4	17634
4221	-2	4	17638
4222	-2	4	17642
4223	-2	4	17646
4224	-2	4	17650
4225	-2	4	17654
4226	-2	4	17658
4227	-2	4	17662
4228	-2	4	17666
4229	-2	4	17670
4230	-2	4	17674
4231	-4	6	17680
4232	-2	4	17684
4233	-2	4	17688
4234	-2	4	17692
4235	-2	4	17696
4236	-2	4	17700
4237	-4	6	17706
4238	-2	4	17710
4239	-2	4	17714
4240	-2	4	17718
4241	-2	4	17722
4242	-2	4	17726
4243	-2	4	17730
4244	-2	4	17734
4245	-2	4	17738
4246	-2	4	17742
4247	-2	4	17746
4248	-2	4	17750
4249	-2	4	17754
4250	-2	4	17758
4251	-2	4	17762
4252	-2	4	17766
4253	-2	4	17770
4254	-2	4	17774
4255	-2	4	17778
4256	-2	4	17782
4257	-2	4	17786
4258	-2	4	17790
4259	-2	4	17794
4260	-2	4	17798
4261	-2	4	17802
4262	-2	4	17806
4263	-2	4	17810
4264	-2	4	17814
4265	-2	4	17818
4266	-2	4	17822
4267	-2	4	17826
4268	-4	6	17832
4269	-2	4	17836
4270	-2	4	17840
4271	-2	4	17844
4272	-2	4	17848
4273	-2	4	17852
4274	-2	4	17856
4275	-2	4	17860
4276	-2	4	17864
4277	-2	4	17868
4278	-2	4	17872
4279	-2	4	17876
4280	-2	4	17880
4281	-2	4	17884
4282	-3	5	17889
4283	-2	4	17893
4284	-2	4	17897
4285	-2	4	17901
4286	-2	4	17905
4287	-2	4	17909
4288	-2	4	17913
4289	-2	4	17917
4290	-4	6	17923
4291	-2	4	17927
4292	-2	4	17931
4293	-2	4	17935
4294	-4	6	17941
4295	-2	4	17945
4296	-2	4	17949
4297	-2	4	17953
4298	-2	4	17957
4299	-4	6	17963
4300	-4	6	17969
4301	-2	4	17973
4302	-2	4	17977
4303	-2	4	17981
4304	-2	4	17985
4305	-2	4	17989
4306	-2	4	17993
4307	-2	4	17997
4308	-2	4	18001
4309	-2	4	18005
4310	-2	4	18009
4311	-2	4	18013
4312	-2	4	18017
4313	-2	4	18021
4314	-2	4	18025
4315	-2	4	18029
4316	-2	4	18033
4317	-2	4	18037
4318	-2	4	18041
4319	-2	4	18045
4320	-2	4	18049
4321	-2	4	18053
4322	-2	4	18057
4323	-2	4	18061
4324	-2	4	18065
4325	-2	4	18069
4326	-2	4	18073
4327	-2	4	18077
4328	-2	4	18081
4329	-2	4	18085
4330	-2	4	18089
4331	-2	4	18093
4332	-2	4	18097
4333	-2	4	18101
4334	-2	4	18105
4335	-2	4	18109
4336	-2	4	18113
4337	-2	4	18117
4338	-2	4	18121
4339	-2	4	18125
4340	-2	4	18129
4341	-2	4	18133
4342	-2	4	18137
4343	-2	4	18141
4344	-2	4	18145
4345	-2	4	18149
4346	-2	4	18153
4347	-2	4	18157
4348	-2	4	18161
4349	-2	4	18165
4350	-2	4	18169
4351	-2	4	18173
4352	-2	4	18177
4353	-2	4	18181
4354	-2	4	18185
4355	-2	4	18189
4356	-2	4	18193
4357	-2	4	18197
4358	-2	4	18201
4359	-2	4	18205
4360	-2	4	18209
4361	-2	4	18213
4362	-2	4	18217
4363	-2	4	18221
4364	-2	4	18225
4365	-2	4	18229
4366	-2	4	18233
4367	-4	6	18239
4368	-2	4	18243
4369	-2	4	18247
4370	-2	4	18251
4371	-2	4	18255
4372	-2	4	18259
4373	-2	4	18263
4374	-2	4	18267
4375	-2	4	18271
4376	-2	4	18275
4377	-4	6	18281
4378	-2	4	18285
4379	-2	4	18289
4380	-2	4	18293
4381	-2	4	18297
4382	-2	4	18301
4383	-2	4	18305
4384	-2	4	18309
4385	-2	4	18313
4386	-2	4	18317
4387	-2	4	18321
4388	-2	4	18325
4389	-2	4	18329
4390	-2	4	18333
4391	-2	4	18337
4392	-2	4	18341
4393	-2	4	18345
4394	-2	4	18349
4395	-2	4	18353
4396	-2	4	18357
4397	-4	6	18363
4398	-2	4	18367
4399	-2	4	18371
4400	-2	4	18375
4401	-2	4	18379
4402	-2	4	18383
4403	-2	4	18387
4404	-2	4	18391
4405	-2	4	18395
4406	-2	4	18399
4407	-2	4	18403
4408	-2	4	18407
4409	-2	4	18411
4410	-2	4	18415
4411	-2	4	18419
4412	-2	4	18423
4413	-2	4	18427
4414	-2	4	18431
4415	-2	4	18435
4416	-2	4	18439
4417	-2	4	18443
4418	-2	4	18447
4419	-2	4	18451
4420	-2	4	18455
4421	-2	4	18459
4422	-2	4	18463
4423	-2	4	18467
4424	-2	4	18471
4425	-2	4	18475
4426	-2	4	18479
4427	-2	4	18483
4428	-2	4	18487
4429	-2	4	18491
4430	-2	4	18495
4431	-2	4	18499
4432	-2	4	18503
4433	-2	4	18507
4434	-2	4	18511
4435	-2	4	18515
4436	-2	4	18519
4437	-2	4	18523
4438	-2	4	18527
4439	-2	4	18531
4440	-2	4	18535
4441	-2	4	18539
4442	-2	4	18543
4443	-2	4	18547
4444	-2	4	18551
4445	-2	4	18555
4446	-2	4	18559
4447	-4	6	18565
4448	-2	4	18569
4449	-2	4	18573
4450	-2	4	18577
4451	-2	4	18581
4452	-2	4	18585
4453	-2	4	18589
4454	-2	4	18593
4455	-2	4	18597
4456	-4	6	18603
4457	-2	4	18607
4458	-2	4	18611
4459	-2	4	18615
4460	-2	4	18619
4461	-2	4	18623
4462	-2	4	18627
4463	-2	4	18631
4464	-2	4	18635
4465	-2	4	18639
4466	-2	4	18643
4467	-2	4	18647
4468	-2	4	18651
4469	-4	6	18657
4470	-2	4	18661
4471	-2	4	18665
4472	-2	4	18669
4473	-2	4	18673
4474	-2	4	18677
4475	-2	4	18681
4476	-2	4	18685
4477	-2	4	18689
4478	-2	4	18693
4479	-2	4	18697
4480	-2	4	18701
4481	-2	4	18705
4482	-2	4	18709
4483	-2	4	18713
4484	-2	4	18717
4485	-2	4	18721
4486	-2	4	18725
4487	-2	4	18729
4488	-2	4	18733
4489	-2	4	18737
4490	-2	4	18741
4491	-2	4	18745
4492	-2	4	18749
4493	-2	4	18753
4494	-2	4	18757
4495	-2	4	18761
4496	-2	4	18765
4497	-2	4	18769
4498	-2	4	18773
4499	-2	4	18777
4500	-2	4	18781
4501	-2	4	18785
4502	-2	4	18789
4503	-2	4	18793
4504	-2	4	18797
4505	-2	4	18801
4506	-2	4	18805
4507	-2	4	18809
4508	-2	4	18813
4509	-2	4	18817
4510	-2	4	18821
4511	-2	4	18825
4512	-2	4	18829
4513	-2	4	18833
4514	-2	4	18837
4515	-2	4	18841
4516	-2	4	18845
4517	-2	4	18849
4518	-2	4	18853
4519	-5	7	18860
4520	-2	4	18864
4521	-2	4	18868
4522	-2	4	18872
4523	-2	4	18876
4524	-2	4	18880
4525	-2	4	18884
4526	-2	4	18888
4527	-2	4	18892
4528	-2	4	18896
4529	-2	4	18900
4530	-2	4	18904
4531	-4	6	18910
4532	-2	4	18914
4533	-2	4	18918
4534	-2	4	18922
4535	-2	4	18926
4536	-4	6	18932
4537	-2	4	18936
4538	-2	4	18940
4539	-2	4	18944
4540	-2	4	18948
4541	-2	4	18952
4542	-2	4	18956
4543	-2	4	18960
4544	-2	4	18964
4545	-2	4	18968
4546	-2	4	18972
4547	-2	4	18976
4548	-2	4	18980
4549	-2	4	18984
4550	-2	4	18988
4551	-2	4	18992
4552	-2	4	18996
4553	-2	4	19000
4554	-2	4	19004
4555	-2	4	19008
4556	-2	4	19012
4557	-2	4	19016
4558	-2	4	19020
4559	-2	4	19024
4560	-2	4	19028
4561	-2	4	19032
4562	-2	4	19036
4563	-2	4	19040
4564	-2	4	19044
4565	-2	4	19048
4566	-2	4	19052
4567	-2	4	19056
4568	-2	4	19060
4569	-3	5	19065
4570	-2	4	19069
4571	-2	4	19073
4572	-2	4	19077
4573	-2	4	19081
4574	-2	4	19085
4575	-2	4	19089
4576	-2	4	19093
4577	-2	4	19097
4578	-2	4	19101
4579	-2	4	19105
4580	-2	4	19109
4581	-2	4	19113
4582	-2	4	19117
4583	-4	6	19123
4584	-2	4	19127
4585	-2	4	19131
4586	-2	4	19135
4587	-2	4	19139
4588	-2	4	19143
4589	-2	4	19147
4590	-2	4	19151
4591	-2	4	19155
4592	-2	4	19159
4593	-2	4	19163
4594	-2	4	19167
4595	-2	4	19171
4596	-2	4	19175
4597	-2	4	19179
4598	-2	4	19183
4599	-2	4	19187
4600	-2	4	19191
4601	-2	4	19195
4602	-2	4	19199
4603	-2	4	19203
4604	-2	4	19207
4605	-2	4	19211
4606	-2	4	19215
4607	-2	4	19219
4608	-2	4	19223
4609	-2	4	19227
4610	-2	4	19231
4611	-2	4	19235
4612	-2	4	19239
4613	-2	4	19243
4614	-2	4	19247
4615	-2	4	19251
4616	-2	4	19255
4617	-2	4	19259
4618	-2	4	19263
4619	-2	4	19267
4620	-2	4	19271
4621	-2	4	19275
4622	-2	4	19279
4623	-2	4	19283
4624	-2	4	19287
4625	-2	4	19291
4626	-2	4	19295
4627	-2	4	19299
4628	-2	4	19303
4629	-4	6	19309
4630	-2	4	19313
4631	-2	4	19317
4632	-2	4	19321
4633	-2	4	19325
4634	-2	4	19329
4635	-2	4	19333
4636	-2	4	19337
4637	-2	4	19341
4638	-2	4	19345
4639	-2	4	19349
4640	-2	4	19353
4641	-2	4	19357
4642	-2	4	19361
4643	-2	4	19365
4644	-2	4	19369
4645	-2	4	19373
4646	-2	4	19377
4647	-2	4	19381
4648	-2	4	19385
4649	-2	4	19389
4650	-2	4	19393
4651	-4	6	19399
4652	-2	4	19403
4653	-2	4	19407
4654	-2	4	19411
4655	-2	4	19415
4656	-2	4	19419
4657	-2	4	19423
4658	-2	4	19427
4659	-2	4	19431
4660	-2	4	19435
4661	-2	4	19439
4662	-2	4	19443
4663	-2	4	19447
4664	-2	4	19451
4665	-2	4	19455
4666	-2	4	19459
4667	-2	4	19463
4668	-2	4	19467
4669	-2	4	19471
4670	-2	4	19475
4671	-2	4	19479
4672	-2	4	19483
4673	-2	4	19487
4674	-2	4	19491
4675	-2	4	19495
4676	-2	4	19499
4677	-2	4	19503
4678	-2	4	19507
4679	-2	4	19511
4680	-2	4	19515
4681	-2	4	19519
4682	-2	4	19523
4683	-2	4	19527
4684	-2	4	19531
4685	-2	4	19535
4686	-3	5	19540
4687	-2	4	19544
4688	-2	4	19548
4689	-2	4	19552
4690	-2	4	19556
4691	-2	4	19560
4692	-2	4	19564
4693	-2	4	19568
4694	-2	4	19572
4695	-4	6	19578
4696	-2	4	19582
4697	-2	4	19586
4698	-2	4	19590
4699	-2	4	19594
4700	-2	4	19598
4701	-2	4	19602
4702	-2	4	19606
4703	-2	4	19610
4704	-2	4	19614
4705	-2	4	19618
4706	-2	4	19622
4707	-2	4	19626
4708	-2	4	19630
4709	-2	4	19634
4710	-2	4	19638
4711	-2	4	19642
4712	-2	4	19646
4713	-2	4	19650
4714	-2	4	19654
4715	-2	4	19658
4716	-2	4	19662
4717	-2	4	19666
4718	-2	4	19670
4719	-2	4	19674
4720	-2	4	19678
4721	-2	4	19682
4722	-2	4	19686
4723	-2	4	19690
4724	-2	4	19694
4725	-2	4	19698
4726	-2	4	19702
4727	-2	4	19706
4728	-2	4	19710
4729	-2	4	19714
4730	-2	4	19718
4731	-2	4	19722
4732	-2	4	19726
4733	-2	4	19730
4734	-2	4	19734
4735	-2	4	19738
4736	-2	4	19742
4737	-2	4	19746
4738	-2	4	19750
4739	-2	4	19754
4740	-2	4	19758
4741	-2	4	19762
4742	-2	4	19766
4743	-2	4	19770
4744	-2	4	19774
4745	-2	4	19778
4746	-2	4	19782
4747	-2	4	19786
4748	-2	4	19790
4749	-4	6	19796
4750	-2	4	19800
4751	-2	4	19804
4752	-2	4	19808
4753	-2	4	19812
4754	-2	4	19816
4755	-2	4	19820
4756	-2	4	19824
4757	-2	4	19828
4758	-2	4	19832
4759	-2	4	19836
4760	-2	4	19840
4761	-2	4	19844
4762	-2	4	19848
4763	-2	4	19852
4764	-2	4	19856
4765	-2	4	19860
4766	-2	4	19864
4767	-2	4	19868
4768	-2	4	19872
4769	-2	4	19876
4770	-2	4	19880
4771	-2	4	19884
4772	-2	4	19888
4773	-2	4	19892
4774	-2	4	19896
4775	-2	4	19900
4776	-2	4	19904
4777	-2	4	19908
4778	-2	4	19912
4779	-2	4	19916
4780	-2	4	19920
4781	-2	4	19924
4782	-2	4	19928
4783	-2	4	19932
4784	-2	4	19936
4785	-2	4	19940
4786	-2	4	19944
4787	-2	4	19948
4788	-2	4	19952
4789	-2	4	19956
4790	-2	4	19960
4791	-2	4	19964
4792	-2	4	19968
4793	-2	4	19972
4794	-2	4	19976
4795	-2	4	19980
4796	-2	4	19984
4797	-2	4	19988
4798	-2	4	19992
4799	-2	4	19996
4800	-2	4	20000
4801	-2	4	20004
4802	-2	4	20008
4803	-2	4	20012
4804	-2	4	20016
4805	-2	4	20020
4806	-2	4	20024
4807	-2	4	20028
4808	-2	4	20032
4809	-2	4	20036
4810	-2	4	20040
4811	-2	4	20044
4812	-4	6	20050
4813	-2	4	20054
4814	-2	4	20058
4815	-2	4	20062
4816	-2	4	20066
4817	-2	4	20070
4818	-2	4	20074
4819	-2	4	20078
4820	-2	4	20082
4821	-2	4	20086
4822	-2	4	20090
4823	-2	4	20094
4824	-2	4	20098
4825	-2	4	20102
4826	-2	4	20106
4827	-2	4	20110
4828	-2	4	20114
4829	-2	4	20118
4830	-2	4	20122
4831	-2	4	20126
4832	-2	4	20130
4833	-2	4	20134
4834	-2	4	20138
4835	-2	4	20142
4836	-2	4	20146
4837	-4	6	20152
4838	-2	4	20156
4839	-2	4	20160
4840	-2	4	20164
4841	-2	4	20168
4842	-2	4	20172
4843	-4	6	20178
4844	-2	4	20182
4845	-2	4	20186
4846	-4	6	20192
4847	-2	4	20196
4848	-2	4	20200
4849	-2	4	20204
4850	-2	4	20208
4851	-2	4	20212
4852	-2	4	20216
4853	-2	4	20220
4854	-2	4	20224
4855	-2	4	20228
4856	-2	4	20232
4857	-2	4	20236
4858	-2	4	20240
4859	-2	4	20244
4860	-2	4	20248
4861	-2	4	20252
4862	-2	4	20256
4863	-2	4	20260
4864	-4	6	20266
4865	-2	4	20270
4866	-2	4	20274
4867	-2	4	20278
4868	-2	4	20282
4869	-2	4	20286
4870	-4	6	20292
4871	-2	4	20296
4872	-2	4	20300
4873	-2	4	20304
4874	-2	4	20308
4875	-2	4	20312
4876	-2	4	20316
4877	-2	4	20320
4878	-2	4	20324
4879	-2	4	20328
4880	-2	4	20332
4881	-2	4	20336
4882	-2	4	20340
4883	-2	4	20344
4884	-2	4	20348
4885	-2	4	20352
4886	-2	4	20356
4887	-2	4	20360
4888	-2	4	20364
4889	-2	4	20368
4890	-2	4	20372
4891	-2	4	20376
4892	-2	4	20380
4893	-2	4	20384
4894	-2	4	20388
4895	-2	4	20392
4896	-2	4	20396
4897	-2	4	20400
4898	-2	4	20404
4899	-2	4	20408
4900	-2	4	20412
4901	-2	4	20416
4902	-2	4	20420
4903	-2	4	20424
4904	-2	4	20428
4905	-2	4	20432
4906	-2	4	20436
4907	-2	4	20440
4908	-2	4	20444
4909	-2	4	20448
4910	-2	4	20452
4911	-2	4	20456
4912	-2	4	20460
4913	-2	4	20464
4914	-2	4	20468
4915	-2	4	20472
4916	-2	4	20476
4917	-2	4	20480
4918	-2	4	20484
4919	-2	4	20488
4920	-2	4	20492
4921	-2	4	20496
4922	-2	4	20500
4923	-2	4	20504
4924	-2	4	20508
4925	-3	5	20513
4926	-2	4	20517
4927	-2	4	20521
4928	-2	4	20525
4929	-4	6	20531
4930	-2	4	20535
4931	-2	4	20539
4932	-2	4	20543
4933	-2	4	20547
4934	-4	6	20553
4935	-2	4	20557
4936	-2	4	20561
4937	-2	4	20565
4938	-2	4	20569
4939	-2	4	20573
4940	-2	4	20577
4941	-2	4	20581
4942	-2	4	20585
4943	-4	6	20591
4944	-2	4	20595
4945	-2	4	20599
4946	-2	4	20603
4947	-2	4	20607
4948	-2	4	20611
4949	-2	4	20615
4950	-2	4	20619
4951	-2	4	20623
4952	-2	4	20627
4953	-2	4	20631
4954	-2	4	20635
4955	-2	4	20639
4956	-2	4	20643
4957	-2	4	20647
4958	-2	4	20651
4959	-4	6	20657
4960	-2	4	20661
4961	-2	4	20665
4962	-2	4	20669
4963	-2	4	20673
4964	-2	4	20677
4965	-2	4	20681
4966	-2	4	20685
4967	-2	4	20689
4968	-2	4	20693
4969	-2	4	20697
4970	-2	4	20701
4971	-2	4	20705
4972	-2	4	20709
4973	-2	4	20713
4974	-2	4	20717
4975	-2	4	20721
4976	-2	4	20725
4977	-2	4	20729
4978	-2	4	20733
4979	-2	4	20737
4980	-2	4	20741
4981	-2	4	20745
4982	-2	4	20749
4983	-2	4	20753
4984	-2	4	20757
4985	-4	6	20763
4986	-2	4	20767
4987	-2	4	20771
4988	-4	6	20777
4989	-2	4	20781
4990	-2	4	20785
4991	-2	4	20789
4992	-2	4	20793
4993	-2	4	20797
4994	-2	4	20801
4995	-2	4	20805
4996	-4	6	20811
4997	-2	4	20815
4998	-2	4	20819
4999	-2	4	20823
5000	-2	4	20827
5001	-2	4	20831
5002	-2	4	20835
5003	-2	4	20839
5004	-4	6	20845
5005	-2	4	20849
5006	-4	6	20855
5007	-2	4	20859
5008	-2	4	20863
5009	-2	4	20867
5010	-2	4	20871
5011	-2	4	20875
5012	-2	4	20879
5013	-2	4	20883
5014	-2	4	20887
5015	-2	4	20891
5016	-2	4	20895
5017	-2	4	20899
5018	-2	4	20903
5019	-2	4	20907
5020	-2	4	20911
5021	-2	4	20915
5022	-2	4	20919
5023	-2	4	20923
5024	-2	4	20927
5025	-2	4	20931
5026	-2	4	20935
5027	-2	4	20939
5028	-2	4	20943
5029	-3	5	20948
5030	-2	4	20952
5031	-2	4	20956
5032	-2	4	20960
5033	-2	4	20964
5034	-2	4	20968
5035	-2	4	20972
5036	-2	4	20976
5037	-2	4	20980
5038	-2	4	20984
5039	-2	4	20988
5040	-2	4	20992
5041	-2	4	20996
5042	-2	4	21000
5043	-2	4	21004
5044	-2	4	21008
5045	-2	4	21012
5046	-2	4	21016
5047	-2	4	21020
5048	-2	4	21024
5049	-2	4	21028
5050	-2	4	21032
5051	-2	4	21036
5052	-2	4	21040
5053	-2	4	21044
5054	-2	4	21048
5055	-2	4	21052
5056	-2	4	21056
5057	-2	4	21060
5058	-2	4	21064
5059	-2	4	21068
5060	-2	4	21072
5061	-2	4	21076
5062	-2	4	21080
5063	-2	4	21084
5064	-2	4	21088
5065	-2	4	21092
5066	-2	4	21096
5067	-2	4	21100
5068	-2	4	21104
5069	-2	4	21108
5070	-2	4	21112
5071	-2	4	21116
5072	-2	4	21120
5073	-2	4	21124
5074	-2	4	21128
5075	-2	4	21132
5076	-2	4	21136
5077	-2	4	21140
5078	-2	4	21144
5079	-2	4	21148
5080	-2	4	21152
5081	-2	4	21156
5082	-2	4	21160
5083	-2	4	21164
5084	-2	4	21168
5085	-2	4	21172
5086	-2	4	21176
5087	-2	4	21180
5088	-2	4	21184
5089	-2	4	21188
5090	-2	4	21192
5091	-2	4	21196
5092	-2	4	21200
5093	-2	4	21204
5094	-2	4	21208
5095	-2	4	21212
5096	-2	4	21216
5097	-2	4	21220
5098	-3	5	21225
5099	-2	4	21229
5100	-2	4	21233
5101	-2	4	21237
5102	-2	4	21241
5103	-2	4	21245
5104	-2	4	21249
5105	-2	4	21253
5106	-2	4	21257
5107	-4	6	21263
5108	-2	4	21267
5109	-2	4	21271
5110	-2	4	21275
5111	-2	4	21279
5112	-2	4	21283
5113	-2	4	21287
5114	-2	4	21291
5115	-2	4	21295
5116	-2	4	21299
5117	-2	4	21303
5118	-2	4	21307
5119	-2	4	21311
5120	-2	4	21315
5121	-2	4	21319
5122	-2	4	21323
5123	-2	4	21327
5124	-2	4	21331
5125	-2	4	21335
5126	-2	4	21339
5127	-2	4	21343
5128	-2	4	21347
5129	-2	4	21351
5130	-2	4	21355
5131	-2	4	21359
5132	-5	7	21366
5133	-2	4	21370
5134	-2	4	21374
5135	-2	4	21378
5136	-2	4	21382
5137	-2	4	21386
5138	-4	6	21392
5139	-2	4	21396
5140	-2	4	21400
5141	-4	6	21406
5142	-2	4	21410
5143	-2	4	21414
5144	-2	4	21418
5145	-2	4	21422
5146	-2	4	21426
5147	-2	4	21430
5148	-2	4	21434
5149	-2	4	21438
5150	-2	4	21442
5151	-2	4	21446
5152	-2	4	21450
5153	-2	4	21454
5154	-2	4	21458
5155	-2	4	21462
5156	-2	4	21466
5157	-2	4	21470
5158	-2	4	21474
5159	-2	4	21478
5160	-2	4	21482
5161	-2	4	21486
5162	-2	4	21490
5163	-4	6	21496
5164	-2	4	21500
5165	-2	4	21504
5166	-2	4	21508
5167	-2	4	21512
5168	-2	4	21516
5169	-2	4	21520
5170	-2	4	21524
5171	-2	4	21528
5172	-2	4	21532
5173	-2	4	21536
5174	-2	4	21540
5175	-2	4	21544
5176	-2	4	21548
5177	-2	4	21552
5178	-2	4	21556
5179	-2	4	21560
5180	-2	4	21564
5181	-2	4	21568
5182	-2	4	21572
5183	-2	4	21576
5184	-2	4	21580
5185	-2	4	21584
5186	-2	4	21588
5187	-2	4	21592
5188	-2	4	21596
5189	-2	4	21600
5190	-2	4	21604
5191	-2	4	21608
5192	-2	4	21612
5193	-2	4	21616
5194	-2	4	21620
5195	-2	4	21624
5196	-2	4	21628
5197	-2	4	21632
5198	-2	4	21636
5199	-2	4	21640
5200	-2	4	21644
5201	-2	4	21648
5202	-2	4	21652
5203	-2	4	21656
5204	-2	4	21660
5205	-4	6	21666
5206	-2	4	21670
5207	-2	4	21674
5208	-2	4	21678
5209	-2	4	21682
5210	-2	4	21686
5211	-2	4	21690
5212	-2	4	21694
5213	-2	4	21698
5214	-2	4	21702
5215	-2	4	21706
5216	-2	4	21710
5217	-2	4	21714
5218	-2	4	21718
5219	-2	4	21722
5220	-2	4	21726
5221	-2	4	21730
5222	-2	4	21734
5223	-2	4	21738
5224	-2	4	21742
5225	-2	4	21746
5226	-2	4	21750
5227	-2	4	21754
5228	-2	4	21758
5229	-2	4	21762
5230	-2	4	21766
5231	-2	4	21770
5232	-2	4	21774
5233	-2	4	21778
5234	-2	4	21782
5235	-2	4	21786
5236	-2	4	21790
5237	-2	4	21794
5238	-2	4	21798
5239	-2	4	21802
5240	-2	4	21806
5241	-4	6	21812
5242	-2	4	21816
5243	-2	4	21820
5244	-2	4	21824
5245	-2	4	21828
5246	-2	4	21832
5247	-2	4	21836
5248	-2	4	21840
5249	-2	4	21844
5250	-2	4	21848
5251	-2	4	21852
5252	-4	6	21858
5253	-2	4	21862
5254	-2	4	21866
5255	-2	4	21870
5256	-2	4	21874
5257	-2	4	21878
5258	-2	4	21882
5259	-2	4	21886
5260	-2	4	21890
5261	-2	4	21894
5262	-2	4	21898
5263	-4	6	21904
5264	-2	4	21908
5265	-2	4	21912
5266	-2	4	21916
5267	-2	4	21920
5268	-2	4	21924
5269	-2	4	21928
5270	-2	4	21932
5271	-2	4	21936
5272	-2	4	21940
5273	-2	4	21944
5274	-2	4	21948
5275	-2	4	21952
5276	-2	4	21956
5277	-2	4	21960
5278	-2	4	21964
5279	-2	4	21968
5280	-2	4	21972
5281	-2	4	21976
5282	-2	4	21980
5283	-2	4	21984
5284	-2	4	21988
5285	-4	6	21994
5286	-2	4	21998
5287	-2	4	22002
5288	-2	4	22006
5289	-2	4	22010
5290	-2	4	22014
5291	-4	6	22020
5292	-2	4	22024
5293	-2	4	22028
5294	-2	4	22032
5295	-2	4	22036
5296	-2	4	22040
5297	-2	4	22044
5298	-2	4	22048
5299	-2	4	22052
5300	-3	5	22057
5301	-2	4	22061
5302	-2	4	22065
5303	-2	4	22069
5304	-2	4	22073
5305	-2	4	22077
5306	-2	4	22081
5307	-2	4	22085
5308	-2	4	22089
5309	-2	4	22093
5310	-4	6	22099
5311	-2	4	22103
5312	-2	4	22107
5313	-2	4	22111
5314	-2	4	22115
5315	-2	4	22119
5316	-2	4	22123
5317	-2	4	22127
5318	-2	4	22131
5319	-2	4	22135
5320	-2	4	22139
5321	-2	4	22143
5322	-2	4	22147
5323	-2	4	22151
5324	-2	4	22155
5325	-2	4	22159
5326	-2	4	22163
5327	-2	4	22167
5328	-2	4	22171
5329	-2	4	22175
5330	-2	4	22179
5331	-2	4	22183
5332	-2	4	22187
5333	-2	4	22191
5334	-2	4	22195
5335	-2	4	22199
5336	-2	4	22203
5337	-2	4	22207
5338	-2	4	22211
5339	-2	4	22215
5340	-2	4	22219
5341	-2	4	22223
5342	-2	4	22227
5343	-4	6	22233
5344	-2	4	22237
5345	-2	4	22241
5346	-2	4	22245
5347	-2	4	22249
5348	-2	4	22253
5349	-2	4	22257
5350	-2	4	22261
5351	-2	4	22265
5352	-2	4	22269
5353	-2	4	22273
5354	-2	4	22277
5355	-2	4	22281
5356	-2	4	22285
5357	-2	4	22289
5358	-2	4	22293
5359	-2	4	22297
5360	-2	4	22301
5361	-2	4	22305
5362	-2	4	22309
5363	-2	4	22313
5364	-2	4	22317
5365	-2	4	22321
5366	-2	4	22325
5367	-2	4	22329
5368	-2	4	22333
5369	-2	4	22337
5370	-2	4	22341
5371	-4	6	22347
5372	-2	4	22351
5373	-2	4	22355
5374	-4	6	22361
5375	-2	4	22365
5376	-2	4	22369
5377	-2	4	22373
5378	-2	4	22377
5379	-2	4	22381
5380	-2	4	22385
5381	-2	4	22389
5382	-2	4	22393
5383	-2	4	22397
5384	-2	4	22401
5385	-2	4	22405
5386	-2	4	22409
5387	-2	4	22413
5388	-2	4	22417
5389	-2	4	22421
5390	-4	6	22427
5391	-2	4	22431
5392	-2	4	22435
5393	-2	4	22439
5394	-2	4	22443
5395	-2	4	22447
5396	-2	4	22451
5397	-2	4	22455
5398	-2	4	22459
5399	-2	4	22463
5400	-2	4	22467
5401	-2	4	22471
5402	-2	4	22475
5403	-2	4	22479
5404	-2	4	22483
5405	-4	6	22489
5406	-2	4	22493
5407	-2	4	22497
5408	-3	5	22502
5409	-2	4	22506
5410	-2	4	22510
5411	-2	4	22514
5412	-2	4	22518
5413	-2	4	22522
5414	-2	4	22526
5415	-4	6	22532
5416	-2	4	22536
5417	-2	4	22540
5418	-2	4	22544
5419	-2	4	22548
5420	-2	4	22552
5421	-2	4	22556
5422	-3	5	22561
5423	-2	4	22565
5424	-2	4	22569
5425	-2	4	22573
5426	-2	4	22577
5427	-2	4	22581
5428	-2	4	22585
5429	-2	4	22589
5430	-2	4	22593
5431	-2	4	22597
5432	-2	4	22601
5433	-2	4	22605
5434	-2	4	22609
5435	-2	4	22613
5436	-2	4	22617
5437	-2	4	22621
5438	-2	4	22625
5439	-2	4	22629
5440	-2	4	22633
5441	-2	4	22637
5442	-5	7	22644
5443	-2	4	22648
5444	-2	4	22652
5445	-2	4	22656
5446	-2	4	22660
5447	-2	4	22664
5448	-2	4	22668
5449	-2	4	22672
5450	-2	4	22676
5451	-2	4	22680
5452	-2	4	22684
5453	-2	4	22688
5454	-2	4	22692
5455	-2	4	22696
5456	-2	4	22700
5457	-2	4	22704
5458	-2	4	22708
5459	-2	4	22712
5460	-2	4	22716
5461	-3	5	22721
5462	-2	4	22725
5463	-2	4	22729
5464	-2	4	22733
5465	-2	4	22737
5466	-2	4	22741
5467	-2	4	22745
5468	-2	4	22749
5469	-2	4	22753
5470	-2	4	22757
5471	-2	4	22761
5472	-2	4	22765
5473	-2	4	22769
5474	-2	4	22773
5475	-2	4	22777
5476	-4	6	22783
5477	-2	4	22787
5478	-2	4	22791
5479	-2	4	22795
5480	-2	4	22799
5481	-2	4	22803
5482	-2	4	22807
5483	-2	4	22811
5484	-2	4	22815
5485	-2	4	22819
5486	-2	4	22823
5487	-2	4	22827
5488	-2	4	22831
5489	-2	4	22835
5490	-2	4	22839
5491	-2	4	22843
5492	-2	4	22847
5493	-2	4	22851
5494	-2	4	22855
5495	-2	4	22859
5496	-2	4	22863
5497	-2	4	22867
5498	-2	4	22871
5499	-2	4	22875
5500	-2	4	22879
5501	-2	4	22883
5502	-2	4	22887
5503	-2	4	22891
5504	-2	4	22895
5505	-2	4	22899
5506	-2	4	22903
5507	-2	4	22907
5508	-4	6	22913
5509	-2	4	22917
5510	-2	4	22921
5511	-2	4	22925
5512	-2	4	22929
5513	-2	4	22933
5514	-2	4	22937
5515	-2	4	22941
5516	-2	4	22945
5517	-2	4	22949
5518	-2	4	22953
5519	-2	4	22957
5520	-2	4	22961
5521	-2	4	22965
5522	-2	4	22969
5523	-2	4	22973
5524	-2	4	22977
5525	-2	4	22981
5526	-2	4	22985
5527	-2	4	22989
5528	-2	4	22993
5529	-2	4	22997
5530	-4	6	23003
5531	-2	4	23007
5532	-4	6	23013
5533	-2	4	23017
5534	-2	4	23021
5535	-2	4	23025
5536	-2	4	23029
5537	-2	4	23033
5538	-2	4	23037
5539	-2	4	23041
5540	-2	4	23045
5541	-2	4	23049
5542	-2	4	23053
5543	-2	4	23057
5544	-4	6	23063
5545	-2	4	23067
5546	-2	4	23071
5547	-2	4	23075
5548	-2	4	23079
5549	-2	4	23083
5550	-2	4	23087
5551	-2	4	23091
5552	-2	4	23095
5553	-2	4	23099
5554	-2	4	23103
5555	-2	4	23107
5556	-2	4	23111
5557	-2	4	23115
5558	-2	4	23119
5559	-2	4	23123
5560	-4	6	23129
5561	-2	4	23133
5562	-2	4	23137
5563	-2	4	23141
5564	-4	6	23147
5565	-2	4	23151
5566	-2	4	23155
5567	-2	4	23159
5568	-2	4	23163
5569	-2	4	23167
5570	-2	4	23171
5571	-2	4	23175
5572	-2	4	23179
5573	-2	4	23183
5574	-2	4	23187
5575	-2	4	23191
5576	-2	4	23195
5577	-2	4	23199
5578	-2	4	23203
5579	-2	4	23207
5580	-2	4	23211
5581	-2	4	23215
5582	-2	4	23219
5583	-2	4	23223
5584	-2	4	23227
5585	-2	4	23231
5586	-2	4	23235
5587	-2	4	23239
5588	-2	4	23243
5589	-2	4	23247
5590	-2	4	23251
5591	-2	4	23255
5592	-2	4	23259
5593	-2	4	23263
5594	-2	4	23267
5595	-2	4	23271
5596	-2	4	23275
5597	-2	4	23279
5598	-2	4	23283
5599	-2	4	23287
5600	-6	8	23295
5601	-2	4	23299
5602	-4	6	23305
5603	-2	4	23309
5604	-2	4	23313
5605	-2	4	23317
5606	-2	4	23321
5607	-2	4	23325
5608	-2	4	23329
5609	-2	4	23333
5610	-2	4	23337
5611	-2	4	23341
5612	-2	4	23345
5613	-2	4	23349
5614	-2	4	23353
5615	-2	4	23357
5616	-2	4	23361
5617	-2	4	23365
5618	-2	4	23369
5619	-2	4	23373
5620	-2	4	23377
5621	-2	4	23381
5622	-2	4	23385
5623	-2	4	23389
5624	-2	4	23393
5625	-2	4	23397
5626	-2	4	23401
5627	-2	4	23405
5628	-2	4	23409
5629	-2	4	23413
5630	-2	4	23417
5631	-2	4	23421
5632	-2	4	23425
5633	-2	4	23429
5634	-2	4	23433
5635	-2	4	23437
5636	-2	4	23441
5637	-2	4	23445
5638	-2	4	23449
5639	-2	4	23453
5640	-2	4	23457
5641	-2	4	23461
5642	-2	4	23465
5643	-2	4	23469
5644	-2	4	23473
5645	-2	4	23477
5646	-2	4	23481
5647	-2	4	23485
5648	-2	4	23489
5649	-2	4	23493
5650	-2	4	23497
5651	-2	4	23501
5652	-2	4	23505
5653	-2	4	23509
5654	-2	4	23513
5655	-2	4	23517
5656	-6	8	23525
5657	-3	5	23530
5658	-2	4	23534
5659	-2	4	23538
5660	-2	4	23542
5661	-2	4	23546
5662	-2	4	23550
5663	-2	4	23554
5664	-2	4	23558
5665	-2	4	23562
5666	-2	4	23566
5667	-2	4	23570
5668	-2	4	23574
5669	-2	4	23578
5670	-2	4	23582
5671	-2	4	23586
5672	-2	4	23590
5673	-2	4	23594
5674	-2	4	23598
5675	-2	4	23602
5676	-2	4	23606
5677	-2	4	23610
5678	-4	6	23616
5679	-2	4	23620
5680	-2	4	23624
5681	-2	4	23628
5682	-2	4	23632
5683	-2	4	23636
5684	-2	4	23640
5685	-2	4	23644
5686	-4	6	23650
5687	-2	4	23654
5688	-2	4	23658
5689	-6	8	23666
5690	-2	4	23670
5691	-2	4	23674
5692	-2	4	23678
5693	-2	4	23682
5694	-2	4	23686
5695	-2	4	23690
5696	-2	4	23694
5697	-2	4	23698
5698	-2	4	23702
5699	-2	4	23706
5700	-2	4	23710
5701	-2	4	23714
5702	-2	4	23718
5703	-2	4	23722
5704	-2	4	23726
5705	-2	4	23730
5706	-2	4	23734
5707	-2	4	23738
5708	-2	4	23742
5709	-2	4	23746
5710	-2	4	23750
5711	-2	4	23754
5712	-2	4	23758
5713	-2	4	23762
5714	-2	4	23766
5715	-2	4	23770
5716	-2	4	23774
5717	-2	4	23778
5718	-2	4	23782
5719	-2	4	23786
5720	-2	4	23790
5721	-2	4	23794
5722	-2	4	23798
5723	-2	4	23802
5724	-2	4	23806
5725	-2	4	23810
5726	-2	4	23814
5727	-2	4	23818
5728	-2	4	23822
5729	-2	4	23826
5730	-2	4	23830
5731	-2	4	23834
5732	-2	4	23838
5733	-2	4	23842
5734	-4	6	23848
5735	-2	4	23852
5736	-2	4	23856
5737	-2	4	23860
5738	-2	4	23864
5739	-2	4	23868
5740	-3	5	23873
5741	-4	6	23879
5742	-2	4	23883
5743	-2	4	23887
5744	-2	4	23891
5745	-2	4	23895
5746	-2	4	23899
5747	-2	4	23903
5748	-2	4	23907
5749	-2	4	23911
5750	-4	6	23917
5751	-2	4	23921
5752	-4	6	23927
5753	-2	4	23931
5754	-2	4	23935
5755	-2	4	23939
5756	-2	4	23943
5757	-2	4	23947
5758	-2	4	23951
5759	-2	4	23955
5760	-2	4	23959
5761	-2	4	23963
5762	-2	4	23967
5763	-2	4	23971
5764	-2	4	23975
5765	-2	4	23979
5766	-2	4	23983
5767	-2	4	23987
5768	-2	4	23991
5769	-2	4	23995
5770	-2	4	23999
5771	-2	4	24003
5772	-2	4	24007
5773	-2	4	24011
5774	-2	4	24015
5775	-2	4	24019
5776	-2	4	24023
5777	-2	4	24027
5778	-2	4	24031
5779	-2	4	24035
5780	-2	4	24039
5781	-4	6	24045
5782	-2	4	24049
5783	-2	4	24053
5784	-2	4	24057
5785	-2	4	24061
5786	-2	4	24065
5787	-4	6	24071
5788	-2	4	24075
5789	-2	4	24079
5790	-2	4	24083
5791	-2	4	24087
5792	-2	4	24091
5793	-2	4	24095
5794	-2	4	24099
5795	-2	4	24103
5796	-2	4	24107
5797	-2	4	24111
5798	-4	6	24117
5799	-2	4	24121
5800	-2	4	24125
5801	-2	4	24129
5802	-4	6	24135
5803	-2	4	24139
5804	-2	4	24143
5805	-4	6	24149
5806	-2	4	24153
5807	-2	4	24157
5808	-2	4	24161
5809	-2	4	24165
5810	-2	4	24169
5811	-2	4	24173
5812	-2	4	24177
5813	-2	4	24181
5814	-2	4	24185
5815	-2	4	24189
5816	-2	4	24193
5817	-2	4	24197
5818	-2	4	24201
5819	-2	4	24205
5820	-2	4	24209
5821	-2	4	24213
5822	-2	4	24217
5823	-2	4	24221
5824	-2	4	24225
5825	-2	4	24229
5826	-2	4	24233
5827	-2	4	24237
5828	-2	4	24241
5829	-2	4	24245
5830	-4	6	24251
5831	-2	4	24255
5832	-2	4	24259
5833	-3	5	24264
5834	-2	4	24268
5835	-2	4	24272
5836	-2	4	24276
5837	-2	4	24280
5838	-4	6	24286
5839	-2	4	24290
5840	-2	4	24294
5841	-2	4	24298
5842	-2	4	24302
5843	-2	4	24306
5844	-2	4	24310
5845	-2	4	24314
5846	-2	4	24318
5847	-2	4	24322
5848	-2	4	24326
5849	-2	4	24330
5850	-2	4	24334
5851	-2	4	24338
5852	-2	4	24342
5853	-2	4	24346
5854	-2	4	24350
5855	-2	4	24354
5856	-2	4	24358
5857	-2	4	24362
5858	-4	6	24368
5859	-2	4	24372
5860	-2	4	24376
5861	-2	4	24380
5862	-2	4	24384
5863	-2	4	24388
5864	-2	4	24392
5865	-2	4	24396
5866	-2	4	24400
5867	-2	4	24404
5868	-2	4	24408
5869	-2	4	24412
5870	-2	4	24416
5871	-2	4	24420
5872	-2	4	24424
5873	-2	4	24428
5874	-2	4	24432
5875	-4	6	24438
5876	-2	4	24442
5877	-2	4	24446
5878	-2	4	24450
5879	-2	4	24454
5880	-2	4	24458
5881	-2	4	24462
5882	-2	4	24466
5883	-2	4	24470
5884	-2	4	24474
5885	-2	4	24478
5886	-2	4	24482
5887	-2	4	24486
5888	-2	4	24490
5889	-2	4	24494
5890	-2	4	24498
5891	-2	4	24502
5892	-2	4	24506
5893	-2	4	24510
5894	-2	4	24514
5895	-2	4	24518
5896	-2	4	24522
5897	-2	4	24526
5898	-2	4	24530
5899	-2	4	24534
5900	-2	4	24538
5901	-2	4	24542
5902	-4	6	24548
5903	-2	4	24552
5904	-2	4	24556
5905	-2	4	24560
5906	-2	4	24564
5907	-2	4	24568
5908	-2	4	24572
5909	-2	4	24576
5910	-2	4	24580
5911	-2	4	24584
5912	-2	4	24588
5913	-2	4	24592
5914	-2	4	24596
5915	-2	4	24600
5916	-2	4	24604
5917	-2	4	24608
5918	-2	4	24612
5919	-2	4	24616
5920	-2	4	24620
5921	-2	4	24624
5922	-2	4	24628
5923	-2	4	24632
5924	-2	4	24636
5925	-2	4	24640
5926	-2	4	24644
5927	-2	4	24648
5928	-4	6	24654
5929	-4	6	24660
5930	-2	4	24664
5931	-2	4	24668
5932	-2	4	24672
5933	-2	4	24676
5934	-2	4	24680
5935	-4	6	24686
5936	-2	4	24690
5937	-2	4	24694
5938	-2	4	24698
5939	-2	4	24702
5940	-2	4	24706
5941	-2	4	24710
5942	-2	4	24714
5943	-2	4	24718
5944	-2	4	24722
5945	-2	4	24726
5946	-2	4	24730
5947	-2	4	24734
5948	-2	4	24738
5949	-2	4	24742
5950	-4	6	24748
5951	-2	4	24752
5952	-2	4	24756
5953	-2	4	24760
5954	-2	4	24764
5955	-2	4	24768
5956	-2	4	24772
5957	-2	4	24776
5958	-2	4	24780
5959	-2	4	24784
5960	-2	4	24788
5961	-2	4	24792
5962	-2	4	24796
5963	-2	4	24800
5964	-2	4	24804
5965	-2	4	24808
5966	-2	4	24812
5967	-2	4	24816
5968	-2	4	24820
5969	-2	4	24824
5970	-2	4	24828
5971	-2	4	24832
5972	-2	4	24836
5973	-2	4	24840
5974	-2	4	24844
5975	-2	4	24848
5976	-2	4	24852
5977	-2	4	24856
5978	-4	6	24862
5979	-4	6	24868
5980	-2	4	24872
5981	-2	4	24876
5982	-2	4	24880
5983	-2	4	24884
5984	-2	4	24888
5985	-2	4	24892
5986	-2	4	24896
5987	-4	6	24902
5988	-2	4	24906
5989	-2	4	24910
5990	-2	4	24914
5991	-2	4	24918
5992	-2	4	24922
5993	-2	4	24926
5994	-2	4	24930
5995	-2	4	24934
5996	-2	4	24938
5997	-2	4	24942
5998	-2	4	24946
5999	-2	4	24950
6000	-2	4	24954
6001	-2	4	24958
6002	-2	4	24962
6003	-2	4	24966
6004	-2	4	24970
6005	-2	4	24974
6006	-2	4	24978
6007	-2	4	24982
6008	-2	4	24986
6009	-2	4	24990
6010	-2	4	24994
6011	-2	4	24998
6012	-2	4	25002
6013	-2	4	25006
6014	-2	4	25010
6015	-2	4	25014
6016	-2	4	25018
6017	-2	4	25022
6018	-2	4	25026
6019	-4	6	25032
6020	-2	4	25036
6021	-2	4	25040
6022	-2	4	25044
6023	-4	6	25050
6024	-2	4	25054
6025	-2	4	25058
6026	-2	4	25062
6027	-2	4	25066
6028	-2	4	25070
6029	-2	4	25074
6030	-4	6	25080
6031	-2	4	25084
6032	-2	4	25088
6033	-2	4	25092
6034	-2	4	25096
6035	-2	4	25100
6036	-2	4	25104
6037	-2	4	25108
6038	-2	4	25112
6039	-2	4	25116
6040	-2	4	25120
6041	-2	4	25124
6042	-2	4	25128
6043	-2	4	25132
6044	-2	4	25136
6045	-2	4	25140
6046	-2	4	25144
6047	-2	4	25148
6048	-2	4	25152
6049	-2	4	25156
6050	-2	4	25160
6051	-2	4	25164
6052	-2	4	25168
6053	-2	4	25172
6054	-2	4	25176
6055	-2	4	25180
6056	-4	6	25186
6057	-2	4	25190
6058	-2	4	25194
6059	-2	4	25198
6060	-2	4	25202
6061	-2	4	25206
6062	-2	4	25210
6063	-2	4	25214
6064	-2	4	25218
6065	-2	4	25222
6066	-2	4	25226
6067	-2	4	25230
6068	-2	4	25234
6069	-2	4	25238
6070	-2	4	25242
6071	-2	4	25246
6072	-2	4	25250
6073	-2	4	25254
6074	-2	4	25258
6075	-2	4	25262
6076	-4	6	25268
6077	-2	4	25272
6078	-2	4	25276
6079	-4	6	25282
6080	-2	4	25286
6081	-2	4	25290
6082	-2	4	25294
6083	-2	4	25298
6084	-2	4	25302
6085	-2	4	25306
6086	-2	4	25310
6087	-2	4	25314
6088	-2	4	25318
6089	-2	4	25322
6090	-2	4	25326
6091	-2	4	25330
6092	-2	4	25334
6093	-2	4	25338
6094	-2	4	25342
6095	-2	4	25346
6096	-2	4	25350
6097	-2	4	25354
6098	-2	4	25358
6099	-2	4	25362
6100	-2	4	25366
6101	-2	4	25370
6102	-2	4	25374
6103	-2	4	25378
6104	-2	4	25382
6105	-3	5	25387
6106	-2	4	25391
6107	-2	4	25395
6108	-2	4	25399
6109	-2	4	25403
6110	-2	4	25407
6111	-2	4	25411
6112	-2	4	25415
6113	-2	4	25419
6114	-2	4	25423
6115	-2	4	25427
6116	-2	4	25431
6117	-2	4	25435
6118	-2	4	25439
6119	-2	4	25443
6120	-2	4	25447
6121	-2	4	25451
6122	-2	4	25455
6123	-4	6	25461
6124	-2	4	25465
6125	-2	4	25469
6126	-2	4	25473
6127	-2	4	25477
6128	-2	4	25481
6129	-2	4	25485
6130	-2	4	25489
6131	-2	4	25493
6132	-2	4	25497
6133	-4	6	25503
6134	-2	4	25507
6135	-2	4	25511
6136	-2	4	25515
6137	-2	4	25519
6138	-2	4	25523
6139	-5	7	25530
6140	-4	6	25536
6141	-2	4	25540
6142	-2	4	25544
6143	-2	4	25548
6144	-2	4	25552
6145	-2	4	25556
6146	-2	4	25560
6147	-2	4	25564
6148	-2	4	25568
6149	-2	4	25572
6150	-2	4	25576
6151	-2	4	25580
6152	-2	4	25584
6153	-2	4	25588
6154	-2	4	25592
6155	-2	4	25596
6156	-2	4	25600
6157	-2	4	25604
6158	-2	4	25608
6159	-2	4	25612
6160	-2	4	25616
6161	-2	4	25620
6162	-2	4	25624
6163	-2	4	25628
6164	-2	4	25632
6165	-2	4	25636
6166	-2	4	25640
6167	-2	4	25644
6168	-2	4	25648
6169	-2	4	25652
6170	-2	4	25656
6171	-2	4	25660
6172	-2	4	25664
6173	-2	4	25668
6174	-2	4	25672
6175	-2	4	25676
6176	-2	4	25680
6177	-2	4	25684
6178	-2	4	25688
6179	-2	4	25692
6180	-2	4	25696
6181	-2	4	25700
6182	-2	4	25704
6183	-2	4	25708
6184	-2	4	25712
6185	-2	4	25716
6186	-2	4	25720
6187	-2	4	25724
6188	-2	4	25728
6189	-2	4	25732
6190	-2	4	25736
6191	-2	4	25740
6192	-2	4	25744
6193	-3	5	25749
6194	-2	4	25753
6195	-2	4	25757
6196	-2	4	25761
6197	-2	4	25765
6198	-2	4	25769
6199	-2	4	25773
6200	-2	4	25777
6201	-2	4	25781
6202	-2	4	25785
6203	-2	4	25789
6204	-2	4	25793
6205	-2	4	25797
6206	-3	5	25802
6207	-2	4	25806
6208	-2	4	25810
6209	-2	4	25814
6210	-2	4	25818
6211	-2	4	25822
6212	-2	4	25826
6213	-2	4	25830
6214	-2	4	25834
6215	-2	4	25838
6216	-2	4	25842
6217	-2	4	25846
6218	-2	4	25850
6219	-2	4	25854
6220	-2	4	25858
6221	-2	4	25862
6222	-2	4	25866
6223	-2	4	25870
6224	-2	4	25874
6225	-2	4	25878
6226	-2	4	25882
6227	-2	4	25886
6228	-2	4	25890
6229	-2	4	25894
6230	-2	4	25898
6231	-2	4	25902
6232	-2	4	25906
6233	-2	4	25910
6234	-2	4	25914
6235	-2	4	25918
6236	-2	4	25922
6237	-2	4	25926
6238	-2	4	25930
6239	-2	4	25934
6240	-2	4	25938
6241	-2	4	25942
6242	-2	4	25946
6243	-2	4	25950
6244	-2	4	25954
6245	-2	4	25958
6246	-2	4	25962
6247	-4	6	25968
6248	-2	4	25972
6249	-3	5	25977
6250	-2	4	25981
6251	-2	4	25985
6252	-2	4	25989
6253	-2	4	25993
6254	-2	4	25997
6255	-2	4	26001
6256	-2	4	26005
6257	-2	4	26009
6258	-2	4	26013
6259	-2	4	26017
6260	-2	4	26021
6261	-2	4	26025
6262	-2	4	26029
6263	-2	4	26033
6264	-2	4	26037
6265	-2	4	26041
6266	-2	4	26045
6267	-2	4	26049
6268	-2	4	26053
6269	-2	4	26057
6270	-2	4	26061
6271	-2	4	26065
6272	-2	4	26069
6273	-2	4	26073
6274	-2	4	26077
6275	-2	4	26081
6276	-2	4	26085
6277	-2	4	26089
6278	-2	4	26093
6279	-2	4	26097
6280	-2	4	26101
6281	-2	4	26105
6282	-2	4	26109
6283	-2	4	26113
6284	-2	4	26117
6285	-2	4	26121
6286	-2	4	26125
6287	-2	4	26129
6288	-2	4	26133
6289	-2	4	26137
6290	-2	4	26141
6291	-2	4	26145
6292	-2	4	26149
6293	-3	5	26154
6294	-2	4	26158
6295	-2	4	26162
6296	-2	4	26166
6297	-2	4	26170
6298	-2	4	26174
6299	-2	4	26178
6300	-2	4	26182
6301	-2	4	26186
6302	-2	4	26190
6303	-2	4	26194
6304	-2	4	26198
6305	-2	4	26202
6306	-2	4	26206
6307	-2	4	26210
6308	-2	4	26214
6309	-2	4	26218
6310	-2	4	26222
6311	-3	5	26227
6312	-3	5	26232
6313	-2	4	26236
6314	-2	4	26240
6315	-2	4	26244
6316	-4	6	26250
6317	-2	4	26254
6318	-2	4	26258
6319	-2	4	26262
6320	-2	4	26266
6321	-2	4	26270
6322	-2	4	26274
6323	-2	4	26278
6324	-2	4	26282
6325	-2	4	26286
6326	-2	4	26290
6327	-2	4	26294
6328	-2	4	26298
6329	-2	4	26302
6330	-2	4	26306
6331	-2	4	26310
6332	-2	4	26314
6333	-2	4	26318
6334	-2	4	26322
6335	-2	4	26326
6336	-2	4	26330
6337	-2	4	26334
6338	-2	4	26338
6339	-2	4	26342
6340	-2	4	26346
6341	-2	4	26350
6342	-2	4	26354
6343	-2	4	26358
6344	-2	4	26362
6345	-2	4	26366
6346	-2	4	26370
6347	-2	4	26374
6348	-2	4	26378
6349	-2	4	26382
6350	-2	4	26386
6351	-2	4	26390
6352	-2	4	26394
6353	-2	4	26398
6354	-2	4	26402
6355	-2	4	26406
6356	-2	4	26410
6357	-2	4	26414
6358	-2	4	26418
6359	-2	4	26422
6360	-2	4	26426
6361	-2	4	26430
6362	-2	4	26434
6363	-2	4	26438
6364	-2	4	26442
6365	-2	4	26446
6366	-2	4	26450
6367	-3	5	26455
6368	-2	4	26459
6369	-2	4	26463
6370	-4	6	26469
6371	-2	4	26473
6372	-2	4	26477
6373	-2	4	26481
6374	-2	4	26485
6375	-2	4	26489
6376	-4	6	26495
6377	-2	4	26499
6378	-2	4	26503
6379	-2	4	26507
6380	-2	4	26511
6381	-2	4	26515
6382	-2	4	26519
6383	-2	4	26523
6384	-2	4	26527
6385	-2	4	26531
6386	-2	4	26535
6387	-2	4	26539
6388	-2	4	26543
6389	-2	4	26547
6390	-2	4	26551
6391	-2	4	26555
6392	-2	4	26559
6393	-2	4	26563
6394	-2	4	26567
6395	-2	4	26571
6396	-2	4	26575
6397	-2	4	26579
6398	-2	4	26583
6399	-2	4	26587
6400	-2	4	26591
6401	-2	4	26595
6402	-2	4	26599
6403	-2	4	26603
6404	-2	4	26607
6405	-2	4	26611
6406	-2	4	26615
6407	-2	4	26619
6408	-6	8	26627
6409	-2	4	26631
6410	-2	4	26635
6411	-2	4	26639
6412	-2	4	26643
6413	-2	4	26647
6414	-2	4	26651
6415	-2	4	26655
6416	-2	4	26659
6417	-2	4	26663
6418	-2	4	26667
6419	-2	4	26671
6420	-2	4	26675
6421	-2	4	26679
6422	-2	4	26683
6423	-2	4	26687
6424	-2	4	26691
6425	-2	4	26695
6426	-2	4	26699
6427	-2	4	26703
6428	-2	4	26707
6429	-2	4	26711
6430	-2	4	26715
6431	-4	6	26721
6432	-2	4	26725
6433	-2	4	26729
6434	-2	4	26733
6435	-2	4	26737
6436	-2	4	26741
6437	-2	4	26745
6438	-2	4	26749
6439	-2	4	26753
6440	-2	4	26757
6441	-2	4	26761
6442	-2	4	26765
6443	-2	4	26769
6444	-2	4	26773
6445	-2	4	26777
6446	-2	4	26781
6447	-2	4	26785
6448	-2	4	26789
6449	-2	4	26793
6450	-2	4	26797
6451	-2	4	26801
6452	-4	6	26807
6453	-4	6	26813
6454	-2	4	26817
6455	-2	4	26821
6456	-2	4	26825
6457	-2	4	26829
6458	-2	4	26833
6459	-2	4	26837
6460	-2	4	26841
6461	-2	4	26845
6462	-2	4	26849
6463	-2	4	26853
6464	-2	4	26857
6465	-2	4	26861
6466	-2	4	26865
6467	-2	4	26869
6468	-2	4	26873
6469	-2	4	26877
6470	-2	4	26881
6471	-2	4	26885
6472	-2	4	26889
6473	-2	4	26893
6474	-6	8	26901
6475	-2	4	26905
6476	-2	4	26909
6477	-2	4	26913
6478	-2	4	26917
6479	-2	4	26921
6480	-2	4	26925
6481	-2	4	26929
6482	-4	6	26935
6483	-2	4	26939
6484	-2	4	26943
6485	-2	4	26947
6486	-2	4	26951
6487	-2	4	26955
6488	-2	4	26959
6489	-2	4	26963
6490	-2	4	26967
6491	-2	4	26971
6492	-2	4	26975
6493	-2	4	26979
6494	-2	4	26983
6495	-2	4	26987
6496	-2	4	26991
6497	-2	4	26995
6498	-2	4	26999
6499	-2	4	27003
6500	-2	4	27007
6501	-2	4	27011
6502	-4	6	27017
6503	-2	4	27021
6504	-2	4	27025
6505	-2	4	27029
6506	-2	4	27033
6507	-2	4	27037
6508	-2	4	27041
6509	-2	4	27045
6510	-2	4	27049
6511	-2	4	27053
6512	-2	4	27057
6513	-2	4	27061
6514	-2	4	27065
6515	-2	4	27069
6516	-2	4	27073
6517	-2	4	27077
6518	-2	4	27081
6519	-2	4	27085
6520	-2	4	27089
6521	-2	4	27093
6522	-3	5	27098
6523	-2	4	27102
6524	-2	4	27106
6525	-4	6	27112
6526	-2	4	27116
6527	-3	5	27121
6528	-2	4	27125
6529	-2	4	27129
6530	-2	4	27133
6531	-2	4	27137
6532	-2	4	27141
6533	-2	4	27145
6534	-2	4	27149
6535	-2	4	27153
6536	-2	4	27157
6537	-2	4	27161
6538	-2	4	27165
6539	-2	4	27169
6540	-2	4	27173
6541	-2	4	27177
6542	-2	4	27181
6543	-2	4	27185
6544	-2	4	27189
6545	-2	4	27193
6546	-2	4	27197
6547	-2	4	27201
6548	-2	4	27205
6549	-2	4	27209
6550	-2	4	27213
6551	-2	4	27217
6552	-2	4	27221
6553	-2	4	27225
6554	-2	4	27229
6555	-2	4	27233
6556	-2	4	27237
6557	-2	4	27241
6558	-4	6	27247
6559	-2	4	27251
6560	-2	4	27255
6561	-2	4	27259
6562	-2	4	27263
6563	-2	4	27267
6564	-2	4	27271
6565	-4	6	27277
6566	-2	4	27281
6567	-2	4	27285
6568	-4	6	27291
6569	-2	4	27295
6570	-2	4	27299
6571	-2	4	27303
6572	-2	4	27307
6573	-2	4	27311
6574	-2	4	27315
6575	-2	4	27319
6576	-2	4	27323
6577	-2	4	27327
6578	-2	4	27331
6579	-2	4	27335
6580	-2	4	27339
6581	-2	4	27343
6582	-2	4	27347
6583	-2	4	27351
6584	-2	4	27355
6585	-2	4	27359
6586	-2	4	27363
6587	-2	4	27367
6588	-2	4	27371
6589	-2	4	27375
6590	-2	4	27379
6591	-2	4	27383
6592	-2	4	27387
6593	-2	4	27391
6594	-2	4	27395
6595	-2	4	27399
6596	-2	4	27403
6597	-2	4	27407
6598	-2	4	27411
6599	-2	4	27415
6600	-2	4	27419
6601	-2	4	27423
6602	-2	4	27427
6603	-2	4	27431
6604	-2	4	27435
6605	-2	4	27439
6606	-2	4	27443
6607	-2	4	27447
6608	-2	4	27451
6609	-2	4	27455
6610	-2	4	27459
6611	-2	4	27463
6612	-2	4	27467
6613	-3	5	27472
6614	-2	4	27476
6615	-2	4	27480
6616	-2	4	27484
6617	-2	4	27488
6618	-2	4	27492
6619	-2	4	27496
6620	-2	4	27500
6621	-2	4	27504
6622	-2	4	27508
6623	-2	4	27512
6624	-2	4	27516
6625	-2	4	27520
6626	-2	4	27524
6627	-2	4	27528
6628	-2	4	27532
6629	-2	4	27536
6630	-2	4	27540
6631	-2	4	27544
6632	-2	4	27548
6633	-2	4	27552
6634	-2	4	27556
6635	-2	4	27560
6636	-2	4	27564
6637	-2	4	27568
6638	-2	4	27572
6639	-2	4	27576
6640	-2	4	27580
6641	-2	4	27584
6642	-2	4	27588
6643	-2	4	27592
6644	-2	4	27596
6645	-2	4	27600
6646	-2	4	27604
6647	-2	4	27608
6648	-2	4	27612
6649	-2	4	27616
6650	-2	4	27620
6651	-2	4	27624
6652	-2	4	27628
6653	-2	4	27632
6654	-2	4	27636
6655	-2	4	27640
6656	-2	4	27644
6657	-2	4	27648
6658	-2	4	27652
6659	-2	4	27656
6660	-4	6	27662
6661	-2	4	27666
6662	-2	4	27670
6663	-2	4	27674
6664	-2	4	27678
6665	-2	4	27682
6666	-2	4	27686
6667	-2	4	27690
6668	-2	4	27694
6669	-2	4	27698
6670	-2	4	27702
6671	-2	4	27706
6672	-2	4	27710
6673	-2	4	27714
6674	-2	4	27718
6675	-2	4	27722
6676	-4	6	27728
6677	-2	4	27732
6678	-4	6	27738
6679	-2	4	27742
6680	-2	4	27746
6681	-2	4	27750
6682	-2	4	27754
6683	-2	4	27758
6684	-2	4	27762
6685	-2	4	27766
6686	-2	4	27770
6687	-2	4	27774
6688	-2	4	27778
6689	-2	4	27782
6690	-2	4	27786
6691	-2	4	27790
6692	-2	4	27794
6693	-2	4	27798
6694	-2	4	27802
6695	-2	4	27806
6696	-2	4	27810
6697	-2	4	27814
6698	-2	4	27818
6699	-2	4	27822
6700	-2	4	27826
6701	-2	4	27830
6702	-2	4	27834
6703	-2	4	27838
6704	-2	4	27842
6705	-2	4	27846
6706	-2	4	27850
6707	-2	4	27854
6708	-2	4	27858
6709	-2	4	27862
6710	-2	4	27866
6711	-2	4	27870
6712	-2	4	27874
6713	-2	4	27878
6714	-2	4	27882
6715	-2	4	27886
6716	-2	4	27890
6717	-2	4	27894
6718	-2	4	27898
6719	-2	4	27902
6720	-2	4	27906
6721	-2	4	27910
6722	-3	5	27915
6723	-2	4	27919
6724	-2	4	27923
6725	-2	4	27927
6726	-2	4	27931
6727	-2	4	27935
6728	-2	4	27939
6729	-2	4	27943
6730	-2	4	27947
6731	-2	4	27951
6732	-2	4	27955
6733	-2	4	27959
6734	-2	4	27963
6735	-2	4	27967
6736	-2	4	27971
6737	-4	6	27977
6738	-2	4	27981
6739	-2	4	27985
6740	-2	4	27989
6741	-2	4	27993
6742	-2	4	27997
6743	-2	4	28001
6744	-2	4	28005
6745	-2	4	28009
6746	-2	4	28013
6747	-2	4	28017
6748	-4	6	28023
6749	-2	4	28027
6750	-2	4	28031
6751	-2	4	28035
6752	-2	4	28039
6753	-2	4	28043
6754	-2	4	28047
6755	-2	4	28051
6756	-4	6	28057
6757	-2	4	28061
6758	-2	4	28065
6759	-2	4	28069
6760	-2	4	28073
6761	-4	6	28079
6762	-2	4	28083
6763	-2	4	28087
6764	-2	4	28091
6765	-2	4	28095
6766	-2	4	28099
6767	-2	4	28103
6768	-2	4	28107
6769	-2	4	28111
6770	-2	4	28115
6771	-2	4	28119
6772	-2	4	28123
6773	-2	4	28127
6774	-2	4	28131
6775	-2	4	28135
6776	-2	4	28139
6777	-2	4	28143
6778	-2	4	28147
6779	-2	4	28151
6780	-2	4	28155
6781	-2	4	28159
6782	-2	4	28163
6783	-2	4	28167
6784	-2	4	28171
6785	-2	4	28175
6786	-2	4	28179
6787	-2	4	28183
6788	-2	4	28187
6789	-2	4	28191
6790	-2	4	28195
6791	-2	4	28199
6792	-2	4	28203
6793	-2	4	28207
6794	-2	4	28211
6795	-2	4	28215
6796	-2	4	28219
6797	-2	4	28223
6798	-2	4	28227
6799	-2	4	28231
6800	-2	4	28235
6801	-2	4	28239
6802	-2	4	28243
6803	-2	4	28247
6804	-2	4	28251
6805	-2	4	28255
6806	-2	4	28259
6807	-2	4	28263
6808	-4	6	28269
6809	-2	4	28273
6810	-2	4	28277
6811	-2	4	28281
6812	-2	4	28285
6813	-2	4	28289
6814	-2	4	28293
6815	-2	4	28297
6816	-2	4	28301
6817	-2	4	28305
6818	-2	4	28309
6819	-5	7	28316
6820	-2	4	28320
6821	-2	4	28324
6822	-2	4	28328
6823	-2	4	28332
6824	-2	4	28336
6825	-2	4	28340
6826	-2	4	28344
6827	-2	4	28348
6828	-2	4	28352
6829	-4	6	28358
6830	-2	4	28362
6831	-2	4	28366
6832	-2	4	28370
6833	-2	4	28374
6834	-2	4	28378
6835	-2	4	28382
6836	-2	4	28386
6837	-2	4	28390
6838	-2	4	28394
6839	-2	4	28398
6840	-3	5	28403
6841	-2	4	28407
6842	-2	4	28411
6843	-2	4	28415
6844	-2	4	28419
6845	-2	4	28423
6846	-2	4	28427
6847	-2	4	28431
6848	-2	4	28435
6849	-2	4	28439
6850	-4	6	28445
6851	-2	4	28449
6852	-2	4	28453
6853	-2	4	28457
6854	-2	4	28461
6855	-2	4	28465
6856	-2	4	28469
6857	-2	4	28473
6858	-2	4	28477
6859	-2	4	28481
6860	-2	4	28485
6861	-2	4	28489
6862	-2	4	28493
6863	-2	4	28497
6864	-4	6	28503
6865	-2	4	28507
6866	-2	4	28511
6867	-2	4	28515
6868	-2	4	28519
6869	-2	4	28523
6870	-2	4	28527
6871	-2	4	28531
6872	-2	4	28535
6873	-2	4	28539
6874	-2	4	28543
6875	-2	4	28547
6876	-4	6	28553
6877	-2	4	28557
6878	-2	4	28561
6879	-2	4	28565
6880	-2	4	28569
6881	-2	4	28573
6882	-2	4	28577
6883	-2	4	28581
6884	-2	4	28585
6885	-2	4	28589
6886	-2	4	28593
6887	-2	4	28597
6888	-2	4	28601
6889	-2	4	28605
6890	-2	4	28609
6891	-2	4	28613
6892	-3	5	28618
6893	-2	4	28622
6894	-2	4	28626
6895	-2	4	28630
6896	-2	4	28634
6897	-2	4	28638
6898	-2	4	28642
6899	-2	4	28646
6900	-2	4	28650
6901	-2	4	28654
6902	-2	4	28658
6903	-2	4	28662
6904	-2	4	28666
6905	-2	4	28670
6906	-2	4	28674
6907	-2	4	28678
6908	-2	4	28682
6909	-2	4	28686
6910	-2	4	28690
6911	-2	4	28694
6912	-2	4	28698
6913	-2	4	28702
6914	-2	4	28706
6915	-2	4	28710
6916	-3	5	28715
6917	-2	4	28719
6918	-2	4	28723
6919	-2	4	28727
6920	-2	4	28731
6921	-2	4	28735
6922	-2	4	28739
6923	-2	4	28743
6924	-2	4	28747
6925	-2	4	28751
6926	-2	4	28755
6927	-2	4	28759
6928	-2	4	28763
6929	-2	4	28767
6930	-2	4	28771
6931	-2	4	28775
6932	-2	4	28779
6933	-2	4	28783
6934	-2	4	28787
6935	-2	4	28791
6936	-2	4	28795
6937	-2	4	28799
6938	-2	4	28803
6939	-2	4	28807
6940	-2	4	28811
6941	-2	4	28815
6942	-2	4	28819
6943	-2	4	28823
6944	-2	4	28827
6945	-2	4	28831
6946	-2	4	28835
6947	-4	6	28841
6948	-2	4	28845
6949	-2	4	28849
6950	-2	4	28853
6951	-2	4	28857
6952	-2	4	28861
6953	-2	4	28865
6954	-2	4	28869
6955	-2	4	28873
6956	-2	4	28877
6957	-2	4	28881
6958	-2	4	28885
6959	-2	4	28889
6960	-2	4	28893
6961	-2	4	28897
6962	-2	4	28901
6963	-4	6	28907
6964	-2	4	28911
6965	-2	4	28915
6966	-2	4	28919
6967	-2	4	28923
6968	-2	4	28927
6969	-2	4	28931
6970	-2	4	28935
6971	-2	4	28939
6972	-2	4	28943
6973	-2	4	28947
6974	-2	4	28951
6975	-2	4	28955
6976	-2	4	28959
6977	-2	4	28963
6978	-4	6	28969
6979	-2	4	28973
6980	-2	4	28977
6981	-2	4	28981
6982	-2	4	28985
6983	-2	4	28989
6984	-2	4	28993
6985	-2	4	28997
6986	-2	4	29001
6987	-2	4	29005
6988	-2	4	29009
6989	-2	4	29013
6990	-2	4	29017
6991	-2	4	29021
6992	-2	4	29025
6993	-2	4	29029
6994	-2	4	29033
6995	-4	6	29039
6996	-2	4	29043
6997	-2	4	29047
6998	-2	4	29051
6999	-2	4	29055
7000	-2	4	29059
7001	-2	4	29063
7002	-2	4	29067
7003	-2	4	29071
7004	-2	4	29075
7005	-2	4	29079
7006	-2	4	29083
7007	-2	4	29087
7008	-2	4	29091
7009	-2	4	29095
7010	-2	4	29099
7011	-2	4	29103
7012	-2	4	29107
7013	-2	4	29111
7014	-2	4	29115
7015	-2	4	29119
7016	-2	4	29123
7017	-2	4	29127
7018	-2	4	29131
7019	-2	4	29135
7020	-2	4	29139
7021	-2	4	29143
7022	-2	4	29147
7023	-2	4	29151
7024	-2	4	29155
7025	-2	4	29159
7026	-2	4	29163
7027	-2	4	29167
7028	-2	4	29171
7029	-2	4	29175
7030	-2	4	29179
7031	-2	4	29183
7032	-2	4	29187
7033	-2	4	29191
7034	-2	4	29195
7035	-4	6	29201
7036	-2	4	29205
7037	-2	4	29209
7038	-2	4	29213
7039	-2	4	29217
7040	-2	4	29221
7041	-2	4	29225
7042	-2	4	29229
7043	-2	4	29233
7044	-2	4	29237
7045	-2	4	29241
7046	-2	4	29245
7047	-2	4	29249
7048	-2	4	29253
7049	-2	4	29257
7050	-2	4	29261
7051	-2	4	29265
7052	-2	4	29269
7053	-4	6	29275
7054	-2	4	29279
7055	-2	4	29283
7056	-2	4	29287
7057	-2	4	29291
7058	-2	4	29295
7059	-2	4	29299
7060	-2	4	29303
7061	-2	4	29307
7062	-2	4	29311
7063	-2	4	29315
7064	-2	4	29319
7065	-2	4	29323
7066	-2	4	29327
7067	-2	4	29331
7068	-2	4	29335
7069	-2	4	29339
7070	-2	4	29343
7071	-2	4	29347
7072	-2	4	29351
7073	-2	4	29355
7074	-2	4	29359
7075	-2	4	29363
7076	-2	4	29367
7077	-2	4	29371
7078	-5	7	29378
7079	-2	4	29382
7080	-2	4	29386
7081	-2	4	29390
7082	-2	4	29394
7083	-2	4	29398
7084	-3	5	29403
7085	-2	4	29407
7086	-2	4	29411
7087	-2	4	29415
7088	-2	4	29419
7089	-2	4	29423
7090	-4	6	29429
7091	-2	4	29433
7092	-2	4	29437
7093	-2	4	29441
7094	-3	5	29446
7095	-2	4	29450
7096	-2	4	29454
7097	-2	4	29458
7098	-2	4	29462
7099	-2	4	29466
7100	-2	4	29470
7101	-2	4	29474
7102	-4	6	29480
7103	-2	4	29484
7104	-2	4	29488
7105	-2	4	29492
7106	-2	4	29496
7107	-2	4	29500
7108	-2	4	29504
7109	-2	4	29508
7110	-2	4	29512
7111	-2	4	29516
7112	-2	4	29520
7113	-2	4	29524
7114	-2	4	29528
7115	-2	4	29532
7116	-2	4	29536
7117	-2	4	29540
7118	-2	4	29544
7119	-2	4	29548
7120	-2	4	29552
7121	-2	4	29556
7122	-2	4	29560
7123	-2	4	29564
7124	-2	4	29568
7125	-2	4	29572
7126	-2	4	29576
7127	-2	4	29580
7128	-2	4	29584
7129	-2	4	29588
7130	-2	4	29592
7131	-2	4	29596
7132	-2	4	29600
7133	-2	4	29604
7134	-2	4	29608
7135	-2	4	29612
7136	-2	4	29616
7137	-2	4	29620
7138	-2	4	29624
7139	-2	4	29628
7140	-2	4	29632
7141	-2	4	29636
7142	-2	4	29640
7143	-2	4	29644
7144	-2	4	29648
7145	-2	4	29652
7146	-2	4	29656
7147	-2	4	29660
7148	-2	4	29664
7149	-2	4	29668
7150	-2	4	29672
7151	-2	4	29676
7152	-2	4	29680
7153	-2	4	29684
7154	-2	4	29688
7155	-2	4	29692
7156	-2	4	29696
7157	-2	4	29700
7158	-2	4	29704
7159	-3	5	29709
7160	-2	4	29713
7161	-2	4	29717
7162	-2	4	29721
7163	-2	4	29725
7164	-2	4	29729
7165	-2	4	29733
7166	-2	4	29737
7167	-2	4	29741
7168	-2	4	29745
7169	-4	6	29751
7170	-2	4	29755
7171	-2	4	29759
7172	-2	4	29763
7173	-2	4	29767
7174	-2	4	29771
7175	-2	4	29775
7176	-2	4	29779
7177	-2	4	29783
7178	-2	4	29787
7179	-2	4	29791
7180	-2	4	29795
7181	-2	4	29799
7182	-2	4	29803
7183	-2	4	29807
7184	-2	4	29811
7185	-2	4	29815
7186	-2	4	29819
7187	-2	4	29823
7188	-2	4	29827
7189	-2	4	29831
7190	-2	4	29835
7191	-2	4	29839
7192	-2	4	29843
7193	-2	4	29847
7194	-2	4	29851
7195	-2	4	29855
7196	-2	4	29859
7197	-2	4	29863
7198	-2	4	29867
7199	-2	4	29871
7200	-2	4	29875
7201	-2	4	29879
7202	-2	4	29883
7203	-4	6	29889
7204	-2	4	29893
7205	-2	4	29897
7206	-2	4	29901
7207	-2	4	29905
7208	-2	4	29909
7209	-2	4	29913
7210	-2	4	29917
7211	-2	4	29921
7212	-2	4	29925
7213	-2	4	29929
7214	-2	4	29933
7215	-2	4	29937
7216	-2	4	29941
7217	-2	4	29945
7218	-2	4	29949
7219	-2	4	29953
7220	-2	4	29957
7221	-2	4	29961
7222	-2	4	29965
7223	-2	4	29969
7224	-2	4	29973
7225	-2	4	29977
7226	-2	4	29981
7227	-2	4	29985
7228	-2	4	29989
7229	-2	4	29993
7230	-4	6	29999
7231	-2	4	30003
7232	-2	4	30007
7233	-2	4	30011
7234	-2	4	30015
7235	-4	6	30021
7236	-2	4	30025
7237	-2	4	30029
7238	-2	4	30033
7239	-2	4	30037
7240	-2	4	30041
7241	-2	4	30045
7242	-2	4	30049
7243	-2	4	30053
7244	-2	4	30057
7245	-2	4	30061
7246	-4	6	30067
7247	-2	4	30071
7248	-2	4	30075
7249	-2	4	30079
7250	-2	4	30083
7251	-2	4	30087
7252	-2	4	30091
7253	-2	4	30095
7254	-4	6	30101
7255	-2	4	30105
7256	-2	4	30109
7257	-2	4	30113
7258	-2	4	30117
7259	-2	4	30121
7260	-2	4	30125
7261	-2	4	30129
7262	-2	4	30133
7263	-2	4	30137
7264	-2	4	30141
7265	-2	4	30145
7266	-2	4	30149
7267	-2	4	30153
7268	-2	4	30157
7269	-2	4	30161
7270	-2	4	30165
7271	-2	4	30169
7272	-2	4	30173
7273	-2	4	30177
7274	-2	4	30181
7275	-2	4	30185
7276	-2	4	30189
7277	-2	4	30193
7278	-2	4	30197
7279	-2	4	30201
7280	-2	4	30205
7281	-2	4	30209
7282	-4	6	30215
7283	-2	4	30219
7284	-2	4	30223
7285	-2	4	30227
7286	-4	6	30233
7287	-2	4	30237
7288	-2	4	30241
7289	-2	4	30245
7290	-2	4	30249
7291	-2	4	30253
7292	-2	4	30257
7293	-2	4	30261
7294	-2	4	30265
7295	-2	4	30269
7296	-2	4	30273
7297	-2	4	30277
7298	-2	4	30281
7299	-2	4	30285
7300	-2	4	30289
7301	-2	4	30293
7302	-2	4	30297
7303	-2	4	30301
7304	-2	4	30305
7305	-2	4	30309
7306	-4	6	30315
7307	-2	4	30319
7308	-2	4	30323
7309	-2	4	30327
7310	-4	6	30333
7311	-2	4	30337
7312	-3	5	30342
7313	-2	4	30346
7314	-2	4	30350
7315	-2	4	30354
7316	-2	4	30358
7317	-2	4	30362
7318	-2	4	30366
7319	-2	4	30370
7320	-2	4	30374
7321	-3	5	30379
7322	-2	4	30383
7323	-2	4	30387
7324	-2	4	30391
7325	-5	7	30398
7326	-2	4	30402
7327	-2	4	30406
7328	-2	4	30410
7329	-2	4	30414
7330	-2	4	30418
7331	-2	4	30422
7332	-2	4	30426
7333	-2	4	30430
7334	-2	4	30434
7335	-2	4	30438
7336	-2	4	30442
7337	-2	4	30446
7338	-2	4	30450
7339	-4	6	30456
7340	-2	4	30460
7341	-2	4	30464
7342	-2	4	30468
7343	-2	4	30472
7344	-2	4	30476
7345	-2	4	30480
7346	-2	4	30484
7347	-2	4	30488
7348	-2	4	30492
7349	-2	4	30496
7350	-2	4	30500
7351	-2	4	30504
7352	-2	4	30508
7353	-2	4	30512
7354	-2	4	30516
7355	-2	4	30520
7356	-2	4	30524
7357	-2	4	30528
7358	-2	4	30532
7359	-2	4	30536
7360	-2	4	30540
7361	-3	5	30545
7362	-2	4	30549
7363	-2	4	30553
7364	-2	4	30557
7365	-2	4	30561
7366	-2	4	30565
7367	-2	4	30569
7368	-2	4	30573
7369	-2	4	30577
7370	-2	4	30581
7371	-2	4	30585
7372	-2	4	30589
7373	-2	4	30593
7374	-2	4	30597
7375	-2	4	30601
7376	-2	4	30605
7377	-2	4	30609
7378	-2	4	30613
7379	-2	4	30617
7380	-2	4	30621
7381	-2	4	30625
7382	-2	4	30629
7383	-2	4	30633
7384	-2	4	30637
7385	-2	4	30641
7386	-2	4	30645
7387	-2	4	30649
7388	-2	4	30653
7389	-4	6	30659
7390	-2	4	30663
7391	-2	4	30667
7392	-2	4	30671
7393	-3	5	30676
7394	-2	4	30680
7395	-2	4	30684
7396	-2	4	30688
7397	-3	5	30693
7398	-2	4	30697
7399	-2	4	30701
7400	-2	4	30705
7401	-2	4	30709
7402	-2	4	30713
7403	-2	4	30717
7404	-2	4	30721
7405	-2	4	30725
7406	-2	4	30729
7407	-2	4	30733
7408	-2	4	30737
7409	-2	4	30741
7410	-4	6	30747
7411	-2	4	30751
7412	-2	4	30755
7413	-4	6	30761
7414	-2	4	30765
7415	-2	4	30769
7416	-2	4	30773
7417	-3	5	30778
7418	-4	6	30784
7419	-2	4	30788
7420	-2	4	30792
7421	-2	4	30796
7422	-2	4	30800
7423	-2	4	30804
7424	-2	4	30808
7425	-2	4	30812
7426	-2	4	30816
7427	-2	4	30820
7428	-2	4	30824
7429	-2	4	30828
7430	-2	4	30832
7431	-2	4	30836
7432	-2	4	30840
7433	-2	4	30844
7434	-2	4	30848
7435	-2	4	30852
7436	-2	4	30856
7437	-2	4	30860
7438	-2	4	30864
7439	-2	4	30868
7440	-2	4	30872
7441	-4	6	30878
7442	-2	4	30882
7443	-2	4	30886
7444	-2	4	30890
7445	-2	4	30894
7446	-2	4	30898
7447	-2	4	30902
7448	-2	4	30906
7449	-2	4	30910
7450	-2	4	30914
7451	-2	4	30918
7452	-2	4	30922
7453	-2	4	30926
7454	-2	4	30930
7455	-2	4	30934
7456	-2	4	30938
7457	-2	4	30942
7458	-2	4	30946
7459	-4	6	30952
7460	-2	4	30956
7461	-2	4	30960
7462	-2	4	30964
7463	-2	4	30968
7464	-2	4	30972
7465	-2	4	30976
7466	-2	4	30980
7467	-4	6	30986
7468	-2	4	30990
7469	-2	4	30994
7470	-2	4	30998
7471	-2	4	31002
7472	-2	4	31006
7473	-4	6	31012
7474	-2	4	31016
7475	-2	4	31020
7476	-2	4	31024
7477	-2	4	31028
7478	-4	6	31034
7479	-2	4	31038
7480	-2	4	31042
7481	-2	4	31046
7482	-2	4	31050
7483	-2	4	31054
7484	-4	6	31060
7485	-2	4	31064
7486	-2	4	31068
7487	-4	6	31074
7488	-4	6	31080
7489	-2	4	31084
7490	-2	4	31088
7491	-2	4	31092
7492	-2	4	31096
7493	-2	4	31100
7494	-2	4	31104
7495	-2	4	31108
7496	-2	4	31112
7497	-2	4	31116
7498	-2	4	31120
7499	-2	4	31124
7500	-3	5	31129
7501	-2	4	31133
7502	-2	4	31137
7503	-2	4	31141
7504	-2	4	31145
7505	-2	4	31149
7506	-2	4	31153
7507	-2	4	31157
7508	-2	4	31161
7509	-3	5	31166
7510	-2	4	31170
7511	-2	4	31174
7512	-2	4	31178
7513	-2	4	31182
7514	-2	4	31186
7515	-2	4	31190
7516	-2	4	31194
7517	-2	4	31198
7518	-2	4	31202
7519	-2	4	31206
7520	-2	4	31210
7521	-2	4	31214
7522	-2	4	31218
7523	-2	4	31222
7524	-2	4	31226
7525	-2	4	31230
7526	-2	4	31234
7527	-2	4	31238
7528	-2	4	31242
7529	-2	4	31246
7530	-2	4	31250
7531	-2	4	31254
7532	-2	4	31258
7533	-2	4	31262
7534	-2	4	31266
7535	-2	4	31270
7536	-2	4	31274
7537	-2	4	31278
7538	-3	5	31283
7539	-2	4	31287
7540	-2	4	31291
7541	-2	4	31295
7542	-2	4	31299
7543	-2	4	31303
7544	-2	4	31307
7545	-2	4	31311
7546	-2	4	31315
7547	-2	4	31319
7548	-2	4	31323
7549	-2	4	31327
7550	-2	4	31331
7551	-2	4	31335
7552	-2	4	31339
7553	-2	4	31343
7554	-2	4	31347
7555	-2	4	31351
7556	-2	4	31355
7557	-2	4	31359
7558	-2	4	31363
7559	-2	4	31367
7560	-2	4	31371
7561	-2	4	31375
7562	-2	4	31379
7563	-2	4	31383
7564	-2	4	31387
7565	-2	4	31391
7566	-2	4	31395
7567	-2	4	31399
7568	-2	4	31403
7569	-2	4	31407
7570	-2	4	31411
7571	-2	4	31415
7572	-2	4	31419
7573	-2	4	31423
7574	-2	4	31427
7575	-2	4	31431
7576	-2	4	31435
7577	-2	4	31439
7578	-2	4	31443
7579	-2	4	31447
7580	-2	4	31451
7581	-2	4	31455
7582	-2	4	31459
7583	-2	4	31463
7584	-2	4	31467
7585	-2	4	31471
7586	-2	4	31475
7587	-2	4	31479
7588	-2	4	31483
7589	-2	4	31487
7590	-2	4	31491
7591	-2	4	31495
7592	-2	4	31499
7593	-2	4	31503
7594	-2	4	31507
7595	-2	4	31511
7596	-2	4	31515
7597	-2	4	31519
7598	-4	6	31525
7599	-2	4	31529
7600	-2	4	31533
7601	-2	4	31537
7602	-2	4	31541
7603	-2	4	31545
7604	-2	4	31549
7605	-2	4	31553
7606	-2	4	31557
7607	-2	4	31561
7608	-4	6	31567
7609	-2	4	31571
7610	-2	4	31575
7611	-2	4	31579
7612	-2	4	31583
7613	-2	4	31587
7614	-2	4	31591
7615	-2	4	31595
7616	-2	4	31599
7617	-2	4	31603
7618	-2	4	31607
7619	-4	6	31613
7620	-2	4	31617
7621	-2	4	31621
7622	-2	4	31625
7623	-2	4	31629
7624	-2	4	31633
7625	-2	4	31637
7626	-2	4	31641
7627	-2	4	31645
7628	-2	4	31649
7629	-2	4	31653
7630	-2	4	31657
7631	-2	4	31661
7632	-2	4	31665
7633	-2	4	31669
7634	-2	4	31673
7635	-2	4	31677
7636	-2	4	31681
7637	-2	4	31685
7638	-2	4	31689
7639	-2	4	31693
7640	-2	4	31697
7641	-2	4	31701
7642	-2	4	31705
7643	-2	4	31709
7644	-2	4	31713
7645	-2	4	31717
7646	-2	4	31721
7647	-2	4	31725
7648	-2	4	31729
7649	-2	4	31733
7650	-2	4	31737
7651	-2	4	31741
7652	-2	4	31745
7653	-2	4	31749
7654	-2	4	31753
7655	-2	4	31757
7656	-2	4	31761
7657	-2	4	31765
7658	-2	4	31769
7659	-2	4	31773
7660	-2	4	31777
7661	-2	4	31781
7662	-2	4	31785
7663	-2	4	31789
7664	-4	6	31795
7665	-2	4	31799
7666	-2	4	31803
7667	-2	4	31807
7668	-2	4	31811
7669	-3	5	31816
7670	-2	4	31820
7671	-2	4	31824
7672	-2	4	31828
7673	-2	4	31832
7674	-2	4	31836
7675	-2	4	31840
7676	-2	4	31844
7677	-2	4	31848
7678	-2	4	31852
7679	-2	4	31856
7680	-2	4	31860
7681	-2	4	31864
7682	-2	4	31868
7683	-2	4	31872
7684	-2	4	31876
7685	-2	4	31880
7686	-2	4	31884
7687	-2	4	31888
7688	-2	4	31892
7689	-2	4	31896
7690	-2	4	31900
7691	-2	4	31904
7692	-2	4	31908
7693	-2	4	31912
7694	-2	4	31916
7695	-2	4	31920
7696	-2	4	31924
7697	-2	4	31928
7698	-2	4	31932
7699	-2	4	31936
7700	-4	6	31942
7701	-2	4	31946
7702	-2	4	31950
7703	-2	4	31954
7704	-2	4	31958
7705	-2	4	31962
7706	-2	4	31966
7707	-2	4	31970
7708	-2	4	31974
7709	-2	4	31978
7710	-2	4	31982
7711	-2	4	31986
7712	-2	4	31990
7713	-2	4	31994
7714	-2	4	31998
7715	-2	4	32002
7716	-2	4	32006
7717	-2	4	32010
7718	-2	4	32014
7719	-3	5	32019
7720	-2	4	32023
7721	-2	4	32027
7722	-2	4	32031
7723	-2	4	32035
7724	-2	4	32039
7725	-2	4	32043
7726	-2	4	32047
7727	-2	4	32051
7728	-2	4	32055
7729	-2	4	32059
7730	-2	4	32063
7731	-2	4	32067
7732	-2	4	32071
7733	-2	4	32075
7734	-2	4	32079
7735	-2	4	32083
7736	-2	4	32087
7737	-2	4	32091
7738	-2	4	32095
7739	-2	4	32099
7740	-2	4	32103
7741	-2	4	32107
7742	-2	4	32111
7743	-2	4	32115
7744	-2	4	32119
7745	-2	4	32123
7746	-2	4	32127
7747	-2	4	32131
7748	-2	4	32135
7749	-2	4	32139
7750	-2	4	32143
7751	-2	4	32147
7752	-2	4	32151
7753	-2	4	32155
7754	-2	4	32159
7755	-2	4	32163
7756	-2	4	32167
7757	-2	4	32171
7758	-2	4	32175
7759	-2	4	32179
7760	-2	4	32183
7761	-2	4	32187
7762	-2	4	32191
7763	-2	4	32195
7764	-2	4	32199
7765	-2	4	32203
7766	-2	4	32207
7767	-2	4	32211
7768	-2	4	32215
7769	-2	4	32219
7770	-2	4	32223
7771	-2	4	32227
7772	-2	4	32231
7773	-2	4	32235
7774	-2	4	32239
7775	-2	4	32243
7776	-2	4	32247
7777	-2	4	32251
7778	-2	4	32255
7779	-2	4	32259
7780	-2	4	32263
7781	-2	4	32267
7782	-2	4	32271
7783	-2	4	32275
7784	-2	4	32279
7785	-2	4	32283
7786	-2	4	32287
7787	-2	4	32291
7788	-2	4	32295
7789	-2	4	32299
7790	-2	4	32303
7791	-2	4	32307
7792	-4	6	32313
7793	-2	4	32317
7794	-4	6	32323
7795	-2	4	32327
7796	-2	4	32331
7797	-2	4	32335
7798	-2	4	32339
7799	-2	4	32343
7800	-2	4	32347
7801	-2	4	32351
7802	-2	4	32355
7803	-2	4	32359
7804	-2	4	32363
7805	-2	4	32367
7806	-2	4	32371
7807	-2	4	32375
7808	-2	4	32379
7809	-4	6	32385
7810	-2	4	32389
7811	-2	4	32393
7812	-2	4	32397
7813	-2	4	32401
7814	-2	4	32405
7815	-2	4	32409
7816	-2	4	32413
7817	-2	4	32417
7818	-2	4	32421
7819	-2	4	32425
7820	-2	4	32429
7821	-2	4	32433
7822	-2	4	32437
7823	-2	4	32441
7824	-2	4	32445
7825	-2	4	32449
7826	-2	4	32453
7827	-2	4	32457
7828	-2	4	32461
7829	-2	4	32465
7830	-2	4	32469
7831	-2	4	32473
7832	-2	4	32477
7833	-2	4	32481
7834	-2	4	32485
7835	-2	4	32489
7836	-2	4	32493
7837	-2	4	32497
7838	-2	4	32501
7839	-2	4	32505
7840	-2	4	32509
7841	-2	4	32513
7842	-2	4	32517
7843	-2	4	32521
7844	-2	4	32525
7845	-6	8	32533
7846	-2	4	32537
7847	-2	4	32541
7848	-2	4	32545
7849	-2	4	32549
7850	-2	4	32553
7851	-2	4	32557
7852	-2	4	32561
7853	-2	4	32565
7854	-4	6	32571
7855	-2	4	32575
7856	-2	4	32579
7857	-2	4	32583
7858	-2	4	32587
7859	-2	4	32591
7860	-2	4	32595
7861	-4	6	32601
7862	-2	4	32605
7863	-2	4	32609
7864	-2	4	32613
7865	-2	4	32617
7866	-2	4	32621
7867	-2	4	32625
7868	-2	4	32629
7869	-4	6	32635
7870	-2	4	32639
7871	-2	4	32643
7872	-2	4	32647
7873	-2	4	32651
7874	-2	4	32655
7875	-2	4	32659
7876	-2	4	32663
7877	-2	4	32667
7878	-2	4	32671
7879	-2	4	32675
7880	-2	4	32679
7881	-2	4	32683
7882	-2	4	32687
7883	-3	5	32692
7884	-3	5	32697
7885	-2	4	32701
7886	-2	4	32705
7887	-2	4	32709
7888	-2	4	32713
7889	-2	4	32717
7890	-2	4	32721
7891	-2	4	32725
7892	-2	4	32729
7893	-2	4	32733
7894	-2	4	32737
7895	-2	4	32741
7896	-2	4	32745
7897	-2	4	32749
7898	-2	4	32753
7899	-2	4	32757
7900	-2	4	32761
7901	-4	6	32767
7902	-2	4	32771
7903	-2	4	32775
7904	-2	4	32779
7905	-2	4	32783
7906	-2	4	32787
7907	-2	4	32791
7908	-2	4	32795
7909	-2	4	32799
7910	-2	4	32803
7911	-2	4	32807
7912	-2	4	32811
7913	-2	4	32815
7914	-2	4	32819
7915	-2	4	32823
7916	-2	4	32827
7917	-2	4	32831
7918	-2	4	32835
7919	-2	4	32839
7920	-2	4	32843
7921	-2	4	32847
7922	-2	4	32851
7923	-2	4	32855
7924	-2	4	32859
7925	-2	4	32863
7926	-2	4	32867
7927	-4	6	32873
7928	-2	4	32877
7929	-2	4	32881
7930	-2	4	32885
7931	-2	4	32889
7932	-2	4	32893
7933	-2	4	32897
7934	-2	4	32901
7935	-2	4	32905
7936	-2	4	32909
7937	-2	4	32913
7938	-2	4	32917
7939	-2	4	32921
7940	-2	4	32925
7941	-2	4	32929
7942	-2	4	32933
7943	-2	4	32937
7944	-2	4	32941
7945	-2	4	32945
7946	-2	4	32949
7947	-2	4	32953
7948	-2	4	32957
7949	-2	4	32961
7950	-2	4	32965
7951	-2	4	32969
7952	-2	4	32973
7953	-2	4	32977
7954	-2	4	32981
7955	-4	6	32987
7956	-2	4	32991
7957	-2	4	32995
7958	-2	4	32999
7959	-2	4	33003
7960	-2	4	33007
7961	-2	4	33011
7962	-2	4	33015
7963	-2	4	33019
7964	-2	4	33023
7965	-2	4	33027
7966	-2	4	33031
7967	-2	4	33035
7968	-2	4	33039
7969	-2	4	33043
7970	-2	4	33047
7971	-2	4	33051
7972	-2	4	33055
7973	-2	4	33059
7974	-2	4	33063
7975	-2	4	33067
7976	-2	4	33071
7977	-2	4	33075
7978	-2	4	33079
7979	-2	4	33083
7980	-2	4	33087
7981	-2	4	33091
7982	-4	6	33097
7983	-2	4	33101
7984	-2	4	33105
7985	-2	4	33109
7986	-2	4	33113
7987	-2	4	33117
7988	-2	4	33121
7989	-2	4	33125
7990	-2	4	33129
7991	-2	4	33133
7992	-2	4	33137
7993	-2	4	33141
7994	-2	4	33145
7995	-2	4	33149
7996	-2	4	33153
7997	-2	4	33157
7998	-2	4	33161
7999	-2	4	33165
8000	-2	4	33169
8001	-2	4	33173
8002	-2	4	33177
8003	-2	4	33181
8004	-2	4	33185
8005	-2	4	33189
8006	-2	4	33193
8007	-2	4	33197
8008	-2	4	33201
8009	-2	4	33205
8010	-2	4	33209
8011	-2	4	33213
8012	-2	4	33217
8013	-2	4	33221
8014	-2	4	33225
8015	-2	4	33229
8016	-2	4	33233
8017	-2	4	33237
8018	-2	4	33241
8019	-2	4	33245
8020	-2	4	33249
8021	-2	4	33253
8022	-2	4	33257
8023	-2	4	33261
8024	-2	4	33265
8025	-2	4	33269
8026	-2	4	33273
8027	-2	4	33277
8028	-2	4	33281
8029	-2	4	33285
8030	-2	4	33289
8031	-2	4	33293
8032	-2	4	33297
8033	-2	4	33301
8034	-2	4	33305
8035	-2	4	33309
8036	-2	4	33313
8037	-2	4	33317
8038	-2	4	33321
8039	-2	4	33325
8040	-2	4	33329
8041	-2	4	33333
8042	-2	4	33337
8043	-2	4	33341
8044	-2	4	33345
8045	-2	4	33349
8046	-2	4	33353
8047	-2	4	33357
8048	-2	4	33361
8049	-2	4	33365
8050	-2	4	33369
8051	-2	4	33373
8052	-4	6	33379
8053	-2	4	33383
8054	-2	4	33387
8055	-2	4	33391
8056	-2	4	33395
8057	-2	4	33399
8058	-2	4	33403
8059	-2	4	33407
8060	-2	4	33411
8061	-2	4	33415
8062	-2	4	33419
8063	-2	4	33423
8064	-2	4	33427
8065	-2	4	33431
8066	-2	4	33435
8067	-2	4	33439
8068	-2	4	33443
8069	-2	4	33447
8070	-2	4	33451
8071	-2	4	33455
8072	-2	4	33459
8073	-2	4	33463
8074	-2	4	33467
8075	-4	6	33473
8076	-2	4	33477
8077	-2	4	33481
8078	-2	4	33485
8079	-2	4	33489
8080	-2	4	33493
8081	-2	4	33497
8082	-4	6	33503
8083	-2	4	33507
8084	-2	4	33511
8085	-2	4	33515
8086	-2	4	33519
8087	-2	4	33523
8088	-2	4	33527
8089	-2	4	33531
8090	-2	4	33535
8091	-2	4	33539
8092	-2	4	33543
8093	-2	4	33547
8094	-2	4	33551
8095	-2	4	33555
8096	-2	4	33559
8097	-2	4	33563
8098	-3	5	33568
8099	-2	4	33572
8100	-2	4	33576
8101	-2	4	33580
8102	-2	4	33584
8103	-2	4	33588
8104	-2	4	33592
8105	-2	4	33596
8106	-2	4	33600
8107	-2	4	33604
8108	-2	4	33608
8109	-2	4	33612
8110	-2	4	33616
8111	-2	4	33620
8112	-2	4	33624
8113	-2	4	33628
8114	-2	4	33632
8115	-2	4	33636
8116	-2	4	33640
8117	-2	4	33644
8118	-2	4	33648
8119	-2	4	33652
8120	-2	4	33656
8121	-2	4	33660
8122	-2	4	33664
8123	-2	4	33668
8124	-2	4	33672
8125	-5	7	33679
8126	-2	4	33683
8127	-2	4	33687
8128	-2	4	33691
8129	-2	4	33695
8130	-2	4	33699
8131	-2	4	33703
8132	-2	4	33707
8133	-2	4	33711
8134	-2	4	33715
8135	-2	4	33719
8136	-2	4	33723
8137	-2	4	33727
8138	-2	4	33731
8139	-2	4	33735
8140	-2	4	33739
8141	-2	4	33743
8142	-2	4	33747
8143	-2	4	33751
8144	-2	4	33755
8145	-2	4	33759
8146	-2	4	33763
8147	-2	4	33767
8148	-2	4	33771
8149	-2	4	33775
8150	-2	4	33779
8151	-2	4	33783
8152	-2	4	33787
8153	-2	4	33791
8154	-2	4	33795
8155	-2	4	33799
8156	-2	4	33803
8157	-2	4	33807
8158	-2	4	33811
8159	-2	4	33815
8160	-2	4	33819
8161	-2	4	33823
8162	-2	4	33827
8163	-2	4	33831
8164	-2	4	33835
8165	-2	4	33839
8166	-2	4	33843
8167	-2	4	33847
8168	-2	4	33851
8169	-2	4	33855
8170	-2	4	33859
8171	-2	4	33863
8172	-2	4	33867
8173	-2	4	33871
8174	-2	4	33875
8175	-2	4	33879
8176	-2	4	33883
8177	-4	6	33889
8178	-2	4	33893
8179	-2	4	33897
8180	-2	4	33901
8181	-2	4	33905
8182	-2	4	33909
8183	-2	4	33913
8184	-2	4	33917
8185	-2	4	33921
8186	-2	4	33925
8187	-2	4	33929
8188	-2	4	33933
8189	-2	4	33937
8190	-2	4	33941
8191	-2	4	33945
8192	-2	4	33949
8193	-4	6	33955
8194	-2	4	33959
8195	-2	4	33963
8196	-2	4	33967
8197	-2	4	33971
8198	-2	4	33975
8199	-2	4	33979
8200	-2	4	33983
8201	-2	4	33987
8202	-2	4	33991
8203	-2	4	33995
8204	-2	4	33999
8205	-2	4	34003
8206	-4	6	34009
8207	-2	4	34013
8208	-2	4	34017
8209	-2	4	34021
8210	-2	4	34025
8211	-2	4	34029
8212	-2	4	34033
8213	-2	4	34037
8214	-2	4	34041
8215	-2	4	34045
8216	-4	6	34051
8217	-2	4	34055
8218	-2	4	34059
8219	-2	4	34063
8220	-2	4	34067
8221	-2	4	34071
8222	-2	4	34075
8223	-2	4	34079
8224	-2	4	34083
8225	-2	4	34087
8226	-2	4	34091
8227	-2	4	34095
8228	-2	4	34099
8229	-2	4	34103
8230	-2	4	34107
8231	-4	6	34113
8232	-2	4	34117
8233	-2	4	34121
8234	-2	4	34125
8235	-2	4	34129
8236	-2	4	34133
8237	-2	4	34137
8238	-2	4	34141
8239	-2	4	34145
8240	-2	4	34149
8241	-2	4	34153
8242	-2	4	34157
8243	-2	4	34161
8244	-3	5	34166
8245	-4	6	34172
8246	-2	4	34176
8247	-2	4	34180
8248	-2	4	34184
8249	-2	4	34188
8250	-2	4	34192
8251	-2	4	34196
8252	-2	4	34200
8253	-2	4	34204
8254	-2	4	34208
8255	-2	4	34212
8256	-2	4	34216
8257	-2	4	34220
8258	-2	4	34224
8259	-2	4	34228
8260	-2	4	34232
8261	-2	4	34236
8262	-2	4	34240
8263	-2	4	34244
8264	-2	4	34248
8265	-2	4	34252
8266	-2	4	34256
8267	-2	4	34260
8268	-2	4	34264
8269	-2	4	34268
8270	-2	4	34272
8271	-2	4	34276
8272	-2	4	34280
8273	-2	4	34284
8274	-4	6	34290
8275	-2	4	34294
8276	-2	4	34298
8277	-2	4	34302
8278	-2	4	34306
8279	-2	4	34310
8280	-3	5	34315
8281	-2	4	34319
8282	-2	4	34323
8283	-2	4	34327
8284	-2	4	34331
8285	-2	4	34335
8286	-2	4	34339
8287	-2	4	34343
8288	-4	6	34349
8289	-2	4	34353
8290	-2	4	34357
8291	-2	4	34361
8292	-2	4	34365
8293	-2	4	34369
8294	-2	4	34373
8295	-2	4	34377
8296	-2	4	34381
8297	-2	4	34385
8298	-2	4	34389
8299	-2	4	34393
8300	-2	4	34397
8301	-2	4	34401
8302	-2	4	34405
8303	-2	4	34409
8304	-2	4	34413
8305	-2	4	34417
8306	-2	4	34421
8307	-2	4	34425
8308	-2	4	34429
8309	-2	4	34433
8310	-2	4	34437
8311	-2	4	34441
8312	-2	4	34445
8313	-2	4	34449
8314	-4	6	34455
8315	-2	4	34459
8316	-2	4	34463
8317	-2	4	34467
8318	-2	4	34471
8319	-2	4	34475
8320	-2	4	34479
8321	-2	4	34483
8322	-2	4	34487
8323	-2	4	34491
8324	-2	4	34495
8325	-2	4	34499
8326	-2	4	34503
8327	-2	4	34507
8328	-2	4	34511
8329	-2	4	34515
8330	-2	4	34519
8331	-2	4	34523
8332	-2	4	34527
8333	-2	4	34531
8334	-2	4	34535
8335	-2	4	34539
8336	-2	4	34543
8337	-2	4	34547
8338	-2	4	34551
8339	-2	4	34555
8340	-2	4	34559
8341	-2	4	34563
8342	-2	4	34567
8343	-2	4	34571
8344	-2	4	34575
8345	-2	4	34579
8346	-4	6	34585
8347	-2	4	34589
8348	-2	4	34593
8349	-2	4	34597
8350	-2	4	34601
8351	-2	4	34605
8352	-2	4	34609
8353	-2	4	34613
8354	-2	4	34617
8355	-2	4	34621
8356	-2	4	34625
8357	-2	4	34629
8358	-2	4	34633
8359	-4	6	34639
8360	-2	4	34643
8361	-2	4	34647
8362	-2	4	34651
8363	-2	4	34655
8364	-2	4	34659
8365	-2	4	34663
8366	-2	4	34667
8367	-2	4	34671
8368	-2	4	34675
8369	-2	4	34679
8370	-2	4	34683
8371	-2	4	34687
8372	-2	4	34691
8373	-2	4	34695
8374	-2	4	34699
8375	-2	4	34703
8376	-2	4	34707
8377	-2	4	34711
8378	-2	4	34715
8379	-2	4	34719
8380	-2	4	34723
8381	-2	4	34727
8382	-4	6	34733
8383	-2	4	34737
8384	-2	4	34741
8385	-2	4	34745
8386	-2	4	34749
8387	-2	4	34753
8388	-2	4	34757
8389	-2	4	34761
8390	-2	4	34765
8391	-2	4	34769
8392	-2	4	34773
8393	-2	4	34777
8394	-2	4	34781
8395	-2	4	34785
8396	-4	6	34791
8397	-2	4	34795
8398	-2	4	34799
8399	-2	4	34803
8400	-2	4	34807
8401	-2	4	34811
8402	-2	4	34815
8403	-2	4	34819
8404	-2	4	34823
8405	-2	4	34827
8406	-2	4	34831
8407	-2	4	34835
8408	-2	4	34839
8409	-2	4	34843
8410	-2	4	34847
8411	-2	4	34851
8412	-2	4	34855
8413	-2	4	34859
8414	-2	4	34863
8415	-2	4	34867
8416	-2	4	34871
8417	-2	4	34875
8418	-2	4	34879
8419	-2	4	34883
8420	-2	4	34887
8421	-2	4	34891
8422	-2	4	34895
8423	-2	4	34899
8424	-2	4	34903
8425	-2	4	34907
8426	-2	4	34911
8427	-2	4	34915
8428	-2	4	34919
8429	-2	4	34923
8430	-2	4	34927
8431	-2	4	34931
8432	-2	4	34935
8433	-2	4	34939
8434	-4	6	34945
8435	-2	4	34949
8436	-3	5	34954
8437	-4	6	34960
8438	-2	4	34964
8439	-2	4	34968
8440	-2	4	34972
8441	-2	4	34976
8442	-2	4	34980
8443	-2	4	34984
8444	-2	4	34988
8445	-2	4	34992
8446	-2	4	34996
8447	-2	4	35000
8448	-4	6	35006
8449	-2	4	35010
8450	-2	4	35014
8451	-2	4	35018
8452	-2	4	35022
8453	-2	4	35026
8454	-2	4	35030
8455	-2	4	35034
8456	-2	4	35038
8457	-2	4	35042
8458	-2	4	35046
8459	-3	5	35051
8460	-2	4	35055
8461	-2	4	35059
8462	-2	4	35063
8463	-2	4	35067
8464	-2	4	35071
8465	-2	4	35075
8466	-2	4	35079
8467	-2	4	35083
8468	-2	4	35087
8469	-3	5	35092
8470	-3	5	35097
8471	-2	4	35101
8472	-3	5	35106
8473	-2	4	35110
8474	-2	4	35114
8475	-2	4	35118
8476	-2	4	35122
8477	-2	4	35126
8478	-4	6	35132
8479	-2	4	35136
8480	-2	4	35140
8481	-2	4	35144
8482	-2	4	35148
8483	-2	4	35152
8484	-2	4	35156
8485	-2	4	35160
8486	-2	4	35164
8487	-2	4	35168
8488	-2	4	35172
8489	-2	4	35176
8490	-2	4	35180
8491	-2	4	35184
8492	-2	4	35188
8493	-2	4	35192
8494	-2	4	35196
8495	-2	4	35200
8496	-2	4	35204
8497	-2	4	35208
8498	-2	4	35212
8499	-2	4	35216
8500	-2	4	35220
8501	-2	4	35224
8502	-2	4	35228
8503	-2	4	35232
8504	-2	4	35236
8505	-2	4	35240
8506	-2	4	35244
8507	-2	4	35248
8508	-2	4	35252
8509	-2	4	35256
8510	-2	4	35260
8511	-2	4	35264
8512	-2	4	35268
8513	-2	4	35272
8514	-4	6	35278
8515	-2	4	35282
8516	-2	4	35286
8517	-2	4	35290
8518	-2	4	35294
8519	-2	4	35298
8520	-2	4	35302
8521	-2	4	35306
8522	-2	4	35310
8523	-2	4	35314
8524	-2	4	35318
8525	-2	4	35322
8526	-2	4	35326
8527	-2	4	35330
8528	-2	4	35334
8529	-2	4	35338
8530	-2	4	35342
8531	-2	4	35346
8532	-2	4	35350
8533	-2	4	35354
8534	-2	4	35358
8535	-2	4	35362
8536	-2	4	35366
8537	-2	4	35370
8538	-2	4	35374
8539	-2	4	35378
8540	-2	4	35382
8541	-2	4	35386
8542	-2	4	35390
8543	-2	4	35394
8544	-2	4	35398
8545	-2	4	35402
8546	-2	4	35406
8547	-2	4	35410
8548	-2	4	35414
8549	-2	4	35418
8550	-2	4	35422
8551	-2	4	35426
8552	-2	4	35430
8553	-2	4	35434
8554	-2	4	35438
8555	-2	4	35442
8556	-2	4	35446
8557	-2	4	35450
8558	-2	4	35454
8559	-2	4	35458
8560	-2	4	35462
8561	-2	4	35466
8562	-2	4	35470
8563	-2	4	35474
8564	-2	4	35478
8565	-2	4	35482
8566	-2	4	35486
8567	-2	4	35490
8568	-2	4	35494
8569	-2	4	35498
8570	-2	4	35502
8571	-2	4	35506
8572	-2	4	35510
8573	-2	4	35514
8574	-2	4	35518
8575	-2	4	35522
8576	-2	4	35526
8577	-2	4	35530
8578	-2	4	35534
8579	-2	4	35538
8580	-2	4	35542
8581	-2	4	35546
8582	-4	6	35552
8583	-2	4	35556
8584	-2	4	35560
8585	-4	6	35566
8586	-2	4	35570
8587	-2	4	35574
8588	-2	4	35578
8589	-2	4	35582
8590	-2	4	35586
8591	-2	4	35590
8592	-2	4	35594
8593	-2	4	35598
8594	-2	4	35602
8595	-2	4	35606
8596	-2	4	35610
8597	-2	4	35614
8598	-2	4	35618
8599	-2	4	35622
8600	-2	4	35626
8601	-2	4	35630
8602	-2	4	35634
8603	-2	4	35638
8604	-2	4	35642
8605	-2	4	35646
8606	-2	4	35650
8607	-2	4	35654
8608	-2	4	35658
8609	-2	4	35662
8610	-2	4	35666
8611	-2	4	35670
8612	-2	4	35674
8613	-2	4	35678
8614	-2	4	35682
8615	-4	6	35688
8616	-2	4	35692
8617	-2	4	35696
8618	-2	4	35700
8619	-2	4	35704
8620	-2	4	35708
8621	-2	4	35712
8622	-2	4	35716
8623	-2	4	35720
8624	-2	4	35724
8625	-2	4	35728
8626	-2	4	35732
8627	-2	4	35736
8628	-2	4	35740
8629	-2	4	35744
8630	-2	4	35748
8631	-2	4	35752
8632	-2	4	35756
8633	-2	4	35760
8634	-2	4	35764
8635	-2	4	35768
8636	-2	4	35772
8637	-2	4	35776
8638	-2	4	35780
8639	-2	4	35784
8640	-2	4	35788
8641	-2	4	35792
8642	-2	4	35796
8643	-2	4	35800
8644	-2	4	35804
8645	-2	4	35808
8646	-2	4	35812
8647	-4	6	35818
8648	-2	4	35822
8649	-2	4	35826
8650	-2	4	35830
8651	-2	4	35834
8652	-2	4	35838
8653	-2	4	35842
8654	-2	4	35846
8655	-2	4	35850
8656	-2	4	35854
8657	-2	4	35858
8658	-2	4	35862
8659	-2	4	35866
8660	-2	4	35870
8661	-2	4	35874
8662	-2	4	35878
8663	-2	4	35882
8664	-4	6	35888
8665	-2	4	35892
8666	-2	4	35896
8667	-2	4	35900
8668	-2	4	35904
8669	-2	4	35908
8670	-2	4	35912
8671	-2	4	35916
8672	-2	4	35920
8673	-2	4	35924
8674	-4	6	35930
8675	-2	4	35934
8676	-2	4	35938
8677	-2	4	35942
8678	-3	5	35947
8679	-2	4	35951
8680	-2	4	35955
8681	-2	4	35959
8682	-2	4	35963
8683	-2	4	35967
8684	-2	4	35971
8685	-2	4	35975
8686	-2	4	35979
8687	-2	4	35983
8688	-4	6	35989
8689	-2	4	35993
8690	-2	4	35997
8691	-2	4	36001
8692	-2	4	36005
8693	-2	4	36009
8694	-2	4	36013
8695	-2	4	36017
8696	-2	4	36021
8697	-2	4	36025
8698	-2	4	36029
8699	-2	4	36033
8700	-2	4	36037
8701	-2	4	36041
8702	-4	6	36047
8703	-2	4	36051
8704	-2	4	36055
8705	-2	4	36059
8706	-2	4	36063
8707	-2	4	36067
8708	-2	4	36071
8709	-2	4	36075
8710	-2	4	36079
8711	-2	4	36083
8712	-2	4	36087
8713	-2	4	36091
8714	-2	4	36095
8715	-2	4	36099
8716	-2	4	36103
8717	-2	4	36107
8718	-2	4	36111
8719	-2	4	36115
8720	-2	4	36119
8721	-2	4	36123
8722	-2	4	36127
8723	-2	4	36131
8724	-2	4	36135
8725	-2	4	36139
8726	-2	4	36143
8727	-2	4	36147
8728	-2	4	36151
8729	-2	4	36155
8730	-2	4	36159
8731	-2	4	36163
8732	-2	4	36167
8733	-2	4	36171
8734	-2	4	36175
8735	-2	4	36179
8736	-2	4	36183
8737	-2	4	36187
8738	-2	4	36191
8739	-3	5	36196
8740	-2	4	36200
8741	-2	4	36204
8742	-2	4	36208
8743	-2	4	36212
8744	-2	4	36216
8745	-2	4	36220
8746	-2	4	36224
8747	-2	4	36228
8748	-2	4	36232
8749	-2	4	36236
8750	-2	4	36240
8751	-2	4	36244
8752	-2	4	36248
8753	-2	4	36252
8754	-2	4	36256
8755	-2	4	36260
8756	-2	4	36264
8757	-2	4	36268
8758	-2	4	36272
8759	-2	4	36276
8760	-2	4	36280
8761	-2	4	36284
8762	-2	4	36288
8763	-2	4	36292
8764	-2	4	36296
8765	-2	4	36300
8766	-2	4	36304
8767	-2	4	36308
8768	-2	4	36312
8769	-2	4	36316
8770	-2	4	36320
8771	-2	4	36324
8772	-2	4	36328
8773	-2	4	36332
8774	-4	6	36338
8775	-2	4	36342
8776	-2	4	36346
8777	-2	4	36350
8778	-2	4	36354
8779	-2	4	36358
8780	-2	4	36362
8781	-2	4	36366
8782	-2	4	36370
8783	-2	4	36374
8784	-2	4	36378
8785	-2	4	36382
8786	-2	4	36386
8787	-2	4	36390
8788	-2	4	36394
8789	-2	4	36398
8790	-2	4	36402
8791	-2	4	36406
8792	-2	4	36410
8793	-2	4	36414
8794	-2	4	36418
8795	-2	4	36422
8796	-2	4	36426
8797	-3	5	36431
8798	-2	4	36435
8799	-2	4	36439
8800	-2	4	36443
8801	-2	4	36447
8802	-2	4	36451
8803	-2	4	36455
8804	-4	6	36461
8805	-2	4	36465
8806	-2	4	36469
8807	-2	4	36473
8808	-2	4	36477
8809	-4	6	36483
8810	-2	4	36487
8811	-2	4	36491
8812	-2	4	36495
8813	-2	4	36499
8814	-2	4	36503
8815	-2	4	36507
8816	-2	4	36511
8817	-2	4	36515
8818	-2	4	36519
8819	-2	4	36523
8820	-2	4	36527
8821	-2	4	36531
8822	-2	4	36535
8823	-2	4	36539
8824	-4	6	36545
8825	-2	4	36549
8826	-2	4	36553
8827	-2	4	36557
8828	-2	4	36561
8829	-2	4	36565
8830	-2	4	36569
8831	-2	4	36573
8832	-2	4	36577
8833	-2	4	36581
8834	-2	4	36585
8835	-2	4	36589
8836	-4	6	36595
8837	-2	4	36599
8838	-2	4	36603
8839	-2	4	36607
8840	-2	4	36611
8841	-2	4	36615
8842	-2	4	36619
8843	-2	4	36623
8844	-2	4	36627
8845	-2	4	36631
8846	-2	4	36635
8847	-2	4	36639
8848	-2	4	36643
8849	-2	4	36647
8850	-2	4	36651
8851	-4	6	36657
8852	-4	6	36663
8853	-2	4	36667
8854	-2	4	36671
8855	-2	4	36675
8856	-2	4	36679
8857	-2	4	36683
8858	-2	4	36687
8859	-2	4	36691
8860	-2	4	36695
8861	-2	4	36699
8862	-2	4	36703
8863	-2	4	36707
8864	-2	4	36711
8865	-2	4	36715
8866	-2	4	36719
8867	-2	4	36723
8868	-2	4	36727
8869	-2	4	36731
8870	-4	6	36737
8871	-2	4	36741
8872	-2	4	36745
8873	-2	4	36749
8874	-2	4	36753
8875	-2	4	36757
8876	-2	4	36761
8877	-2	4	36765
8878	-2	4	36769
8879	-2	4	36773
8880	-2	4	36777
8881	-2	4	36781
8882	-4	6	36787
8883	-2	4	36791
8884	-2	4	36795
8885	-2	4	36799
8886	-2	4	36803
8887	-2	4	36807
8888	-2	4	36811
8889	-2	4	36815
8890	-2	4	36819
8891	-2	4	36823
8892	-2	4	36827
8893	-2	4	36831
8894	-2	4	36835
8895	-2	4	36839
8896	-4	6	36845
8897	-2	4	36849
8898	-2	4	36853
8899	-2	4	36857
8900	-2	4	36861
8901	-2	4	36865
8902	-2	4	36869
8903	-2	4	36873
8904	-2	4	36877
8905	-2	4	36881
8906	-2	4	36885
8907	-2	4	36889
8908	-2	4	36893
8909	-4	6	36899
8910	-2	4	36903
8911	-2	4	36907
8912	-2	4	36911
8913	-2	4	36915
8914	-2	4	36919
8915	-2	4	36923
8916	-2	4	36927
8917	-2	4	36931
8918	-2	4	36935
8919	-2	4	36939
8920	-2	4	36943
8921	-2	4	36947
8922	-2	4	36951
8923	-2	4	36955
8924	-2	4	36959
8925	-2	4	36963
8926	-2	4	36967
8927	-2	4	36971
8928	-2	4	36975
8929	-2	4	36979
8930	-2	4	36983
8931	-2	4	36987
8932	-2	4	36991
8933	-2	4	36995
8934	-2	4	36999
8935	-2	4	37003
8936	-2	4	37007
8937	-2	4	37011
8938	-2	4	37015
8939	-2	4	37019
8940	-2	4	37023
8941	-2	4	37027
8942	-2	4	37031
8943	-2	4	37035
8944	-2	4	37039
8945	-2	4	37043
8946	-2	4	37047
8947	-2	4	37051
8948	-2	4	37055
8949	-2	4	37059
8950	-2	4	37063
8951	-4	6	37069
8952	-2	4	37073
8953	-2	4	37077
8954	-2	4	37081
8955	-2	4	37085
8956	-2	4	37089
8957	-2	4	37093
8958	-2	4	37097
8959	-2	4	37101
8960	-2	4	37105
8961	-2	4	37109
8962	-2	4	37113
8963	-2	4	37117
8964	-2	4	37121
8965	-2	4	37125
8966	-2	4	37129
8967	-2	4	37133
8968	-4	6	37139
8969	-2	4	37143
8970	-2	4	37147
8971	-4	6	37153
8972	-2	4	37157
8973	-2	4	37161
8974	-2	4	37165
8975	-2	4	37169
8976	-4	6	37175
8977	-2	4	37179
8978	-2	4	37183
8979	-2	4	37187
8980	-3	5	37192
8981	-2	4	37196
8982	-2	4	37200
8983	-2	4	37204
8984	-2	4	37208
8985	-2	4	37212
8986	-2	4	37216
8987	-2	4	37220
8988	-2	4	37224
8989	-2	4	37228
8990	-2	4	37232
8991	-2	4	37236
8992	-2	4	37240
8993	-2	4	37244
8994	-2	4	37248
8995	-2	4	37252
8996	-2	4	37256
8997	-3	5	37261
8998	-2	4	37265
8999	-2	4	37269
9000	-2	4	37273
9001	-2	4	37277
9002	-2	4	37281
9003	-2	4	37285
9004	-2	4	37289
9005	-2	4	37293
9006	-2	4	37297
9007	-2	4	37301
9008	-2	4	37305
9009	-2	4	37309
9010	-2	4	37313
9011	-2	4	37317
9012	-2	4	37321
9013	-2	4	37325
9014	-2	4	37329
9015	-2	4	37333
9016	-2	4	37337
9017	-2	4	37341
9018	-2	4	37345
9019	-2	4	37349
9020	-2	4	37353
9021	-2	4	37357
9022	-2	4	37361
9023	-2	4	37365
9024	-2	4	37369
9025	-2	4	37373
9026	-2	4	37377
9027	-2	4	37381
9028	-2	4	37385
9029	-2	4	37389
9030	-2	4	37393
9031	-2	4	37397
9032	-2	4	37401
9033	-2	4	37405
9034	-2	4	37409
9035	-2	4	37413
9036	-2	4	37417
9037	-2	4	37421
9038	-2	4	37425
9039	-2	4	37429
9040	-2	4	37433
9041	-2	4	37437
9042	-2	4	37441
9043	-2	4	37445
9044	-4	6	37451
9045	-2	4	37455
9046	-2	4	37459
9047	-2	4	37463
9048	-2	4	37467
9049	-2	4	37471
9050	-2	4	37475
9051	-2	4	37479
9052	-2	4	37483
9053	-2	4	37487
9054	-2	4	37491
9055	-2	4	37495
9056	-2	4	37499
9057	-2	4	37503
9058	-2	4	37507
9059	-2	4	37511
9060	-2	4	37515
9061	-2	4	37519
9062	-2	4	37523
9063	-2	4	37527
9064	-2	4	37531
9065	-2	4	37535
9066	-3	5	37540
9067	-2	4	37544
9068	-2	4	37548
9069	-2	4	37552
9070	-2	4	37556
9071	-2	4	37560
9072	-2	4	37564
9073	-2	4	37568
9074	-2	4	37572
9075	-2	4	37576
9076	-2	4	37580
9077	-2	4	37584
9078	-2	4	37588
9079	-2	4	37592
9080	-2	4	37596
9081	-2	4	37600
9082	-2	4	37604
9083	-2	4	37608
9084	-2	4	37612
9085	-2	4	37616
9086	-2	4	37620
9087	-2	4	37624
9088	-2	4	37628
9089	-2	4	37632
9090	-3	5	37637
9091	-2	4	37641
9092	-4	6	37647
9093	-2	4	37651
9094	-2	4	37655
9095	-2	4	37659
9096	-2	4	37663
9097	-4	6	37669
9098	-2	4	37673
9099	-2	4	37677
9100	-2	4	37681
9101	-2	4	37685
9102	-2	4	37689
9103	-2	4	37693
9104	-2	4	37697
9105	-2	4	37701
9106	-4	6	37707
9107	-2	4	37711
9108	-2	4	37715
9109	-2	4	37719
9110	-2	4	37723
9111	-2	4	37727
9112	-2	4	37731
9113	-2	4	37735
9114	-2	4	37739
9115	-2	4	37743
9116	-2	4	37747
9117	-2	4	37751
9118	-2	4	37755
9119	-2	4	37759
9120	-4	6	37765
9121	-2	4	37769
9122	-2	4	37773
9123	-2	4	37777
9124	-2	4	37781
9125	-2	4	37785
9126	-2	4	37789
9127	-2	4	37793
9128	-2	4	37797
9129	-2	4	37801
9130	-2	4	37805
9131	-2	4	37809
9132	-2	4	37813
9133	-2	4	37817
9134	-2	4	37821
9135	-2	4	37825
9136	-2	4	37829
9137	-2	4	37833
9138	-3	5	37838
9139	-4	6	37844
9140	-2	4	37848
9141	-2	4	37852
9142	-2	4	37856
9143	-2	4	37860
9144	-2	4	37864
9145	-2	4	37868
9146	-2	4	37872
9147	-2	4	37876
9148	-2	4	37880
9149	-2	4	37884
9150	-2	4	37888
9151	-2	4	37892
9152	-2	4	37896
9153	-2	4	37900
9154	-2	4	37904
9155	-2	4	37908
9156	-2	4	37912
9157	-2	4	37916
9158	-2	4	37920
9159	-2	4	37924
9160	-4	6	37930
9161	-3	5	37935
9162	-2	4	37939
9163	-2	4	37943
9164	-2	4	37947
9165	-2	4	37951
9166	-2	4	37955
9167	-2	4	37959
9168	-4	6	37965
9169	-2	4	37969
9170	-2	4	37973
9171	-2	4	37977
9172	-2	4	37981
9173	-2	4	37985
9174	-2	4	37989
9175	-4	6	37995
9176	-2	4	37999
9177	-2	4	38003
9178	-2	4	38007
9179	-2	4	38011
9180	-2	4	38015
9181	-2	4	38019
9182	-2	4	38023
9183	-2	4	38027
9184	-2	4	38031
9185	-2	4	38035
9186	-2	4	38039
9187	-2	4	38043
9188	-2	4	38047
9189	-2	4	38051
9190	-2	4	38055
9191	-2	4	38059
9192	-2	4	38063
9193	-2	4	38067
9194	-2	4	38071
9195	-2	4	38075
9196	-2	4	38079
9197	-2	4	38083
9198	-2	4	38087
9199	-2	4	38091
9200	-2	4	38095
9201	-2	4	38099
9202	-2	4	38103
9203	-2	4	38107
9204	-2	4	38111
9205	-2	4	38115
9206	-4	6	38121
9207	-2	4	38125
9208	-2	4	38129
9209	-2	4	38133
9210	-2	4	38137
9211	-2	4	38141
9212	-2	4	38145
9213	-2	4	38149
9214	-2	4	38153
9215	-2	4	38157
9216	-2	4	38161
9217	-2	4	38165
9218	-2	4	38169
9219	-2	4	38173
9220	-4	6	38179
9221	-2	4	38183
9222	-2	4	38187
9223	-2	4	38191
9224	-2	4	38195
9225	-2	4	38199
9226	-2	4	38203
9227	-2	4	38207
9228	-2	4	38211
9229	-2	4	38215
9230	-2	4	38219
9231	-2	4	38223
9232	-2	4	38227
9233	-2	4	38231
9234	-2	4	38235
9235	-2	4	38239
9236	-2	4	38243
9237	-2	4	38247
9238	-2	4	38251
9239	-2	4	38255
9240	-2	4	38259
9241	-2	4	38263
9242	-2	4	38267
9243	-2	4	38271
9244	-2	4	38275
9245	-2	4	38279
9246	-2	4	38283
9247	-2	4	38287
9248	-2	4	38291
9249	-2	4	38295
9250	-2	4	38299
9251	-2	4	38303
9252	-2	4	38307
9253	-2	4	38311
9254	-2	4	38315
9255	-2	4	38319
9256	-4	6	38325
9257	-4	6	38331
9258	-2	4	38335
9259	-2	4	38339
9260	-2	4	38343
9261	-2	4	38347
9262	-2	4	38351
9263	-2	4	38355
9264	-2	4	38359
9265	-2	4	38363
9266	-2	4	38367
9267	-2	4	38371
9268	-2	4	38375
9269	-2	4	38379
9270	-2	4	38383
9271	-2	4	38387
9272	-2	4	38391
9273	-2	4	38395
9274	-2	4	38399
9275	-2	4	38403
9276	-2	4	38407
9277	-2	4	38411
9278	-2	4	38415
9279	-2	4	38419
9280	-2	4	38423
9281	-2	4	38427
9282	-2	4	38431
9283	-2	4	38435
9284	-2	4	38439
9285	-2	4	38443
9286	-2	4	38447
9287	-2	4	38451
9288	-2	4	38455
9289	-2	4	38459
9290	-4	6	38465
9291	-2	4	38469
9292	-2	4	38473
9293	-2	4	38477
9294	-2	4	38481
9295	-2	4	38485
9296	-2	4	38489
9297	-2	4	38493
9298	-2	4	38497
9299	-4	6	38503
9300	-2	4	38507
9301	-2	4	38511
9302	-2	4	38515
9303	-2	4	38519
9304	-2	4	38523
9305	-2	4	38527
9306	-2	4	38531
9307	-2	4	38535
9308	-2	4	38539
9309	-2	4	38543
9310	-2	4	38547
9311	-2	4	38551
9312	-6	8	38559
9313	-2	4	38563
9314	-2	4	38567
9315	-2	4	38571
9316	-2	4	38575
9317	-2	4	38579
9318	-2	4	38583
9319	-2	4	38587
9320	-2	4	38591
9321	-2	4	38595
9322	-2	4	38599
9323	-2	4	38603
9324	-4	6	38609
9325	-2	4	38613
9326	-2	4	38617
9327	-2	4	38621
9328	-2	4	38625
9329	-3	5	38630
9330	-2	4	38634
9331	-2	4	38638
9332	-2	4	38642
9333	-2	4	38646
9334	-2	4	38650
9335	-2	4	38654
9336	-2	4	38658
9337	-2	4	38662
9338	-2	4	38666
9339	-2	4	38670
9340	-2	4	38674
9341	-2	4	38678
9342	-2	4	38682
9343	-2	4	38686
9344	-2	4	38690
9345	-2	4	38694
9346	-2	4	38698
9347	-2	4	38702
9348	-2	4	38706
9349	-2	4	38710
9350	-2	4	38714
9351	-4	6	38720
9352	-2	4	38724
9353	-2	4	38728
9354	-2	4	38732
9355	-4	6	38738
9356	-2	4	38742
9357	-4	6	38748
9358	-2	4	38752
9359	-2	4	38756
9360	-2	4	38760
9361	-2	4	38764
9362	-2	4	38768
9363	-2	4	38772
9364	-2	4	38776
9365	-2	4	38780
9366	-2	4	38784
9367	-2	4	38788
9368	-2	4	38792
9369	-2	4	38796
9370	-2	4	38800
9371	-2	4	38804
9372	-2	4	38808
9373	-3	5	38813
9374	-2	4	38817
9375	-2	4	38821
9376	-2	4	38825
9377	-2	4	38829
9378	-2	4	38833
9379	-2	4	38837
9380	-2	4	38841
9381	-2	4	38845
9382	-2	4	38849
9383	-2	4	38853
9384	-4	6	38859
9385	-2	4	38863
9386	-2	4	38867
9387	-2	4	38871
9388	-3	5	38876
9389	-2	4	38880
9390	-2	4	38884
9391	-2	4	38888
9392	-2	4	38892
9393	-2	4	38896
9394	-2	4	38900
9395	-2	4	38904
9396	-2	4	38908
9397	-2	4	38912
9398	-2	4	38916
9399	-2	4	38920
9400	-2	4	38924
9401	-2	4	38928
9402	-2	4	38932
9403	-2	4	38936
9404	-2	4	38940
9405	-2	4	38944
9406	-2	4	38948
9407	-2	4	38952
9408	-2	4	38956
9409	-2	4	38960
9410	-2	4	38964
9411	-2	4	38968
9412	-2	4	38972
9413	-2	4	38976
9414	-2	4	38980
9415	-2	4	38984
9416	-2	4	38988
9417	-2	4	38992
9418	-2	4	38996
9419	-2	4	39000
9420	-2	4	39004
9421	-2	4	39008
9422	-2	4	39012
9423	-2	4	39016
9424	-2	4	39020
9425	-2	4	39024
9426	-2	4	39028
9427	-2	4	39032
9428	-2	4	39036
9429	-2	4	39040
9430	-2	4	39044
9431	-2	4	39048
9432	-2	4	39052
9433	-2	4	39056
9434	-2	4	39060
9435	-2	4	39064
9436	-2	4	39068
9437	-2	4	39072
9438	-2	4	39076
9439	-2	4	39080
9440	-2	4	39084
9441	-2	4	39088
9442	-2	4	39092
9443	-2	4	39096
9444	-2	4	39100
9445	-6	8	39108
9446	-2	4	39112
9447	-2	4	39116
9448	-2	4	39120
9449	-2	4	39124
9450	-3	5	39129
9451	-2	4	39133
9452	-2	4	39137
9453	-2	4	39141
9454	-2	4	39145
9455	-2	4	39149
9456	-2	4	39153
9457	-2	4	39157
9458	-4	6	39163
9459	-4	6	39169
9460	-2	4	39173
9461	-2	4	39177
9462	-2	4	39181
9463	-2	4	39185
9464	-2	4	39189
9465	-2	4	39193
9466	-2	4	39197
9467	-2	4	39201
9468	-2	4	39205
9469	-2	4	39209
9470	-2	4	39213
9471	-2	4	39217
9472	-2	4	39221
9473	-2	4	39225
9474	-2	4	39229
9475	-2	4	39233
9476	-2	4	39237
9477	-2	4	39241
9478	-2	4	39245
9479	-2	4	39249
9480	-2	4	39253
9481	-2	4	39257
9482	-2	4	39261
9483	-2	4	39265
9484	-2	4	39269
9485	-2	4	39273
9486	-2	4	39277
9487	-3	5	39282
9488	-2	4	39286
9489	-2	4	39290
9490	-2	4	39294
9491	-2	4	39298
9492	-2	4	39302
9493	-2	4	39306
9494	-2	4	39310
9495	-2	4	39314
9496	-2	4	39318
9497	-2	4	39322
9498	-2	4	39326
9499	-2	4	39330
9500	-4	6	39336
9501	-2	4	39340
9502	-2	4	39344
9503	-2	4	39348
9504	-2	4	39352
9505	-2	4	39356
9506	-2	4	39360
9507	-2	4	39364
9508	-2	4	39368
9509	-2	4	39372
9510	-2	4	39376
9511	-2	4	39380
9512	-4	6	39386
9513	-2	4	39390
9514	-2	4	39394
9515	-2	4	39398
9516	-2	4	39402
9517	-2	4	39406
9518	-2	4	39410
9519	-2	4	39414
9520	-2	4	39418
9521	-2	4	39422
9522	-2	4	39426
9523	-2	4	39430
9524	-2	4	39434
9525	-2	4	39438
9526	-5	7	39445
9527	-2	4	39449
9528	-2	4	39453
9529	-2	4	39457
9530	-2	4	39461
9531	-2	4	39465
9532	-2	4	39469
9533	-2	4	39473
9534	-2	4	39477
9535	-2	4	39481
9536	-2	4	39485
9537	-2	4	39489
9538	-2	4	39493
9539	-2	4	39497
9540	-2	4	39501
9541	-2	4	39505
9542	-2	4	39509
9543	-2	4	39513
9544	-2	4	39517
9545	-2	4	39521
9546	-2	4	39525
9547	-2	4	39529
9548	-4	6	39535
9549	-2	4	39539
9550	-2	4	39543
9551	-4	6	39549
9552	-2	4	39553
9553	-2	4	39557
9554	-2	4	39561
9555	-2	4	39565
9556	-4	6	39571
9557	-2	4	39575
9558	-2	4	39579
9559	-2	4	39583
9560	-2	4	39587
9561	-2	4	39591
9562	-2	4	39595
9563	-2	4	39599
9564	-2	4	39603
9565	-2	4	39607
9566	-2	4	39611
9567	-2	4	39615
9568	-2	4	39619
9569	-2	4	39623
9570	-2	4	39627
9571	-2	4	39631
9572	-4	6	39637
9573	-2	4	39641
9574	-2	4	39645
9575	-2	4	39649
9576	-2	4	39653
9577	-2	4	39657
9578	-2	4	39661
9579	-2	4	39665
9580	-2	4	39669
9581	-2	4	39673
9582	-2	4	39677
9583	-2	4	39681
9584	-2	4	39685
9585	-2	4	39689
9586	-2	4	39693
9587	-2	4	39697
9588	-2	4	39701
9589	-2	4	39705
9590	-4	6	39711
9591	-2	4	39715
9592	-2	4	39719
9593	-2	4	39723
9594	-2	4	39727
9595	-2	4	39731
9596	-2	4	39735
9597	-4	6	39741
9598	-2	4	39745
9599	-2	4	39749
9600	-2	4	39753
9601	-2	4	39757
9602	-2	4	39761
9603	-2	4	39765
9604	-2	4	39769
9605	-2	4	39773
9606	-2	4	39777
9607	-2	4	39781
9608	-2	4	39785
9609	-2	4	39789
9610	-2	4	39793
9611	-2	4	39797
9612	-2	4	39801
9613	-2	4	39805
9614	-2	4	39809
9615	-4	6	39815
9616	-2	4	39819
9617	-2	4	39823
9618	-2	4	39827
9619	-2	4	39831
9620	-2	4	39835
9621	-2	4	39839
9622	-2	4	39843
9623	-2	4	39847
9624	-2	4	39851
9625	-2	4	39855
9626	-2	4	39859
9627	-2	4	39863
9628	-2	4	39867
9629	-2	4	39871
9630	-2	4	39875
9631	-2	4	39879
9632	-4	6	39885
9633	-2	4	39889
9634	-2	4	39893
9635	-2	4	39897
9636	-2	4	39901
9637	-2	4	39905
9638	-2	4	39909
9639	-4	6	39915
9640	-2	4	39919
9641	-2	4	39923
9642	-2	4	39927
9643	-2	4	39931
9644	-2	4	39935
9645	-2	4	39939
9646	-2	4	39943
9647	-2	4	39947
9648	-2	4	39951
9649	-2	4	39955
9650	-2	4	39959
9651	-2	4	39963
9652	-2	4	39967
9653	-2	4	39971
9654	-2	4	39975
9655	-2	4	39979
9656	-2	4	39983
9657	-4	6	39989
9658	-2	4	39993
9659	-2	4	39997
9660	-2	4	40001
9661	-2	4	40005
9662	-2	4	40009
9663	-2	4	40013
9664	-2	4	40017
9665	-2	4	40021
9666	-2	4	40025
9667	-2	4	40029
9668	-2	4	40033
9669	-2	4	40037
9670	-2	4	40041
9671	-2	4	40045
9672	-4	6	40051
9673	-2	4	40055
9674	-2	4	40059
9675	-2	4	40063
9676	-2	4	40067
9677	-2	4	40071
9678	-2	4	40075
9679	-2	4	40079
9680	-2	4	40083
9681	-2	4	40087
9682	-3	5	40092
9683	-2	4	40096
9684	-2	4	40100
9685	-5	7	40107
9686	-2	4	40111
9687	-2	4	40115
9688	-2	4	40119
9689	-2	4	40123
9690	-2	4	40127
9691	-2	4	40131
9692	-3	5	40136
9693	-2	4	40140
9694	-2	4	40144
9695	-2	4	40148
9696	-2	4	40152
9697	-2	4	40156
9698	-2	4	40160
9699	-2	4	40164
9700	-4	6	40170
9701	-2	4	40174
9702	-2	4	40178
9703	-2	4	40182
9704	-2	4	40186
9705	-2	4	40190
9706	-2	4	40194
9707	-2	4	40198
9708	-2	4	40202
9709	-2	4	40206
9710	-2	4	40210
9711	-2	4	40214
9712	-2	4	40218
9713	-2	4	40222
9714	-2	4	40226
9715	-2	4	40230
9716	-2	4	40234
9717	-2	4	40238
9718	-2	4	40242
9719	-2	4	40246
9720	-2	4	40250
9721	-2	4	40254
9722	-4	6	40260
9723	-2	4	40264
9724	-2	4	40268
9725	-2	4	40272
9726	-2	4	40276
9727	-2	4	40280
9728	-2	4	40284
9729	-2	4	40288
9730	-2	4	40292
9731	-2	4	40296
9732	-2	4	40300
9733	-2	4	40304
9734	-2	4	40308
9735	-2	4	40312
9736	-2	4	40316
9737	-2	4	40320
9738	-2	4	40324
9739	-2	4	40328
9740	-2	4	40332
9741	-2	4	40336
9742	-2	4	40340
9743	-2	4	40344
9744	-2	4	40348
9745	-2	4	40352
9746	-2	4	40356
9747	-2	4	40360
9748	-2	4	40364
9749	-2	4	40368
9750	-2	4	40372
9751	-2	4	40376
9752	-2	4	40380
9753	-2	4	40384
9754	-2	4	40388
9755	-2	4	40392
9756	-2	4	40396
9757	-2	4	40400
9758	-2	4	40404
9759	-2	4	40408
9760	-2	4	40412
9761	-2	4	40416
9762	-2	4	40420
9763	-2	4	40424
9764	-2	4	40428
9765	-2	4	40432
9766	-2	4	40436
9767	-2	4	40440
9768	-2	4	40444
9769	-2	4	40448
9770	-2	4	40452
9771	-2	4	40456
9772	-2	4	40460
9773	-4	6	40466
9774	-2	4	40470
9775	-2	4	40474
9776	-2	4	40478
9777	-2	4	40482
9778	-2	4	40486
9779	-2	4	40490
9780	-2	4	40494
9781	-2	4	40498
9782	-2	4	40502
9783	-2	4	40506
9784	-2	4	40510
9785	-2	4	40514
9786	-2	4	40518
9787	-2	4	40522
9788	-2	4	40526
9789	-2	4	40530
9790	-2	4	40534
9791	-2	4	40538
9792	-2	4	40542
9793	-2	4	40546
9794	-2	4	40550
9795	-2	4	40554
9796	-2	4	40558
9797	-2	4	40562
9798	-2	4	40566
9799	-2	4	40570
9800	-2	4	40574
9801	-2	4	40578
9802	-2	4	40582
9803	-2	4	40586
9804	-2	4	40590
9805	-2	4	40594
9806	-2	4	40598
9807	-2	4	40602
9808	-4	6	40608
9809	-2	4	40612
9810	-2	4	40616
9811	-2	4	40620
9812	-2	4	40624
9813	-2	4	40628
9814	-2	4	40632
9815	-2	4	40636
9816	-2	4	40640
9817	-2	4	40644
9818	-2	4	40648
9819	-2	4	40652
9820	-2	4	40656
9821	-2	4	40660
9822	-2	4	40664
9823	-2	4	40668
9824	-2	4	40672
9825	-2	4	40676
9826	-2	4	40680
9827	-2	4	40684
9828	-2	4	40688
9829	-2	4	40692
9830	-2	4	40696
9831	-4	6	40702
9832	-2	4	40706
9833	-2	4	40710
9834	-2	4	40714
9835	-2	4	40718
9836	-2	4	40722
9837	-2	4	40726
9838	-4	6	40732
9839	-4	6	40738
9840	-2	4	40742
9841	-2	4	40746
9842	-2	4	40750
9843	-2	4	40754
9844	-2	4	40758
9845	-2	4	40762
9846	-2	4	40766
9847	-2	4	40770
9848	-2	4	40774
9849	-2	4	40778
9850	-2	4	40782
9851	-2	4	40786
9852	-2	4	40790
9853	-2	4	40794
9854	-2	4	40798
9855	-2	4	40802
9856	-4	6	40808
9857	-2	4	40812
9858	-2	4	40816
9859	-2	4	40820
9860	-2	4	40824
9861	-3	5	40829
9862	-2	4	40833
9863	-2	4	40837
9864	-2	4	40841
9865	-2	4	40845
9866	-2	4	40849
9867	-2	4	40853
9868	-2	4	40857
9869	-2	4	40861
9870	-3	5	40866
9871	-2	4	40870
9872	-2	4	40874
9873	-2	4	40878
9874	-2	4	40882
9875	-2	4	40886
9876	-2	4	40890
9877	-4	6	40896
9878	-2	4	40900
9879	-2	4	40904
9880	-2	4	40908
9881	-2	4	40912
9882	-2	4	40916
9883	-2	4	40920
9884	-2	4	40924
9885	-2	4	40928
9886	-2	4	40932
9887	-4	6	40938
9888	-2	4	40942
9889	-2	4	40946
9890	-4	6	40952
9891	-2	4	40956
9892	-2	4	40960
9893	-2	4	40964
9894	-2	4	40968
9895	-2	4	40972
9896	-2	4	40976
9897	-2	4	40980
9898	-2	4	40984
9899	-2	4	40988
9900	-2	4	40992
9901	-2	4	40996
9902	-2	4	41000
9903	-2	4	41004
9904	-2	4	41008
9905	-2	4	41012
9906	-2	4	41016
9907	-2	4	41020
9908	-2	4	41024
9909	-2	4	41028
9910	-2	4	41032
9911	-2	4	41036
9912	-2	4	41040
9913	-2	4	41044
9914	-2	4	41048
9915	-2	4	41052
9916	-3	5	41057
9917	-2	4	41061
9918	-4	6	41067
9919	-2	4	41071
9920	-2	4	41075
9921	-2	4	41079
9922	-2	4	41083
9923	-2	4	41087
9924	-2	4	41091
9925	-4	6	41097
9926	-2	4	41101
9927	-2	4	41105
9928	-2	4	41109
9929	-2	4	41113
9930	-2	4	41117
9931	-2	4	41121
9932	-2	4	41125
9933	-2	4	41129
9934	-4	6	41135
9935	-2	4	41139
9936	-2	4	41143
9937	-2	4	41147
9938	-2	4	41151
9939	-2	4	41155
9940	-2	4	41159
9941	-2	4	41163
9942	-2	4	41167
9943	-2	4	41171
9944	-2	4	41175
9945	-2	4	41179
9946	-2	4	41183
9947	-2	4	41187
9948	-2	4	41191
9949	-2	4	41195
9950	-2	4	41199
9951	-2	4	41203
9952	-2	4	41207
9953	-2	4	41211
9954	-2	4	41215
9955	-4	6	41221
9956	-2	4	41225
9957	-2	4	41229
9958	-2	4	41233
9959	-2	4	41237
9960	-2	4	41241
9961	-2	4	41245
9962	-2	4	41249
9963	-2	4	41253
9964	-2	4	41257
9965	-2	4	41261
9966	-2	4	41265
9967	-2	4	41269
9968	-2	4	41273
9969	-2	4	41277
9970	-2	4	41281
9971	-2	4	41285
9972	-3	5	41290
9973	-2	4	41294
9974	-2	4	41298
9975	-2	4	41302
9976	-2	4	41306
9977	-2	4	41310
9978	-2	4	41314
9979	-2	4	41318
9980	-2	4	41322
9981	-2	4	41326
9982	-2	4	41330
9983	-2	4	41334
9984	-2	4	41338
9985	-2	4	41342
9986	-4	6	41348
9987	-3	5	41353
9988	-2	4	41357
9989	-2	4	41361
9990	-2	4	41365
9991	-2	4	41369
9992	-2	4	41373
9993	-2	4	41377
9994	-2	4	41381
9995	-2	4	41385
9996	-2	4	41389
9997	-2	4	41393
9998	-4	6	41399
9999	-2	4	41403
10000	-2	4	41407
10001	-2	4	41411
10002	-2	4	41415
10003	-2	4	41419
10004	-2	4	41423
10005	-2	4	41427
10006	-2	4	41431
10007	-2	4	41435
10008	-2	4	41439
10009	-2	4	41443
10010	-2	4	41447
10011	-2	4	41451
10012	-2	4	41455
10013	-2	4	41459
10014	-2	4	41463
10015	-2	4	41467
10016	-3	5	41472
10017	-2	4	41476
10018	-2	4	41480
10019	-2	4	41484
10020	-2	4	41488
10021	-2	4	41492
10022	-2	4	41496
10023	-2	4	41500
10024	-4	6	41506
10025	-4	6	41512
10026	-2	4	41516
10027	-2	4	41520
10028	-2	4	41524
10029	-4	6	41530
10030	-2	4	41534
10031	-2	4	41538
10032	-2	4	41542
10033	-2	4	41546
10034	-2	4	41550
10035	-2	4	41554
10036	-2	4	41558
10037	-2	4	41562
10038	-2	4	41566
10039	-2	4	41570
10040	-2	4	41574
10041	-2	4	41578
10042	-2	4	41582
10043	-2	4	41586
10044	-2	4	41590
10045	-2	4	41594
10046	-2	4	41598
10047	-2	4	41602
10048	-2	4	41606
10049	-2	4	41610
10050	-2	4	41614
10051	-2	4	41618
10052	-2	4	41622
10053	-2	4	41626
10054	-2	4	41630
10055	-2	4	41634
10056	-2	4	41638
10057	-2	4	41642
10058	-2	4	41646
10059	-2	4	41650
10060	-2	4	41654
10061	-2	4	41658
10062	-2	4	41662
10063	-2	4	41666
10064	-2	4	41670
10065	-2	4	41674
10066	-2	4	41678
10067	-2	4	41682
10068	-2	4	41686
10069	-2	4	41690
10070	-2	4	41694
10071	-2	4	41698
10072	-2	4	41702
10073	-2	4	41706
10074	-2	4	41710
10075	-2	4	41714
10076	-2	4	41718
10077	-2	4	41722
10078	-2	4	41726
10079	-2	4	41730
10080	-2	4	41734
10081	-2	4	41738
10082	-2	4	41742
10083	-2	4	41746
10084	-2	4	41750
10085	-2	4	41754
10086	-2	4	41758
10087	-2	4	41762
10088	-2	4	41766
10089	-2	4	41770
10090	-2	4	41774
10091	-2	4	41778
10092	-2	4	41782
10093	-2	4	41786
10094	-2	4	41790
10095	-2	4	41794
10096	-2	4	41798
10097	-2	4	41802
10098	-2	4	41806
10099	-2	4	41810
10100	-2	4	41814
10101	-2	4	41818
10102	-2	4	41822
10103	-2	4	41826
10104	-2	4	41830
10105	-2	4	41834
10106	-2	4	41838
10107	-2	4	41842
10108	-2	4	41846
10109	-2	4	41850
10110	-2	4	41854
10111	-2	4	41858
10112	-2	4	41862
10113	-2	4	41866
10114	-2	4	41870
10115	-2	4	41874
10116	-2	4	41878
10117	-2	4	41882
10118	-2	4	41886
10119	-2	4	41890
10120	-2	4	41894
10121	-2	4	41898
10122	-2	4	41902
10123	-2	4	41906
10124	-2	4	41910
10125	-3	5	41915
10126	-2	4	41919
10127	-2	4	41923
10128	-2	4	41927
10129	-2	4	41931
10130	-2	4	41935
10131	-2	4	41939
10132	-2	4	41943
10133	-2	4	41947
10134	-2	4	41951
10135	-2	4	41955
10136	-2	4	41959
10137	-2	4	41963
10138	-2	4	41967
10139	-2	4	41971
10140	-2	4	41975
10141	-2	4	41979
10142	-2	4	41983
10143	-4	6	41989
10144	-2	4	41993
10145	-2	4	41997
10146	-2	4	42001
10147	-2	4	42005
10148	-2	4	42009
10149	-2	4	42013
10150	-2	4	42017
10151	-2	4	42021
10152	-2	4	42025
10153	-2	4	42029
10154	-2	4	42033
10155	-4	6	42039
10156	-2	4	42043
10157	-2	4	42047
10158	-2	4	42051
10159	-2	4	42055
10160	-2	4	42059
10161	-2	4	42063
10162	-2	4	42067
10163	-2	4	42071
10164	-2	4	42075
10165	-2	4	42079
10166	-2	4	42083
10167	-2	4	42087
10168	-2	4	42091
10169	-2	4	42095
10170	-2	4	42099
10171	-2	4	42103
10172	-2	4	42107
10173	-2	4	42111
10174	-2	4	42115
10175	-4	6	42121
10176	-2	4	42125
10177	-2	4	42129
10178	-2	4	42133
10179	-2	4	42137
10180	-2	4	42141
10181	-2	4	42145
10182	-2	4	42149
10183	-2	4	42153
10184	-2	4	42157
10185	-2	4	42161
10186	-2	4	42165
10187	-4	6	42171
10188	-2	4	42175
10189	-3	5	42180
10190	-2	4	42184
10191	-2	4	42188
10192	-2	4	42192
10193	-2	4	42196
10194	-2	4	42200
10195	-2	4	42204
10196	-2	4	42208
10197	-2	4	42212
10198	-2	4	42216
10199	-2	4	42220
10200	-2	4	42224
10201	-2	4	42228
10202	-2	4	42232
10203	-2	4	42236
10204	-2	4	42240
10205	-2	4	42244
10206	-2	4	42248
10207	-2	4	42252
10208	-2	4	42256
10209	-2	4	42260
10210	-2	4	42264
10211	-2	4	42268
10212	-2	4	42272
10213	-2	4	42276
10214	-2	4	42280
10215	-2	4	42284
10216	-2	4	42288
10217	-2	4	42292
10218	-2	4	42296
10219	-2	4	42300
10220	-2	4	42304
10221	-2	4	42308
10222	-2	4	42312
10223	-2	4	42316
10224	-2	4	42320
10225	-2	4	42324
10226	-4	6	42330
10227	-2	4	42334
10228	-2	4	42338
10229	-2	4	42342
10230	-2	4	42346
10231	-2	4	42350
10232	-2	4	42354
10233	-2	4	42358
10234	-2	4	42362
10235	-2	4	42366
10236	-2	4	42370
10237	-2	4	42374
10238	-4	6	42380
10239	-2	4	42384
10240	-2	4	42388
10241	-2	4	42392
10242	-2	4	42396
10243	-2	4	42400
10244	-2	4	42404
10245	-2	4	42408
10246	-2	4	42412
10247	-2	4	42416
10248	-2	4	42420
10249	-2	4	42424
10250	-2	4	42428
10251	-2	4	42432
10252	-2	4	42436
10253	-2	4	42440
10254	-2	4	42444
10255	-2	4	42448
10256	-2	4	42452
10257	-2	4	42456
10258	-2	4	42460
10259	-2	4	42464
10260	-2	4	42468
10261	-2	4	42472
10262	-2	4	42476
10263	-2	4	42480
10264	-4	6	42486
10265	-2	4	42490
10266	-2	4	42494
10267	-2	4	42498
10268	-2	4	42502
10269	-4	6	42508
10270	-2	4	42512
10271	-4	6	42518
10272	-2	4	42522
10273	-2	4	42526
10274	-2	4	42530
10275	-2	4	42534
10276	-2	4	42538
10277	-2	4	42542
10278	-2	4	42546
10279	-2	4	42550
10280	-2	4	42554
10281	-2	4	42558
10282	-2	4	42562
10283	-2	4	42566
10284	-2	4	42570
10285	-2	4	42574
10286	-2	4	42578
10287	-2	4	42582
10288	-2	4	42586
10289	-2	4	42590
10290	-2	4	42594
10291	-2	4	42598
10292	-2	4	42602
10293	-2	4	42606
10294	-2	4	42610
10295	-2	4	42614
10296	-2	4	42618
10297	-2	4	42622
10298	-2	4	42626
10299	-2	4	42630
10300	-2	4	42634
10301	-2	4	42638
10302	-4	6	42644
10303	-4	6	42650
10304	-2	4	42654
10305	-2	4	42658
10306	-2	4	42662
10307	-2	4	42666
10308	-3	5	42671
10309	-2	4	42675
10310	-2	4	42679
10311	-2	4	42683
10312	-2	4	42687
10313	-4	6	42693
10314	-2	4	42697
10315	-2	4	42701
10316	-2	4	42705
10317	-2	4	42709
10318	-2	4	42713
10319	-2	4	42717
10320	-2	4	42721
10321	-4	6	42727
10322	-2	4	42731
10323	-4	6	42737
10324	-2	4	42741
10325	-2	4	42745
10326	-2	4	42749
10327	-2	4	42753
10328	-2	4	42757
10329	-3	5	42762
10330	-2	4	42766
10331	-2	4	42770
10332	-2	4	42774
10333	-2	4	42778
10334	-2	4	42782
10335	-2	4	42786
10336	-2	4	42790
10337	-2	4	42794
10338	-2	4	42798
10339	-2	4	42802
10340	-2	4	42806
10341	-2	4	42810
10342	-2	4	42814
10343	-2	4	42818
10344	-2	4	42822
10345	-2	4	42826
10346	-2	4	42830
10347	-2	4	42834
10348	-2	4	42838
10349	-2	4	42842
10350	-2	4	42846
10351	-2	4	42850
10352	-2	4	42854
10353	-2	4	42858
10354	-2	4	42862
10355	-2	4	42866
10356	-2	4	42870
10357	-2	4	42874
10358	-2	4	42878
10359	-2	4	42882
10360	-2	4	42886
10361	-2	4	42890
10362	-2	4	42894
10363	-2	4	42898
10364	-2	4	42902
10365	-2	4	42906
10366	-2	4	42910
10367	-2	4	42914
10368	-2	4	42918
10369	-3	5	42923
10370	-2	4	42927
10371	-2	4	42931
10372	-2	4	42935
10373	-2	4	42939
10374	-2	4	42943
10375	-2	4	42947
10376	-2	4	42951
10377	-3	5	42956
10378	-2	4	42960
10379	-2	4	42964
10380	-2	4	42968
10381	-2	4	42972
10382	-2	4	42976
10383	-2	4	42980
10384	-2	4	42984
10385	-2	4	42988
10386	-2	4	42992
10387	-2	4	42996
10388	-2	4	43000
10389	-2	4	43004
10390	-2	4	43008
10391	-2	4	43012
10392	-2	4	43016
10393	-2	4	43020
10394	-2	4	43024
10395	-2	4	43028
10396	-4	6	43034
10397	-2	4	43038
10398	-2	4	43042
10399	-2	4	43046
10400	-2	4	43050
10401	-2	4	43054
10402	-2	4	43058
10403	-2	4	43062
10404	-2	4	43066
10405	-2	4	43070
10406	-2	4	43074
10407	-2	4	43078
10408	-2	4	43082
10409	-4	6	43088
10410	-4	6	43094
10411	-2	4	43098
10412	-2	4	43102
10413	-2	4	43106
10414	-2	4	43110
10415	-2	4	43114
10416	-2	4	43118
10417	-2	4	43122
10418	-2	4	43126
10419	-2	4	43130
10420	-2	4	43134
10421	-2	4	43138
10422	-2	4	43142
10423	-2	4	43146
10424	-2	4	43150
10425	-2	4	43154
10426	-2	4	43158
10427	-2	4	43162
10428	-2	4	43166
10429	-2	4	43170
10430	-2	4	43174
10431	-2	4	43178
10432	-2	4	43182
10433	-2	4	43186
10434	-2	4	43190
10435	-2	4	43194
10436	-2	4	43198
10437	-2	4	43202
10438	-2	4	43206
10439	-2	4	43210
10440	-2	4	43214
10441	-2	4	43218
10442	-2	4	43222
10443	-2	4	43226
10444	-2	4	43230
10445	-2	4	43234
10446	-2	4	43238
10447	-4	6	43244
10448	-2	4	43248
10449	-2	4	43252
10450	-2	4	43256
10451	-2	4	43260
10452	-2	4	43264
10453	-4	6	43270
10454	-2	4	43274
10455	-2	4	43278
10456	-2	4	43282
10457	-2	4	43286
10458	-2	4	43290
10459	-2	4	43294
10460	-2	4	43298
10461	-2	4	43302
10462	-2	4	43306
10463	-2	4	43310
10464	-2	4	43314
10465	-2	4	43318
10466	-2	4	43322
10467	-2	4	43326
10468	-2	4	43330
10469	-2	4	43334
10470	-2	4	43338
10471	-2	4	43342
10472	-2	4	43346
10473	-2	4	43350
10474	-2	4	43354
10475	-2	4	43358
10476	-2	4	43362
10477	-2	4	43366
10478	-4	6	43372
10479	-2	4	43376
10480	-2	4	43380
10481	-2	4	43384
10482	-2	4	43388
10483	-2	4	43392
10484	-2	4	43396
10485	-2	4	43400
10486	-2	4	43404
10487	-2	4	43408
10488	-3	5	43413
10489	-2	4	43417
10490	-2	4	43421
10491	-2	4	43425
10492	-2	4	43429
10493	-4	6	43435
10494	-2	4	43439
10495	-2	4	43443
10496	-2	4	43447
10497	-4	6	43453
10498	-2	4	43457
10499	-2	4	43461
10500	-2	4	43465
10501	-2	4	43469
10502	-2	4	43473
10503	-2	4	43477
10504	-2	4	43481
10505	-2	4	43485
10506	-2	4	43489
10507	-2	4	43493
10508	-2	4	43497
10509	-2	4	43501
10510	-2	4	43505
10511	-2	4	43509
10512	-2	4	43513
10513	-2	4	43517
10514	-2	4	43521
10515	-2	4	43525
10516	-2	4	43529
10517	-2	4	43533
10518	-2	4	43537
10519	-2	4	43541
10520	-2	4	43545
10521	-2	4	43549
10522	-2	4	43553
10523	-2	4	43557
10524	-2	4	43561
10525	-2	4	43565
10526	-2	4	43569
10527	-4	6	43575
10528	-2	4	43579
10529	-2	4	43583
10530	-2	4	43587
10531	-2	4	43591
10532	-2	4	43595
10533	-2	4	43599
10534	-2	4	43603
10535	-2	4	43607
10536	-2	4	43611
10537	-2	4	43615
10538	-2	4	43619
10539	-2	4	43623
10540	-2	4	43627
10541	-2	4	43631
10542	-2	4	43635
10543	-2	4	43639
10544	-2	4	43643
10545	-2	4	43647
10546	-2	4	43651
10547	-2	4	43655
10548	-3	5	43660
10549	-2	4	43664
10550	-2	4	43668
10551	-2	4	43672
10552	-2	4	43676
10553	-2	4	43680
10554	-2	4	43684
10555	-2	4	43688
10556	-2	4	43692
10557	-2	4	43696
10558	-2	4	43700
10559	-2	4	43704
10560	-2	4	43708
10561	-8	10	43718
10562	-5	7	43725
10563	-2	4	43729
10564	-2	4	43733
10565	-2	4	43737
10566	-2	4	43741
10567	-2	4	43745
10568	-2	4	43749
10569	-2	4	43753
10570	-2	4	43757
10571	-4	6	43763
10572	-2	4	43767
10573	-2	4	43771
10574	-2	4	43775
10575	-2	4	43779
10576	-2	4	43783
10577	-2	4	43787
10578	-2	4	43791
10579	-2	4	43795
10580	-2	4	43799
10581	-2	4	43803
10582	-2	4	43807
10583	-2	4	43811
10584	-2	4	43815
10585	-2	4	43819
10586	-2	4	43823
10587	-2	4	43827
10588	-2	4	43831
10589	-2	4	43835
10590	-2	4	43839
10591	-2	4	43843
10592	-2	4	43847
10593	-2	4	43851
10594	-2	4	43855
10595	-2	4	43859
10596	-2	4	43863
10597	-2	4	43867
10598	-2	4	43871
10599	-2	4	43875
10600	-2	4	43879
10601	-2	4	43883
10602	-4	6	43889
10603	-2	4	43893
10604	-2	4	43897
10605	-2	4	43901
10606	-2	4	43905
10607	-4	6	43911
10608	-2	4	43915
10609	-2	4	43919
10610	-2	4	43923
10611	-2	4	43927
10612	-2	4	43931
10613	-2	4	43935
10614	-2	4	43939
10615	-2	4	43943
10616	-2	4	43947
10617	-2	4	43951
10618	-2	4	43955
10619	-2	4	43959
10620	-3	5	43964
10621	-4	6	43970
10622	-2	4	43974
10623	-2	4	43978
10624	-2	4	43982
10625	-2	4	43986
10626	-2	4	43990
10627	-2	4	43994
10628	-2	4	43998
10629	-2	4	44002
10630	-2	4	44006
10631	-2	4	44010
10632	-2	4	44014
10633	-3	5	44019
10634	-2	4	44023
10635	-2	4	44027
10636	-2	4	44031
10637	-2	4	44035
10638	-2	4	44039
10639	-2	4	44043
10640	-2	4	44047
10641	-2	4	44051
10642	-2	4	44055
10643	-2	4	44059
10644	-2	4	44063
10645	-2	4	44067
10646	-4	6	44073
10647	-2	4	44077
10648	-2	4	44081
10649	-2	4	44085
10650	-2	4	44089
10651	-2	4	44093
10652	-2	4	44097
10653	-2	4	44101
10654	-2	4	44105
10655	-2	4	44109
10656	-2	4	44113
10657	-2	4	44117
10658	-2	4	44121
10659	-2	4	44125
10660	-2	4	44129
10661	-2	4	44133
10662	-2	4	44137
10663	-2	4	44141
10664	-2	4	44145
10665	-2	4	44149
10666	-2	4	44153
10667	-2	4	44157
10668	-2	4	44161
10669	-2	4	44165
10670	-2	4	44169
10671	-2	4	44173
10672	-2	4	44177
10673	-2	4	44181
10674	-2	4	44185
10675	-2	4	44189
10676	-2	4	44193
10677	-4	6	44199
10678	-2	4	44203
10679	-2	4	44207
10680	-4	6	44213
10681	-2	4	44217
10682	-2	4	44221
10683	-2	4	44225
10684	-2	4	44229
10685	-2	4	44233
10686	-2	4	44237
10687	-2	4	44241
10688	-2	4	44245
10689	-4	6	44251
10690	-2	4	44255
10691	-2	4	44259
10692	-2	4	44263
10693	-4	6	44269
10694	-2	4	44273
10695	-2	4	44277
10696	-2	4	44281
10697	-2	4	44285
10698	-2	4	44289
10699	-2	4	44293
10700	-2	4	44297
10701	-2	4	44301
10702	-2	4	44305
10703	-2	4	44309
10704	-2	4	44313
10705	-2	4	44317
10706	-2	4	44321
10707	-2	4	44325
10708	-2	4	44329
10709	-2	4	44333
10710	-2	4	44337
10711	-2	4	44341
10712	-2	4	44345
10713	-2	4	44349
10714	-2	4	44353
10715	-2	4	44357
10716	-2	4	44361
10717	-2	4	44365
10718	-2	4	44369
10719	-2	4	44373
10720	-2	4	44377
10721	-2	4	44381
10722	-2	4	44385
10723	-2	4	44389
10724	-2	4	44393
10725	-2	4	44397
10726	-2	4	44401
10727	-2	4	44405
10728	-2	4	44409
10729	-2	4	44413
10730	-2	4	44417
10731	-2	4	44421
10732	-2	4	44425
10733	-2	4	44429
10734	-2	4	44433
10735	-2	4	44437
10736	-2	4	44441
10737	-2	4	44445
10738	-2	4	44449
10739	-2	4	44453
10740	-2	4	44457
10741	-2	4	44461
10742	-2	4	44465
10743	-2	4	44469
10744	-3	5	44474
10745	-2	4	44478
10746	-2	4	44482
10747	-2	4	44486
10748	-2	4	44490
10749	-2	4	44494
10750	-2	4	44498
10751	-2	4	44502
10752	-2	4	44506
10753	-2	4	44510
10754	-2	4	44514
10755	-2	4	44518
10756	-2	4	44522
10757	-2	4	44526
10758	-2	4	44530
10759	-2	4	44534
10760	-2	4	44538
10761	-2	4	44542
10762	-2	4	44546
10763	-2	4	44550
10764	-2	4	44554
10765	-2	4	44558
10766	-2	4	44562
10767	-2	4	44566
10768	-2	4	44570
10769	-2	4	44574
10770	-2	4	44578
10771	-2	4	44582
10772	-2	4	44586
10773	-2	4	44590
10774	-2	4	44594
10775	-2	4	44598
10776	-2	4	44602
10777	-3	5	44607
10778	-2	4	44611
10779	-2	4	44615
10780	-2	4	44619
10781	-2	4	44623
10782	-2	4	44627
10783	-2	4	44631
10784	-2	4	44635
10785	-2	4	44639
10786	-2	4	44643
10787	-2	4	44647
10788	-2	4	44651
10789	-2	4	44655
10790	-2	4	44659
10791	-2	4	44663
10792	-2	4	44667
10793	-2	4	44671
10794	-2	4	44675
10795	-2	4	44679
10796	-2	4	44683
10797	-2	4	44687
10798	-2	4	44691
10799	-2	4	44695
10800	-2	4	44699
10801	-2	4	44703
10802	-2	4	44707
10803	-2	4	44711
10804	-2	4	44715
10805	-2	4	44719
10806	-2	4	44723
10807	-2	4	44727
10808	-2	4	44731
10809	-2	4	44735
10810	-2	4	44739
10811	-2	4	44743
10812	-2	4	44747
10813	-2	4	44751
10814	-2	4	44755
10815	-2	4	44759
10816	-2	4	44763
10817	-2	4	44767
10818	-2	4	44771
10819	-2	4	44775
10820	-4	6	44781
10821	-2	4	44785
10822	-2	4	44789
10823	-2	4	44793
10824	-2	4	44797
10825	-2	4	44801
10826	-2	4	44805
10827	-4	6	44811
10828	-2	4	44815
10829	-2	4	44819
10830	-2	4	44823
10831	-2	4	44827
10832	-2	4	44831
10833	-2	4	44835
10834	-2	4	44839
10835	-2	4	44843
10836	-2	4	44847
10837	-2	4	44851
10838	-2	4	44855
10839	-2	4	44859
10840	-2	4	44863
10841	-2	4	44867
10842	-2	4	44871
10843	-2	4	44875
10844	-2	4	44879
10845	-2	4	44883
10846	-2	4	44887
10847	-2	4	44891
10848	-2	4	44895
10849	-2	4	44899
10850	-2	4	44903
10851	-2	4	44907
10852	-2	4	44911
10853	-2	4	44915
10854	-2	4	44919
10855	-2	4	44923
10856	-2	4	44927
10857	-2	4	44931
10858	-2	4	44935
10859	-2	4	44939
10860	-2	4	44943
10861	-2	4	44947
10862	-2	4	44951
10863	-2	4	44955
10864	-2	4	44959
10865	-2	4	44963
10866	-2	4	44967
10867	-2	4	44971
10868	-2	4	44975
10869	-2	4	44979
10870	-2	4	44983
10871	-4	6	44989
10872	-2	4	44993
10873	-2	4	44997
10874	-2	4	45001
10875	-2	4	45005
10876	-2	4	45009
10877	-2	4	45013
10878	-2	4	45017
10879	-2	4	45021
10880	-2	4	45025
10881	-2	4	45029
10882	-2	4	45033
10883	-2	4	45037
10884	-2	4	45041
10885	-2	4	45045
10886	-2	4	45049
10887	-2	4	45053
10888	-4	6	45059
10889	-2	4	45063
10890	-2	4	45067
10891	-2	4	45071
10892	-2	4	45075
10893	-2	4	45079
10894	-2	4	45083
10895	-2	4	45087
10896	-2	4	45091
10897	-2	4	45095
10898	-2	4	45099
10899	-2	4	45103
10900	-2	4	45107
10901	-2	4	45111
10902	-2	4	45115
10903	-2	4	45119
10904	-2	4	45123
10905	-4	6	45129
10906	-2	4	45133
10907	-2	4	45137
10908	-2	4	45141
10909	-2	4	45145
10910	-2	4	45149
10911	-2	4	45153
10912	-2	4	45157
10913	-2	4	45161
10914	-2	4	45165
10915	-2	4	45169
10916	-2	4	45173
10917	-4	6	45179
10918	-2	4	45183
10919	-2	4	45187
10920	-2	4	45191
10921	-2	4	45195
10922	-2	4	45199
10923	-2	4	45203
10924	-2	4	45207
10925	-2	4	45211
10926	-2	4	45215
10927	-2	4	45219
10928	-2	4	45223
10929	-2	4	45227
10930	-2	4	45231
10931	-2	4	45235
10932	-2	4	45239
10933	-2	4	45243
10934	-2	4	45247
10935	-2	4	45251
10936	-2	4	45255
10937	-2	4	45259
10938	-2	4	45263
10939	-2	4	45267
10940	-2	4	45271
10941	-2	4	45275
10942	-4	6	45281
10943	-2	4	45285
10944	-2	4	45289
10945	-2	4	45293
10946	-2	4	45297
10947	-2	4	45301
10948	-2	4	45305
10949	-2	4	45309
10950	-2	4	45313
10951	-2	4	45317
10952	-2	4	45321
10953	-2	4	45325
10954	-2	4	45329
10955	-2	4	45333
10956	-2	4	45337
10957	-2	4	45341
10958	-2	4	45345
10959	-2	4	45349
10960	-2	4	45353
10961	-2	4	45357
10962	-2	4	45361
10963	-2	4	45365
10964	-2	4	45369
10965	-2	4	45373
10966	-2	4	45377
10967	-2	4	45381
10968	-4	6	45387
10969	-2	4	45391
10970	-2	4	45395
10971	-2	4	45399
10972	-2	4	45403
10973	-2	4	45407
10974	-2	4	45411
10975	-2	4	45415
10976	-2	4	45419
10977	-2	4	45423
10978	-2	4	45427
10979	-2	4	45431
10980	-2	4	45435
10981	-2	4	45439
10982	-2	4	45443
10983	-2	4	45447
10984	-2	4	45451
10985	-2	4	45455
10986	-2	4	45459
10987	-2	4	45463
10988	-2	4	45467
10989	-2	4	45471
10990	-2	4	45475
10991	-2	4	45479
10992	-4	6	45485
10993	-2	4	45489
10994	-2	4	45493
10995	-2	4	45497
10996	-2	4	45501
10997	-2	4	45505
10998	-2	4	45509
10999	-2	4	45513
11000	-2	4	45517
11001	-2	4	45521
11002	-2	4	45525
11003	-2	4	45529
11004	-2	4	45533
11005	-2	4	45537
11006	-2	4	45541
11007	-2	4	45545
11008	-2	4	45549
11009	-2	4	45553
11010	-2	4	45557
11011	-2	4	45561
11012	-2	4	45565
11013	-2	4	45569
11014	-2	4	45573
11015	-2	4	45577
11016	-2	4	45581
11017	-2	4	45585
11018	-2	4	45589
11019	-2	4	45593
11020	-2	4	45597
11021	-2	4	45601
11022	-2	4	45605
11023	-2	4	45609
11024	-2	4	45613
11025	-2	4	45617
11026	-2	4	45621
11027	-2	4	45625
11028	-2	4	45629
11029	-2	4	45633
11030	-2	4	45637
11031	-2	4	45641
11032	-2	4	45645
11033	-2	4	45649
11034	-2	4	45653
11035	-2	4	45657
11036	-2	4	45661
11037	-2	4	45665
11038	-2	4	45669
11039	-2	4	45673
11040	-2	4	45677
11041	-2	4	45681
11042	-4	6	45687
11043	-2	4	45691
11044	-2	4	45695
11045	-2	4	45699
11046	-2	4	45703
11047	-2	4	45707
11048	-2	4	45711
11049	-2	4	45715
11050	-2	4	45719
11051	-2	4	45723
11052	-2	4	45727
11053	-2	4	45731
11054	-2	4	45735
11055	-2	4	45739
11056	-2	4	45743
11057	-2	4	45747
11058	-2	4	45751
11059	-2	4	45755
11060	-2	4	45759
11061	-2	4	45763
11062	-2	4	45767
11063	-4	6	45773
11064	-2	4	45777
11065	-2	4	45781
11066	-2	4	45785
11067	-2	4	45789
11068	-2	4	45793
11069	-2	4	45797
11070	-2	4	45801
11071	-2	4	45805
11072	-2	4	45809
11073	-4	6	45815
11074	-4	6	45821
11075	-2	4	45825
11076	-2	4	45829
11077	-2	4	45833
11078	-2	4	45837
11079	-2	4	45841
11080	-2	4	45845
11081	-2	4	45849
11082	-2	4	45853
11083	-2	4	45857
11084	-2	4	45861
11085	-2	4	45865
11086	-4	6	45871
11087	-2	4	45875
11088	-2	4	45879
11089	-2	4	45883
11090	-2	4	45887
11091	-2	4	45891
11092	-2	4	45895
11093	-2	4	45899
11094	-2	4	45903
11095	-2	4	45907
11096	-2	4	45911
11097	-4	6	45917
11098	-2	4	45921
11099	-2	4	45925
11100	-4	6	45931
11101	-2	4	45935
11102	-2	4	45939
11103	-2	4	45943
11104	-2	4	45947
11105	-2	4	45951
11106	-2	4	45955
11107	-2	4	45959
11108	-2	4	45963
11109	-4	6	45969
11110	-2	4	45973
11111	-2	4	45977
11112	-2	4	45981
11113	-2	4	45985
11114	-2	4	45989
11115	-2	4	45993
11116	-2	4	45997
11117	-2	4	46001
11118	-2	4	46005
11119	-2	4	46009
11120	-2	4	46013
11121	-2	4	46017
11122	-2	4	46021
11123	-2	4	46025
11124	-2	4	46029
11125	-2	4	46033
11126	-2	4	46037
11127	-2	4	46041
11128	-2	4	46045
11129	-2	4	46049
11130	-2	4	46053
11131	-2	4	46057
11132	-2	4	46061
11133	-2	4	46065
11134	-2	4	46069
11135	-2	4	46073
11136	-2	4	46077
11137	-2	4	46081
11138	-2	4	46085
11139	-2	4	46089
11140	-2	4	46093
11141	-2	4	46097
11142	-2	4	46101
11143	-2	4	46105
11144	-2	4	46109
11145	-2	4	46113
11146	-2	4	46117
11147	-2	4	46121
11148	-2	4	46125
11149	-2	4	46129
11150	-2	4	46133
11151	-2	4	46137
11152	-2	4	46141
11153	-2	4	46145
11154	-4	6	46151
11155	-2	4	46155
11156	-2	4	46159
11157	-2	4	46163
11158	-2	4	46167
11159	-2	4	46171
11160	-2	4	46175
11161	-2	4	46179
11162	-2	4	46183
11163	-2	4	46187
11164	-2	4	46191
11165	-2	4	46195
11166	-2	4	46199
11167	-2	4	46203
11168	-2	4	46207
11169	-2	4	46211
11170	-2	4	46215
11171	-2	4	46219
11172	-2	4	46223
11173	-2	4	46227
11174	-2	4	46231
11175	-2	4	46235
11176	-2	4	46239
11177	-2	4	46243
11178	-2	4	46247
11179	-2	4	46251
11180	-2	4	46255
11181	-2	4	46259
11182	-2	4	46263
11183	-2	4	46267
11184	-2	4	46271
11185	-2	4	46275
11186	-2	4	46279
11187	-2	4	46283
11188	-2	4	46287
11189	-2	4	46291
11190	-2	4	46295
11191	-2	4	46299
11192	-2	4	46303
11193	-2	4	46307
11194	-2	4	46311
11195	-2	4	46315
11196	-2	4	46319
11197	-2	4	46323
11198	-2	4	46327
11199	-2	4	46331
11200	-2	4	46335
11201	-2	4	46339
11202	-2	4	46343
11203	-2	4	46347
11204	-2	4	46351
11205	-2	4	46355
11206	-2	4	46359
11207	-2	4	46363
11208	-2	4	46367
11209	-2	4	46371
11210	-2	4	46375
11211	-2	4	46379
11212	-2	4	46383
11213	-2	4	46387
11214	-2	4	46391
11215	-2	4	46395
11216	-2	4	46399
11217	-2	4	46403
11218	-2	4	46407
11219	-2	4	46411
11220	-2	4	46415
11221	-2	4	46419
11222	-2	4	46423
11223	-2	4	46427
11224	-2	4	46431
11225	-2	4	46435
11226	-2	4	46439
11227	-2	4	46443
11228	-2	4	46447
11229	-2	4	46451
11230	-2	4	46455
11231	-4	6	46461
11232	-2	4	46465
11233	-2	4	46469
11234	-2	4	46473
11235	-4	6	46479
11236	-2	4	46483
11237	-2	4	46487
11238	-2	4	46491
11239	-2	4	46495
11240	-2	4	46499
11241	-2	4	46503
11242	-2	4	46507
11243	-2	4	46511
11244	-2	4	46515
11245	-2	4	46519
11246	-2	4	46523
11247	-2	4	46527
11248	-2	4	46531
11249	-2	4	46535
11250	-2	4	46539
11251	-2	4	46543
11252	-2	4	46547
11253	-2	4	46551
11254	-2	4	46555
11255	-2	4	46559
11256	-2	4	46563
11257	-2	4	46567
11258	-2	4	46571
11259	-2	4	46575
11260	-2	4	46579
11261	-2	4	46583
11262	-2	4	46587
11263	-2	4	46591
11264	-2	4	46595
11265	-2	4	46599
11266	-3	5	46604
11267	-2	4	46608
11268	-2	4	46612
11269	-2	4	46616
11270	-2	4	46620
11271	-2	4	46624
11272	-2	4	46628
11273	-2	4	46632
11274	-2	4	46636
11275	-2	4	46640
11276	-2	4	46644
11277	-2	4	46648
11278	-2	4	46652
11279	-2	4	46656
11280	-2	4	46660
11281	-2	4	46664
11282	-2	4	46668
11283	-2	4	46672
11284	-2	4	46676
11285	-2	4	46680
11286	-2	4	46684
11287	-2	4	46688
11288	-2	4	46692
11289	-2	4	46696
11290	-2	4	46700
11291	-2	4	46704
11292	-2	4	46708
11293	-2	4	46712
11294	-2	4	46716
11295	-2	4	46720
11296	-2	4	46724
11297	-2	4	46728
11298	-2	4	46732
11299	-2	4	46736
11300	-2	4	46740
11301	-2	4	46744
11302	-2	4	46748
11303	-2	4	46752
11304	-2	4	46756
11305	-2	4	46760
11306	-2	4	46764
11307	-2	4	46768
11308	-2	4	46772
11309	-2	4	46776
11310	-2	4	46780
11311	-2	4	46784
11312	-2	4	46788
11313	-2	4	46792
11314	-2	4	46796
11315	-2	4	46800
11316	-2	4	46804
11317	-2	4	46808
11318	-2	4	46812
11319	-2	4	46816
11320	-2	4	46820
11321	-2	4	46824
11322	-4	6	46830
11323	-2	4	46834
11324	-2	4	46838
11325	-2	4	46842
11326	-4	6	46848
11327	-2	4	46852
11328	-2	4	46856
11329	-2	4	46860
11330	-4	6	46866
11331	-2	4	46870
11332	-2	4	46874
11333	-2	4	46878
11334	-2	4	46882
11335	-2	4	46886
11336	-2	4	46890
11337	-2	4	46894
11338	-2	4	46898
11339	-2	4	46902
11340	-2	4	46906
11341	-2	4	46910
11342	-2	4	46914
11343	-2	4	46918
11344	-2	4	46922
11345	-2	4	46926
11346	-2	4	46930
11347	-2	4	46934
11348	-2	4	46938
11349	-2	4	46942
11350	-2	4	46946
11351	-2	4	46950
11352	-2	4	46954
11353	-2	4	46958
11354	-2	4	46962
11355	-2	4	46966
11356	-2	4	46970
11357	-2	4	46974
11358	-2	4	46978
11359	-2	4	46982
11360	-2	4	46986
11361	-2	4	46990
11362	-2	4	46994
11363	-2	4	46998
11364	-2	4	47002
11365	-2	4	47006
11366	-2	4	47010
11367	-2	4	47014
11368	-2	4	47018
11369	-2	4	47022
11370	-2	4	47026
11371	-2	4	47030
11372	-2	4	47034
11373	-2	4	47038
11374	-2	4	47042
11375	-2	4	47046
11376	-2	4	47050
11377	-2	4	47054
11378	-2	4	47058
11379	-2	4	47062
11380	-2	4	47066
11381	-2	4	47070
11382	-2	4	47074
11383	-2	4	47078
11384	-2	4	47082
11385	-3	5	47087
11386	-2	4	47091
11387	-2	4	47095
11388	-2	4	47099
11389	-2	4	47103
11390	-2	4	47107
11391	-2	4	47111
11392	-2	4	47115
11393	-2	4	47119
11394	-2	4	47123
11395	-2	4	47127
11396	-2	4	47131
11397	-2	4	47135
11398	-2	4	47139
11399	-2	4	47143
11400	-3	5	47148
11401	-2	4	47152
11402	-2	4	47156
11403	-3	5	47161
11404	-2	4	47165
11405	-3	5	47170
11406	-2	4	47174
11407	-2	4	47178
11408	-2	4	47182
11409	-2	4	47186
11410	-2	4	47190
11411	-2	4	47194
11412	-2	4	47198
11413	-2	4	47202
11414	-2	4	47206
11415	-2	4	47210
11416	-2	4	47214
11417	-2	4	47218
11418	-2	4	47222
11419	-2	4	47226
11420	-2	4	47230
11421	-2	4	47234
11422	-2	4	47238
11423	-2	4	47242
11424	-2	4	47246
11425	-2	4	47250
11426	-2	4	47254
11427	-2	4	47258
11428	-2	4	47262
11429	-2	4	47266
11430	-2	4	47270
11431	-2	4	47274
11432	-2	4	47278
11433	-2	4	47282
11434	-2	4	47286
11435	-2	4	47290
11436	-2	4	47294
11437	-2	4	47298
11438	-2	4	47302
11439	-2	4	47306
11440	-2	4	47310
11441	-2	4	47314
11442	-2	4	47318
11443	-2	4	47322
11444	-2	4	47326
11445	-2	4	47330
11446	-2	4	47334
11447	-2	4	47338
11448	-2	4	47342
11449	-2	4	47346
11450	-2	4	47350
11451	-2	4	47354
11452	-2	4	47358
11453	-2	4	47362
11454	-4	6	47368
11455	-2	4	47372
11456	-2	4	47376
11457	-2	4	47380
11458	-2	4	47384
11459	-2	4	47388
11460	-2	4	47392
11461	-2	4	47396
11462	-2	4	47400
11463	-4	6	47406
11464	-2	4	47410
11465	-2	4	47414
11466	-2	4	47418
11467	-2	4	47422
11468	-2	4	47426
11469	-2	4	47430
11470	-2	4	47434
11471	-2	4	47438
11472	-2	4	47442
11473	-2	4	47446
11474	-4	6	47452
11475	-2	4	47456
11476	-2	4	47460
11477	-2	4	47464
11478	-2	4	47468
11479	-2	4	47472
11480	-3	5	47477
11481	-2	4	47481
11482	-2	4	47485
11483	-2	4	47489
11484	-2	4	47493
11485	-2	4	47497
11486	-2	4	47501
11487	-4	6	47507
11488	-2	4	47511
11489	-2	4	47515
11490	-2	4	47519
11491	-2	4	47523
11492	-2	4	47527
11493	-2	4	47531
11494	-2	4	47535
11495	-4	6	47541
11496	-2	4	47545
11497	-2	4	47549
11498	-2	4	47553
11499	-2	4	47557
11500	-2	4	47561
11501	-2	4	47565
11502	-2	4	47569
11503	-2	4	47573
11504	-2	4	47577
11505	-2	4	47581
11506	-2	4	47585
11507	-2	4	47589
11508	-2	4	47593
11509	-2	4	47597
11510	-2	4	47601
11511	-2	4	47605
11512	-2	4	47609
11513	-2	4	47613
11514	-2	4	47617
11515	-2	4	47621
11516	-3	5	47626
11517	-2	4	47630
11518	-2	4	47634
11519	-2	4	47638
11520	-2	4	47642
11521	-2	4	47646
11522	-2	4	47650
11523	-2	4	47654
11524	-2	4	47658
11525	-2	4	47662
11526	-2	4	47666
11527	-3	5	47671
11528	-2	4	47675
11529	-2	4	47679
11530	-2	4	47683
11531	-2	4	47687
11532	-2	4	47691
11533	-4	6	47697
11534	-2	4	47701
11535	-2	4	47705
11536	-2	4	47709
11537	-2	4	47713
11538	-2	4	47717
11539	-2	4	47721
11540	-2	4	47725
11541	-2	4	47729
11542	-2	4	47733
11543	-2	4	47737
11544	-2	4	47741
11545	-2	4	47745
11546	-4	6	47751
11547	-2	4	47755
11548	-2	4	47759
11549	-2	4	47763
11550	-2	4	47767
11551	-2	4	47771
11552	-2	4	47775
11553	-2	4	47779
11554	-2	4	47783
11555	-2	4	47787
11556	-2	4	47791
11557	-2	4	47795
11558	-2	4	47799
11559	-2	4	47803
11560	-2	4	47807
11561	-2	4	47811
11562	-2	4	47815
11563	-2	4	47819
11564	-2	4	47823
11565	-5	7	47830
11566	-2	4	47834
11567	-2	4	47838
11568	-2	4	47842
11569	-2	4	47846
11570	-2	4	47850
11571	-2	4	47854
11572	-2	4	47858
11573	-3	5	47863
11574	-2	4	47867
11575	-2	4	47871
11576	-2	4	47875
11577	-2	4	47879
11578	-2	4	47883
11579	-2	4	47887
11580	-2	4	47891
11581	-2	4	47895
11582	-2	4	47899
11583	-3	5	47904
11584	-2	4	47908
11585	-2	4	47912
11586	-3	5	47917
11587	-2	4	47921
11588	-2	4	47925
11589	-2	4	47929
11590	-2	4	47933
11591	-2	4	47937
11592	-2	4	47941
11593	-2	4	47945
11594	-2	4	47949
11595	-2	4	47953
11596	-2	4	47957
11597	-2	4	47961
11598	-2	4	47965
11599	-2	4	47969
11600	-2	4	47973
11601	-2	4	47977
11602	-2	4	47981
11603	-2	4	47985
11604	-2	4	47989
11605	-2	4	47993
11606	-2	4	47997
11607	-2	4	48001
11608	-2	4	48005
11609	-2	4	48009
11610	-2	4	48013
11611	-2	4	48017
11612	-2	4	48021
11613	-2	4	48025
11614	-2	4	48029
11615	-2	4	48033
11616	-2	4	48037
11617	-4	6	48043
11618	-2	4	48047
11619	-2	4	48051
11620	-2	4	48055
11621	-2	4	48059
11622	-2	4	48063
11623	-4	6	48069
11624	-2	4	48073
11625	-2	4	48077
11626	-2	4	48081
11627	-2	4	48085
11628	-2	4	48089
11629	-2	4	48093
11630	-2	4	48097
11631	-2	4	48101
11632	-2	4	48105
11633	-2	4	48109
11634	-2	4	48113
11635	-2	4	48117
11636	-2	4	48121
11637	-2	4	48125
11638	-2	4	48129
11639	-2	4	48133
11640	-2	4	48137
11641	-2	4	48141
11642	-2	4	48145
11643	-2	4	48149
11644	-2	4	48153
11645	-2	4	48157
11646	-2	4	48161
11647	-2	4	48165
11648	-2	4	48169
11649	-2	4	48173
11650	-2	4	48177
11651	-2	4	48181
11652	-2	4	48185
11653	-2	4	48189
11654	-2	4	48193
11655	-2	4	48197
11656	-2	4	48201
11657	-2	4	48205
11658	-2	4	48209
11659	-2	4	48213
11660	-2	4	48217
11661	-2	4	48221
11662	-2	4	48225
11663	-2	4	48229
11664	-2	4	48233
11665	-2	4	48237
11666	-2	4	48241
11667	-2	4	48245
11668	-2	4	48249
11669	-2	4	48253
11670	-2	4	48257
11671	-2	4	48261
11672	-2	4	48265
11673	-2	4	48269
11674	-2	4	48273
11675	-2	4	48277
11676	-2	4	48281
11677	-2	4	48285
11678	-2	4	48289
11679	-4	6	48295
11680	-2	4	48299
11681	-2	4	48303
11682	-2	4	48307
11683	-2	4	48311
11684	-2	4	48315
11685	-2	4	48319
11686	-2	4	48323
11687	-2	4	48327
11688	-2	4	48331
11689	-4	6	48337
11690	-2	4	48341
11691	-2	4	48345
11692	-2	4	48349
11693	-2	4	48353
11694	-2	4	48357
11695	-2	4	48361
11696	-4	6	48367
11697	-2	4	48371
11698	-2	4	48375
11699	-2	4	48379
11700	-2	4	48383
11701	-2	4	48387
11702	-2	4	48391
11703	-2	4	48395
11704	-3	5	48400
11705	-2	4	48404
11706	-4	6	48410
11707	-2	4	48414
11708	-2	4	48418
11709	-2	4	48422
11710	-2	4	48426
11711	-2	4	48430
11712	-2	4	48434
11713	-2	4	48438
11714	-2	4	48442
11715	-2	4	48446
11716	-2	4	48450
11717	-2	4	48454
11718	-4	6	48460
11719	-2	4	48464
11720	-2	4	48468
11721	-2	4	48472
11722	-2	4	48476
11723	-2	4	48480
11724	-2	4	48484
11725	-2	4	48488
11726	-2	4	48492
11727	-2	4	48496
11728	-2	4	48500
11729	-2	4	48504
11730	-2	4	48508
11731	-2	4	48512
11732	-2	4	48516
11733	-2	4	48520
11734	-2	4	48524
11735	-2	4	48528
11736	-3	5	48533
11737	-2	4	48537
11738	-2	4	48541
11739	-2	4	48545
11740	-2	4	48549
11741	-2	4	48553
11742	-2	4	48557
11743	-2	4	48561
11744	-2	4	48565
11745	-2	4	48569
11746	-2	4	48573
11747	-2	4	48577
11748	-2	4	48581
11749	-2	4	48585
11750	-2	4	48589
11751	-2	4	48593
11752	-2	4	48597
11753	-2	4	48601
11754	-2	4	48605
11755	-2	4	48609
11756	-2	4	48613
11757	-2	4	48617
11758	-2	4	48621
11759	-2	4	48625
11760	-2	4	48629
11761	-2	4	48633
11762	-2	4	48637
11763	-2	4	48641
11764	-2	4	48645
11765	-2	4	48649
11766	-2	4	48653
11767	-2	4	48657
11768	-2	4	48661
11769	-2	4	48665
11770	-2	4	48669
11771	-2	4	48673
11772	-2	4	48677
11773	-2	4	48681
11774	-2	4	48685
11775	-2	4	48689
11776	-2	4	48693
11777	-2	4	48697
11778	-2	4	48701
11779	-2	4	48705
11780	-2	4	48709
11781	-2	4	48713
11782	-2	4	48717
11783	-2	4	48721
11784	-2	4	48725
11785	-2	4	48729
11786	-2	4	48733
11787	-2	4	48737
11788	-2	4	48741
11789	-2	4	48745
11790	-2	4	48749
11791	-2	4	48753
11792	-2	4	48757
11793	-2	4	48761
11794	-2	4	48765
11795	-2	4	48769
11796	-2	4	48773
11797	-2	4	48777
11798	-2	4	48781
11799	-2	4	48785
11800	-4	6	48791
11801	-2	4	48795
11802	-2	4	48799
11803	-2	4	48803
11804	-2	4	48807
11805	-2	4	48811
11806	-2	4	48815
11807	-2	4	48819
11808	-2	4	48823
11809	-2	4	48827
11810	-2	4	48831
11811	-2	4	48835
11812	-2	4	48839
11813	-2	4	48843
11814	-2	4	48847
11815	-2	4	48851
11816	-2	4	48855
11817	-2	4	48859
11818	-2	4	48863
11819	-4	6	48869
11820	-2	4	48873
11821	-2	4	48877
11822	-2	4	48881
11823	-2	4	48885
11824	-2	4	48889
11825	-2	4	48893
11826	-2	4	48897
11827	-2	4	48901
11828	-2	4	48905
11829	-2	4	48909
11830	-2	4	48913
11831	-2	4	48917
11832	-2	4	48921
11833	-2	4	48925
11834	-2	4	48929
11835	-2	4	48933
11836	-2	4	48937
11837	-3	5	48942
11838	-2	4	48946
11839	-2	4	48950
11840	-2	4	48954
11841	-2	4	48958
11842	-2	4	48962
11843	-2	4	48966
11844	-2	4	48970
11845	-2	4	48974
11846	-2	4	48978
11847	-2	4	48982
11848	-2	4	48986
11849	-2	4	48990
11850	-2	4	48994
11851	-2	4	48998
11852	-2	4	49002
11853	-2	4	49006
11854	-2	4	49010
11855	-2	4	49014
11856	-2	4	49018
11857	-3	5	49023
11858	-2	4	49027
11859	-2	4	49031
11860	-2	4	49035
11861	-2	4	49039
11862	-2	4	49043
11863	-2	4	49047
11864	-2	4	49051
11865	-2	4	49055
11866	-2	4	49059
11867	-2	4	49063
11868	-2	4	49067
11869	-2	4	49071
11870	-2	4	49075
11871	-2	4	49079
11872	-2	4	49083
11873	-2	4	49087
11874	-2	4	49091
11875	-2	4	49095
11876	-2	4	49099
11877	-4	6	49105
11878	-4	6	49111
11879	-2	4	49115
11880	-2	4	49119
11881	-2	4	49123
11882	-2	4	49127
11883	-2	4	49131
11884	-2	4	49135
11885	-2	4	49139
11886	-3	5	49144
11887	-2	4	49148
11888	-2	4	49152
11889	-2	4	49156
11890	-2	4	49160
11891	-2	4	49164
11892	-3	5	49169
11893	-2	4	49173
11894	-2	4	49177
11895	-2	4	49181
11896	-2	4	49185
11897	-2	4	49189
11898	-2	4	49193
11899	-2	4	49197
11900	-2	4	49201
11901	-2	4	49205
11902	-2	4	49209
11903	-2	4	49213
11904	-2	4	49217
11905	-2	4	49221
11906	-2	4	49225
11907	-2	4	49229
11908	-4	6	49235
11909	-2	4	49239
11910	-2	4	49243
11911	-2	4	49247
11912	-2	4	49251
11913	-2	4	49255
11914	-2	4	49259
11915	-2	4	49263
11916	-2	4	49267
11917	-2	4	49271
11918	-2	4	49275
11919	-2	4	49279
11920	-2	4	49283
11921	-2	4	49287
11922	-2	4	49291
11923	-2	4	49295
11924	-2	4	49299
11925	-2	4	49303
11926	-2	4	49307
11927	-2	4	49311
11928	-4	6	49317
11929	-2	4	49321
11930	-2	4	49325
11931	-2	4	49329
11932	-2	4	49333
11933	-2	4	49337
11934	-2	4	49341
11935	-2	4	49345
11936	-2	4	49349
11937	-2	4	49353
11938	-2	4	49357
11939	-2	4	49361
11940	-2	4	49365
11941	-2	4	49369
11942	-2	4	49373
11943	-2	4	49377
11944	-2	4	49381
11945	-2	4	49385
11946	-2	4	49389
11947	-4	6	49395
11948	-2	4	49399
11949	-2	4	49403
11950	-2	4	49407
11951	-2	4	49411
11952	-2	4	49415
11953	-2	4	49419
11954	-2	4	49423
11955	-2	4	49427
11956	-2	4	49431
11957	-2	4	49435
11958	-2	4	49439
11959	-2	4	49443
11960	-4	6	49449
11961	-2	4	49453
11962	-2	4	49457
11963	-2	4	49461
11964	-2	4	49465
11965	-2	4	49469
11966	-2	4	49473
11967	-2	4	49477
11968	-3	5	49482
11969	-2	4	49486
11970	-4	6	49492
11971	-2	4	49496
11972	-2	4	49500
11973	-4	6	49506
11974	-2	4	49510
11975	-2	4	49514
11976	-2	4	49518
11977	-2	4	49522
11978	-2	4	49526
11979	-2	4	49530
11980	-2	4	49534
11981	-2	4	49538
11982	-2	4	49542
11983	-2	4	49546
11984	-2	4	49550
11985	-2	4	49554
11986	-2	4	49558
11987	-4	6	49564
11988	-2	4	49568
11989	-2	4	49572
11990	-2	4	49576
11991	-2	4	49580
11992	-2	4	49584
11993	-2	4	49588
11994	-2	4	49592
11995	-2	4	49596
11996	-2	4	49600
11997	-2	4	49604
11998	-2	4	49608
11999	-2	4	49612
12000	-2	4	49616
12001	-2	4	49620
12002	-2	4	49624
12003	-2	4	49628
12004	-2	4	49632
12005	-2	4	49636
12006	-2	4	49640
12007	-2	4	49644
12008	-2	4	49648
12009	-2	4	49652
12010	-2	4	49656
12011	-2	4	49660
12012	-2	4	49664
12013	-2	4	49668
12014	-2	4	49672
12015	-2	4	49676
12016	-2	4	49680
12017	-2	4	49684
12018	-2	4	49688
12019	-2	4	49692
12020	-2	4	49696
12021	-2	4	49700
12022	-6	8	49708
12023	-2	4	49712
12024	-2	4	49716
12025	-2	4	49720
12026	-2	4	49724
12027	-2	4	49728
12028	-2	4	49732
12029	-2	4	49736
12030	-2	4	49740
12031	-2	4	49744
12032	-2	4	49748
12033	-2	4	49752
12034	-2	4	49756
12035	-2	4	49760
12036	-2	4	49764
12037	-2	4	49768
12038	-2	4	49772
12039	-2	4	49776
12040	-2	4	49780
12041	-4	6	49786
12042	-2	4	49790
12043	-2	4	49794
12044	-2	4	49798
12045	-3	5	49803
12046	-4	6	49809
12047	-2	4	49813
12048	-2	4	49817
12049	-2	4	49821
12050	-2	4	49825
12051	-2	4	49829
12052	-2	4	49833
12053	-2	4	49837
12054	-2	4	49841
12055	-2	4	49845
12056	-2	4	49849
12057	-2	4	49853
12058	-2	4	49857
12059	-4	6	49863
12060	-2	4	49867
12061	-2	4	49871
12062	-2	4	49875
12063	-2	4	49879
12064	-2	4	49883
12065	-2	4	49887
12066	-2	4	49891
12067	-2	4	49895
12068	-2	4	49899
12069	-2	4	49903
12070	-2	4	49907
12071	-2	4	49911
12072	-2	4	49915
12073	-2	4	49919
12074	-2	4	49923
12075	-2	4	49927
12076	-2	4	49931
12077	-2	4	49935
12078	-2	4	49939
12079	-2	4	49943
12080	-2	4	49947
12081	-2	4	49951
12082	-2	4	49955
12083	-2	4	49959
12084	-2	4	49963
12085	-2	4	49967
12086	-2	4	49971
12087	-2	4	49975
12088	-2	4	49979
12089	-2	4	49983
12090	-2	4	49987
12091	-2	4	49991
12092	-2	4	49995
12093	-2	4	49999
12094	-4	6	50005
12095	-2	4	50009
12096	-2	4	50013
12097	-2	4	50017
12098	-2	4	50021
12099	-2	4	50025
12100	-2	4	50029
12101	-2	4	50033
12102	-2	4	50037
12103	-2	4	50041
12104	-4	6	50047
12105	-2	4	50051
12106	-2	4	50055
12107	-2	4	50059
12108	-2	4	50063
12109	-2	4	50067
12110	-2	4	50071
12111	-2	4	50075
12112	-2	4	50079
12113	-2	4	50083
12114	-2	4	50087
12115	-2	4	50091
12116	-2	4	50095
12117	-4	6	50101
12118	-2	4	50105
12119	-2	4	50109
12120	-2	4	50113
12121	-2	4	50117
12122	-2	4	50121
12123	-2	4	50125
12124	-4	6	50131
12125	-2	4	50135
12126	-4	6	50141
12127	-2	4	50145
12128	-2	4	50149
12129	-2	4	50153
12130	-2	4	50157
12131	-2	4	50161
12132	-2	4	50165
12133	-2	4	50169
12134	-2	4	50173
12135	-2	4	50177
12136	-2	4	50181
12137	-2	4	50185
12138	-2	4	50189
12139	-2	4	50193
12140	-2	4	50197
12141	-2	4	50201
12142	-2	4	50205
12143	-2	4	50209
12144	-2	4	50213
12145	-2	4	50217
12146	-2	4	50221
12147	-2	4	50225
12148	-2	4	50229
12149	-2	4	50233
12150	-2	4	50237
12151	-2	4	50241
12152	-2	4	50245
12153	-2	4	50249
12154	-2	4	50253
12155	-2	4	50257
12156	-3	5	50262
12157	-2	4	50266
12158	-2	4	50270
12159	-2	4	50274
12160	-2	4	50278
12161	-2	4	50282
12162	-2	4	50286
12163	-2	4	50290
12164	-2	4	50294
12165	-2	4	50298
12166	-2	4	50302
12167	-2	4	50306
12168	-2	4	50310
12169	-2	4	50314
12170	-2	4	50318
12171	-2	4	50322
12172	-2	4	50326
12173	-2	4	50330
12174	-2	4	50334
12175	-2	4	50338
12176	-2	4	50342
12177	-2	4	50346
12178	-2	4	50350
12179	-2	4	50354
12180	-2	4	50358
12181	-2	4	50362
12182	-2	4	50366
12183	-2	4	50370
12184	-2	4	50374
12185	-2	4	50378
12186	-2	4	50382
12187	-2	4	50386
12188	-2	4	50390
12189	-2	4	50394
12190	-2	4	50398
12191	-2	4	50402
12192	-2	4	50406
12193	-2	4	50410
12194	-2	4	50414
12195	-2	4	50418
12196	-2	4	50422
12197	-2	4	50426
12198	-2	4	50430
12199	-2	4	50434
12200	-2	4	50438
12201	-2	4	50442
12202	-2	4	50446
12203	-2	4	50450
12204	-2	4	50454
12205	-2	4	50458
12206	-2	4	50462
12207	-2	4	50466
12208	-4	6	50472
12209	-3	5	50477
12210	-2	4	50481
12211	-2	4	50485
12212	-2	4	50489
12213	-2	4	50493
12214	-2	4	50497
12215	-2	4	50501
12216	-2	4	50505
12217	-2	4	50509
12218	-2	4	50513
12219	-2	4	50517
12220	-2	4	50521
12221	-2	4	50525
12222	-2	4	50529
12223	-2	4	50533
12224	-2	4	50537
12225	-2	4	50541
12226	-4	6	50547
12227	-2	4	50551
12228	-2	4	50555
12229	-2	4	50559
12230	-2	4	50563
12231	-2	4	50567
12232	-2	4	50571
12233	-2	4	50575
12234	-2	4	50579
12235	-2	4	50583
12236	-2	4	50587
12237	-2	4	50591
12238	-2	4	50595
12239	-2	4	50599
12240	-2	4	50603
12241	-2	4	50607
12242	-2	4	50611
12243	-2	4	50615
12244	-2	4	50619
12245	-2	4	50623
12246	-2	4	50627
12247	-2	4	50631
12248	-4	6	50637
12249	-2	4	50641
12250	-2	4	50645
12251	-2	4	50649
12252	-2	4	50653
12253	-2	4	50657
12254	-2	4	50661
12255	-4	6	50667
12256	-2	4	50671
12257	-2	4	50675
12258	-2	4	50679
12259	-2	4	50683
12260	-2	4	50687
12261	-2	4	50691
12262	-2	4	50695
12263	-2	4	50699
12264	-4	6	50705
12265	-2	4	50709
12266	-2	4	50713
12267	-2	4	50717
12268	-2	4	50721
12269	-2	4	50725
12270	-4	6	50731
12271	-2	4	50735
12272	-2	4	50739
12273	-2	4	50743
12274	-4	6	50749
12275	-2	4	50753
12276	-2	4	50757
12277	-2	4	50761
12278	-2	4	50765
12279	-4	6	50771
12280	-2	4	50775
12281	-2	4	50779
12282	-2	4	50783
12283	-2	4	50787
12284	-2	4	50791
12285	-2	4	50795
12286	-2	4	50799
12287	-2	4	50803
12288	-2	4	50807
12289	-2	4	50811
12290	-2	4	50815
12291	-2	4	50819
12292	-2	4	50823
12293	-2	4	50827
12294	-2	4	50831
12295	-2	4	50835
12296	-2	4	50839
12297	-2	4	50843
12298	-2	4	50847
12299	-2	4	50851
12300	-2	4	50855
12301	-2	4	50859
12302	-2	4	50863
12303	-2	4	50867
12304	-2	4	50871
12305	-2	4	50875
12306	-2	4	50879
12307	-2	4	50883
12308	-2	4	50887
12309	-2	4	50891
12310	-2	4	50895
12311	-2	4	50899
12312	-2	4	50903
12313	-2	4	50907
12314	-2	4	50911
12315	-2	4	50915
12316	-2	4	50919
12317	-2	4	50923
12318	-4	6	50929
12319	-2	4	50933
12320	-2	4	50937
12321	-2	4	50941
12322	-2	4	50945
12323	-2	4	50949
12324	-2	4	50953
12325	-2	4	50957
12326	-2	4	50961
12327	-2	4	50965
12328	-2	4	50969
12329	-2	4	50973
12330	-2	4	50977
12331	-2	4	50981
12332	-2	4	50985
12333	-2	4	50989
12334	-2	4	50993
12335	-2	4	50997
12336	-2	4	51001
12337	-2	4	51005
12338	-2	4	51009
12339	-2	4	51013
12340	-2	4	51017
12341	-2	4	51021
12342	-2	4	51025
12343	-2	4	51029
12344	-2	4	51033
12345	-2	4	51037
12346	-2	4	51041
12347	-2	4	51045
12348	-6	8	51053
12349	-2	4	51057
12350	-2	4	51061
12351	-2	4	51065
12352	-4	6	51071
12353	-2	4	51075
12354	-2	4	51079
12355	-2	4	51083
12356	-2	4	51087
12357	-2	4	51091
12358	-2	4	51095
12359	-2	4	51099
12360	-2	4	51103
12361	-2	4	51107
12362	-2	4	51111
12363	-2	4	51115
12364	-2	4	51119
12365	-2	4	51123
12366	-2	4	51127
12367	-2	4	51131
12368	-2	4	51135
12369	-2	4	51139
12370	-2	4	51143
12371	-2	4	51147
12372	-2	4	51151
12373	-3	5	51156
12374	-2	4	51160
12375	-2	4	51164
12376	-4	6	51170
12377	-2	4	51174
12378	-2	4	51178
12379	-2	4	51182
12380	-2	4	51186
12381	-2	4	51190
12382	-2	4	51194
12383	-2	4	51198
12384	-2	4	51202
12385	-2	4	51206
12386	-2	4	51210
12387	-2	4	51214
12388	-2	4	51218
12389	-2	4	51222
12390	-2	4	51226
12391	-4	6	51232
12392	-2	4	51236
12393	-2	4	51240
12394	-2	4	51244
12395	-2	4	51248
12396	-2	4	51252
12397	-4	6	51258
12398	-2	4	51262
12399	-2	4	51266
12400	-2	4	51270
12401	-2	4	51274
12402	-2	4	51278
12403	-2	4	51282
12404	-2	4	51286
12405	-2	4	51290
12406	-2	4	51294
12407	-2	4	51298
12408	-2	4	51302
12409	-2	4	51306
12410	-2	4	51310
12411	-2	4	51314
12412	-2	4	51318
12413	-2	4	51322
12414	-2	4	51326
12415	-2	4	51330
12416	-2	4	51334
12417	-2	4	51338
12418	-2	4	51342
12419	-2	4	51346
12420	-2	4	51350
12421	-2	4	51354
12422	-4	6	51360
12423	-2	4	51364
12424	-2	4	51368
12425	-2	4	51372
12426	-2	4	51376
12427	-2	4	51380
12428	-2	4	51384
12429	-2	4	51388
12430	-2	4	51392
12431	-2	4	51396
12432	-4	6	51402
12433	-2	4	51406
12434	-2	4	51410
12435	-2	4	51414
12436	-2	4	51418
12437	-2	4	51422
12438	-2	4	51426
12439	-2	4	51430
12440	-2	4	51434
12441	-2	4	51438
12442	-2	4	51442
12443	-2	4	51446
12444	-2	4	51450
12445	-2	4	51454
12446	-2	4	51458
12447	-2	4	51462
12448	-2	4	51466
12449	-2	4	51470
12450	-3	5	51475
12451	-2	4	51479
12452	-4	6	51485
12453	-2	4	51489
12454	-4	6	51495
12455	-2	4	51499
12456	-6	8	51507
12457	-2	4	51511
12458	-2	4	51515
12459	-2	4	51519
12460	-2	4	51523
12461	-2	4	51527
12462	-2	4	51531
12463	-2	4	51535
12464	-2	4	51539
12465	-2	4	51543
12466	-2	4	51547
12467	-2	4	51551
12468	-2	4	51555
12469	-4	6	51561
12470	-3	5	51566
12471	-2	4	51570
12472	-2	4	51574
12473	-2	4	51578
12474	-2	4	51582
12475	-2	4	51586
12476	-2	4	51590
12477	-2	4	51594
12478	-2	4	51598
12479	-2	4	51602
12480	-2	4	51606
12481	-2	4	51610
12482	-2	4	51614
12483	-2	4	51618
12484	-2	4	51622
12485	-2	4	51626
12486	-2	4	51630
12487	-2	4	51634
12488	-2	4	51638
12489	-2	4	51642
12490	-2	4	51646
12491	-2	4	51650
12492	-2	4	51654
12493	-2	4	51658
12494	-2	4	51662
12495	-2	4	51666
12496	-2	4	51670
12497	-4	6	51676
12498	-3	5	51681
12499	-2	4	51685
12500	-2	4	51689
12501	-2	4	51693
12502	-2	4	51697
12503	-4	6	51703
12504	-2	4	51707
12505	-2	4	51711
12506	-2	4	51715
12507	-2	4	51719
12508	-2	4	51723
12509	-2	4	51727
12510	-2	4	51731
12511	-4	6	51737
12512	-3	5	51742
12513	-2	4	51746
12514	-2	4	51750
12515	-2	4	51754
12516	-2	4	51758
12517	-2	4	51762
12518	-2	4	51766
12519	-4	6	51772
12520	-2	4	51776
12521	-2	4	51780
12522	-2	4	51784
12523	-2	4	51788
12524	-2	4	51792
12525	-2	4	51796
12526	-2	4	51800
12527	-2	4	51804
12528	-2	4	51808
12529	-2	4	51812
12530	-2	4	51816
12531	-4	6	51822
12532	-3	5	51827
12533	-2	4	51831
12534	-4	6	51837
12535	-2	4	51841
12536	-2	4	51845
12537	-2	4	51849
12538	-2	4	51853
12539	-2	4	51857
12540	-4	6	51863
12541	-2	4	51867
12542	-2	4	51871
12543	-4	6	51877
12544	-2	4	51881
12545	-2	4	51885
12546	-2	4	51889
12547	-2	4	51893
12548	-2	4	51897
12549	-2	4	51901
12550	-2	4	51905
12551	-4	6	51911
12552	-2	4	51915
12553	-2	4	51919
12554	-2	4	51923
12555	-2	4	51927
12556	-2	4	51931
12557	-2	4	51935
12558	-2	4	51939
12559	-2	4	51943
12560	-2	4	51947
12561	-2	4	51951
12562	-2	4	51955
12563	-2	4	51959
12564	-2	4	51963
12565	-2	4	51967
12566	-2	4	51971
12567	-2	4	51975
12568	-2	4	51979
12569	-2	4	51983
12570	-2	4	51987
12571	-2	4	51991
12572	-2	4	51995
12573	-2	4	51999
12574	-2	4	52003
12575	-2	4	52007
12576	-2	4	52011
12577	-2	4	52015
12578	-2	4	52019
12579	-2	4	52023
12580	-2	4	52027
12581	-2	4	52031
12582	-2	4	52035
12583	-2	4	52039
12584	-2	4	52043
12585	-4	6	52049
12586	-2	4	52053
12587	-2	4	52057
12588	-2	4	52061
12589	-2	4	52065
12590	-2	4	52069
12591	-2	4	52073
12592	-2	4	52077
12593	-2	4	52081
12594	-2	4	52085
12595	-2	4	52089
12596	-2	4	52093
12597	-2	4	52097
12598	-2	4	52101
12599	-2	4	52105
12600	-2	4	52109
12601	-2	4	52113
12602	-2	4	52117
12603	-2	4	52121
12604	-2	4	52125
12605	-2	4	52129
12606	-2	4	52133
12607	-2	4	52137
12608	-6	8	52145
12609	-4	6	52151
12610	-2	4	52155
12611	-2	4	52159
12612	-2	4	52163
12613	-2	4	52167
12614	-2	4	52171
12615	-2	4	52175
12616	-2	4	52179
12617	-2	4	52183
12618	-2	4	52187
12619	-2	4	52191
12620	-2	4	52195
12621	-2	4	52199
12622	-2	4	52203
12623	-2	4	52207
12624	-2	4	52211
12625	-2	4	52215
12626	-2	4	52219
12627	-2	4	52223
12628	-2	4	52227
12629	-2	4	52231
12630	-2	4	52235
12631	-2	4	52239
12632	-2	4	52243
12633	-2	4	52247
12634	-2	4	52251
12635	-2	4	52255
12636	-2	4	52259
12637	-2	4	52263
12638	-2	4	52267
12639	-2	4	52271
12640	-2	4	52275
12641	-2	4	52279
12642	-2	4	52283
12643	-3	5	52288
12644	-2	4	52292
12645	-2	4	52296
12646	-2	4	52300
12647	-2	4	52304
12648	-2	4	52308
12649	-2	4	52312
12650	-2	4	52316
12651	-2	4	52320
12652	-2	4	52324
12653	-2	4	52328
12654	-2	4	52332
12655	-2	4	52336
12656	-2	4	52340
12657	-2	4	52344
12658	-2	4	52348
12659	-2	4	52352
12660	-4	6	52358
12661	-2	4	52362
12662	-2	4	52366
12663	-2	4	52370
12664	-2	4	52374
12665	-2	4	52378
12666	-2	4	52382
12667	-2	4	52386
12668	-2	4	52390
12669	-2	4	52394
12670	-2	4	52398
12671	-2	4	52402
12672	-2	4	52406
12673	-2	4	52410
12674	-2	4	52414
12675	-2	4	52418
12676	-2	4	52422
12677	-2	4	52426
12678	-4	6	52432
12679	-2	4	52436
12680	-2	4	52440
12681	-2	4	52444
12682	-2	4	52448
12683	-2	4	52452
12684	-2	4	52456
12685	-2	4	52460
12686	-2	4	52464
12687	-2	4	52468
12688	-2	4	52472
12689	-2	4	52476
12690	-2	4	52480
12691	-2	4	52484
12692	-2	4	52488
12693	-2	4	52492
12694	-2	4	52496
12695	-2	4	52500
12696	-2	4	52504
12697	-2	4	52508
12698	-2	4	52512
12699	-2	4	52516
12700	-2	4	52520
12701	-2	4	52524
12702	-3	5	52529
12703	-2	4	52533
12704	-2	4	52537
12705	-2	4	52541
12706	-2	4	52545
12707	-2	4	52549
12708	-2	4	52553
12709	-2	4	52557
12710	-4	6	52563
12711	-2	4	52567
12712	-2	4	52571
12713	-2	4	52575
12714	-2	4	52579
12715	-2	4	52583
12716	-2	4	52587
12717	-2	4	52591
12718	-2	4	52595
12719	-2	4	52599
12720	-2	4	52603
12721	-2	4	52607
12722	-2	4	52611
12723	-2	4	52615
12724	-2	4	52619
12725	-2	4	52623
12726	-2	4	52627
12727	-2	4	52631
12728	-2	4	52635
12729	-2	4	52639
12730	-2	4	52643
12731	-2	4	52647
12732	-2	4	52651
12733	-2	4	52655
12734	-2	4	52659
12735	-2	4	52663
12736	-4	6	52669
12737	-2	4	52673
12738	-2	4	52677
12739	-2	4	52681
12740	-2	4	52685
12741	-2	4	52689
12742	-2	4	52693
12743	-2	4	52697
12744	-2	4	52701
12745	-2	4	52705
12746	-2	4	52709
12747	-2	4	52713
12748	-2	4	52717
12749	-2	4	52721
12750	-2	4	52725
12751	-2	4	52729
12752	-2	4	52733
12753	-2	4	52737
12754	-2	4	52741
12755	-2	4	52745
12756	-2	4	52749
12757	-2	4	52753
12758	-2	4	52757
12759	-2	4	52761
12760	-2	4	52765
12761	-2	4	52769
12762	-2	4	52773
12763	-2	4	52777
12764	-2	4	52781
12765	-2	4	52785
12766	-2	4	52789
12767	-2	4	52793
12768	-2	4	52797
12769	-2	4	52801
12770	-3	5	52806
12771	-2	4	52810
12772	-2	4	52814
12773	-2	4	52818
12774	-2	4	52822
12775	-2	4	52826
12776	-2	4	52830
12777	-2	4	52834
12778	-2	4	52838
12779	-2	4	52842
12780	-2	4	52846
12781	-2	4	52850
12782	-2	4	52854
12783	-2	4	52858
12784	-2	4	52862
12785	-2	4	52866
12786	-2	4	52870
12787	-2	4	52874
12788	-2	4	52878
12789	-3	5	52883
12790	-2	4	52887
12791	-2	4	52891
12792	-4	6	52897
12793	-2	4	52901
12794	-2	4	52905
12795	-2	4	52909
12796	-2	4	52913
12797	-2	4	52917
12798	-2	4	52921
12799	-2	4	52925
12800	-2	4	52929
12801	-2	4	52933
12802	-2	4	52937
12803	-2	4	52941
12804	-2	4	52945
12805	-2	4	52949
12806	-2	4	52953
12807	-2	4	52957
12808	-2	4	52961
12809	-2	4	52965
12810	-2	4	52969
12811	-2	4	52973
12812	-2	4	52977
12813	-2	4	52981
12814	-2	4	52985
12815	-2	4	52989
12816	-2	4	52993
12817	-2	4	52997
12818	-2	4	53001
12819	-2	4	53005
12820	-2	4	53009
12821	-2	4	53013
12822	-2	4	53017
12823	-2	4	53021
12824	-2	4	53025
12825	-2	4	53029
12826	-2	4	53033
12827	-2	4	53037
12828	-2	4	53041
12829	-2	4	53045
12830	-2	4	53049
12831	-6	8	53057
12832	-2	4	53061
12833	-2	4	53065
12834	-2	4	53069
12835	-2	4	53073
12836	-4	6	53079
12837	-2	4	53083
12838	-2	4	53087
12839	-3	5	53092
12840	-2	4	53096
12841	-4	6	53102
12842	-2	4	53106
12843	-2	4	53110
12844	-2	4	53114
12845	-2	4	53118
12846	-4	6	53124
12847	-2	4	53128
12848	-2	4	53132
12849	-2	4	53136
12850	-2	4	53140
12851	-2	4	53144
12852	-2	4	53148
12853	-2	4	53152
12854	-2	4	53156
12855	-2	4	53160
12856	-2	4	53164
12857	-2	4	53168
12858	-2	4	53172
12859	-4	6	53178
12860	-2	4	53182
12861	-4	6	53188
12862	-2	4	53192
12863	-2	4	53196
12864	-2	4	53200
12865	-2	4	53204
12866	-2	4	53208
12867	-2	4	53212
12868	-2	4	53216
12869	-2	4	53220
12870	-2	4	53224
12871	-2	4	53228
12872	-2	4	53232
12873	-2	4	53236
12874	-2	4	53240
12875	-4	6	53246
12876	-2	4	53250
12877	-2	4	53254
12878	-2	4	53258
12879	-2	4	53262
12880	-2	4	53266
12881	-2	4	53270
12882	-2	4	53274
12883	-4	6	53280
12884	-2	4	53284
12885	-2	4	53288
12886	-4	6	53294
12887	-2	4	53298
12888	-2	4	53302
12889	-2	4	53306
12890	-2	4	53310
12891	-2	4	53314
12892	-4	6	53320
12893	-2	4	53324
12894	-2	4	53328
12895	-2	4	53332
12896	-2	4	53336
12897	-2	4	53340
12898	-2	4	53344
12899	-2	4	53348
12900	-2	4	53352
12901	-2	4	53356
12902	-4	6	53362
12903	-2	4	53366
12904	-2	4	53370
12905	-2	4	53374
12906	-2	4	53378
12907	-2	4	53382
12908	-2	4	53386
12909	-2	4	53390
12910	-2	4	53394
12911	-4	6	53400
12912	-2	4	53404
12913	-2	4	53408
12914	-2	4	53412
12915	-2	4	53416
12916	-2	4	53420
12917	-2	4	53424
12918	-2	4	53428
12919	-2	4	53432
12920	-2	4	53436
12921	-2	4	53440
12922	-2	4	53444
12923	-2	4	53448
12924	-2	4	53452
12925	-2	4	53456
12926	-2	4	53460
12927	-2	4	53464
12928	-2	4	53468
12929	-2	4	53472
12930	-2	4	53476
12931	-2	4	53480
12932	-2	4	53484
12933	-2	4	53488
12934	-2	4	53492
12935	-2	4	53496
12936	-2	4	53500
12937	-2	4	53504
12938	-2	4	53508
12939	-2	4	53512
12940	-2	4	53516
12941	-2	4	53520
12942	-2	4	53524
12943	-2	4	53528
12944	-2	4	53532
12945	-2	4	53536
12946	-2	4	53540
12947	-2	4	53544
12948	-2	4	53548
12949	-2	4	53552
12950	-2	4	53556
12951	-2	4	53560
12952	-2	4	53564
12953	-2	4	53568
12954	-2	4	53572
12955	-2	4	53576
12956	-2	4	53580
12957	-2	4	53584
12958	-2	4	53588
12959	-2	4	53592
12960	-2	4	53596
12961	-2	4	53600
12962	-2	4	53604
12963	-2	4	53608
12964	-4	6	53614
12965	-2	4	53618
12966	-2	4	53622
12967	-2	4	53626
12968	-2	4	53630
12969	-2	4	53634
12970	-4	6	53640
12971	-2	4	53644
12972	-2	4	53648
12973	-2	4	53652
12974	-2	4	53656
12975	-2	4	53660
12976	-2	4	53664
12977	-2	4	53668
12978	-2	4	53672
12979	-2	4	53676
12980	-2	4	53680
12981	-2	4	53684
12982	-2	4	53688
12983	-5	7	53695
12984	-2	4	53699
12985	-2	4	53703
12986	-2	4	53707
12987	-2	4	53711
12988	-2	4	53715
12989	-2	4	53719
12990	-2	4	53723
12991	-2	4	53727
12992	-2	4	53731
12993	-2	4	53735
12994	-2	4	53739
12995	-2	4	53743
12996	-2	4	53747
12997	-2	4	53751
12998	-2	4	53755
12999	-4	6	53761
13000	-2	4	53765
13001	-2	4	53769
13002	-2	4	53773
13003	-2	4	53777
13004	-2	4	53781
13005	-2	4	53785
13006	-2	4	53789
13007	-2	4	53793
13008	-2	4	53797
13009	-2	4	53801
13010	-2	4	53805
13011	-2	4	53809
13012	-2	4	53813
13013	-2	4	53817
13014	-2	4	53821
13015	-2	4	53825
13016	-2	4	53829
13017	-2	4	53833
13018	-2	4	53837
13019	-2	4	53841
13020	-2	4	53845
13021	-4	6	53851
13022	-2	4	53855
13023	-2	4	53859
13024	-2	4	53863
13025	-2	4	53867
13026	-2	4	53871
13027	-2	4	53875
13028	-2	4	53879
13029	-2	4	53883
13030	-2	4	53887
13031	-2	4	53891
13032	-2	4	53895
13033	-2	4	53899
13034	-2	4	53903
13035	-2	4	53907
13036	-2	4	53911
13037	-2	4	53915
13038	-2	4	53919
13039	-2	4	53923
13040	-2	4	53927
13041	-2	4	53931
13042	-2	4	53935
13043	-2	4	53939
13044	-2	4	53943
13045	-2	4	53947
13046	-2	4	53951
13047	-2	4	53955
13048	-2	4	53959
13049	-4	6	53965
13050	-2	4	53969
13051	-2	4	53973
13052	-2	4	53977
13053	-2	4	53981
13054	-2	4	53985
13055	-2	4	53989
13056	-2	4	53993
13057	-2	4	53997
13058	-2	4	54001
13059	-2	4	54005
13060	-2	4	54009
13061	-4	6	54015
13062	-2	4	54019
13063	-2	4	54023
13064	-2	4	54027
13065	-2	4	54031
13066	-2	4	54035
13067	-2	4	54039
13068	-2	4	54043
13069	-2	4	54047
13070	-2	4	54051
13071	-2	4	54055
13072	-2	4	54059
13073	-2	4	54063
13074	-2	4	54067
13075	-2	4	54071
13076	-2	4	54075
13077	-2	4	54079
13078	-2	4	54083
13079	-2	4	54087
13080	-2	4	54091
13081	-2	4	54095
13082	-2	4	54099
13083	-3	5	54104
13084	-2	4	54108
13085	-2	4	54112
13086	-2	4	54116
13087	-2	4	54120
13088	-2	4	54124
13089	-2	4	54128
13090	-2	4	54132
13091	-2	4	54136
13092	-2	4	54140
13093	-2	4	54144
13094	-2	4	54148
13095	-2	4	54152
13096	-2	4	54156
13097	-2	4	54160
13098	-2	4	54164
13099	-2	4	54168
13100	-2	4	54172
13101	-2	4	54176
13102	-2	4	54180
13103	-2	4	54184
13104	-2	4	54188
13105	-2	4	54192
13106	-2	4	54196
13107	-2	4	54200
13108	-4	6	54206
13109	-2	4	54210
13110	-2	4	54214
13111	-2	4	54218
13112	-2	4	54222
13113	-2	4	54226
13114	-2	4	54230
13115	-2	4	54234
13116	-2	4	54238
13117	-2	4	54242
13118	-2	4	54246
13119	-2	4	54250
13120	-2	4	54254
13121	-2	4	54258
13122	-2	4	54262
13123	-2	4	54266
13124	-2	4	54270
13125	-2	4	54274
13126	-2	4	54278
13127	-2	4	54282
13128	-2	4	54286
13129	-2	4	54290
13130	-2	4	54294
13131	-4	6	54300
13132	-2	4	54304
13133	-2	4	54308
13134	-2	4	54312
13135	-2	4	54316
13136	-2	4	54320
13137	-2	4	54324
13138	-4	6	54330
13139	-2	4	54334
13140	-2	4	54338
13141	-4	6	54344
13142	-2	4	54348
13143	-2	4	54352
13144	-2	4	54356
13145	-2	4	54360
13146	-2	4	54364
13147	-2	4	54368
13148	-2	4	54372
13149	-2	4	54376
13150	-4	6	54382
13151	-2	4	54386
13152	-2	4	54390
13153	-2	4	54394
13154	-2	4	54398
13155	-2	4	54402
13156	-4	6	54408
13157	-2	4	54412
13158	-2	4	54416
13159	-4	6	54422
13160	-2	4	54426
13161	-2	4	54430
13162	-2	4	54434
13163	-2	4	54438
13164	-4	6	54444
13165	-2	4	54448
13166	-2	4	54452
13167	-2	4	54456
13168	-2	4	54460
13169	-2	4	54464
13170	-3	5	54469
13171	-2	4	54473
13172	-2	4	54477
13173	-2	4	54481
13174	-2	4	54485
13175	-2	4	54489
13176	-2	4	54493
13177	-2	4	54497
13178	-2	4	54501
13179	-3	5	54506
13180	-2	4	54510
13181	-2	4	54514
13182	-2	4	54518
13183	-3	5	54523
13184	-2	4	54527
13185	-2	4	54531
13186	-2	4	54535
13187	-2	4	54539
13188	-2	4	54543
13189	-2	4	54547
13190	-2	4	54551
13191	-2	4	54555
13192	-4	6	54561
13193	-2	4	54565
13194	-2	4	54569
13195	-2	4	54573
13196	-2	4	54577
13197	-4	6	54583
13198	-2	4	54587
13199	-2	4	54591
13200	-2	4	54595
13201	-2	4	54599
13202	-2	4	54603
13203	-2	4	54607
13204	-2	4	54611
13205	-2	4	54615
13206	-2	4	54619
13207	-2	4	54623
13208	-2	4	54627
13209	-2	4	54631
13210	-2	4	54635
13211	-2	4	54639
13212	-2	4	54643
13213	-2	4	54647
13214	-2	4	54651
13215	-2	4	54655
13216	-2	4	54659
13217	-2	4	54663
13218	-2	4	54667
13219	-2	4	54671
13220	-2	4	54675
13221	-2	4	54679
13222	-2	4	54683
13223	-2	4	54687
13224	-2	4	54691
13225	-2	4	54695
13226	-2	4	54699
13227	-2	4	54703
13228	-2	4	54707
13229	-2	4	54711
13230	-2	4	54715
13231	-3	5	54720
13232	-2	4	54724
13233	-3	5	54729
13234	-2	4	54733
13235	-2	4	54737
13236	-2	4	54741
13237	-2	4	54745
13238	-2	4	54749
13239	-2	4	54753
13240	-2	4	54757
13241	-2	4	54761
13242	-2	4	54765
13243	-2	4	54769
13244	-2	4	54773
13245	-2	4	54777
13246	-2	4	54781
13247	-2	4	54785
13248	-2	4	54789
13249	-4	6	54795
13250	-2	4	54799
13251	-2	4	54803
13252	-2	4	54807
13253	-2	4	54811
13254	-2	4	54815
13255	-2	4	54819
13256	-2	4	54823
13257	-2	4	54827
13258	-4	6	54833
13259	-2	4	54837
13260	-2	4	54841
13261	-2	4	54845
13262	-2	4	54849
13263	-2	4	54853
13264	-2	4	54857
13265	-2	4	54861
13266	-5	7	54868
13267	-2	4	54872
13268	-2	4	54876
13269	-2	4	54880
13270	-2	4	54884
13271	-2	4	54888
13272	-2	4	54892
13273	-4	6	54898
13274	-2	4	54902
13275	-2	4	54906
13276	-2	4	54910
13277	-2	4	54914
13278	-2	4	54918
13279	-2	4	54922
13280	-2	4	54926
13281	-2	4	54930
13282	-2	4	54934
13283	-2	4	54938
13284	-2	4	54942
13285	-2	4	54946
13286	-2	4	54950
13287	-2	4	54954
13288	-2	4	54958
13289	-2	4	54962
13290	-2	4	54966
13291	-2	4	54970
13292	-2	4	54974
13293	-2	4	54978
13294	-2	4	54982
13295	-2	4	54986
13296	-2	4	54990
13297	-2	4	54994
13298	-2	4	54998
13299	-2	4	55002
13300	-2	4	55006
13301	-2	4	55010
13302	-2	4	55014
13303	-2	4	55018
13304	-2	4	55022
13305	-4	6	55028
13306	-2	4	55032
13307	-2	4	55036
13308	-2	4	55040
13309	-2	4	55044
13310	-2	4	55048
13311	-2	4	55052
13312	-2	4	55056
13313	-2	4	55060
13314	-2	4	55064
13315	-2	4	55068
13316	-2	4	55072
13317	-2	4	55076
13318	-4	6	55082
13319	-2	4	55086
13320	-2	4	55090
13321	-2	4	55094
13322	-2	4	55098
13323	-2	4	55102
13324	-2	4	55106
13325	-2	4	55110
13326	-2	4	55114
13327	-2	4	55118
13328	-2	4	55122
13329	-2	4	55126
13330	-2	4	55130
13331	-2	4	55134
13332	-2	4	55138
13333	-2	4	55142
13334	-2	4	55146
13335	-2	4	55150
13336	-2	4	55154
13337	-2	4	55158
13338	-2	4	55162
13339	-2	4	55166
13340	-2	4	55170
13341	-2	4	55174
13342	-2	4	55178
13343	-2	4	55182
13344	-4	6	55188
13345	-2	4	55192
13346	-2	4	55196
13347	-2	4	55200
13348	-2	4	55204
13349	-4	6	55210
13350	-2	4	55214
13351	-2	4	55218
13352	-2	4	55222
13353	-2	4	55226
13354	-4	6	55232
13355	-2	4	55236
13356	-2	4	55240
13357	-2	4	55244
13358	-2	4	55248
13359	-2	4	55252
13360	-2	4	55256
13361	-2	4	55260
13362	-2	4	55264
13363	-2	4	55268
13364	-2	4	55272
13365	-2	4	55276
13366	-2	4	55280
13367	-2	4	55284
13368	-2	4	55288
13369	-2	4	55292
13370	-2	4	55296
13371	-2	4	55300
13372	-2	4	55304
13373	-2	4	55308
13374	-2	4	55312
13375	-2	4	55316
13376	-2	4	55320
13377	-2	4	55324
13378	-2	4	55328
13379	-2	4	55332
13380	-2	4	55336
13381	-2	4	55340
13382	-2	4	55344
13383	-2	4	55348
13384	-2	4	55352
13385	-2	4	55356
13386	-2	4	55360
13387	-2	4	55364
13388	-2	4	55368
13389	-2	4	55372
13390	-2	4	55376
13391	-2	4	55380
13392	-2	4	55384
13393	-2	4	55388
13394	-2	4	55392
13395	-2	4	55396
13396	-2	4	55400
13397	-2	4	55404
13398	-4	6	55410
13399	-3	5	55415
13400	-2	4	55419
13401	-2	4	55423
13402	-4	6	55429
13403	-2	4	55433
13404	-2	4	55437
13405	-2	4	55441
13406	-2	4	55445
13407	-2	4	55449
13408	-2	4	55453
13409	-2	4	55457
13410	-2	4	55461
13411	-2	4	55465
13412	-2	4	55469
13413	-2	4	55473
13414	-2	4	55477
13415	-2	4	55481
13416	-2	4	55485
13417	-2	4	55489
13418	-2	4	55493
13419	-2	4	55497
13420	-2	4	55501
13421	-2	4	55505
13422	-2	4	55509
13423	-2	4	55513
13424	-2	4	55517
13425	-2	4	55521
13426	-2	4	55525
13427	-2	4	55529
13428	-2	4	55533
13429	-2	4	55537
13430	-2	4	55541
13431	-2	4	55545
13432	-2	4	55549
13433	-2	4	55553
13434	-2	4	55557
13435	-2	4	55561
13436	-2	4	55565
13437	-2	4	55569
13438	-2	4	55573
13439	-2	4	55577
13440	-2	4	55581
13441	-2	4	55585
13442	-2	4	55589
13443	-2	4	55593
13444	-2	4	55597
13445	-4	6	55603
13446	-2	4	55607
13447	-2	4	55611
13448	-2	4	55615
13449	-2	4	55619
13450	-2	4	55623
13451	-4	6	55629
13452	-2	4	55633
13453	-2	4	55637
13454	-6	8	55645
13455	-2	4	55649
13456	-2	4	55653
13457	-2	4	55657
13458	-2	4	55661
13459	-2	4	55665
13460	-2	4	55669
13461	-2	4	55673
13462	-2	4	55677
13463	-2	4	55681
13464	-2	4	55685
13465	-2	4	55689
13466	-2	4	55693
13467	-2	4	55697
13468	-2	4	55701
13469	-2	4	55705
13470	-2	4	55709
13471	-2	4	55713
13472	-2	4	55717
13473	-2	4	55721
13474	-2	4	55725
13475	-2	4	55729
13476	-2	4	55733
13477	-2	4	55737
13478	-2	4	55741
13479	-2	4	55745
13480	-2	4	55749
13481	-2	4	55753
13482	-2	4	55757
13483	-2	4	55761
13484	-2	4	55765
13485	-2	4	55769
13486	-2	4	55773
13487	-2	4	55777
13488	-2	4	55781
13489	-2	4	55785
13490	-2	4	55789
13491	-2	4	55793
13492	-2	4	55797
13493	-2	4	55801
13494	-2	4	55805
13495	-2	4	55809
13496	-2	4	55813
13497	-2	4	55817
13498	-2	4	55821
13499	-2	4	55825
13500	-2	4	55829
13501	-2	4	55833
13502	-2	4	55837
13503	-2	4	55841
13504	-2	4	55845
13505	-4	6	55851
13506	-2	4	55855
13507	-2	4	55859
13508	-2	4	55863
13509	-2	4	55867
13510	-2	4	55871
13511	-2	4	55875
13512	-2	4	55879
13513	-2	4	55883
13514	-2	4	55887
13515	-2	4	55891
13516	-2	4	55895
13517	-2	4	55899
13518	-2	4	55903
13519	-2	4	55907
13520	-2	4	55911
13521	-2	4	55915
13522	-2	4	55919
13523	-3	5	55924
13524	-2	4	55928
13525	-2	4	55932
13526	-2	4	55936
13527	-2	4	55940
13528	-2	4	55944
13529	-2	4	55948
13530	-2	4	55952
13531	-2	4	55956
13532	-2	4	55960
13533	-2	4	55964
13534	-2	4	55968
13535	-2	4	55972
13536	-2	4	55976
13537	-2	4	55980
13538	-2	4	55984
13539	-2	4	55988
13540	-2	4	55992
13541	-2	4	55996
13542	-2	4	56000
13543	-2	4	56004
13544	-2	4	56008
13545	-2	4	56012
13546	-2	4	56016
13547	-2	4	56020
13548	-2	4	56024
13549	-2	4	56028
13550	-2	4	56032
13551	-2	4	56036
13552	-4	6	56042
13553	-2	4	56046
13554	-4	6	56052
13555	-2	4	56056
13556	-2	4	56060
13557	-2	4	56064
13558	-2	4	56068
13559	-2	4	56072
13560	-2	4	56076
13561	-2	4	56080
13562	-2	4	56084
13563	-2	4	56088
13564	-2	4	56092
13565	-2	4	56096
13566	-2	4	56100
13567	-4	6	56106
13568	-2	4	56110
13569	-2	4	56114
13570	-2	4	56118
13571	-2	4	56122
13572	-2	4	56126
13573	-2	4	56130
13574	-2	4	56134
13575	-2	4	56138
13576	-2	4	56142
13577	-2	4	56146
13578	-2	4	56150
13579	-4	6	56156
13580	-2	4	56160
13581	-2	4	56164
13582	-2	4	56168
13583	-2	4	56172
13584	-2	4	56176
13585	-2	4	56180
13586	-2	4	56184
13587	-2	4	56188
13588	-3	5	56193
13589	-2	4	56197
13590	-2	4	56201
13591	-2	4	56205
13592	-4	6	56211
13593	-2	4	56215
13594	-2	4	56219
13595	-2	4	56223
13596	-2	4	56227
13597	-2	4	56231
13598	-2	4	56235
13599	-2	4	56239
13600	-2	4	56243
13601	-2	4	56247
13602	-2	4	56251
13603	-2	4	56255
13604	-2	4	56259
13605	-2	4	56263
13606	-2	4	56267
13607	-2	4	56271
13608	-2	4	56275
13609	-2	4	56279
13610	-2	4	56283
13611	-2	4	56287
13612	-2	4	56291
13613	-2	4	56295
13614	-2	4	56299
13615	-2	4	56303
13616	-2	4	56307
13617	-2	4	56311
13618	-2	4	56315
13619	-4	6	56321
13620	-2	4	56325
13621	-2	4	56329
13622	-2	4	56333
13623	-2	4	56337
13624	-2	4	56341
13625	-2	4	56345
13626	-2	4	56349
13627	-2	4	56353
13628	-2	4	56357
13629	-2	4	56361
13630	-2	4	56365
13631	-2	4	56369
13632	-2	4	56373
13633	-2	4	56377
13634	-2	4	56381
13635	-2	4	56385
13636	-2	4	56389
13637	-2	4	56393
13638	-2	4	56397
13639	-2	4	56401
13640	-2	4	56405
13641	-2	4	56409
13642	-2	4	56413
13643	-2	4	56417
13644	-2	4	56421
13645	-4	6	56427
13646	-2	4	56431
13647	-2	4	56435
13648	-2	4	56439
13649	-2	4	56443
13650	-2	4	56447
13651	-2	4	56451
13652	-2	4	56455
13653	-2	4	56459
13654	-2	4	56463
13655	-2	4	56467
13656	-2	4	56471
13657	-2	4	56475
13658	-2	4	56479
13659	-2	4	56483
13660	-4	6	56489
13661	-2	4	56493
13662	-2	4	56497
13663	-2	4	56501
13664	-2	4	56505
13665	-2	4	56509
13666	-2	4	56513
13667	-2	4	56517
13668	-2	4	56521
13669	-2	4	56525
13670	-2	4	56529
13671	-2	4	56533
13672	-2	4	56537
13673	-2	4	56541
13674	-2	4	56545
13675	-2	4	56549
13676	-2	4	56553
13677	-2	4	56557
13678	-2	4	56561
13679	-2	4	56565
13680	-2	4	56569
13681	-2	4	56573
13682	-2	4	56577
13683	-2	4	56581
13684	-2	4	56585
13685	-2	4	56589
13686	-2	4	56593
13687	-2	4	56597
13688	-2	4	56601
13689	-2	4	56605
13690	-2	4	56609
13691	-2	4	56613
13692	-2	4	56617
13693	-2	4	56621
13694	-2	4	56625
13695	-2	4	56629
13696	-2	4	56633
13697	-2	4	56637
13698	-2	4	56641
13699	-2	4	56645
13700	-2	4	56649
13701	-2	4	56653
13702	-2	4	56657
13703	-2	4	56661
13704	-2	4	56665
13705	-2	4	56669
13706	-2	4	56673
13707	-2	4	56677
13708	-2	4	56681
13709	-2	4	56685
13710	-2	4	56689
13711	-2	4	56693
13712	-2	4	56697
13713	-4	6	56703
13714	-2	4	56707
13715	-2	4	56711
13716	-2	4	56715
13717	-2	4	56719
13718	-4	6	56725
13719	-2	4	56729
13720	-2	4	56733
13721	-2	4	56737
13722	-2	4	56741
13723	-2	4	56745
13724	-2	4	56749
13725	-4	6	56755
13726	-2	4	56759
13727	-2	4	56763
13728	-2	4	56767
13729	-2	4	56771
13730	-2	4	56775
13731	-2	4	56779
13732	-4	6	56785
13733	-2	4	56789
13734	-4	6	56795
13735	-2	4	56799
13736	-3	5	56804
13737	-2	4	56808
13738	-2	4	56812
13739	-2	4	56816
13740	-2	4	56820
13741	-2	4	56824
13742	-2	4	56828
13743	-2	4	56832
13744	-2	4	56836
13745	-2	4	56840
13746	-2	4	56844
13747	-2	4	56848
13748	-2	4	56852
13749	-2	4	56856
13750	-2	4	56860
13751	-2	4	56864
13752	-2	4	56868
13753	-2	4	56872
13754	-2	4	56876
13755	-2	4	56880
13756	-2	4	56884
13757	-2	4	56888
13758	-4	6	56894
13759	-2	4	56898
13760	-2	4	56902
13761	-2	4	56906
13762	-2	4	56910
13763	-2	4	56914
13764	-2	4	56918
13765	-2	4	56922
13766	-2	4	56926
13767	-2	4	56930
13768	-2	4	56934
13769	-2	4	56938
13770	-2	4	56942
13771	-2	4	56946
13772	-2	4	56950
13773	-2	4	56954
13774	-2	4	56958
13775	-2	4	56962
13776	-2	4	56966
13777	-2	4	56970
13778	-2	4	56974
13779	-2	4	56978
13780	-2	4	56982
13781	-2	4	56986
13782	-2	4	56990
13783	-2	4	56994
13784	-2	4	56998
13785	-2	4	57002
13786	-2	4	57006
13787	-2	4	57010
13788	-2	4	57014
13789	-2	4	57018
13790	-2	4	57022
13791	-2	4	57026
13792	-2	4	57030
13793	-2	4	57034
13794	-2	4	57038
13795	-2	4	57042
13796	-4	6	57048
13797	-2	4	57052
13798	-2	4	57056
13799	-2	4	57060
13800	-2	4	57064
13801	-2	4	57068
13802	-2	4	57072
13803	-2	4	57076
13804	-2	4	57080
13805	-2	4	57084
13806	-2	4	57088
13807	-2	4	57092
13808	-2	4	57096
13809	-2	4	57100
13810	-2	4	57104
13811	-2	4	57108
13812	-2	4	57112
13813	-2	4	57116
13814	-2	4	57120
13815	-2	4	57124
13816	-2	4	57128
13817	-2	4	57132
13818	-2	4	57136
13819	-2	4	57140
13820	-2	4	57144
13821	-2	4	57148
13822	-2	4	57152
13823	-2	4	57156
13824	-2	4	57160
13825	-2	4	57164
13826	-2	4	57168
13827	-2	4	57172
13828	-2	4	57176
13829	-2	4	57180
13830	-2	4	57184
13831	-2	4	57188
13832	-2	4	57192
13833	-2	4	57196
13834	-2	4	57200
13835	-2	4	57204
13836	-2	4	57208
13837	-2	4	57212
13838	-2	4	57216
13839	-2	4	57220
13840	-2	4	57224
13841	-2	4	57228
13842	-2	4	57232
13843	-2	4	57236
13844	-2	4	57240
13845	-2	4	57244
13846	-2	4	57248
13847	-2	4	57252
13848	-2	4	57256
13849	-2	4	57260
13850	-2	4	57264
13851	-2	4	57268
13852	-2	4	57272
13853	-2	4	57276
13854	-4	6	57282
13855	-2	4	57286
13856	-2	4	57290
13857	-2	4	57294
13858	-2	4	57298
13859	-2	4	57302
13860	-2	4	57306
13861	-2	4	57310
13862	-2	4	57314
13863	-2	4	57318
13864	-2	4	57322
13865	-2	4	57326
13866	-2	4	57330
13867	-2	4	57334
13868	-2	4	57338
13869	-2	4	57342
13870	-2	4	57346
13871	-2	4	57350
13872	-2	4	57354
13873	-2	4	57358
13874	-2	4	57362
13875	-2	4	57366
13876	-2	4	57370
13877	-2	4	57374
13878	-2	4	57378
13879	-2	4	57382
13880	-2	4	57386
13881	-2	4	57390
13882	-2	4	57394
13883	-2	4	57398
13884	-2	4	57402
13885	-2	4	57406
13886	-2	4	57410
13887	-2	4	57414
13888	-2	4	57418
13889	-2	4	57422
13890	-2	4	57426
13891	-2	4	57430
13892	-4	6	57436
13893	-2	4	57440
13894	-2	4	57444
13895	-2	4	57448
13896	-2	4	57452
13897	-2	4	57456
13898	-2	4	57460
13899	-2	4	57464
13900	-2	4	57468
13901	-4	6	57474
13902	-2	4	57478
13903	-3	5	57483
13904	-2	4	57487
13905	-2	4	57491
13906	-2	4	57495
13907	-2	4	57499
13908	-2	4	57503
13909	-2	4	57507
13910	-2	4	57511
13911	-2	4	57515
13912	-2	4	57519
13913	-4	6	57525
13914	-2	4	57529
13915	-2	4	57533
13916	-2	4	57537
13917	-2	4	57541
13918	-2	4	57545
13919	-2	4	57549
13920	-2	4	57553
13921	-2	4	57557
13922	-2	4	57561
13923	-4	6	57567
13924	-2	4	57571
13925	-2	4	57575
13926	-2	4	57579
13927	-2	4	57583
13928	-2	4	57587
13929	-2	4	57591
13930	-2	4	57595
13931	-2	4	57599
13932	-2	4	57603
13933	-2	4	57607
13934	-2	4	57611
13935	-2	4	57615
13936	-2	4	57619
13937	-2	4	57623
13938	-3	5	57628
13939	-2	4	57632
13940	-2	4	57636
13941	-2	4	57640
13942	-2	4	57644
13943	-3	5	57649
13944	-2	4	57653
13945	-2	4	57657
13946	-2	4	57661
13947	-3	5	57666
13948	-2	4	57670
13949	-2	4	57674
13950	-2	4	57678
13951	-4	6	57684
13952	-2	4	57688
13953	-2	4	57692
13954	-2	4	57696
13955	-2	4	57700
13956	-2	4	57704
13957	-2	4	57708
13958	-4	6	57714
13959	-2	4	57718
13960	-2	4	57722
13961	-2	4	57726
13962	-2	4	57730
13963	-2	4	57734
13964	-2	4	57738
13965	-2	4	57742
13966	-3	5	57747
13967	-4	6	57753
13968	-2	4	57757
13969	-2	4	57761
13970	-2	4	57765
13971	-4	6	57771
13972	-2	4	57775
13973	-2	4	57779
13974	-2	4	57783
13975	-2	4	57787
13976	-2	4	57791
13977	-2	4	57795
13978	-2	4	57799
13979	-4	6	57805
13980	-2	4	57809
13981	-2	4	57813
13982	-2	4	57817
13983	-2	4	57821
13984	-2	4	57825
13985	-2	4	57829
13986	-2	4	57833
13987	-4	6	57839
13988	-2	4	57843
13989	-2	4	57847
13990	-2	4	57851
13991	-2	4	57855
13992	-3	5	57860
13993	-2	4	57864
13994	-2	4	57868
13995	-2	4	57872
13996	-2	4	57876
13997	-2	4	57880
13998	-2	4	57884
13999	-2	4	57888
14000	-2	4	57892
14001	-2	4	57896
14002	-2	4	57900
14003	-2	4	57904
14004	-2	4	57908
14005	-2	4	57912
14006	-2	4	57916
14007	-2	4	57920
14008	-2	4	57924
14009	-2	4	57928
14010	-2	4	57932
14011	-2	4	57936
14012	-2	4	57940
14013	-2	4	57944
14014	-2	4	57948
14015	-2	4	57952
14016	-2	4	57956
14017	-2	4	57960
14018	-2	4	57964
14019	-2	4	57968
14020	-2	4	57972
14021	-2	4	57976
14022	-2	4	57980
14023	-2	4	57984
14024	-2	4	57988
14025	-2	4	57992
14026	-2	4	57996
14027	-4	6	58002
14028	-2	4	58006
14029	-2	4	58010
14030	-2	4	58014
14031	-2	4	58018
14032	-2	4	58022
14033	-2	4	58026
14034	-2	4	58030
14035	-2	4	58034
14036	-2	4	58038
14037	-2	4	58042
14038	-2	4	58046
14039	-2	4	58050
14040	-2	4	58054
14041	-2	4	58058
14042	-2	4	58062
14043	-2	4	58066
14044	-2	4	58070
14045	-2	4	58074
14046	-2	4	58078
14047	-2	4	58082
14048	-2	4	58086
14049	-2	4	58090
14050	-2	4	58094
14051	-2	4	58098
14052	-2	4	58102
14053	-2	4	58106
14054	-2	4	58110
14055	-2	4	58114
14056	-2	4	58118
14057	-2	4	58122
14058	-2	4	58126
14059	-2	4	58130
14060	-2	4	58134
14061	-2	4	58138
14062	-2	4	58142
14063	-2	4	58146
14064	-2	4	58150
14065	-2	4	58154
14066	-2	4	58158
14067	-2	4	58162
14068	-4	6	58168
14069	-2	4	58172
14070	-2	4	58176
14071	-2	4	58180
14072	-2	4	58184
14073	-2	4	58188
14074	-2	4	58192
14075	-2	4	58196
14076	-2	4	58200
14077	-2	4	58204
14078	-2	4	58208
14079	-2	4	58212
14080	-2	4	58216
14081	-4	6	58222
14082	-2	4	58226
14083	-2	4	58230
14084	-2	4	58234
14085	-2	4	58238
14086	-2	4	58242
14087	-2	4	58246
14088	-2	4	58250
14089	-2	4	58254
14090	-4	6	58260
14091	-2	4	58264
14092	-2	4	58268
14093	-2	4	58272
14094	-2	4	58276
14095	-2	4	58280
14096	-2	4	58284
14097	-2	4	58288
14098	-4	6	58294
14099	-2	4	58298
14100	-2	4	58302
14101	-2	4	58306
14102	-2	4	58310
14103	-2	4	58314
14104	-4	6	58320
14105	-2	4	58324
14106	-2	4	58328
14107	-2	4	58332
14108	-2	4	58336
14109	-2	4	58340
14110	-2	4	58344
14111	-2	4	58348
14112	-2	4	58352
14113	-2	4	58356
14114	-2	4	58360
14115	-2	4	58364
14116	-2	4	58368
14117	-2	4	58372
14118	-2	4	58376
14119	-2	4	58380
14120	-2	4	58384
14121	-2	4	58388
14122	-2	4	58392
14123	-4	6	58398
14124	-2	4	58402
14125	-2	4	58406
14126	-2	4	58410
14127	-2	4	58414
14128	-2	4	58418
14129	-2	4	58422
14130	-2	4	58426
14131	-2	4	58430
14132	-2	4	58434
14133	-2	4	58438
14134	-2	4	58442
14135	-2	4	58446
14136	-2	4	58450
14137	-2	4	58454
14138	-2	4	58458
14139	-2	4	58462
14140	-2	4	58466
14141	-2	4	58470
14142	-2	4	58474
14143	-2	4	58478
14144	-2	4	58482
14145	-2	4	58486
14146	-2	4	58490
14147	-2	4	58494
14148	-2	4	58498
14149	-2	4	58502
14150	-2	4	58506
14151	-3	5	58511
14152	-2	4	58515
14153	-2	4	58519
14154	-2	4	58523
14155	-2	4	58527
14156	-2	4	58531
14157	-2	4	58535
14158	-2	4	58539
14159	-4	6	58545
14160	-2	4	58549
14161	-2	4	58553
14162	-2	4	58557
14163	-2	4	58561
14164	-2	4	58565
14165	-2	4	58569
14166	-2	4	58573
14167	-2	4	58577
14168	-2	4	58581
14169	-2	4	58585
14170	-2	4	58589
14171	-2	4	58593
14172	-2	4	58597
14173	-2	4	58601
14174	-4	6	58607
14175	-2	4	58611
14176	-2	4	58615
14177	-2	4	58619
14178	-2	4	58623
14179	-2	4	58627
14180	-3	5	58632
14181	-2	4	58636
14182	-2	4	58640
14183	-2	4	58644
14184	-2	4	58648
14185	-2	4	58652
14186	-2	4	58656
14187	-2	4	58660
14188	-2	4	58664
14189	-2	4	58668
14190	-2	4	58672
14191	-2	4	58676
14192	-2	4	58680
14193	-2	4	58684
14194	-2	4	58688
14195	-2	4	58692
14196	-2	4	58696
14197	-2	4	58700
14198	-2	4	58704
14199	-2	4	58708
14200	-2	4	58712
14201	-2	4	58716
14202	-2	4	58720
14203	-2	4	58724
14204	-2	4	58728
14205	-2	4	58732
14206	-2	4	58736
14207	-2	4	58740
14208	-2	4	58744
14209	-2	4	58748
14210	-2	4	58752
14211	-2	4	58756
14212	-2	4	58760
14213	-2	4	58764
14214	-2	4	58768
14215	-2	4	58772
14216	-2	4	58776
14217	-2	4	58780
14218	-2	4	58784
14219	-4	6	58790
14220	-2	4	58794
14221	-2	4	58798
14222	-2	4	58802
14223	-2	4	58806
14224	-2	4	58810
14225	-2	4	58814
14226	-2	4	58818
14227	-2	4	58822
14228	-2	4	58826
14229	-2	4	58830
14230	-2	4	58834
14231	-2	4	58838
14232	-2	4	58842
14233	-3	5	58847
14234	-2	4	58851
14235	-4	6	58857
14236	-3	5	58862
14237	-2	4	58866
14238	-2	4	58870
14239	-2	4	58874
14240	-2	4	58878
14241	-2	4	58882
14242	-2	4	58886
14243	-2	4	58890
14244	-2	4	58894
14245	-2	4	58898
14246	-2	4	58902
14247	-2	4	58906
14248	-2	4	58910
14249	-2	4	58914
14250	-2	4	58918
14251	-2	4	58922
14252	-2	4	58926
14253	-2	4	58930
14254	-2	4	58934
14255	-2	4	58938
14256	-2	4	58942
14257	-2	4	58946
14258	-2	4	58950
14259	-2	4	58954
14260	-2	4	58958
14261	-2	4	58962
14262	-2	4	58966
14263	-2	4	58970
14264	-2	4	58974
14265	-4	6	58980
14266	-2	4	58984
14267	-2	4	58988
14268	-2	4	58992
14269	-2	4	58996
14270	-4	6	59002
14271	-2	4	59006
14272	-2	4	59010
14273	-2	4	59014
14274	-2	4	59018
14275	-2	4	59022
14276	-4	6	59028
14277	-2	4	59032
14278	-2	4	59036
14279	-2	4	59040
14280	-2	4	59044
14281	-2	4	59048
14282	-2	4	59052
14283	-2	4	59056
14284	-2	4	59060
14285	-2	4	59064
14286	-2	4	59068
14287	-2	4	59072
14288	-2	4	59076
14289	-2	4	59080
14290	-2	4	59084
14291	-2	4	59088
14292	-2	4	59092
14293	-2	4	59096
14294	-2	4	59100
14295	-2	4	59104
14296	-2	4	59108
14297	-2	4	59112
14298	-2	4	59116
14299	-2	4	59120
14300	-2	4	59124
14301	-4	6	59130
14302	-2	4	59134
14303	-2	4	59138
14304	-2	4	59142
14305	-2	4	59146
14306	-2	4	59150
14307	-2	4	59154
14308	-2	4	59158
14309	-2	4	59162
14310	-2	4	59166
14311	-2	4	59170
14312	-2	4	59174
14313	-2	4	59178
14314	-2	4	59182
14315	-2	4	59186
14316	-2	4	59190
14317	-2	4	59194
14318	-2	4	59198
14319	-2	4	59202
14320	-2	4	59206
14321	-2	4	59210
14322	-2	4	59214
14323	-2	4	59218
14324	-2	4	59222
14325	-2	4	59226
14326	-2	4	59230
14327	-2	4	59234
14328	-2	4	59238
14329	-2	4	59242
14330	-2	4	59246
14331	-2	4	59250
14332	-2	4	59254
14333	-2	4	59258
14334	-2	4	59262
14335	-2	4	59266
14336	-2	4	59270
14337	-2	4	59274
14338	-2	4	59278
14339	-2	4	59282
14340	-2	4	59286
14341	-2	4	59290
14342	-2	4	59294
14343	-2	4	59298
14344	-2	4	59302
14345	-2	4	59306
14346	-2	4	59310
14347	-2	4	59314
14348	-2	4	59318
14349	-2	4	59322
14350	-2	4	59326
14351	-2	4	59330
14352	-2	4	59334
14353	-4	6	59340
14354	-2	4	59344
14355	-2	4	59348
14356	-2	4	59352
14357	-2	4	59356
14358	-2	4	59360
14359	-2	4	59364
14360	-2	4	59368
14361	-2	4	59372
14362	-2	4	59376
14363	-2	4	59380
14364	-2	4	59384
14365	-2	4	59388
14366	-4	6	59394
14367	-2	4	59398
14368	-2	4	59402
14369	-2	4	59406
14370	-2	4	59410
14371	-2	4	59414
14372	-2	4	59418
14373	-2	4	59422
14374	-2	4	59426
14375	-2	4	59430
14376	-2	4	59434
14377	-4	6	59440
14378	-2	4	59444
14379	-2	4	59448
14380	-2	4	59452
14381	-2	4	59456
14382	-2	4	59460
14383	-2	4	59464
14384	-2	4	59468
14385	-2	4	59472
14386	-2	4	59476
14387	-2	4	59480
14388	-2	4	59484
14389	-2	4	59488
14390	-2	4	59492
14391	-2	4	59496
14392	-2	4	59500
14393	-2	4	59504
14394	-2	4	59508
14395	-2	4	59512
14396	-3	5	59517
14397	-2	4	59521
14398	-2	4	59525
14399	-2	4	59529
14400	-2	4	59533
14401	-2	4	59537
14402	-2	4	59541
14403	-2	4	59545
14404	-2	4	59549
14405	-2	4	59553
14406	-2	4	59557
14407	-2	4	59561
14408	-2	4	59565
14409	-2	4	59569
14410	-2	4	59573
14411	-2	4	59577
14412	-2	4	59581
14413	-2	4	59585
14414	-2	4	59589
14415	-2	4	59593
14416	-2	4	59597
14417	-3	5	59602
14418	-2	4	59606
14419	-2	4	59610
14420	-2	4	59614
14421	-2	4	59618
14422	-2	4	59622
14423	-2	4	59626
14424	-2	4	59630
14425	-2	4	59634
14426	-2	4	59638
14427	-3	5	59643
14428	-2	4	59647
14429	-2	4	59651
14430	-2	4	59655
14431	-2	4	59659
14432	-2	4	59663
14433	-2	4	59667
14434	-2	4	59671
14435	-2	4	59675
14436	-2	4	59679
14437	-2	4	59683
14438	-2	4	59687
14439	-4	6	59693
14440	-2	4	59697
14441	-2	4	59701
14442	-2	4	59705
14443	-2	4	59709
14444	-2	4	59713
14445	-2	4	59717
14446	-2	4	59721
14447	-2	4	59725
14448	-2	4	59729
14449	-2	4	59733
14450	-4	6	59739
14451	-2	4	59743
14452	-2	4	59747
14453	-2	4	59751
14454	-2	4	59755
14455	-2	4	59759
14456	-2	4	59763
14457	-2	4	59767
14458	-2	4	59771
14459	-2	4	59775
14460	-2	4	59779
14461	-4	6	59785
14462	-2	4	59789
14463	-2	4	59793
14464	-2	4	59797
14465	-2	4	59801
14466	-2	4	59805
14467	-2	4	59809
14468	-2	4	59813
14469	-2	4	59817
14470	-2	4	59821
14471	-2	4	59825
14472	-2	4	59829
14473	-2	4	59833
14474	-2	4	59837
14475	-2	4	59841
14476	-2	4	59845
14477	-2	4	59849
14478	-2	4	59853
14479	-2	4	59857
14480	-2	4	59861
14481	-2	4	59865
14482	-2	4	59869
14483	-2	4	59873
14484	-2	4	59877
14485	-2	4	59881
14486	-2	4	59885
14487	-2	4	59889
14488	-2	4	59893
14489	-2	4	59897
14490	-2	4	59901
14491	-2	4	59905
14492	-2	4	59909
14493	-2	4	59913
14494	-2	4	59917
14495	-2	4	59921
14496	-2	4	59925
14497	-4	6	59931
14498	-2	4	59935
14499	-2	4	59939
14500	-2	4	59943
14501	-2	4	59947
14502	-2	4	59951
14503	-2	4	59955
14504	-2	4	59959
14505	-4	6	59965
14506	-2	4	59969
14507	-2	4	59973
14508	-2	4	59977
14509	-2	4	59981
14510	-2	4	59985
14511	-2	4	59989
14512	-2	4	59993
14513	-2	4	59997
14514	-2	4	60001
14515	-2	4	60005
14516	-2	4	60009
14517	-2	4	60013
14518	-2	4	60017
14519	-2	4	60021
14520	-2	4	60025
14521	-2	4	60029
14522	-2	4	60033
14523	-4	6	60039
14524	-4	6	60045
14525	-2	4	60049
14526	-2	4	60053
14527	-2	4	60057
14528	-2	4	60061
14529	-2	4	60065
14530	-2	4	60069
14531	-2	4	60073
14532	-2	4	60077
14533	-2	4	60081
14534	-2	4	60085
14535	-2	4	60089
14536	-2	4	60093
14537	-2	4	60097
14538	-2	4	60101
14539	-2	4	60105
14540	-6	8	60113
14541	-2	4	60117
14542	-2	4	60121
14543	-2	4	60125
14544	-2	4	60129
14545	-2	4	60133
14546	-2	4	60137
14547	-2	4	60141
14548	-2	4	60145
14549	-3	5	60150
14550	-2	4	60154
14551	-2	4	60158
14552	-2	4	60162
14553	-4	6	60168
14554	-4	6	60174
14555	-2	4	60178
14556	-2	4	60182
14557	-2	4	60186
14558	-4	6	60192
14559	-2	4	60196
14560	-2	4	60200
14561	-2	4	60204
14562	-2	4	60208
14563	-2	4	60212
14564	-2	4	60216
14565	-2	4	60220
14566	-7	9	60229
14567	-2	4	60233
14568	-2	4	60237
14569	-2	4	60241
14570	-2	4	60245
14571	-2	4	60249
14572	-2	4	60253
14573	-2	4	60257
14574	-2	4	60261
14575	-2	4	60265
14576	-2	4	60269
14577	-2	4	60273
14578	-2	4	60277
14579	-2	4	60281
14580	-4	6	60287
14581	-2	4	60291
14582	-2	4	60295
14583	-2	4	60299
14584	-2	4	60303
14585	-2	4	60307
14586	-2	4	60311
14587	-2	4	60315
14588	-2	4	60319
14589	-2	4	60323
14590	-2	4	60327
14591	-2	4	60331
14592	-2	4	60335
14593	-2	4	60339
14594	-4	6	60345
14595	-2	4	60349
14596	-2	4	60353
14597	-2	4	60357
14598	-2	4	60361
14599	-2	4	60365
14600	-2	4	60369
14601	-2	4	60373
14602	-4	6	60379
14603	-2	4	60383
14604	-2	4	60387
14605	-2	4	60391
14606	-2	4	60395
14607	-2	4	60399
14608	-2	4	60403
14609	-2	4	60407
14610	-2	4	60411
14611	-2	4	60415
14612	-2	4	60419
14613	-2	4	60423
14614	-2	4	60427
14615	-2	4	60431
14616	-4	6	60437
14617	-2	4	60441
14618	-2	4	60445
14619	-2	4	60449
14620	-2	4	60453
14621	-2	4	60457
14622	-3	5	60462
14623	-2	4	60466
14624	-2	4	60470
14625	-2	4	60474
14626	-2	4	60478
14627	-2	4	60482
14628	-2	4	60486
14629	-2	4	60490
14630	-2	4	60494
14631	-2	4	60498
14632	-2	4	60502
14633	-2	4	60506
14634	-2	4	60510
14635	-2	4	60514
14636	-4	6	60520
14637	-2	4	60524
14638	-2	4	60528
14639	-2	4	60532
14640	-3	5	60537
14641	-2	4	60541
14642	-2	4	60545
14643	-4	6	60551
14644	-2	4	60555
14645	-2	4	60559
14646	-2	4	60563
14647	-2	4	60567
14648	-2	4	60571
14649	-2	4	60575
14650	-2	4	60579
14651	-2	4	60583
14652	-2	4	60587
14653	-2	4	60591
14654	-2	4	60595
14655	-2	4	60599
14656	-2	4	60603
14657	-2	4	60607
14658	-2	4	60611
14659	-4	6	60617
14660	-2	4	60621
14661	-2	4	60625
14662	-2	4	60629
14663	-2	4	60633
14664	-2	4	60637
14665	-2	4	60641
14666	-2	4	60645
14667	-2	4	60649
14668	-2	4	60653
14669	-2	4	60657
14670	-2	4	60661
14671	-2	4	60665
14672	-2	4	60669
14673	-2	4	60673
14674	-2	4	60677
14675	-2	4	60681
14676	-2	4	60685
14677	-2	4	60689
14678	-2	4	60693
14679	-2	4	60697
14680	-2	4	60701
14681	-2	4	60705
14682	-2	4	60709
14683	-2	4	60713
14684	-2	4	60717
14685	-2	4	60721
14686	-2	4	60725
14687	-2	4	60729
14688	-2	4	60733
14689	-2	4	60737
14690	-2	4	60741
14691	-4	6	60747
14692	-2	4	60751
14693	-2	4	60755
14694	-2	4	60759
14695	-2	4	60763
14696	-2	4	60767
14697	-2	4	60771
14698	-2	4	60775
14699	-2	4	60779
14700	-2	4	60783
14701	-2	4	60787
14702	-2	4	60791
14703	-2	4	60795
14704	-2	4	60799
14705	-2	4	60803
14706	-2	4	60807
14707	-2	4	60811
14708	-2	4	60815
14709	-2	4	60819
14710	-4	6	60825
14711	-2	4	60829
14712	-2	4	60833
14713	-2	4	60837
14714	-2	4	60841
14715	-2	4	60845
14716	-2	4	60849
14717	-2	4	60853
14718	-2	4	60857
14719	-4	6	60863
14720	-2	4	60867
14721	-2	4	60871
14722	-2	4	60875
14723	-2	4	60879
14724	-2	4	60883
14725	-2	4	60887
14726	-2	4	60891
14727	-2	4	60895
14728	-2	4	60899
14729	-2	4	60903
14730	-2	4	60907
14731	-2	4	60911
14732	-2	4	60915
14733	-3	5	60920
14734	-2	4	60924
14735	-2	4	60928
14736	-4	6	60934
14737	-2	4	60938
14738	-2	4	60942
14739	-2	4	60946
14740	-2	4	60950
14741	-2	4	60954
14742	-2	4	60958
14743	-2	4	60962
14744	-2	4	60966
14745	-2	4	60970
14746	-2	4	60974
14747	-2	4	60978
14748	-2	4	60982
14749	-3	5	60987
14750	-2	4	60991
14751	-2	4	60995
14752	-2	4	60999
14753	-2	4	61003
14754	-2	4	61007
14755	-2	4	61011
14756	-2	4	61015
14757	-2	4	61019
14758	-2	4	61023
14759	-2	4	61027
14760	-2	4	61031
14761	-2	4	61035
14762	-2	4	61039
14763	-2	4	61043
14764	-2	4	61047
14765	-2	4	61051
14766	-2	4	61055
14767	-2	4	61059
14768	-2	4	61063
14769	-2	4	61067
14770	-2	4	61071
14771	-5	7	61078
14772	-2	4	61082
14773	-2	4	61086
14774	-2	4	61090
14775	-2	4	61094
14776	-2	4	61098
14777	-2	4	61102
14778	-2	4	61106
14779	-2	4	61110
14780	-2	4	61114
14781	-2	4	61118
14782	-2	4	61122
14783	-2	4	61126
14784	-2	4	61130
14785	-2	4	61134
14786	-2	4	61138
14787	-2	4	61142
14788	-2	4	61146
14789	-2	4	61150
14790	-2	4	61154
14791	-2	4	61158
14792	-2	4	61162
14793	-2	4	61166
14794	-2	4	61170
14795	-2	4	61174
14796	-2	4	61178
14797	-2	4	61182
14798	-2	4	61186
14799	-2	4	61190
14800	-2	4	61194
14801	-2	4	61198
14802	-2	4	61202
14803	-2	4	61206
14804	-2	4	61210
14805	-2	4	61214
14806	-2	4	61218
14807	-2	4	61222
14808	-4	6	61228
14809	-2	4	61232
14810	-2	4	61236
14811	-2	4	61240
14812	-2	4	61244
14813	-4	6	61250
14814	-2	4	61254
14815	-2	4	61258
14816	-2	4	61262
14817	-2	4	61266
14818	-2	4	61270
14819	-2	4	61274
14820	-2	4	61278
14821	-2	4	61282
14822	-2	4	61286
14823	-4	6	61292
14824	-2	4	61296
14825	-2	4	61300
14826	-2	4	61304
14827	-4	6	61310
14828	-2	4	61314
14829	-2	4	61318
14830	-2	4	61322
14831	-2	4	61326
14832	-2	4	61330
14833	-2	4	61334
14834	-2	4	61338
14835	-2	4	61342
14836	-2	4	61346
14837	-2	4	61350
14838	-2	4	61354
14839	-2	4	61358
14840	-2	4	61362
14841	-2	4	61366
14842	-2	4	61370
14843	-2	4	61374
14844	-2	4	61378
14845	-2	4	61382
14846	-2	4	61386
14847	-2	4	61390
14848	-2	4	61394
14849	-4	6	61400
14850	-2	4	61404
14851	-2	4	61408
14852	-2	4	61412
14853	-2	4	61416
14854	-2	4	61420
14855	-2	4	61424
14856	-2	4	61428
14857	-2	4	61432
14858	-2	4	61436
14859	-2	4	61440
14860	-2	4	61444
14861	-2	4	61448
14862	-2	4	61452
14863	-2	4	61456
14864	-2	4	61460
14865	-2	4	61464
14866	-2	4	61468
14867	-2	4	61472
14868	-2	4	61476
14869	-2	4	61480
14870	-2	4	61484
14871	-2	4	61488
14872	-2	4	61492
14873	-2	4	61496
14874	-2	4	61500
14875	-2	4	61504
14876	-3	5	61509
14877	-2	4	61513
14878	-2	4	61517
14879	-2	4	61521
14880	-2	4	61525
14881	-2	4	61529
14882	-2	4	61533
14883	-2	4	61537
14884	-4	6	61543
14885	-4	6	61549
14886	-4	6	61555
14887	-2	4	61559
14888	-2	4	61563
14889	-2	4	61567
14890	-2	4	61571
14891	-2	4	61575
14892	-2	4	61579
14893	-2	4	61583
14894	-2	4	61587
14895	-2	4	61591
14896	-2	4	61595
14897	-2	4	61599
14898	-2	4	61603
14899	-3	5	61608
14900	-2	4	61612
14901	-2	4	61616
14902	-2	4	61620
14903	-2	4	61624
14904	-2	4	61628
14905	-2	4	61632
14906	-2	4	61636
14907	-2	4	61640
14908	-2	4	61644
14909	-2	4	61648
14910	-2	4	61652
14911	-2	4	61656
14912	-4	6	61662
14913	-2	4	61666
14914	-2	4	61670
14915	-2	4	61674
14916	-2	4	61678
14917	-2	4	61682
14918	-4	6	61688
14919	-2	4	61692
14920	-2	4	61696
14921	-2	4	61700
14922	-2	4	61704
14923	-2	4	61708
14924	-2	4	61712
14925	-2	4	61716
14926	-3	5	61721
14927	-2	4	61725
14928	-2	4	61729
14929	-2	4	61733
14930	-2	4	61737
14931	-2	4	61741
14932	-2	4	61745
14933	-2	4	61749
14934	-2	4	61753
14935	-2	4	61757
14936	-2	4	61761
14937	-2	4	61765
14938	-2	4	61769
14939	-2	4	61773
14940	-2	4	61777
14941	-2	4	61781
14942	-2	4	61785
14943	-2	4	61789
14944	-2	4	61793
14945	-2	4	61797
14946	-2	4	61801
14947	-2	4	61805
14948	-2	4	61809
14949	-2	4	61813
14950	-2	4	61817
14951	-2	4	61821
14952	-2	4	61825
14953	-2	4	61829
14954	-2	4	61833
14955	-2	4	61837
14956	-2	4	61841
14957	-2	4	61845
14958	-2	4	61849
14959	-2	4	61853
14960	-2	4	61857
14961	-2	4	61861
14962	-2	4	61865
14963	-2	4	61869
14964	-2	4	61873
14965	-2	4	61877
14966	-2	4	61881
14967	-2	4	61885
14968	-2	4	61889
14969	-2	4	61893
14970	-2	4	61897
14971	-2	4	61901
14972	-2	4	61905
14973	-2	4	61909
14974	-2	4	61913
14975	-2	4	61917
14976	-6	8	61925
14977	-2	4	61929
14978	-2	4	61933
14979	-2	4	61937
14980	-2	4	61941
14981	-2	4	61945
14982	-4	6	61951
14983	-2	4	61955
14984	-2	4	61959
14985	-4	6	61965
14986	-2	4	61969
14987	-2	4	61973
14988	-2	4	61977
14989	-4	6	61983
14990	-2	4	61987
14991	-2	4	61991
14992	-2	4	61995
14993	-2	4	61999
14994	-2	4	62003
14995	-2	4	62007
14996	-2	4	62011
14997	-2	4	62015
14998	-2	4	62019
14999	-2	4	62023
15000	-2	4	62027
15001	-2	4	62031
15002	-2	4	62035
15003	-2	4	62039
15004	-2	4	62043
15005	-2	4	62047
15006	-2	4	62051
15007	-2	4	62055
15008	-2	4	62059
15009	-2	4	62063
15010	-4	6	62069
15011	-2	4	62073
15012	-2	4	62077
15013	-2	4	62081
15014	-2	4	62085
15015	-2	4	62089
15016	-2	4	62093
15017	-2	4	62097
15018	-2	4	62101
15019	-2	4	62105
15020	-2	4	62109
15021	-2	4	62113
15022	-2	4	62117
15023	-2	4	62121
15024	-2	4	62125
15025	-2	4	62129
15026	-2	4	62133
15027	-2	4	62137
15028	-2	4	62141
15029	-2	4	62145
15030	-2	4	62149
15031	-2	4	62153
15032	-2	4	62157
15033	-2	4	62161
15034	-2	4	62165
15035	-2	4	62169
15036	-4	6	62175
15037	-2	4	62179
15038	-2	4	62183
15039	-2	4	62187
15040	-2	4	62191
15041	-2	4	62195
15042	-2	4	62199
15043	-2	4	62203
15044	-2	4	62207
15045	-2	4	62211
15046	-2	4	62215
15047	-2	4	62219
15048	-2	4	62223
15049	-2	4	62227
15050	-4	6	62233
15051	-2	4	62237
15052	-2	4	62241
15053	-2	4	62245
15054	-2	4	62249
15055	-2	4	62253
15056	-2	4	62257
15057	-4	6	62263
15058	-2	4	62267
15059	-2	4	62271
15060	-2	4	62275
15061	-2	4	62279
15062	-2	4	62283
15063	-2	4	62287
15064	-2	4	62291
15065	-2	4	62295
15066	-2	4	62299
15067	-2	4	62303
15068	-2	4	62307
15069	-2	4	62311
15070	-4	6	62317
15071	-2	4	62321
15072	-2	4	62325
15073	-2	4	62329
15074	-2	4	62333
15075	-2	4	62337
15076	-2	4	62341
15077	-2	4	62345
15078	-2	4	62349
15079	-2	4	62353
15080	-2	4	62357
15081	-2	4	62361
15082	-2	4	62365
15083	-2	4	62369
15084	-4	6	62375
15085	-2	4	62379
15086	-2	4	62383
15087	-2	4	62387
15088	-2	4	62391
15089	-2	4	62395
15090	-2	4	62399
15091	-2	4	62403
15092	-2	4	62407
15093	-2	4	62411
15094	-2	4	62415
15095	-2	4	62419
15096	-2	4	62423
15097	-2	4	62427
15098	-2	4	62431
15099	-2	4	62435
15100	-2	4	62439
15101	-2	4	62443
15102	-2	4	62447
15103	-2	4	62451
15104	-2	4	62455
15105	-2	4	62459
15106	-2	4	62463
15107	-2	4	62467
15108	-2	4	62471
15109	-2	4	62475
15110	-2	4	62479
15111	-2	4	62483
15112	-2	4	62487
15113	-2	4	62491
15114	-2	4	62495
15115	-2	4	62499
15116	-2	4	62503
15117	-2	4	62507
15118	-2	4	62511
15119	-2	4	62515
15120	-2	4	62519
15121	-2	4	62523
15122	-2	4	62527
15123	-2	4	62531
15124	-2	4	62535
15125	-2	4	62539
15126	-2	4	62543
15127	-2	4	62547
15128	-2	4	62551
15129	-2	4	62555
15130	-2	4	62559
15131	-2	4	62563
15132	-2	4	62567
15133	-2	4	62571
15134	-2	4	62575
15135	-2	4	62579
15136	-2	4	62583
15137	-2	4	62587
15138	-4	6	62593
15139	-4	6	62599
15140	-2	4	62603
15141	-2	4	62607
15142	-2	4	62611
15143	-2	4	62615
15144	-2	4	62619
15145	-2	4	62623
15146	-2	4	62627
15147	-2	4	62631
15148	-2	4	62635
15149	-2	4	62639
15150	-2	4	62643
15151	-2	4	62647
15152	-2	4	62651
15153	-2	4	62655
15154	-2	4	62659
15155	-3	5	62664
15156	-2	4	62668
15157	-2	4	62672
15158	-2	4	62676
15159	-2	4	62680
15160	-2	4	62684
15161	-2	4	62688
15162	-4	6	62694
15163	-2	4	62698
15164	-2	4	62702
15165	-2	4	62706
15166	-2	4	62710
15167	-2	4	62714
15168	-2	4	62718
15169	-2	4	62722
15170	-2	4	62726
15171	-2	4	62730
15172	-2	4	62734
15173	-2	4	62738
15174	-2	4	62742
15175	-2	4	62746
15176	-2	4	62750
15177	-2	4	62754
15178	-2	4	62758
15179	-2	4	62762
15180	-2	4	62766
15181	-2	4	62770
15182	-2	4	62774
15183	-2	4	62778
15184	-2	4	62782
15185	-2	4	62786
15186	-2	4	62790
15187	-2	4	62794
15188	-2	4	62798
15189	-2	4	62802
15190	-2	4	62806
15191	-2	4	62810
15192	-2	4	62814
15193	-2	4	62818
15194	-2	4	62822
15195	-3	5	62827
15196	-2	4	62831
15197	-2	4	62835
15198	-2	4	62839
15199	-2	4	62843
15200	-2	4	62847
15201	-2	4	62851
15202	-2	4	62855
15203	-2	4	62859
15204	-2	4	62863
15205	-2	4	62867
15206	-2	4	62871
15207	-2	4	62875
15208	-2	4	62879
15209	-2	4	62883
15210	-4	6	62889
15211	-2	4	62893
15212	-4	6	62899
15213	-2	4	62903
15214	-2	4	62907
15215	-2	4	62911
15216	-2	4	62915
15217	-2	4	62919
15218	-2	4	62923
15219	-2	4	62927
15220	-2	4	62931
15221	-2	4	62935
15222	-2	4	62939
15223	-4	6	62945
15224	-2	4	62949
15225	-2	4	62953
15226	-2	4	62957
15227	-2	4	62961
15228	-2	4	62965
15229	-2	4	62969
15230	-2	4	62973
15231	-2	4	62977
15232	-2	4	62981
15233	-2	4	62985
15234	-2	4	62989
15235	-2	4	62993
15236	-2	4	62997
15237	-2	4	63001
15238	-2	4	63005
15239	-2	4	63009
15240	-2	4	63013
15241	-2	4	63017
15242	-2	4	63021
15243	-2	4	63025
15244	-2	4	63029
15245	-2	4	63033
15246	-2	4	63037
15247	-2	4	63041
15248	-2	4	63045
15249	-2	4	63049
15250	-2	4	63053
15251	-2	4	63057
15252	-2	4	63061
15253	-2	4	63065
15254	-2	4	63069
15255	-2	4	63073
15256	-2	4	63077
15257	-2	4	63081
15258	-2	4	63085
15259	-2	4	63089
15260	-2	4	63093
15261	-2	4	63097
15262	-2	4	63101
15263	-2	4	63105
15264	-2	4	63109
15265	-2	4	63113
15266	-2	4	63117
15267	-2	4	63121
15268	-2	4	63125
15269	-2	4	63129
15270	-2	4	63133
15271	-2	4	63137
15272	-2	4	63141
15273	-4	6	63147
15274	-2	4	63151
15275	-3	5	63156
15276	-2	4	63160
15277	-4	6	63166
15278	-2	4	63170
15279	-4	6	63176
15280	-2	4	63180
15281	-2	4	63184
15282	-3	5	63189
15283	-2	4	63193
15284	-2	4	63197
15285	-2	4	63201
15286	-2	4	63205
15287	-2	4	63209
15288	-2	4	63213
15289	-2	4	63217
15290	-2	4	63221
15291	-2	4	63225
15292	-2	4	63229
15293	-2	4	63233
15294	-2	4	63237
15295	-2	4	63241
15296	-2	4	63245
15297	-2	4	63249
15298	-2	4	63253
15299	-2	4	63257
15300	-2	4	63261
15301	-2	4	63265
15302	-2	4	63269
15303	-2	4	63273
15304	-3	5	63278
15305	-2	4	63282
15306	-2	4	63286
15307	-2	4	63290
15308	-2	4	63294
15309	-2	4	63298
15310	-2	4	63302
15311	-2	4	63306
15312	-2	4	63310
15313	-2	4	63314
15314	-2	4	63318
15315	-2	4	63322
15316	-2	4	63326
15317	-2	4	63330
15318	-2	4	63334
15319	-2	4	63338
15320	-2	4	63342
15321	-2	4	63346
15322	-2	4	63350
15323	-2	4	63354
15324	-4	6	63360
15325	-2	4	63364
15326	-2	4	63368
15327	-2	4	63372
15328	-2	4	63376
15329	-2	4	63380
15330	-2	4	63384
15331	-2	4	63388
15332	-2	4	63392
15333	-2	4	63396
15334	-2	4	63400
15335	-2	4	63404
15336	-2	4	63408
15337	-2	4	63412
15338	-2	4	63416
15339	-2	4	63420
15340	-2	4	63424
15341	-2	4	63428
15342	-4	6	63434
15343	-2	4	63438
15344	-2	4	63442
15345	-2	4	63446
15346	-2	4	63450
15347	-2	4	63454
15348	-2	4	63458
15349	-2	4	63462
15350	-2	4	63466
15351	-2	4	63470
15352	-2	4	63474
15353	-2	4	63478
15354	-2	4	63482
15355	-2	4	63486
15356	-5	7	63493
15357	-2	4	63497
15358	-2	4	63501
15359	-2	4	63505
15360	-2	4	63509
15361	-2	4	63513
15362	-2	4	63517
15363	-2	4	63521
15364	-2	4	63525
15365	-2	4	63529
15366	-2	4	63533
15367	-2	4	63537
15368	-2	4	63541
15369	-4	6	63547
15370	-2	4	63551
15371	-2	4	63555
15372	-2	4	63559
15373	-2	4	63563
15374	-2	4	63567
15375	-2	4	63571
15376	-2	4	63575
15377	-2	4	63579
15378	-2	4	63583
15379	-2	4	63587
15380	-2	4	63591
15381	-2	4	63595
15382	-2	4	63599
15383	-2	4	63603
15384	-2	4	63607
15385	-2	4	63611
15386	-2	4	63615
15387	-2	4	63619
15388	-2	4	63623
15389	-2	4	63627
15390	-2	4	63631
15391	-2	4	63635
15392	-2	4	63639
15393	-2	4	63643
15394	-2	4	63647
15395	-2	4	63651
15396	-2	4	63655
15397	-2	4	63659
15398	-2	4	63663
15399	-2	4	63667
15400	-2	4	63671
15401	-2	4	63675
15402	-2	4	63679
15403	-2	4	63683
15404	-2	4	63687
15405	-2	4	63691
15406	-2	4	63695
15407	-2	4	63699
15408	-2	4	63703
15409	-2	4	63707
15410	-2	4	63711
15411	-2	4	63715
15412	-2	4	63719
15413	-2	4	63723
15414	-2	4	63727
15415	-2	4	63731
15416	-2	4	63735
15417	-2	4	63739
15418	-2	4	63743
15419	-2	4	63747
15420	-2	4	63751
15421	-2	4	63755
15422	-2	4	63759
15423	-2	4	63763
15424	-2	4	63767
15425	-2	4	63771
15426	-2	4	63775
15427	-2	4	63779
15428	-2	4	63783
15429	-4	6	63789
15430	-2	4	63793
15431	-2	4	63797
15432	-2	4	63801
15433	-2	4	63805
15434	-2	4	63809
15435	-2	4	63813
15436	-2	4	63817
15437	-2	4	63821
15438	-2	4	63825
15439	-2	4	63829
15440	-2	4	63833
15441	-2	4	63837
15442	-2	4	63841
15443	-2	4	63845
15444	-2	4	63849
15445	-2	4	63853
15446	-2	4	63857
15447	-2	4	63861
15448	-2	4	63865
15449	-2	4	63869
15450	-2	4	63873
15451	-2	4	63877
15452	-2	4	63881
15453	-2	4	63885
15454	-2	4	63889
15455	-2	4	63893
15456	-2	4	63897
15457	-2	4	63901
15458	-2	4	63905
15459	-2	4	63909
15460	-4	6	63915
15461	-2	4	63919
15462	-2	4	63923
15463	-2	4	63927
15464	-2	4	63931
15465	-2	4	63935
15466	-2	4	63939
15467	-2	4	63943
15468	-2	4	63947
15469	-2	4	63951
15470	-2	4	63955
15471	-2	4	63959
15472	-2	4	63963
15473	-2	4	63967
15474	-2	4	63971
15475	-2	4	63975
15476	-2	4	63979
15477	-2	4	63983
15478	-2	4	63987
15479	-2	4	63991
15480	-2	4	63995
15481	-2	4	63999
15482	-2	4	64003
15483	-2	4	64007
15484	-2	4	64011
15485	-4	6	64017
15486	-2	4	64021
15487	-2	4	64025
15488	-2	4	64029
15489	-2	4	64033
15490	-2	4	64037
15491	-2	4	64041
15492	-2	4	64045
15493	-2	4	64049
15494	-2	4	64053
15495	-2	4	64057
15496	-2	4	64061
15497	-2	4	64065
15498	-2	4	64069
15499	-2	4	64073
15500	-6	8	64081
15501	-2	4	64085
15502	-2	4	64089
15503	-2	4	64093
15504	-2	4	64097
15505	-2	4	64101
15506	-2	4	64105
15507	-2	4	64109
15508	-2	4	64113
15509	-2	4	64117
15510	-2	4	64121
15511	-2	4	64125
15512	-2	4	64129
15513	-2	4	64133
15514	-2	4	64137
15515	-2	4	64141
15516	-2	4	64145
15517	-2	4	64149
15518	-2	4	64153
15519	-2	4	64157
15520	-2	4	64161
15521	-2	4	64165
15522	-2	4	64169
15523	-2	4	64173
15524	-2	4	64177
15525	-2	4	64181
15526	-2	4	64185
15527	-2	4	64189
15528	-2	4	64193
15529	-2	4	64197
15530	-2	4	64201
15531	-2	4	64205
15532	-2	4	64209
15533	-2	4	64213
15534	-2	4	64217
15535	-2	4	64221
15536	-2	4	64225
15537	-3	5	64230
15538	-2	4	64234
15539	-2	4	64238
15540	-2	4	64242
15541	-2	4	64246
15542	-2	4	64250
15543	-2	4	64254
15544	-2	4	64258
15545	-2	4	64262
15546	-2	4	64266
15547	-2	4	64270
15548	-2	4	64274
15549	-2	4	64278
15550	-2	4	64282
15551	-2	4	64286
15552	-2	4	64290
15553	-2	4	64294
15554	-2	4	64298
15555	-2	4	64302
15556	-2	4	64306
15557	-2	4	64310
15558	-2	4	64314
15559	-2	4	64318
15560	-2	4	64322
15561	-2	4	64326
15562	-2	4	64330
15563	-2	4	64334
15564	-2	4	64338
15565	-2	4	64342
15566	-2	4	64346
15567	-2	4	64350
15568	-2	4	64354
15569	-2	4	64358
15570	-2	4	64362
15571	-2	4	64366
15572	-2	4	64370
15573	-2	4	64374
15574	-2	4	64378
15575	-2	4	64382
15576	-2	4	64386
15577	-2	4	64390
15578	-2	4	64394
15579	-2	4	64398
15580	-2	4	64402
15581	-2	4	64406
15582	-2	4	64410
15583	-2	4	64414
15584	-4	6	64420
15585	-2	4	64424
15586	-2	4	64428
15587	-2	4	64432
15588	-2	4	64436
15589	-2	4	64440
15590	-2	4	64444
15591	-2	4	64448
15592	-2	4	64452
15593	-2	4	64456
15594	-2	4	64460
15595	-2	4	64464
15596	-2	4	64468
15597	-2	4	64472
15598	-2	4	64476
15599	-2	4	64480
15600	-2	4	64484
15601	-2	4	64488
15602	-2	4	64492
15603	-2	4	64496
15604	-2	4	64500
15605	-2	4	64504
15606	-2	4	64508
15607	-2	4	64512
15608	-2	4	64516
15609	-2	4	64520
15610	-2	4	64524
15611	-2	4	64528
15612	-2	4	64532
15613	-4	6	64538
15614	-2	4	64542
15615	-2	4	64546
15616	-4	6	64552
15617	-2	4	64556
15618	-2	4	64560
15619	-2	4	64564
15620	-2	4	64568
15621	-2	4	64572
15622	-2	4	64576
15623	-2	4	64580
15624	-2	4	64584
15625	-2	4	64588
15626	-2	4	64592
15627	-2	4	64596
15628	-2	4	64600
15629	-2	4	64604
15630	-2	4	64608
15631	-2	4	64612
15632	-2	4	64616
15633	-2	4	64620
15634	-2	4	64624
15635	-2	4	64628
15636	-2	4	64632
15637	-2	4	64636
15638	-2	4	64640
15639	-2	4	64644
15640	-2	4	64648
15641	-2	4	64652
15642	-2	4	64656
15643	-2	4	64660
15644	-2	4	64664
15645	-2	4	64668
15646	-2	4	64672
15647	-2	4	64676
15648	-2	4	64680
15649	-2	4	64684
15650	-2	4	64688
15651	-3	5	64693
15652	-2	4	64697
15653	-2	4	64701
15654	-2	4	64705
15655	-3	5	64710
15656	-2	4	64714
15657	-2	4	64718
15658	-2	4	64722
15659	-2	4	64726
15660	-2	4	64730
15661	-3	5	64735
15662	-2	4	64739
15663	-2	4	64743
15664	-2	4	64747
15665	-2	4	64751
15666	-2	4	64755
15667	-2	4	64759
15668	-2	4	64763
15669	-2	4	64767
15670	-2	4	64771
15671	-2	4	64775
15672	-2	4	64779
15673	-2	4	64783
15674	-2	4	64787
15675	-2	4	64791
15676	-2	4	64795
15677	-2	4	64799
15678	-2	4	64803
15679	-4	6	64809
15680	-2	4	64813
15681	-2	4	64817
15682	-2	4	64821
15683	-2	4	64825
15684	-2	4	64829
15685	-2	4	64833
15686	-2	4	64837
15687	-2	4	64841
15688	-2	4	64845
15689	-2	4	64849
15690	-2	4	64853
15691	-2	4	64857
15692	-2	4	64861
15693	-2	4	64865
15694	-2	4	64869
15695	-2	4	64873
15696	-2	4	64877
15697	-2	4	64881
15698	-2	4	64885
15699	-2	4	64889
15700	-2	4	64893
15701	-2	4	64897
15702	-2	4	64901
15703	-2	4	64905
15704	-2	4	64909
15705	-2	4	64913
15706	-2	4	64917
15707	-2	4	64921
15708	-2	4	64925
15709	-2	4	64929
15710	-2	4	64933
15711	-2	4	64937
15712	-2	4	64941
15713	-2	4	64945
15714	-2	4	64949
15715	-2	4	64953
15716	-5	7	64960
15717	-2	4	64964
15718	-2	4	64968
15719	-2	4	64972
15720	-2	4	64976
15721	-2	4	64980
15722	-2	4	64984
15723	-2	4	64988
15724	-2	4	64992
15725	-2	4	64996
15726	-2	4	65000
15727	-2	4	65004
15728	-2	4	65008
15729	-2	4	65012
15730	-2	4	65016
15731	-2	4	65020
15732	-2	4	65024
15733	-2	4	65028
15734	-2	4	65032
15735	-2	4	65036
15736	-2	4	65040
15737	-2	4	65044
15738	-2	4	65048
15739	-2	4	65052
15740	-2	4	65056
15741	-2	4	65060
15742	-2	4	65064
15743	-2	4	65068
15744	-2	4	65072
15745	-2	4	65076
15746	-2	4	65080
15747	-2	4	65084
15748	-2	4	65088
15749	-2	4	65092
15750	-2	4	65096
15751	-2	4	65100
15752	-2	4	65104
15753	-2	4	65108
15754	-2	4	65112
15755	-2	4	65116
15756	-2	4	65120
15757	-3	5	65125
15758	-2	4	65129
15759	-2	4	65133
15760	-2	4	65137
15761	-2	4	65141
15762	-2	4	65145
15763	-2	4	65149
15764	-2	4	65153
15765	-2	4	65157
15766	-2	4	65161
15767	-2	4	65165
15768	-2	4	65169
15769	-2	4	65173
15770	-2	4	65177
15771	-2	4	65181
15772	-2	4	65185
15773	-2	4	65189
15774	-2	4	65193
15775	-2	4	65197
15776	-2	4	65201
15777	-2	4	65205
15778	-2	4	65209
15779	-2	4	65213
15780	-2	4	65217
15781	-2	4	65221
15782	-2	4	65225
15783	-2	4	65229
15784	-2	4	65233
15785	-2	4	65237
15786	-2	4	65241
15787	-2	4	65245
15788	-2	4	65249
15789	-2	4	65253
15790	-2	4	65257
15791	-2	4	65261
15792	-2	4	65265
15793	-2	4	65269
15794	-2	4	65273
15795	-2	4	65277
15796	-2	4	65281
15797	-2	4	65285
15798	-2	4	65289
15799	-2	4	65293
15800	-2	4	65297
15801	-2	4	65301
15802	-2	4	65305
15803	-2	4	65309
15804	-2	4	65313
15805	-2	4	65317
15806	-2	4	65321
15807	-2	4	65325
15808	-2	4	65329
15809	-2	4	65333
15810	-2	4	65337
15811	-2	4	65341
15812	-2	4	65345
15813	-2	4	65349
15814	-2	4	65353
15815	-2	4	65357
15816	-2	4	65361
15817	-2	4	65365
15818	-4	6	65371
15819	-2	4	65375
15820	-2	4	65379
15821	-2	4	65383
15822	-2	4	65387
15823	-2	4	65391
15824	-2	4	65395
15825	-3	5	65400
15826	-2	4	65404
15827	-2	4	65408
15828	-2	4	65412
15829	-2	4	65416
15830	-2	4	65420
15831	-2	4	65424
15832	-2	4	65428
15833	-2	4	65432
15834	-2	4	65436
15835	-2	4	65440
15836	-2	4	65444
15837	-2	4	65448
15838	-2	4	65452
15839	-2	4	65456
15840	-2	4	65460
15841	-2	4	65464
15842	-2	4	65468
15843	-2	4	65472
15844	-2	4	65476
15845	-2	4	65480
15846	-2	4	65484
15847	-2	4	65488
15848	-2	4	65492
15849	-2	4	65496
15850	-2	4	65500
15851	-4	6	65506
15852	-2	4	65510
15853	-2	4	65514
15854	-2	4	65518
15855	-2	4	65522
15856	-2	4	65526
15857	-2	4	65530
15858	-2	4	65534
15859	-2	4	65538
15860	-2	4	65542
15861	-2	4	65546
15862	-2	4	65550
15863	-2	4	65554
15864	-2	4	65558
15865	-2	4	65562
15866	-2	4	65566
15867	-2	4	65570
15868	-2	4	65574
15869	-2	4	65578
15870	-2	4	65582
15871	-2	4	65586
15872	-2	4	65590
15873	-2	4	65594
15874	-2	4	65598
15875	-2	4	65602
15876	-2	4	65606
15877	-2	4	65610
15878	-4	6	65616
15879	-2	4	65620
15880	-2	4	65624
15881	-2	4	65628
15882	-2	4	65632
15883	-2	4	65636
15884	-2	4	65640
15885	-2	4	65644
15886	-2	4	65648
15887	-2	4	65652
15888	-2	4	65656
15889	-2	4	65660
15890	-2	4	65664
15891	-2	4	65668
15892	-2	4	65672
15893	-2	4	65676
15894	-2	4	65680
15895	-2	4	65684
15896	-2	4	65688
15897	-2	4	65692
15898	-2	4	65696
15899	-2	4	65700
15900	-2	4	65704
15901	-2	4	65708
15902	-2	4	65712
15903	-2	4	65716
15904	-2	4	65720
15905	-3	5	65725
15906	-2	4	65729
15907	-2	4	65733
15908	-2	4	65737
15909	-2	4	65741
15910	-2	4	65745
15911	-2	4	65749
15912	-2	4	65753
15913	-2	4	65757
15914	-2	4	65761
15915	-2	4	65765
15916	-2	4	65769
15917	-2	4	65773
15918	-2	4	65777
15919	-2	4	65781
15920	-2	4	65785
15921	-2	4	65789
15922	-2	4	65793
15923	-4	6	65799
15924	-2	4	65803
15925	-2	4	65807
15926	-2	4	65811
15927	-2	4	65815
15928	-2	4	65819
15929	-2	4	65823
15930	-2	4	65827
15931	-2	4	65831
15932	-2	4	65835
15933	-2	4	65839
15934	-2	4	65843
15935	-2	4	65847
15936	-2	4	65851
15937	-2	4	65855
15938	-2	4	65859
15939	-2	4	65863
15940	-2	4	65867
15941	-2	4	65871
15942	-2	4	65875
15943	-2	4	65879
15944	-2	4	65883
15945	-2	4	65887
15946	-2	4	65891
15947	-2	4	65895
15948	-2	4	65899
15949	-2	4	65903
15950	-2	4	65907
15951	-2	4	65911
15952	-2	4	65915
15953	-2	4	65919
15954	-2	4	65923
15955	-2	4	65927
15956	-2	4	65931
15957	-2	4	65935
15958	-2	4	65939
15959	-2	4	65943
15960	-2	4	65947
15961	-2	4	65951
15962	-2	4	65955
15963	-2	4	65959
15964	-2	4	65963
15965	-2	4	65967
15966	-2	4	65971
15967	-2	4	65975
15968	-2	4	65979
15969	-2	4	65983
15970	-2	4	65987
15971	-2	4	65991
15972	-2	4	65995
15973	-2	4	65999
15974	-2	4	66003
15975	-2	4	66007
15976	-2	4	66011
15977	-2	4	66015
15978	-2	4	66019
15979	-2	4	66023
15980	-2	4	66027
15981	-2	4	66031
15982	-2	4	66035
15983	-2	4	66039
15984	-2	4	66043
15985	-2	4	66047
15986	-2	4	66051
15987	-2	4	66055
15988	-2	4	66059
15989	-2	4	66063
15990	-2	4	66067
15991	-2	4	66071
15992	-2	4	66075
15993	-2	4	66079
15994	-2	4	66083
15995	-2	4	66087
15996	-2	4	66091
15997	-2	4	66095
15998	-2	4	66099
15999	-2	4	66103
16000	-2	4	66107
16001	-2	4	66111
16002	-4	6	66117
16003	-2	4	66121
16004	-2	4	66125
16005	-2	4	66129
16006	-2	4	66133
16007	-2	4	66137
16008	-2	4	66141
16009	-2	4	66145
16010	-2	4	66149
16011	-2	4	66153
16012	-2	4	66157
16013	-2	4	66161
16014	-2	4	66165
16015	-2	4	66169
16016	-2	4	66173
16017	-2	4	66177
16018	-2	4	66181
16019	-2	4	66185
16020	-2	4	66189
16021	-2	4	66193
16022	-2	4	66197
16023	-2	4	66201
16024	-2	4	66205
16025	-2	4	66209
16026	-2	4	66213
16027	-2	4	66217
16028	-2	4	66221
16029	-2	4	66225
16030	-2	4	66229
16031	-2	4	66233
16032	-2	4	66237
16033	-2	4	66241
16034	-2	4	66245
16035	-4	6	66251
16036	-2	4	66255
16037	-2	4	66259
16038	-2	4	66263
16039	-2	4	66267
16040	-2	4	66271
16041	-2	4	66275
16042	-2	4	66279
16043	-2	4	66283
16044	-2	4	66287
16045	-2	4	66291
16046	-2	4	66295
16047	-2	4	66299
16048	-2	4	66303
16049	-2	4	66307
16050	-2	4	66311
16051	-2	4	66315
16052	-2	4	66319
16053	-2	4	66323
16054	-2	4	66327
16055	-2	4	66331
16056	-2	4	66335
16057	-2	4	66339
16058	-2	4	66343
16059	-2	4	66347
16060	-2	4	66351
16061	-2	4	66355
16062	-2	4	66359
16063	-4	6	66365
16064	-2	4	66369
16065	-2	4	66373
16066	-2	4	66377
16067	-2	4	66381
16068	-2	4	66385
16069	-2	4	66389
16070	-2	4	66393
16071	-2	4	66397
16072	-2	4	66401
16073	-2	4	66405
16074	-2	4	66409
16075	-2	4	66413
16076	-2	4	66417
16077	-2	4	66421
16078	-2	4	66425
16079	-2	4	66429
16080	-2	4	66433
16081	-2	4	66437
16082	-2	4	66441
16083	-2	4	66445
16084	-2	4	66449
16085	-2	4	66453
16086	-2	4	66457
16087	-2	4	66461
16088	-2	4	66465
16089	-2	4	66469
16090	-2	4	66473
16091	-2	4	66477
16092	-2	4	66481
16093	-2	4	66485
16094	-2	4	66489
16095	-2	4	66493
16096	-2	4	66497
16097	-2	4	66501
16098	-2	4	66505
16099	-2	4	66509
16100	-2	4	66513
16101	-2	4	66517
16102	-2	4	66521
16103	-2	4	66525
16104	-2	4	66529
16105	-2	4	66533
16106	-2	4	66537
16107	-2	4	66541
16108	-2	4	66545
16109	-2	4	66549
16110	-2	4	66553
16111	-2	4	66557
16112	-2	4	66561
16113	-2	4	66565
16114	-2	4	66569
16115	-2	4	66573
16116	-2	4	66577
16117	-2	4	66581
16118	-2	4	66585
16119	-2	4	66589
16120	-2	4	66593
16121	-2	4	66597
16122	-2	4	66601
16123	-2	4	66605
16124	-2	4	66609
16125	-2	4	66613
16126	-2	4	66617
16127	-2	4	66621
16128	-2	4	66625
16129	-2	4	66629
16130	-2	4	66633
16131	-2	4	66637
16132	-2	4	66641
16133	-2	4	66645
16134	-2	4	66649
16135	-3	5	66654
16136	-2	4	66658
16137	-2	4	66662
16138	-2	4	66666
16139	-2	4	66670
16140	-2	4	66674
16141	-2	4	66678
16142	-2	4	66682
16143	-2	4	66686
16144	-2	4	66690
16145	-2	4	66694
16146	-2	4	66698
16147	-2	4	66702
16148	-2	4	66706
16149	-2	4	66710
16150	-2	4	66714
16151	-2	4	66718
16152	-2	4	66722
16153	-2	4	66726
16154	-2	4	66730
16155	-2	4	66734
16156	-2	4	66738
16157	-2	4	66742
16158	-4	6	66748
16159	-2	4	66752
16160	-2	4	66756
16161	-2	4	66760
16162	-2	4	66764
16163	-2	4	66768
16164	-2	4	66772
16165	-2	4	66776
16166	-2	4	66780
16167	-2	4	66784
16168	-2	4	66788
16169	-2	4	66792
16170	-4	6	66798
16171	-2	4	66802
16172	-2	4	66806
16173	-2	4	66810
16174	-2	4	66814
16175	-2	4	66818
16176	-2	4	66822
16177	-2	4	66826
16178	-2	4	66830
16179	-3	5	66835
16180	-2	4	66839
16181	-2	4	66843
16182	-2	4	66847
16183	-2	4	66851
16184	-2	4	66855
16185	-2	4	66859
16186	-2	4	66863
16187	-2	4	66867
16188	-2	4	66871
16189	-2	4	66875
16190	-2	4	66879
16191	-2	4	66883
16192	-2	4	66887
16193	-2	4	66891
16194	-2	4	66895
16195	-2	4	66899
16196	-2	4	66903
16197	-2	4	66907
16198	-2	4	66911
16199	-2	4	66915
16200	-2	4	66919
16201	-2	4	66923
16202	-2	4	66927
16203	-2	4	66931
16204	-2	4	66935
16205	-2	4	66939
16206	-2	4	66943
16207	-2	4	66947
16208	-2	4	66951
16209	-2	4	66955
16210	-2	4	66959
16211	-2	4	66963
16212	-2	4	66967
16213	-2	4	66971
16214	-2	4	66975
16215	-2	4	66979
16216	-2	4	66983
16217	-2	4	66987
16218	-2	4	66991
16219	-2	4	66995
16220	-2	4	66999
16221	-2	4	67003
16222	-2	4	67007
16223	-2	4	67011
16224	-2	4	67015
16225	-2	4	67019
16226	-2	4	67023
16227	-2	4	67027
16228	-2	4	67031
16229	-4	6	67037
16230	-2	4	67041
16231	-2	4	67045
16232	-2	4	67049
16233	-2	4	67053
16234	-2	4	67057
16235	-2	4	67061
16236	-2	4	67065
16237	-2	4	67069
16238	-2	4	67073
16239	-2	4	67077
16240	-2	4	67081
16241	-2	4	67085
16242	-2	4	67089
16243	-2	4	67093
16244	-2	4	67097
16245	-2	4	67101
16246	-2	4	67105
16247	-2	4	67109
16248	-2	4	67113
16249	-2	4	67117
16250	-2	4	67121
16251	-2	4	67125
16252	-2	4	67129
16253	-2	4	67133
16254	-2	4	67137
16255	-4	6	67143
16256	-4	6	67149
16257	-2	4	67153
16258	-2	4	67157
16259	-2	4	67161
16260	-2	4	67165
16261	-2	4	67169
16262	-2	4	67173
16263	-2	4	67177
16264	-2	4	67181
16265	-2	4	67185
16266	-2	4	67189
16267	-2	4	67193
16268	-2	4	67197
16269	-2	4	67201
16270	-2	4	67205
16271	-2	4	67209
16272	-2	4	67213
16273	-2	4	67217
16274	-2	4	67221
16275	-2	4	67225
16276	-4	6	67231
16277	-2	4	67235
16278	-2	4	67239
16279	-2	4	67243
16280	-2	4	67247
16281	-2	4	67251
16282	-2	4	67255
16283	-2	4	67259
16284	-2	4	67263
16285	-2	4	67267
16286	-2	4	67271
16287	-4	6	67277
16288	-2	4	67281
16289	-2	4	67285
16290	-2	4	67289
16291	-2	4	67293
16292	-2	4	67297
16293	-2	4	67301
16294	-2	4	67305
16295	-2	4	67309
16296	-2	4	67313
16297	-4	6	67319
16298	-2	4	67323
16299	-4	6	67329
16300	-2	4	67333
16301	-2	4	67337
16302	-2	4	67341
16303	-2	4	67345
16304	-2	4	67349
16305	-2	4	67353
16306	-2	4	67357
16307	-2	4	67361
16308	-2	4	67365
16309	-2	4	67369
16310	-2	4	67373
16311	-2	4	67377
16312	-2	4	67381
16313	-2	4	67385
16314	-2	4	67389
16315	-2	4	67393
16316	-4	6	67399
16317	-2	4	67403
16318	-2	4	67407
16319	-2	4	67411
16320	-2	4	67415
16321	-2	4	67419
16322	-6	8	67427
16323	-2	4	67431
16324	-2	4	67435
16325	-2	4	67439
16326	-2	4	67443
16327	-2	4	67447
16328	-2	4	67451
16329	-4	6	67457
16330	-2	4	67461
16331	-2	4	67465
16332	-2	4	67469
16333	-2	4	67473
16334	-2	4	67477
16335	-2	4	67481
16336	-4	6	67487
16337	-2	4	67491
16338	-2	4	67495
16339	-2	4	67499
16340	-2	4	67503
16341	-2	4	67507
16342	-2	4	67511
16343	-2	4	67515
16344	-4	6	67521
16345	-2	4	67525
16346	-4	6	67531
16347	-2	4	67535
16348	-2	4	67539
16349	-2	4	67543
16350	-2	4	67547
16351	-2	4	67551
16352	-2	4	67555
16353	-2	4	67559
16354	-2	4	67563
16355	-2	4	67567
16356	-2	4	67571
16357	-2	4	67575
16358	-2	4	67579
16359	-2	4	67583
16360	-2	4	67587
16361	-2	4	67591
16362	-2	4	67595
16363	-2	4	67599
16364	-2	4	67603
16365	-2	4	67607
16366	-2	4	67611
16367	-2	4	67615
16368	-2	4	67619
16369	-2	4	67623
16370	-2	4	67627
16371	-3	5	67632
16372	-2	4	67636
16373	-2	4	67640
16374	-2	4	67644
16375	-2	4	67648
16376	-2	4	67652
16377	-4	6	67658
16378	-2	4	67662
16379	-2	4	67666
16380	-2	4	67670
16381	-2	4	67674
16382	-3	5	67679
16383	-4	6	67685
16384	-4	6	67691
16385	-2	4	67695
16386	-2	4	67699
16387	-2	4	67703
16388	-2	4	67707
16389	-2	4	67711
16390	-2	4	67715
16391	-2	4	67719
16392	-2	4	67723
16393	-2	4	67727
16394	-2	4	67731
16395	-2	4	67735
16396	-2	4	67739
16397	-2	4	67743
16398	-2	4	67747
16399	-2	4	67751
16400	-2	4	67755
16401	-2	4	67759
16402	-2	4	67763
16403	-2	4	67767
16404	-2	4	67771
16405	-2	4	67775
16406	-2	4	67779
16407	-2	4	67783
16408	-2	4	67787
16409	-2	4	67791
16410	-2	4	67795
16411	-2	4	67799
16412	-2	4	67803
16413	-2	4	67807
16414	-2	4	67811
16415	-2	4	67815
16416	-2	4	67819
16417	-2	4	67823
16418	-2	4	67827
16419	-2	4	67831
16420	-2	4	67835
16421	-4	6	67841
16422	-2	4	67845
16423	-2	4	67849
16424	-2	4	67853
16425	-2	4	67857
16426	-2	4	67861
16427	-2	4	67865
16428	-2	4	67869
16429	-2	4	67873
16430	-2	4	67877
16431	-2	4	67881
16432	-2	4	67885
16433	-2	4	67889
16434	-2	4	67893
16435	-2	4	67897
16436	-2	4	67901
16437	-2	4	67905
16438	-2	4	67909
16439	-2	4	67913
16440	-2	4	67917
16441	-2	4	67921
16442	-2	4	67925
16443	-2	4	67929
16444	-2	4	67933
16445	-2	4	67937
16446	-2	4	67941
16447	-2	4	67945
16448	-2	4	67949
16449	-2	4	67953
16450	-2	4	67957
16451	-2	4	67961
16452	-2	4	67965
16453	-2	4	67969
16454	-2	4	67973
16455	-2	4	67977
16456	-2	4	67981
16457	-2	4	67985
16458	-2	4	67989
16459	-2	4	67993
16460	-2	4	67997
16461	-3	5	68002
16462	-2	4	68006
16463	-4	6	68012
16464	-2	4	68016
16465	-2	4	68020
16466	-2	4	68024
16467	-2	4	68028
16468	-2	4	68032
16469	-2	4	68036
16470	-2	4	68040
16471	-2	4	68044
16472	-2	4	68048
16473	-2	4	68052
16474	-2	4	68056
16475	-2	4	68060
16476	-2	4	68064
16477	-6	8	68072
16478	-2	4	68076
16479	-2	4	68080
16480	-2	4	68084
16481	-2	4	68088
16482	-4	6	68094
16483	-2	4	68098
16484	-2	4	68102
16485	-2	4	68106
16486	-2	4	68110
16487	-2	4	68114
16488	-2	4	68118
16489	-2	4	68122
16490	-2	4	68126
16491	-2	4	68130
16492	-2	4	68134
16493	-2	4	68138
16494	-2	4	68142
16495	-2	4	68146
16496	-2	4	68150
16497	-2	4	68154
16498	-2	4	68158
16499	-2	4	68162
16500	-2	4	68166
16501	-2	4	68170
16502	-2	4	68174
16503	-2	4	68178
16504	-2	4	68182
16505	-2	4	68186
16506	-2	4	68190
16507	-2	4	68194
16508	-4	6	68200
16509	-2	4	68204
16510	-2	4	68208
16511	-2	4	68212
16512	-2	4	68216
16513	-2	4	68220
16514	-2	4	68224
16515	-2	4	68228
16516	-2	4	68232
16517	-2	4	68236
16518	-2	4	68240
16519	-2	4	68244
16520	-2	4	68248
16521	-2	4	68252
16522	-2	4	68256
16523	-2	4	68260
16524	-2	4	68264
16525	-4	6	68270
16526	-2	4	68274
16527	-2	4	68278
16528	-2	4	68282
16529	-2	4	68286
16530	-2	4	68290
16531	-2	4	68294
16532	-4	6	68300
16533	-2	4	68304
16534	-2	4	68308
16535	-2	4	68312
16536	-2	4	68316
16537	-2	4	68320
16538	-2	4	68324
16539	-2	4	68328
16540	-2	4	68332
16541	-2	4	68336
16542	-2	4	68340
16543	-2	4	68344
16544	-2	4	68348
16545	-2	4	68352
16546	-2	4	68356
16547	-2	4	68360
16548	-2	4	68364
16549	-2	4	68368
16550	-2	4	68372
16551	-2	4	68376
16552	-2	4	68380
16553	-2	4	68384
16554	-2	4	68388
16555	-4	6	68394
16556	-2	4	68398
16557	-4	6	68404
16558	-2	4	68408
16559	-2	4	68412
16560	-2	4	68416
16561	-2	4	68420
16562	-2	4	68424
16563	-2	4	68428
16564	-2	4	68432
16565	-2	4	68436
16566	-2	4	68440
16567	-2	4	68444
16568	-2	4	68448
16569	-2	4	68452
16570	-2	4	68456
16571	-2	4	68460
16572	-2	4	68464
16573	-2	4	68468
16574	-2	4	68472
16575	-2	4	68476
16576	-2	4	68480
16577	-2	4	68484
16578	-2	4	68488
16579	-2	4	68492
16580	-2	4	68496
16581	-2	4	68500
16582	-2	4	68504
16583	-2	4	68508
16584	-2	4	68512
16585	-2	4	68516
16586	-2	4	68520
16587	-2	4	68524
16588	-2	4	68528
16589	-2	4	68532
16590	-2	4	68536
16591	-2	4	68540
16592	-2	4	68544
16593	-2	4	68548
16594	-2	4	68552
16595	-2	4	68556
16596	-3	5	68561
16597	-2	4	68565
16598	-2	4	68569
16599	-2	4	68573
16600	-2	4	68577
16601	-2	4	68581
16602	-2	4	68585
16603	-3	5	68590
16604	-2	4	68594
16605	-4	6	68600
16606	-2	4	68604
16607	-2	4	68608
16608	-2	4	68612
16609	-2	4	68616
16610	-2	4	68620
16611	-3	5	68625
16612	-2	4	68629
16613	-2	4	68633
16614	-2	4	68637
16615	-8	10	68647
16616	-2	4	68651
16617	-2	4	68655
16618	-2	4	68659
16619	-2	4	68663
16620	-2	4	68667
16621	-2	4	68671
16622	-2	4	68675
16623	-2	4	68679
16624	-2	4	68683
16625	-2	4	68687
16626	-2	4	68691
16627	-2	4	68695
16628	-2	4	68699
16629	-2	4	68703
16630	-2	4	68707
16631	-2	4	68711
16632	-2	4	68715
16633	-2	4	68719
16634	-2	4	68723
16635	-2	4	68727
16636	-2	4	68731
16637	-2	4	68735
16638	-2	4	68739
16639	-2	4	68743
16640	-2	4	68747
16641	-2	4	68751
16642	-2	4	68755
16643	-2	4	68759
16644	-2	4	68763
16645	-2	4	68767
16646	-2	4	68771
16647	-2	4	68775
16648	-2	4	68779
16649	-2	4	68783
16650	-2	4	68787
16651	-2	4	68791
16652	-2	4	68795
16653	-2	4	68799
16654	-2	4	68803
16655	-2	4	68807
16656	-2	4	68811
16657	-2	4	68815
16658	-2	4	68819
16659	-2	4	68823
16660	-2	4	68827
16661	-2	4	68831
16662	-2	4	68835
16663	-2	4	68839
16664	-2	4	68843
16665	-2	4	68847
16666	-2	4	68851
16667	-4	6	68857
16668	-2	4	68861
16669	-2	4	68865
16670	-2	4	68869
16671	-2	4	68873
16672	-2	4	68877
16673	-2	4	68881
16674	-4	6	68887
16675	-2	4	68891
16676	-2	4	68895
16677	-2	4	68899
16678	-2	4	68903
16679	-2	4	68907
16680	-2	4	68911
16681	-2	4	68915
16682	-2	4	68919
16683	-2	4	68923
16684	-2	4	68927
16685	-2	4	68931
16686	-2	4	68935
16687	-2	4	68939
16688	-2	4	68943
16689	-2	4	68947
16690	-2	4	68951
16691	-2	4	68955
16692	-2	4	68959
16693	-2	4	68963
16694	-2	4	68967
16695	-2	4	68971
16696	-4	6	68977
16697	-2	4	68981
16698	-2	4	68985
16699	-2	4	68989
16700	-2	4	68993
16701	-2	4	68997
16702	-2	4	69001
16703	-2	4	69005
16704	-2	4	69009
16705	-2	4	69013
16706	-2	4	69017
16707	-2	4	69021
16708	-2	4	69025
16709	-2	4	69029
16710	-2	4	69033
16711	-3	5	69038
16712	-2	4	69042
16713	-2	4	69046
16714	-2	4	69050
16715	-2	4	69054
16716	-2	4	69058
16717	-2	4	69062
16718	-2	4	69066
16719	-4	6	69072
16720	-2	4	69076
16721	-2	4	69080
16722	-2	4	69084
16723	-2	4	69088
16724	-2	4	69092
16725	-2	4	69096
16726	-2	4	69100
16727	-4	6	69106
16728	-2	4	69110
16729	-2	4	69114
16730	-2	4	69118
16731	-2	4	69122
16732	-2	4	69126
16733	-2	4	69130
16734	-2	4	69134
16735	-2	4	69138
16736	-2	4	69142
16737	-2	4	69146
16738	-2	4	69150
16739	-2	4	69154
16740	-2	4	69158
16741	-2	4	69162
16742	-2	4	69166
16743	-2	4	69170
16744	-2	4	69174
16745	-2	4	69178
16746	-2	4	69182
16747	-2	4	69186
16748	-2	4	69190
16749	-2	4	69194
16750	-2	4	69198
16751	-2	4	69202
16752	-2	4	69206
16753	-4	6	69212
16754	-4	6	69218
16755	-4	6	69224
16756	-2	4	69228
16757	-4	6	69234
16758	-2	4	69238
16759	-2	4	69242
16760	-2	4	69246
16761	-2	4	69250
16762	-2	4	69254
16763	-2	4	69258
16764	-2	4	69262
16765	-2	4	69266
16766	-2	4	69270
16767	-2	4	69274
16768	-4	6	69280
16769	-2	4	69284
16770	-2	4	69288
16771	-2	4	69292
16772	-2	4	69296
16773	-2	4	69300
16774	-2	4	69304
16775	-2	4	69308
16776	-3	5	69313
16777	-2	4	69317
16778	-2	4	69321
16779	-2	4	69325
16780	-2	4	69329
16781	-3	5	69334
16782	-2	4	69338
16783	-2	4	69342
16784	-2	4	69346
16785	-2	4	69350
16786	-2	4	69354
16787	-2	4	69358
16788	-2	4	69362
16789	-2	4	69366
16790	-2	4	69370
16791	-2	4	69374
16792	-2	4	69378
16793	-2	4	69382
16794	-2	4	69386
16795	-2	4	69390
16796	-2	4	69394
16797	-2	4	69398
16798	-4	6	69404
16799	-2	4	69408
16800	-2	4	69412
16801	-2	4	69416
16802	-2	4	69420
16803	-2	4	69424
16804	-2	4	69428
16805	-2	4	69432
16806	-2	4	69436
16807	-2	4	69440
16808	-2	4	69444
16809	-2	4	69448
16810	-2	4	69452
16811	-2	4	69456
16812	-2	4	69460
16813	-2	4	69464
16814	-4	6	69470
16815	-2	4	69474
16816	-2	4	69478
16817	-2	4	69482
16818	-4	6	69488
16819	-2	4	69492
16820	-2	4	69496
16821	-2	4	69500
16822	-2	4	69504
16823	-2	4	69508
16824	-2	4	69512
16825	-2	4	69516
16826	-2	4	69520
16827	-2	4	69524
16828	-2	4	69528
16829	-2	4	69532
16830	-2	4	69536
16831	-2	4	69540
16832	-4	6	69546
16833	-2	4	69550
16834	-2	4	69554
16835	-2	4	69558
16836	-2	4	69562
16837	-2	4	69566
16838	-2	4	69570
16839	-2	4	69574
16840	-2	4	69578
16841	-2	4	69582
16842	-2	4	69586
16843	-2	4	69590
16844	-2	4	69594
16845	-2	4	69598
16846	-2	4	69602
16847	-2	4	69606
16848	-2	4	69610
16849	-2	4	69614
16850	-2	4	69618
16851	-2	4	69622
16852	-2	4	69626
16853	-2	4	69630
16854	-2	4	69634
16855	-2	4	69638
16856	-2	4	69642
16857	-2	4	69646
16858	-2	4	69650
16859	-2	4	69654
16860	-2	4	69658
16861	-2	4	69662
16862	-2	4	69666
16863	-2	4	69670
16864	-2	4	69674
16865	-2	4	69678
16866	-2	4	69682
16867	-2	4	69686
16868	-4	6	69692
16869	-4	6	69698
16870	-2	4	69702
16871	-2	4	69706
16872	-2	4	69710
16873	-2	4	69714
16874	-2	4	69718
16875	-2	4	69722
16876	-2	4	69726
16877	-2	4	69730
16878	-2	4	69734
16879	-2	4	69738
16880	-2	4	69742
16881	-2	4	69746
16882	-2	4	69750
16883	-2	4	69754
16884	-2	4	69758
16885	-2	4	69762
16886	-2	4	69766
16887	-2	4	69770
16888	-2	4	69774
16889	-2	4	69778
16890	-4	6	69784
16891	-2	4	69788
16892	-2	4	69792
16893	-4	6	69798
16894	-2	4	69802
16895	-2	4	69806
16896	-2	4	69810
16897	-2	4	69814
16898	-2	4	69818
16899	-2	4	69822
16900	-2	4	69826
16901	-2	4	69830
16902	-4	6	69836
16903	-2	4	69840
16904	-2	4	69844
16905	-2	4	69848
16906	-2	4	69852
16907	-2	4	69856
16908	-2	4	69860
16909	-2	4	69864
16910	-2	4	69868
16911	-2	4	69872
16912	-2	4	69876
16913	-2	4	69880
16914	-2	4	69884
16915	-2	4	69888
16916	-2	4	69892
16917	-2	4	69896
16918	-2	4	69900
16919	-2	4	69904
16920	-2	4	69908
16921	-2	4	69912
16922	-2	4	69916
16923	-2	4	69920
16924	-2	4	69924
16925	-2	4	69928
16926	-2	4	69932
16927	-2	4	69936
16928	-2	4	69940
16929	-2	4	69944
16930	-2	4	69948
16931	-2	4	69952
16932	-2	4	69956
16933	-2	4	69960
16934	-2	4	69964
16935	-2	4	69968
16936	-2	4	69972
16937	-2	4	69976
16938	-2	4	69980
16939	-2	4	69984
16940	-2	4	69988
16941	-2	4	69992
16942	-2	4	69996
16943	-2	4	70000
16944	-2	4	70004
16945	-2	4	70008
16946	-2	4	70012
16947	-2	4	70016
16948	-2	4	70020
16949	-2	4	70024
16950	-2	4	70028
16951	-2	4	70032
16952	-2	4	70036
16953	-2	4	70040
16954	-2	4	70044
16955	-2	4	70048
16956	-2	4	70052
16957	-2	4	70056
16958	-2	4	70060
16959	-4	6	70066
16960	-2	4	70070
16961	-2	4	70074
16962	-2	4	70078
16963	-2	4	70082
16964	-2	4	70086
16965	-2	4	70090
16966	-2	4	70094
16967	-2	4	70098
16968	-2	4	70102
16969	-2	4	70106
16970	-2	4	70110
16971	-2	4	70114
16972	-2	4	70118
16973	-2	4	70122
16974	-2	4	70126
16975	-2	4	70130
16976	-2	4	70134
16977	-4	6	70140
16978	-2	4	70144
16979	-4	6	70150
16980	-2	4	70154
16981	-2	4	70158
16982	-2	4	70162
16983	-2	4	70166
16984	-2	4	70170
16985	-2	4	70174
16986	-2	4	70178
16987	-2	4	70182
16988	-2	4	70186
16989	-2	4	70190
16990	-2	4	70194
16991	-2	4	70198
16992	-2	4	70202
16993	-2	4	70206
16994	-2	4	70210
16995	-2	4	70214
16996	-2	4	70218
16997	-2	4	70222
16998	-2	4	70226
16999	-2	4	70230
17000	-2	4	70234
17001	-2	4	70238
17002	-2	4	70242
17003	-2	4	70246
17004	-2	4	70250
17005	-2	4	70254
17006	-2	4	70258
17007	-2	4	70262
17008	-2	4	70266
17009	-2	4	70270
17010	-2	4	70274
17011	-2	4	70278
17012	-2	4	70282
17013	-2	4	70286
17014	-6	8	70294
17015	-2	4	70298
17016	-4	6	70304
17017	-2	4	70308
17018	-2	4	70312
17019	-2	4	70316
17020	-2	4	70320
17021	-2	4	70324
17022	-2	4	70328
17023	-2	4	70332
17024	-2	4	70336
17025	-2	4	70340
17026	-2	4	70344
17027	-2	4	70348
17028	-2	4	70352
17029	-2	4	70356
17030	-2	4	70360
17031	-2	4	70364
17032	-2	4	70368
17033	-2	4	70372
17034	-2	4	70376
17035	-2	4	70380
17036	-2	4	70384
17037	-2	4	70388
17038	-2	4	70392
17039	-2	4	70396
17040	-2	4	70400
17041	-2	4	70404
17042	-2	4	70408
17043	-2	4	70412
17044	-2	4	70416
17045	-2	4	70420
17046	-2	4	70424
17047	-2	4	70428
17048	-2	4	70432
17049	-2	4	70436
17050	-2	4	70440
17051	-2	4	70444
17052	-4	6	70450
17053	-2	4	70454
17054	-2	4	70458
17055	-2	4	70462
17056	-2	4	70466
17057	-2	4	70470
17058	-2	4	70474
17059	-2	4	70478
17060	-2	4	70482
17061	-2	4	70486
17062	-2	4	70490
17063	-2	4	70494
17064	-2	4	70498
17065	-2	4	70502
17066	-2	4	70506
17067	-2	4	70510
17068	-2	4	70514
17069	-2	4	70518
17070	-2	4	70522
17071	-4	6	70528
17072	-2	4	70532
17073	-2	4	70536
17074	-2	4	70540
17075	-3	5	70545
17076	-2	4	70549
17077	-2	4	70553
17078	-2	4	70557
17079	-2	4	70561
17080	-2	4	70565
17081	-2	4	70569
17082	-2	4	70573
17083	-2	4	70577
17084	-2	4	70581
17085	-2	4	70585
17086	-2	4	70589
17087	-2	4	70593
17088	-2	4	70597
17089	-2	4	70601
17090	-2	4	70605
17091	-2	4	70609
17092	-2	4	70613
17093	-2	4	70617
17094	-2	4	70621
17095	-2	4	70625
17096	-2	4	70629
17097	-4	6	70635
17098	-2	4	70639
17099	-2	4	70643
17100	-2	4	70647
17101	-3	5	70652
17102	-2	4	70656
17103	-2	4	70660
17104	-2	4	70664
17105	-2	4	70668
17106	-2	4	70672
17107	-2	4	70676
17108	-2	4	70680
17109	-4	6	70686
17110	-2	4	70690
17111	-2	4	70694
17112	-2	4	70698
17113	-2	4	70702
17114	-2	4	70706
17115	-2	4	70710
17116	-2	4	70714
17117	-2	4	70718
17118	-2	4	70722
17119	-2	4	70726
17120	-2	4	70730
17121	-2	4	70734
17122	-2	4	70738
17123	-2	4	70742
17124	-2	4	70746
17125	-2	4	70750
17126	-2	4	70754
17127	-2	4	70758
17128	-2	4	70762
17129	-2	4	70766
17130	-4	6	70772
17131	-2	4	70776
17132	-2	4	70780
17133	-2	4	70784
17134	-2	4	70788
17135	-2	4	70792
17136	-2	4	70796
17137	-2	4	70800
17138	-2	4	70804
17139	-2	4	70808
17140	-2	4	70812
17141	-2	4	70816
17142	-4	6	70822
17143	-2	4	70826
17144	-2	4	70830
17145	-2	4	70834
17146	-2	4	70838
17147	-2	4	70842
17148	-2	4	70846
17149	-2	4	70850
17150	-2	4	70854
17151	-2	4	70858
17152	-2	4	70862
17153	-2	4	70866
17154	-2	4	70870
17155	-2	4	70874
17156	-2	4	70878
17157	-2	4	70882
17158	-2	4	70886
17159	-2	4	70890
17160	-2	4	70894
17161	-2	4	70898
17162	-2	4	70902
17163	-2	4	70906
17164	-2	4	70910
17165	-2	4	70914
17166	-2	4	70918
17167	-2	4	70922
17168	-2	4	70926
17169	-2	4	70930
17170	-2	4	70934
17171	-2	4	70938
17172	-2	4	70942
17173	-4	6	70948
17174	-2	4	70952
17175	-2	4	70956
17176	-2	4	70960
17177	-2	4	70964
17178	-2	4	70968
17179	-2	4	70972
17180	-2	4	70976
17181	-2	4	70980
17182	-2	4	70984
17183	-2	4	70988
17184	-3	5	70993
17185	-2	4	70997
17186	-2	4	71001
17187	-2	4	71005
17188	-2	4	71009
17189	-2	4	71013
17190	-2	4	71017
17191	-2	4	71021
17192	-2	4	71025
17193	-2	4	71029
17194	-2	4	71033
17195	-2	4	71037
17196	-2	4	71041
17197	-2	4	71045
17198	-2	4	71049
17199	-2	4	71053
17200	-2	4	71057
17201	-2	4	71061
17202	-2	4	71065
17203	-2	4	71069
17204	-2	4	71073
17205	-2	4	71077
17206	-2	4	71081
17207	-2	4	71085
17208	-2	4	71089
17209	-2	4	71093
17210	-2	4	71097
17211	-2	4	71101
17212	-2	4	71105
17213	-2	4	71109
17214	-2	4	71113
17215	-2	4	71117
17216	-2	4	71121
17217	-2	4	71125
17218	-2	4	71129
17219	-2	4	71133
17220	-2	4	71137
17221	-2	4	71141
17222	-2	4	71145
17223	-2	4	71149
17224	-2	4	71153
17225	-2	4	71157
17226	-2	4	71161
17227	-2	4	71165
17228	-2	4	71169
17229	-3	5	71174
17230	-2	4	71178
17231	-2	4	71182
17232	-2	4	71186
17233	-2	4	71190
17234	-2	4	71194
17235	-2	4	71198
17236	-2	4	71202
17237	-2	4	71206
17238	-2	4	71210
17239	-2	4	71214
17240	-2	4	71218
17241	-2	4	71222
17242	-2	4	71226
17243	-2	4	71230
17244	-2	4	71234
17245	-2	4	71238
17246	-2	4	71242
17247	-2	4	71246
17248	-2	4	71250
17249	-2	4	71254
17250	-2	4	71258
17251	-2	4	71262
17252	-2	4	71266
17253	-2	4	71270
17254	-2	4	71274
17255	-2	4	71278
17256	-2	4	71282
17257	-2	4	71286
17258	-2	4	71290
17259	-2	4	71294
17260	-2	4	71298
17261	-2	4	71302
17262	-2	4	71306
17263	-2	4	71310
17264	-2	4	71314
17265	-2	4	71318
17266	-2	4	71322
17267	-2	4	71326
17268	-2	4	71330
17269	-2	4	71334
17270	-2	4	71338
17271	-2	4	71342
17272	-2	4	71346
17273	-2	4	71350
17274	-2	4	71354
17275	-2	4	71358
17276	-2	4	71362
17277	-2	4	71366
17278	-2	4	71370
17279	-2	4	71374
17280	-2	4	71378
17281	-2	4	71382
17282	-2	4	71386
17283	-2	4	71390
17284	-2	4	71394
17285	-2	4	71398
17286	-2	4	71402
17287	-2	4	71406
17288	-2	4	71410
17289	-2	4	71414
17290	-2	4	71418
17291	-2	4	71422
17292	-2	4	71426
17293	-2	4	71430
17294	-2	4	71434
17295	-2	4	71438
17296	-2	4	71442
17297	-2	4	71446
17298	-2	4	71450
17299	-2	4	71454
17300	-4	6	71460
17301	-2	4	71464
17302	-2	4	71468
17303	-2	4	71472
17304	-3	5	71477
17305	-2	4	71481
17306	-3	5	71486
17307	-2	4	71490
17308	-2	4	71494
17309	-2	4	71498
17310	-2	4	71502
17311	-2	4	71506
17312	-2	4	71510
17313	-2	4	71514
17314	-2	4	71518
17315	-2	4	71522
17316	-2	4	71526
17317	-2	4	71530
17318	-2	4	71534
17319	-2	4	71538
17320	-2	4	71542
17321	-2	4	71546
17322	-2	4	71550
17323	-2	4	71554
17324	-2	4	71558
17325	-2	4	71562
17326	-2	4	71566
17327	-2	4	71570
17328	-2	4	71574
17329	-2	4	71578
17330	-2	4	71582
17331	-2	4	71586
17332	-2	4	71590
17333	-2	4	71594
17334	-2	4	71598
17335	-2	4	71602
17336	-2	4	71606
17337	-2	4	71610
17338	-2	4	71614
17339	-2	4	71618
17340	-2	4	71622
17341	-2	4	71626
17342	-2	4	71630
17343	-2	4	71634
17344	-2	4	71638
17345	-4	6	71644
17346	-2	4	71648
17347	-2	4	71652
17348	-2	4	71656
17349	-2	4	71660
17350	-2	4	71664
17351	-4	6	71670
17352	-2	4	71674
17353	-2	4	71678
17354	-2	4	71682
17355	-2	4	71686
17356	-2	4	71690
17357	-2	4	71694
17358	-2	4	71698
17359	-2	4	71702
17360	-2	4	71706
17361	-2	4	71710
17362	-2	4	71714
17363	-2	4	71718
17364	-2	4	71722
17365	-2	4	71726
17366	-2	4	71730
17367	-2	4	71734
17368	-2	4	71738
17369	-2	4	71742
17370	-2	4	71746
17371	-2	4	71750
17372	-2	4	71754
17373	-4	6	71760
17374	-2	4	71764
17375	-2	4	71768
17376	-2	4	71772
17377	-2	4	71776
17378	-2	4	71780
17379	-2	4	71784
17380	-2	4	71788
17381	-2	4	71792
17382	-2	4	71796
17383	-4	6	71802
17384	-2	4	71806
17385	-2	4	71810
17386	-3	5	71815
17387	-2	4	71819
17388	-2	4	71823
17389	-2	4	71827
17390	-2	4	71831
17391	-2	4	71835
17392	-2	4	71839
17393	-2	4	71843
17394	-2	4	71847
17395	-2	4	71851
17396	-2	4	71855
17397	-2	4	71859
17398	-2	4	71863
17399	-2	4	71867
17400	-2	4	71871
17401	-3	5	71876
17402	-2	4	71880
17403	-2	4	71884
17404	-2	4	71888
17405	-2	4	71892
17406	-2	4	71896
17407	-2	4	71900
17408	-4	6	71906
17409	-2	4	71910
17410	-2	4	71914
17411	-2	4	71918
17412	-2	4	71922
17413	-2	4	71926
17414	-2	4	71930
17415	-2	4	71934
17416	-2	4	71938
17417	-2	4	71942
17418	-2	4	71946
17419	-2	4	71950
17420	-2	4	71954
17421	-2	4	71958
17422	-2	4	71962
17423	-2	4	71966
17424	-2	4	71970
17425	-2	4	71974
17426	-2	4	71978
17427	-2	4	71982
17428	-2	4	71986
17429	-2	4	71990
17430	-2	4	71994
17431	-2	4	71998
17432	-2	4	72002
17433	-2	4	72006
17434	-2	4	72010
17435	-2	4	72014
17436	-2	4	72018
17437	-2	4	72022
17438	-2	4	72026
17439	-2	4	72030
17440	-2	4	72034
17441	-2	4	72038
17442	-2	4	72042
17443	-2	4	72046
17444	-6	8	72054
17445	-2	4	72058
17446	-2	4	72062
17447	-2	4	72066
17448	-2	4	72070
17449	-2	4	72074
17450	-2	4	72078
17451	-2	4	72082
17452	-2	4	72086
17453	-2	4	72090
17454	-2	4	72094
17455	-2	4	72098
17456	-2	4	72102
17457	-2	4	72106
17458	-2	4	72110
17459	-2	4	72114
17460	-2	4	72118
17461	-2	4	72122
17462	-2	4	72126
17463	-2	4	72130
17464	-2	4	72134
17465	-2	4	72138
17466	-2	4	72142
17467	-2	4	72146
17468	-2	4	72150
17469	-2	4	72154
17470	-2	4	72158
17471	-2	4	72162
17472	-2	4	72166
17473	-2	4	72170
17474	-2	4	72174
17475	-2	4	72178
17476	-2	4	72182
17477	-2	4	72186
17478	-2	4	72190
17479	-2	4	72194
17480	-2	4	72198
17481	-2	4	72202
17482	-2	4	72206
17483	-2	4	72210
17484	-2	4	72214
17485	-2	4	72218
17486	-2	4	72222
17487	-2	4	72226
17488	-4	6	72232
17489	-2	4	72236
17490	-2	4	72240
17491	-2	4	72244
17492	-2	4	72248
17493	-2	4	72252
17494	-2	4	72256
17495	-2	4	72260
17496	-2	4	72264
17497	-2	4	72268
17498	-2	4	72272
17499	-2	4	72276
17500	-2	4	72280
17501	-2	4	72284
17502	-2	4	72288
17503	-2	4	72292
17504	-2	4	72296
17505	-2	4	72300
17506	-2	4	72304
17507	-4	6	72310
17508	-2	4	72314
17509	-2	4	72318
17510	-2	4	72322
17511	-2	4	72326
17512	-2	4	72330
17513	-2	4	72334
17514	-2	4	72338
17515	-2	4	72342
17516	-2	4	72346
17517	-2	4	72350
17518	-2	4	72354
17519	-2	4	72358
17520	-2	4	72362
17521	-2	4	72366
17522	-2	4	72370
17523	-2	4	72374
17524	-2	4	72378
17525	-2	4	72382
17526	-2	4	72386
17527	-2	4	72390
17528	-2	4	72394
17529	-2	4	72398
17530	-2	4	72402
17531	-2	4	72406
17532	-2	4	72410
17533	-2	4	72414
17534	-2	4	72418
17535	-2	4	72422
17536	-2	4	72426
17537	-2	4	72430
17538	-2	4	72434
17539	-2	4	72438
17540	-2	4	72442
17541	-4	6	72448
17542	-2	4	72452
17543	-2	4	72456
17544	-2	4	72460
17545	-2	4	72464
17546	-2	4	72468
17547	-2	4	72472
17548	-2	4	72476
17549	-2	4	72480
17550	-4	6	72486
17551	-2	4	72490
17552	-2	4	72494
17553	-2	4	72498
17554	-2	4	72502
17555	-2	4	72506
17556	-2	4	72510
17557	-2	4	72514
17558	-2	4	72518
17559	-2	4	72522
17560	-2	4	72526
17561	-2	4	72530
17562	-2	4	72534
17563	-2	4	72538
17564	-2	4	72542
17565	-2	4	72546
17566	-2	4	72550
17567	-2	4	72554
17568	-2	4	72558
17569	-2	4	72562
17570	-2	4	72566
17571	-2	4	72570
17572	-2	4	72574
17573	-2	4	72578
17574	-2	4	72582
17575	-2	4	72586
17576	-2	4	72590
17577	-2	4	72594
17578	-2	4	72598
17579	-2	4	72602
17580	-2	4	72606
17581	-2	4	72610
17582	-4	6	72616
17583	-2	4	72620
17584	-4	6	72626
17585	-2	4	72630
17586	-2	4	72634
17587	-2	4	72638
17588	-2	4	72642
17589	-2	4	72646
17590	-2	4	72650
17591	-2	4	72654
17592	-2	4	72658
17593	-2	4	72662
17594	-2	4	72666
17595	-3	5	72671
17596	-2	4	72675
17597	-2	4	72679
17598	-2	4	72683
17599	-2	4	72687
17600	-2	4	72691
17601	-2	4	72695
17602	-2	4	72699
17603	-2	4	72703
17604	-2	4	72707
17605	-2	4	72711
17606	-2	4	72715
17607	-2	4	72719
17608	-2	4	72723
17609	-2	4	72727
17610	-2	4	72731
17611	-2	4	72735
17612	-2	4	72739
17613	-2	4	72743
17614	-2	4	72747
17615	-4	6	72753
17616	-2	4	72757
17617	-2	4	72761
17618	-2	4	72765
17619	-2	4	72769
17620	-2	4	72773
17621	-2	4	72777
17622	-2	4	72781
17623	-2	4	72785
17624	-2	4	72789
17625	-2	4	72793
17626	-2	4	72797
17627	-2	4	72801
17628	-2	4	72805
17629	-2	4	72809
17630	-2	4	72813
17631	-2	4	72817
17632	-2	4	72821
17633	-2	4	72825
17634	-2	4	72829
17635	-2	4	72833
17636	-2	4	72837
17637	-2	4	72841
17638	-2	4	72845
17639	-2	4	72849
17640	-2	4	72853
17641	-2	4	72857
17642	-2	4	72861
17643	-2	4	72865
17644	-2	4	72869
17645	-2	4	72873
17646	-2	4	72877
17647	-2	4	72881
17648	-2	4	72885
17649	-2	4	72889
17650	-2	4	72893
17651	-2	4	72897
17652	-2	4	72901
17653	-2	4	72905
17654	-2	4	72909
17655	-2	4	72913
17656	-2	4	72917
17657	-2	4	72921
17658	-4	6	72927
17659	-2	4	72931
17660	-2	4	72935
17661	-2	4	72939
17662	-2	4	72943
17663	-2	4	72947
17664	-2	4	72951
17665	-2	4	72955
17666	-2	4	72959
17667	-2	4	72963
17668	-2	4	72967
17669	-2	4	72971
17670	-2	4	72975
17671	-2	4	72979
17672	-2	4	72983
17673	-2	4	72987
17674	-2	4	72991
17675	-4	6	72997
17676	-2	4	73001
17677	-2	4	73005
17678	-2	4	73009
17679	-2	4	73013
17680	-2	4	73017
17681	-2	4	73021
17682	-2	4	73025
17683	-2	4	73029
17684	-2	4	73033
17685	-2	4	73037
17686	-2	4	73041
17687	-2	4	73045
17688	-2	4	73049
17689	-2	4	73053
17690	-2	4	73057
17691	-2	4	73061
17692	-2	4	73065
17693	-2	4	73069
17694	-2	4	73073
17695	-2	4	73077
17696	-2	4	73081
17697	-2	4	73085
17698	-2	4	73089
17699	-2	4	73093
17700	-2	4	73097
17701	-2	4	73101
17702	-2	4	73105
17703	-2	4	73109
17704	-2	4	73113
17705	-2	4	73117
17706	-2	4	73121
17707	-2	4	73125
17708	-2	4	73129
17709	-2	4	73133
17710	-2	4	73137
17711	-2	4	73141
17712	-2	4	73145
17713	-2	4	73149
17714	-2	4	73153
17715	-2	4	73157
17716	-2	4	73161
17717	-2	4	73165
17718	-2	4	73169
17719	-2	4	73173
17720	-2	4	73177
17721	-2	4	73181
17722	-2	4	73185
17723	-2	4	73189
17724	-2	4	73193
17725	-2	4	73197
17726	-2	4	73201
17727	-2	4	73205
17728	-2	4	73209
17729	-2	4	73213
17730	-2	4	73217
17731	-2	4	73221
17732	-2	4	73225
17733	-2	4	73229
17734	-2	4	73233
17735	-2	4	73237
17736	-2	4	73241
17737	-2	4	73245
17738	-2	4	73249
17739	-2	4	73253
17740	-4	6	73259
17741	-2	4	73263
17742	-2	4	73267
17743	-2	4	73271
17744	-2	4	73275
17745	-2	4	73279
17746	-2	4	73283
17747	-2	4	73287
17748	-2	4	73291
17749	-2	4	73295
17750	-2	4	73299
17751	-2	4	73303
17752	-2	4	73307
17753	-2	4	73311
17754	-2	4	73315
17755	-2	4	73319
17756	-3	5	73324
17757	-2	4	73328
17758	-2	4	73332
17759	-2	4	73336
17760	-2	4	73340
17761	-2	4	73344
17762	-2	4	73348
17763	-2	4	73352
17764	-2	4	73356
17765	-2	4	73360
17766	-2	4	73364
17767	-2	4	73368
17768	-2	4	73372
17769	-2	4	73376
17770	-2	4	73380
17771	-2	4	73384
17772	-2	4	73388
17773	-2	4	73392
17774	-2	4	73396
17775	-2	4	73400
17776	-2	4	73404
17777	-2	4	73408
17778	-4	6	73414
17779	-2	4	73418
17780	-2	4	73422
17781	-2	4	73426
17782	-2	4	73430
17783	-4	6	73436
17784	-2	4	73440
17785	-2	4	73444
17786	-2	4	73448
17787	-2	4	73452
17788	-2	4	73456
17789	-2	4	73460
17790	-2	4	73464
17791	-2	4	73468
17792	-2	4	73472
17793	-2	4	73476
17794	-2	4	73480
17795	-4	6	73486
17796	-2	4	73490
17797	-4	6	73496
17798	-2	4	73500
17799	-2	4	73504
17800	-2	4	73508
17801	-2	4	73512
17802	-2	4	73516
17803	-2	4	73520
17804	-2	4	73524
17805	-2	4	73528
17806	-2	4	73532
17807	-4	6	73538
17808	-2	4	73542
17809	-2	4	73546
17810	-2	4	73550
17811	-2	4	73554
17812	-2	4	73558
17813	-2	4	73562
17814	-2	4	73566
17815	-2	4	73570
17816	-2	4	73574
17817	-2	4	73578
17818	-2	4	73582
17819	-2	4	73586
17820	-2	4	73590
17821	-2	4	73594
17822	-2	4	73598
17823	-2	4	73602
17824	-2	4	73606
17825	-2	4	73610
17826	-2	4	73614
17827	-2	4	73618
17828	-2	4	73622
17829	-2	4	73626
17830	-2	4	73630
17831	-2	4	73634
17832	-2	4	73638
17833	-2	4	73642
17834	-2	4	73646
17835	-2	4	73650
17836	-2	4	73654
17837	-2	4	73658
17838	-2	4	73662
17839	-4	6	73668
17840	-2	4	73672
17841	-2	4	73676
17842	-2	4	73680
17843	-2	4	73684
17844	-2	4	73688
17845	-2	4	73692
17846	-2	4	73696
17847	-2	4	73700
17848	-2	4	73704
17849	-2	4	73708
17850	-2	4	73712
17851	-2	4	73716
17852	-2	4	73720
17853	-2	4	73724
17854	-2	4	73728
17855	-2	4	73732
17856	-2	4	73736
17857	-2	4	73740
17858	-2	4	73744
17859	-2	4	73748
17860	-2	4	73752
17861	-2	4	73756
17862	-2	4	73760
17863	-2	4	73764
17864	-2	4	73768
17865	-2	4	73772
17866	-2	4	73776
17867	-2	4	73780
17868	-2	4	73784
17869	-2	4	73788
17870	-4	6	73794
17871	-2	4	73798
17872	-2	4	73802
17873	-2	4	73806
17874	-2	4	73810
17875	-2	4	73814
17876	-4	6	73820
17877	-2	4	73824
17878	-2	4	73828
17879	-2	4	73832
17880	-2	4	73836
17881	-2	4	73840
17882	-4	6	73846
17883	-2	4	73850
17884	-2	4	73854
17885	-2	4	73858
17886	-2	4	73862
17887	-2	4	73866
17888	-2	4	73870
17889	-2	4	73874
17890	-2	4	73878
17891	-2	4	73882
17892	-2	4	73886
17893	-2	4	73890
17894	-2	4	73894
17895	-2	4	73898
17896	-2	4	73902
17897	-2	4	73906
17898	-2	4	73910
17899	-4	6	73916
17900	-2	4	73920
17901	-2	4	73924
17902	-2	4	73928
17903	-2	4	73932
17904	-2	4	73936
17905	-2	4	73940
17906	-2	4	73944
17907	-2	4	73948
17908	-2	4	73952
17909	-2	4	73956
17910	-2	4	73960
17911	-2	4	73964
17912	-2	4	73968
17913	-2	4	73972
17914	-4	6	73978
17915	-2	4	73982
17916	-2	4	73986
17917	-2	4	73990
17918	-2	4	73994
17919	-2	4	73998
17920	-4	6	74004
17921	-2	4	74008
17922	-2	4	74012
17923	-4	6	74018
17924	-2	4	74022
17925	-2	4	74026
17926	-2	4	74030
17927	-3	5	74035
17928	-2	4	74039
17929	-2	4	74043
17930	-2	4	74047
17931	-2	4	74051
17932	-2	4	74055
17933	-2	4	74059
17934	-2	4	74063
17935	-2	4	74067
17936	-2	4	74071
17937	-2	4	74075
17938	-2	4	74079
17939	-2	4	74083
17940	-2	4	74087
17941	-2	4	74091
17942	-4	6	74097
17943	-2	4	74101
17944	-2	4	74105
17945	-2	4	74109
17946	-2	4	74113
17947	-2	4	74117
17948	-2	4	74121
17949	-4	6	74127
17950	-2	4	74131
17951	-2	4	74135
17952	-4	6	74141
17953	-2	4	74145
17954	-2	4	74149
17955	-2	4	74153
17956	-2	4	74157
17957	-4	6	74163
17958	-2	4	74167
17959	-2	4	74171
17960	-2	4	74175
17961	-3	5	74180
17962	-2	4	74184
17963	-3	5	74189
17964	-2	4	74193
17965	-4	6	74199
17966	-2	4	74203
17967	-2	4	74207
17968	-2	4	74211
17969	-2	4	74215
17970	-2	4	74219
17971	-2	4	74223
17972	-2	4	74227
17973	-2	4	74231
17974	-2	4	74235
17975	-2	4	74239
17976	-2	4	74243
17977	-2	4	74247
17978	-2	4	74251
17979	-2	4	74255
17980	-2	4	74259
17981	-4	6	74265
17982	-2	4	74269
17983	-2	4	74273
17984	-2	4	74277
17985	-2	4	74281
17986	-4	6	74287
17987	-2	4	74291
17988	-2	4	74295
17989	-2	4	74299
17990	-4	6	74305
17991	-4	6	74311
17992	-2	4	74315
17993	-2	4	74319
17994	-2	4	74323
17995	-2	4	74327
17996	-2	4	74331
17997	-2	4	74335
17998	-2	4	74339
17999	-2	4	74343
18000	-2	4	74347
18001	-2	4	74351
18002	-2	4	74355
18003	-2	4	74359
18004	-2	4	74363
18005	-2	4	74367
18006	-2	4	74371
18007	-2	4	74375
18008	-2	4	74379
18009	-2	4	74383
18010	-2	4	74387
18011	-2	4	74391
18012	-2	4	74395
18013	-2	4	74399
18014	-2	4	74403
18015	-2	4	74407
18016	-2	4	74411
18017	-2	4	74415
18018	-2	4	74419
18019	-2	4	74423
18020	-2	4	74427
18021	-2	4	74431
18022	-2	4	74435
18023	-2	4	74439
18024	-2	4	74443
18025	-2	4	74447
18026	-2	4	74451
18027	-2	4	74455
18028	-2	4	74459
18029	-2	4	74463
18030	-2	4	74467
18031	-4	6	74473
18032	-2	4	74477
18033	-3	5	74482
18034	-2	4	74486
18035	-2	4	74490
18036	-2	4	74494
18037	-2	4	74498
18038	-2	4	74502
18039	-2	4	74506
18040	-2	4	74510
18041	-4	6	74516
18042	-2	4	74520
18043	-2	4	74524
18044	-2	4	74528
18045	-2	4	74532
18046	-4	6	74538
18047	-2	4	74542
18048	-2	4	74546
18049	-2	4	74550
18050	-2	4	74554
18051	-2	4	74558
18052	-2	4	74562
18053	-2	4	74566
18054	-2	4	74570
18055	-2	4	74574
18056	-2	4	74578
18057	-2	4	74582
18058	-2	4	74586
18059	-2	4	74590
18060	-2	4	74594
18061	-2	4	74598
18062	-2	4	74602
18063	-2	4	74606
18064	-2	4	74610
18065	-2	4	74614
18066	-2	4	74618
18067	-2	4	74622
18068	-2	4	74626
18069	-2	4	74630
18070	-2	4	74634
18071	-2	4	74638
18072	-2	4	74642
18073	-2	4	74646
18074	-2	4	74650
18075	-2	4	74654
18076	-2	4	74658
18077	-2	4	74662
18078	-2	4	74666
18079	-2	4	74670
18080	-2	4	74674
18081	-2	4	74678
18082	-2	4	74682
18083	-2	4	74686
18084	-2	4	74690
18085	-2	4	74694
18086	-2	4	74698
18087	-2	4	74702
18088	-2	4	74706
18089	-2	4	74710
18090	-3	5	74715
18091	-2	4	74719
18092	-2	4	74723
18093	-2	4	74727
18094	-2	4	74731
18095	-2	4	74735
18096	-2	4	74739
18097	-2	4	74743
18098	-2	4	74747
18099	-2	4	74751
18100	-2	4	74755
18101	-2	4	74759
18102	-2	4	74763
18103	-3	5	74768
18104	-2	4	74772
18105	-2	4	74776
18106	-2	4	74780
18107	-2	4	74784
18108	-2	4	74788
18109	-2	4	74792
18110	-2	4	74796
18111	-2	4	74800
18112	-2	4	74804
18113	-2	4	74808
18114	-2	4	74812
18115	-2	4	74816
18116	-2	4	74820
18117	-2	4	74824
18118	-2	4	74828
18119	-2	4	74832
18120	-2	4	74836
18121	-2	4	74840
18122	-2	4	74844
18123	-2	4	74848
18124	-2	4	74852
18125	-2	4	74856
18126	-2	4	74860
18127	-2	4	74864
18128	-2	4	74868
18129	-2	4	74872
18130	-2	4	74876
18131	-2	4	74880
18132	-2	4	74884
18133	-2	4	74888
18134	-2	4	74892
18135	-2	4	74896
18136	-2	4	74900
18137	-2	4	74904
18138	-2	4	74908
18139	-2	4	74912
18140	-2	4	74916
18141	-2	4	74920
18142	-2	4	74924
18143	-2	4	74928
18144	-2	4	74932
18145	-2	4	74936
18146	-2	4	74940
18147	-2	4	74944
18148	-2	4	74948
18149	-2	4	74952
18150	-2	4	74956
18151	-2	4	74960
18152	-2	4	74964
18153	-2	4	74968
18154	-2	4	74972
18155	-2	4	74976
18156	-2	4	74980
18157	-2	4	74984
18158	-4	6	74990
18159	-2	4	74994
18160	-2	4	74998
18161	-2	4	75002
18162	-2	4	75006
18163	-2	4	75010
18164	-2	4	75014
18165	-2	4	75018
18166	-2	4	75022
18167	-2	4	75026
18168	-2	4	75030
18169	-2	4	75034
18170	-2	4	75038
18171	-2	4	75042
18172	-2	4	75046
18173	-4	6	75052
18174	-2	4	75056
18175	-4	6	75062
18176	-2	4	75066
18177	-2	4	75070
18178	-2	4	75074
18179	-2	4	75078
18180	-4	6	75084
18181	-2	4	75088
18182	-2	4	75092
18183	-2	4	75096
18184	-2	4	75100
18185	-2	4	75104
18186	-2	4	75108
18187	-2	4	75112
18188	-2	4	75116
18189	-4	6	75122
18190	-2	4	75126
18191	-2	4	75130
18192	-3	5	75135
18193	-2	4	75139
18194	-2	4	75143
18195	-2	4	75147
18196	-2	4	75151
18197	-2	4	75155
18198	-2	4	75159
18199	-2	4	75163
18200	-4	6	75169
18201	-4	6	75175
18202	-2	4	75179
18203	-2	4	75183
18204	-2	4	75187
18205	-2	4	75191
18206	-2	4	75195
18207	-2	4	75199
18208	-2	4	75203
18209	-2	4	75207
18210	-4	6	75213
18211	-2	4	75217
18212	-2	4	75221
18213	-2	4	75225
18214	-2	4	75229
18215	-2	4	75233
18216	-2	4	75237
18217	-2	4	75241
18218	-4	6	75247
18219	-2	4	75251
18220	-2	4	75255
18221	-2	4	75259
18222	-2	4	75263
18223	-2	4	75267
18224	-2	4	75271
18225	-2	4	75275
18226	-2	4	75279
18227	-2	4	75283
18228	-2	4	75287
18229	-2	4	75291
18230	-2	4	75295
18231	-2	4	75299
18232	-2	4	75303
18233	-2	4	75307
18234	-2	4	75311
18235	-2	4	75315
18236	-2	4	75319
18237	-2	4	75323
18238	-2	4	75327
18239	-4	6	75333
18240	-2	4	75337
18241	-2	4	75341
18242	-2	4	75345
18243	-2	4	75349
18244	-2	4	75353
18245	-2	4	75357
18246	-2	4	75361
18247	-2	4	75365
18248	-2	4	75369
18249	-2	4	75373
18250	-2	4	75377
18251	-2	4	75381
18252	-2	4	75385
18253	-2	4	75389
18254	-2	4	75393
18255	-2	4	75397
18256	-2	4	75401
18257	-2	4	75405
18258	-2	4	75409
18259	-2	4	75413
18260	-2	4	75417
18261	-2	4	75421
18262	-2	4	75425
18263	-2	4	75429
18264	-2	4	75433
18265	-2	4	75437
18266	-2	4	75441
18267	-2	4	75445
18268	-2	4	75449
18269	-3	5	75454
18270	-2	4	75458
18271	-2	4	75462
18272	-2	4	75466
18273	-2	4	75470
18274	-4	6	75476
18275	-2	4	75480
18276	-2	4	75484
18277	-2	4	75488
18278	-2	4	75492
18279	-2	4	75496
18280	-2	4	75500
18281	-2	4	75504
18282	-2	4	75508
18283	-2	4	75512
18284	-2	4	75516
18285	-2	4	75520
18286	-2	4	75524
18287	-2	4	75528
18288	-2	4	75532
18289	-2	4	75536
18290	-2	4	75540
18291	-2	4	75544
18292	-2	4	75548
18293	-4	6	75554
18294	-2	4	75558
18295	-2	4	75562
18296	-2	4	75566
18297	-2	4	75570
18298	-2	4	75574
18299	-2	4	75578
18300	-2	4	75582
18301	-2	4	75586
18302	-2	4	75590
18303	-2	4	75594
18304	-2	4	75598
18305	-2	4	75602
18306	-2	4	75606
18307	-2	4	75610
18308	-2	4	75614
18309	-2	4	75618
18310	-2	4	75622
18311	-2	4	75626
18312	-2	4	75630
18313	-2	4	75634
18314	-2	4	75638
18315	-2	4	75642
18316	-2	4	75646
18317	-2	4	75650
18318	-2	4	75654
18319	-2	4	75658
18320	-2	4	75662
18321	-2	4	75666
18322	-2	4	75670
18323	-2	4	75674
18324	-2	4	75678
18325	-2	4	75682
18326	-2	4	75686
18327	-2	4	75690
18328	-2	4	75694
18329	-2	4	75698
18330	-2	4	75702
18331	-2	4	75706
18332	-2	4	75710
18333	-2	4	75714
18334	-4	6	75720
18335	-2	4	75724
18336	-2	4	75728
18337	-2	4	75732
18338	-2	4	75736
18339	-2	4	75740
18340	-2	4	75744
18341	-2	4	75748
18342	-2	4	75752
18343	-2	4	75756
18344	-2	4	75760
18345	-2	4	75764
18346	-2	4	75768
18347	-2	4	75772
18348	-2	4	75776
18349	-2	4	75780
18350	-2	4	75784
18351	-2	4	75788
18352	-2	4	75792
18353	-2	4	75796
18354	-2	4	75800
18355	-2	4	75804
18356	-2	4	75808
18357	-2	4	75812
18358	-2	4	75816
18359	-2	4	75820
18360	-2	4	75824
18361	-2	4	75828
18362	-2	4	75832
18363	-2	4	75836
18364	-2	4	75840
18365	-2	4	75844
18366	-2	4	75848
18367	-2	4	75852
18368	-2	4	75856
18369	-2	4	75860
18370	-2	4	75864
18371	-2	4	75868
18372	-2	4	75872
18373	-2	4	75876
18374	-2	4	75880
18375	-2	4	75884
18376	-2	4	75888
18377	-2	4	75892
18378	-2	4	75896
18379	-2	4	75900
18380	-2	4	75904
18381	-2	4	75908
18382	-2	4	75912
18383	-4	6	75918
18384	-2	4	75922
18385	-2	4	75926
18386	-3	5	75931
18387	-2	4	75935
18388	-2	4	75939
18389	-2	4	75943
18390	-2	4	75947
18391	-2	4	75951
18392	-2	4	75955
18393	-2	4	75959
18394	-2	4	75963
18395	-3	5	75968
18396	-2	4	75972
18397	-2	4	75976
18398	-2	4	75980
18399	-2	4	75984
18400	-2	4	75988
18401	-2	4	75992
18402	-2	4	75996
18403	-2	4	76000
18404	-2	4	76004
18405	-2	4	76008
18406	-2	4	76012
18407	-2	4	76016
18408	-2	4	76020
18409	-2	4	76024
18410	-2	4	76028
18411	-2	4	76032
18412	-2	4	76036
18413	-2	4	76040
18414	-2	4	76044
18415	-2	4	76048
18416	-2	4	76052
18417	-2	4	76056
18418	-2	4	76060
18419	-2	4	76064
18420	-2	4	76068
18421	-4	6	76074
18422	-2	4	76078
18423	-2	4	76082
18424	-2	4	76086
18425	-2	4	76090
18426	-2	4	76094
18427	-2	4	76098
18428	-2	4	76102
18429	-2	4	76106
18430	-3	5	76111
18431	-2	4	76115
18432	-2	4	76119
18433	-2	4	76123
18434	-2	4	76127
18435	-2	4	76131
18436	-4	6	76137
18437	-2	4	76141
18438	-2	4	76145
18439	-4	6	76151
18440	-2	4	76155
18441	-2	4	76159
18442	-2	4	76163
18443	-2	4	76167
18444	-2	4	76171
18445	-2	4	76175
18446	-2	4	76179
18447	-2	4	76183
18448	-2	4	76187
18449	-2	4	76191
18450	-2	4	76195
18451	-2	4	76199
18452	-2	4	76203
18453	-2	4	76207
18454	-2	4	76211
18455	-2	4	76215
18456	-2	4	76219
18457	-2	4	76223
18458	-2	4	76227
18459	-2	4	76231
18460	-2	4	76235
18461	-2	4	76239
18462	-2	4	76243
18463	-2	4	76247
18464	-2	4	76251
18465	-2	4	76255
18466	-2	4	76259
18467	-4	6	76265
18468	-3	5	76270
18469	-2	4	76274
18470	-2	4	76278
18471	-2	4	76282
18472	-2	4	76286
18473	-2	4	76290
18474	-2	4	76294
18475	-2	4	76298
18476	-2	4	76302
18477	-2	4	76306
18478	-2	4	76310
18479	-2	4	76314
18480	-2	4	76318
18481	-2	4	76322
18482	-2	4	76326
18483	-2	4	76330
18484	-2	4	76334
18485	-2	4	76338
18486	-2	4	76342
18487	-2	4	76346
18488	-2	4	76350
18489	-2	4	76354
18490	-2	4	76358
18491	-2	4	76362
18492	-4	6	76368
18493	-2	4	76372
18494	-2	4	76376
18495	-2	4	76380
18496	-2	4	76384
18497	-2	4	76388
18498	-2	4	76392
18499	-2	4	76396
18500	-3	5	76401
18501	-2	4	76405
18502	-2	4	76409
18503	-2	4	76413
18504	-2	4	76417
18505	-2	4	76421
18506	-2	4	76425
18507	-2	4	76429
18508	-2	4	76433
18509	-2	4	76437
18510	-2	4	76441
18511	-2	4	76445
18512	-2	4	76449
18513	-2	4	76453
18514	-2	4	76457
18515	-4	6	76463
18516	-2	4	76467
18517	-2	4	76471
18518	-2	4	76475
18519	-2	4	76479
18520	-2	4	76483
18521	-2	4	76487
18522	-2	4	76491
18523	-2	4	76495
18524	-2	4	76499
18525	-2	4	76503
18526	-2	4	76507
18527	-2	4	76511
18528	-2	4	76515
18529	-2	4	76519
18530	-2	4	76523
18531	-2	4	76527
18532	-2	4	76531
18533	-4	6	76537
18534	-2	4	76541
18535	-2	4	76545
18536	-2	4	76549
18537	-2	4	76553
18538	-2	4	76557
18539	-2	4	76561
18540	-2	4	76565
18541	-2	4	76569
18542	-2	4	76573
18543	-2	4	76577
18544	-2	4	76581
18545	-2	4	76585
18546	-2	4	76589
18547	-2	4	76593
18548	-2	4	76597
18549	-2	4	76601
18550	-2	4	76605
18551	-2	4	76609
18552	-2	4	76613
18553	-2	4	76617
18554	-2	4	76621
18555	-2	4	76625
18556	-2	4	76629
18557	-2	4	76633
18558	-2	4	76637
18559	-2	4	76641
18560	-2	4	76645
18561	-2	4	76649
18562	-2	4	76653
18563	-2	4	76657
18564	-4	6	76663
18565	-4	6	76669
18566	-2	4	76673
18567	-2	4	76677
18568	-2	4	76681
18569	-6	8	76689
18570	-2	4	76693
18571	-2	4	76697
18572	-2	4	76701
18573	-2	4	76705
18574	-2	4	76709
18575	-2	4	76713
18576	-2	4	76717
18577	-2	4	76721
18578	-2	4	76725
18579	-2	4	76729
18580	-2	4	76733
18581	-2	4	76737
18582	-2	4	76741
18583	-2	4	76745
18584	-2	4	76749
18585	-2	4	76753
18586	-2	4	76757
18587	-2	4	76761
18588	-2	4	76765
18589	-2	4	76769
18590	-2	4	76773
18591	-2	4	76777
18592	-2	4	76781
18593	-4	6	76787
18594	-2	4	76791
18595	-4	6	76797
18596	-2	4	76801
18597	-2	4	76805
18598	-2	4	76809
18599	-2	4	76813
18600	-2	4	76817
18601	-2	4	76821
18602	-2	4	76825
18603	-2	4	76829
18604	-2	4	76833
18605	-2	4	76837
18606	-2	4	76841
18607	-2	4	76845
18608	-2	4	76849
18609	-2	4	76853
18610	-2	4	76857
18611	-2	4	76861
18612	-2	4	76865
18613	-2	4	76869
18614	-2	4	76873
18615	-2	4	76877
18616	-4	6	76883
18617	-2	4	76887
18618	-2	4	76891
18619	-2	4	76895
18620	-2	4	76899
18621	-2	4	76903
18622	-2	4	76907
18623	-2	4	76911
18624	-2	4	76915
18625	-2	4	76919
18626	-2	4	76923
18627	-2	4	76927
18628	-2	4	76931
18629	-2	4	76935
18630	-2	4	76939
18631	-2	4	76943
18632	-2	4	76947
18633	-2	4	76951
18634	-2	4	76955
18635	-2	4	76959
18636	-2	4	76963
18637	-2	4	76967
18638	-2	4	76971
18639	-2	4	76975
18640	-2	4	76979
18641	-2	4	76983
18642	-2	4	76987
18643	-3	5	76992
18644	-2	4	76996
18645	-2	4	77000
18646	-2	4	77004
18647	-2	4	77008
18648	-2	4	77012
18649	-2	4	77016
18650	-2	4	77020
18651	-2	4	77024
18652	-4	6	77030
18653	-2	4	77034
18654	-2	4	77038
18655	-2	4	77042
18656	-2	4	77046
18657	-2	4	77050
18658	-2	4	77054
18659	-2	4	77058
18660	-2	4	77062
18661	-2	4	77066
18662	-2	4	77070
18663	-2	4	77074
18664	-2	4	77078
18665	-2	4	77082
18666	-2	4	77086
18667	-2	4	77090
18668	-2	4	77094
18669	-2	4	77098
18670	-2	4	77102
18671	-2	4	77106
18672	-4	6	77112
18673	-2	4	77116
18674	-2	4	77120
18675	-2	4	77124
18676	-2	4	77128
18677	-2	4	77132
18678	-2	4	77136
18679	-2	4	77140
18680	-2	4	77144
18681	-2	4	77148
18682	-2	4	77152
18683	-2	4	77156
18684	-2	4	77160
18685	-2	4	77164
18686	-2	4	77168
18687	-2	4	77172
18688	-4	6	77178
18689	-2	4	77182
18690	-2	4	77186
18691	-2	4	77190
18692	-2	4	77194
18693	-2	4	77198
18694	-2	4	77202
18695	-2	4	77206
18696	-2	4	77210
18697	-2	4	77214
18698	-2	4	77218
18699	-2	4	77222
18700	-2	4	77226
18701	-2	4	77230
18702	-2	4	77234
18703	-2	4	77238
18704	-2	4	77242
18705	-2	4	77246
18706	-2	4	77250
18707	-2	4	77254
18708	-2	4	77258
18709	-4	6	77264
18710	-2	4	77268
18711	-2	4	77272
18712	-2	4	77276
18713	-2	4	77280
18714	-2	4	77284
18715	-2	4	77288
18716	-2	4	77292
18717	-2	4	77296
18718	-2	4	77300
18719	-2	4	77304
18720	-2	4	77308
18721	-2	4	77312
18722	-2	4	77316
18723	-2	4	77320
18724	-2	4	77324
18725	-2	4	77328
18726	-2	4	77332
18727	-2	4	77336
18728	-2	4	77340
18729	-2	4	77344
18730	-2	4	77348
18731	-4	6	77354
18732	-2	4	77358
18733	-2	4	77362
18734	-2	4	77366
18735	-2	4	77370
18736	-2	4	77374
18737	-2	4	77378
18738	-2	4	77382
18739	-2	4	77386
18740	-2	4	77390
18741	-2	4	77394
18742	-2	4	77398
18743	-2	4	77402
18744	-2	4	77406
18745	-2	4	77410
18746	-2	4	77414
18747	-2	4	77418
18748	-2	4	77422
18749	-2	4	77426
18750	-2	4	77430
18751	-2	4	77434
18752	-3	5	77439
18753	-2	4	77443
18754	-2	4	77447
18755	-2	4	77451
18756	-2	4	77455
18757	-2	4	77459
18758	-2	4	77463
18759	-2	4	77467
18760	-2	4	77471
18761	-2	4	77475
18762	-2	4	77479
18763	-2	4	77483
18764	-2	4	77487
18765	-2	4	77491
18766	-2	4	77495
18767	-2	4	77499
18768	-2	4	77503
18769	-4	6	77509
18770	-2	4	77513
18771	-2	4	77517
18772	-2	4	77521
18773	-2	4	77525
18774	-2	4	77529
18775	-2	4	77533
18776	-2	4	77537
18777	-2	4	77541
18778	-2	4	77545
18779	-2	4	77549
18780	-2	4	77553
18781	-2	4	77557
18782	-2	4	77561
18783	-2	4	77565
18784	-2	4	77569
18785	-2	4	77573
18786	-2	4	77577
18787	-2	4	77581
18788	-2	4	77585
18789	-2	4	77589
18790	-2	4	77593
18791	-4	6	77599
18792	-2	4	77603
18793	-2	4	77607
18794	-2	4	77611
18795	-4	6	77617
18796	-2	4	77621
18797	-2	4	77625
18798	-2	4	77629
18799	-2	4	77633
18800	-2	4	77637
18801	-2	4	77641
18802	-2	4	77645
18803	-2	4	77649
18804	-2	4	77653
18805	-2	4	77657
18806	-2	4	77661
18807	-2	4	77665
18808	-2	4	77669
18809	-2	4	77673
18810	-2	4	77677
18811	-2	4	77681
18812	-2	4	77685
18813	-2	4	77689
18814	-2	4	77693
18815	-2	4	77697
18816	-2	4	77701
18817	-2	4	77705
18818	-2	4	77709
18819	-2	4	77713
18820	-2	4	77717
18821	-2	4	77721
18822	-2	4	77725
18823	-5	7	77732
18824	-2	4	77736
18825	-2	4	77740
18826	-3	5	77745
18827	-2	4	77749
18828	-2	4	77753
18829	-2	4	77757
18830	-2	4	77761
18831	-2	4	77765
18832	-2	4	77769
18833	-2	4	77773
18834	-2	4	77777
18835	-2	4	77781
18836	-2	4	77785
18837	-2	4	77789
18838	-2	4	77793
18839	-2	4	77797
18840	-2	4	77801
18841	-2	4	77805
18842	-2	4	77809
18843	-2	4	77813
18844	-2	4	77817
18845	-2	4	77821
18846	-2	4	77825
18847	-4	6	77831
18848	-2	4	77835
18849	-2	4	77839
18850	-2	4	77843
18851	-2	4	77847
18852	-2	4	77851
18853	-2	4	77855
18854	-2	4	77859
18855	-2	4	77863
18856	-2	4	77867
18857	-2	4	77871
18858	-2	4	77875
18859	-2	4	77879
18860	-2	4	77883
18861	-2	4	77887
18862	-2	4	77891
18863	-2	4	77895
18864	-2	4	77899
18865	-2	4	77903
18866	-2	4	77907
18867	-2	4	77911
18868	-2	4	77915
18869	-2	4	77919
18870	-2	4	77923
18871	-2	4	77927
18872	-2	4	77931
18873	-4	6	77937
18874	-2	4	77941
18875	-2	4	77945
18876	-2	4	77949
18877	-2	4	77953
18878	-2	4	77957
18879	-2	4	77961
18880	-4	6	77967
18881	-2	4	77971
18882	-2	4	77975
18883	-2	4	77979
18884	-2	4	77983
18885	-2	4	77987
18886	-4	6	77993
18887	-2	4	77997
18888	-2	4	78001
18889	-2	4	78005
18890	-2	4	78009
18891	-2	4	78013
18892	-2	4	78017
18893	-2	4	78021
18894	-2	4	78025
18895	-4	6	78031
18896	-2	4	78035
18897	-2	4	78039
18898	-2	4	78043
18899	-2	4	78047
18900	-4	6	78053
18901	-2	4	78057
18902	-2	4	78061
18903	-2	4	78065
18904	-2	4	78069
18905	-2	4	78073
18906	-2	4	78077
18907	-2	4	78081
18908	-2	4	78085
18909	-4	6	78091
18910	-2	4	78095
18911	-2	4	78099
18912	-2	4	78103
18913	-4	6	78109
18914	-2	4	78113
18915	-2	4	78117
18916	-2	4	78121
18917	-2	4	78125
18918	-4	6	78131
18919	-2	4	78135
18920	-2	4	78139
18921	-2	4	78143
18922	-2	4	78147
18923	-2	4	78151
18924	-2	4	78155
18925	-2	4	78159
18926	-2	4	78163
18927	-2	4	78167
18928	-2	4	78171
18929	-2	4	78175
18930	-2	4	78179
18931	-2	4	78183
18932	-2	4	78187
18933	-2	4	78191
18934	-2	4	78195
18935	-2	4	78199
18936	-2	4	78203
18937	-2	4	78207
18938	-2	4	78211
18939	-2	4	78215
18940	-2	4	78219
18941	-2	4	78223
18942	-2	4	78227
18943	-2	4	78231
18944	-2	4	78235
18945	-2	4	78239
18946	-2	4	78243
18947	-2	4	78247
18948	-2	4	78251
18949	-6	8	78259
18950	-4	6	78265
18951	-2	4	78269
18952	-2	4	78273
18953	-2	4	78277
18954	-2	4	78281
18955	-2	4	78285
18956	-2	4	78289
18957	-2	4	78293
18958	-4	6	78299
18959	-2	4	78303
18960	-2	4	78307
18961	-2	4	78311
18962	-2	4	78315
18963	-2	4	78319
18964	-2	4	78323
18965	-2	4	78327
18966	-2	4	78331
18967	-2	4	78335
18968	-2	4	78339
18969	-2	4	78343
18970	-2	4	78347
18971	-2	4	78351
18972	-2	4	78355
18973	-2	4	78359
18974	-2	4	78363
18975	-2	4	78367
18976	-2	4	78371
18977	-2	4	78375
18978	-2	4	78379
18979	-2	4	78383
18980	-2	4	78387
18981	-2	4	78391
18982	-2	4	78395
18983	-2	4	78399
18984	-2	4	78403
18985	-2	4	78407
18986	-2	4	78411
18987	-2	4	78415
18988	-2	4	78419
18989	-2	4	78423
18990	-2	4	78427
18991	-4	6	78433
18992	-4	6	78439
18993	-2	4	78443
18994	-2	4	78447
18995	-4	6	78453
18996	-2	4	78457
18997	-2	4	78461
18998	-2	4	78465
18999	-2	4	78469
19000	-2	4	78473
19001	-2	4	78477
19002	-2	4	78481
19003	-2	4	78485
19004	-2	4	78489
19005	-2	4	78493
19006	-2	4	78497
19007	-2	4	78501
19008	-2	4	78505
19009	-2	4	78509
19010	-2	4	78513
19011	-2	4	78517
19012	-2	4	78521
19013	-2	4	78525
19014	-2	4	78529
19015	-2	4	78533
19016	-2	4	78537
19017	-2	4	78541
19018	-2	4	78545
19019	-2	4	78549
19020	-2	4	78553
19021	-2	4	78557
19022	-2	4	78561
19023	-2	4	78565
19024	-2	4	78569
19025	-2	4	78573
19026	-4	6	78579
19027	-2	4	78583
19028	-2	4	78587
19029	-2	4	78591
19030	-2	4	78595
19031	-2	4	78599
19032	-2	4	78603
19033	-4	6	78609
19034	-2	4	78613
19035	-2	4	78617
19036	-2	4	78621
19037	-2	4	78625
19038	-2	4	78629
19039	-2	4	78633
19040	-2	4	78637
19041	-2	4	78641
19042	-2	4	78645
19043	-2	4	78649
19044	-2	4	78653
19045	-2	4	78657
19046	-2	4	78661
19047	-2	4	78665
19048	-5	7	78672
19049	-2	4	78676
19050	-2	4	78680
19051	-2	4	78684
19052	-2	4	78688
19053	-2	4	78692
19054	-2	4	78696
19055	-2	4	78700
19056	-2	4	78704
19057	-2	4	78708
19058	-2	4	78712
19059	-2	4	78716
19060	-2	4	78720
19061	-2	4	78724
19062	-2	4	78728
19063	-2	4	78732
19064	-2	4	78736
19065	-2	4	78740
19066	-2	4	78744
19067	-2	4	78748
19068	-2	4	78752
19069	-2	4	78756
19070	-2	4	78760
19071	-2	4	78764
19072	-2	4	78768
19073	-2	4	78772
19074	-2	4	78776
19075	-2	4	78780
19076	-2	4	78784
19077	-2	4	78788
19078	-2	4	78792
19079	-2	4	78796
19080	-2	4	78800
19081	-2	4	78804
19082	-2	4	78808
19083	-4	6	78814
19084	-2	4	78818
19085	-2	4	78822
19086	-2	4	78826
19087	-2	4	78830
19088	-2	4	78834
19089	-2	4	78838
19090	-2	4	78842
19091	-2	4	78846
19092	-2	4	78850
19093	-2	4	78854
19094	-2	4	78858
19095	-2	4	78862
19096	-2	4	78866
19097	-4	6	78872
19098	-2	4	78876
19099	-2	4	78880
19100	-2	4	78884
19101	-2	4	78888
19102	-2	4	78892
19103	-2	4	78896
19104	-2	4	78900
19105	-2	4	78904
19106	-2	4	78908
19107	-4	6	78914
19108	-2	4	78918
19109	-2	4	78922
19110	-4	6	78928
19111	-2	4	78932
19112	-2	4	78936
19113	-2	4	78940
19114	-2	4	78944
19115	-2	4	78948
19116	-2	4	78952
19117	-2	4	78956
19118	-2	4	78960
19119	-2	4	78964
19120	-2	4	78968
19121	-2	4	78972
19122	-2	4	78976
19123	-2	4	78980
19124	-2	4	78984
19125	-2	4	78988
19126	-2	4	78992
19127	-2	4	78996
19128	-2	4	79000
19129	-2	4	79004
19130	-2	4	79008
19131	-2	4	79012
19132	-2	4	79016
19133	-2	4	79020
19134	-2	4	79024
19135	-2	4	79028
19136	-2	4	79032
19137	-3	5	79037
19138	-2	4	79041
19139	-2	4	79045
19140	-2	4	79049
19141	-2	4	79053
19142	-2	4	79057
19143	-2	4	79061
19144	-2	4	79065
19145	-2	4	79069
19146	-2	4	79073
19147	-2	4	79077
19148	-2	4	79081
19149	-2	4	79085
19150	-2	4	79089
19151	-2	4	79093
19152	-2	4	79097
19153	-2	4	79101
19154	-2	4	79105
19155	-2	4	79109
19156	-2	4	79113
19157	-2	4	79117
19158	-2	4	79121
19159	-2	4	79125
19160	-2	4	79129
19161	-2	4	79133
19162	-2	4	79137
19163	-2	4	79141
19164	-2	4	79145
19165	-2	4	79149
19166	-2	4	79153
19167	-4	6	79159
19168	-2	4	79163
19169	-2	4	79167
19170	-2	4	79171
19171	-2	4	79175
19172	-4	6	79181
19173	-2	4	79185
19174	-2	4	79189
19175	-2	4	79193
19176	-2	4	79197
19177	-2	4	79201
19178	-2	4	79205
19179	-4	6	79211
19180	-2	4	79215
19181	-2	4	79219
19182	-2	4	79223
19183	-2	4	79227
19184	-2	4	79231
19185	-2	4	79235
19186	-2	4	79239
19187	-2	4	79243
19188	-2	4	79247
19189	-2	4	79251
19190	-2	4	79255
19191	-2	4	79259
19192	-2	4	79263
19193	-2	4	79267
19194	-2	4	79271
19195	-2	4	79275
19196	-2	4	79279
19197	-3	5	79284
19198	-2	4	79288
19199	-2	4	79292
19200	-2	4	79296
19201	-2	4	79300
19202	-2	4	79304
19203	-2	4	79308
19204	-2	4	79312
19205	-2	4	79316
19206	-2	4	79320
19207	-2	4	79324
19208	-2	4	79328
19209	-2	4	79332
19210	-2	4	79336
19211	-2	4	79340
19212	-2	4	79344
19213	-2	4	79348
19214	-2	4	79352
19215	-2	4	79356
19216	-2	4	79360
19217	-2	4	79364
19218	-2	4	79368
19219	-2	4	79372
19220	-2	4	79376
19221	-2	4	79380
19222	-2	4	79384
19223	-2	4	79388
19224	-4	6	79394
19225	-2	4	79398
19226	-2	4	79402
19227	-2	4	79406
19228	-2	4	79410
19229	-2	4	79414
19230	-2	4	79418
19231	-2	4	79422
19232	-2	4	79426
19233	-2	4	79430
19234	-2	4	79434
19235	-2	4	79438
19236	-2	4	79442
19237	-2	4	79446
19238	-2	4	79450
19239	-2	4	79454
19240	-2	4	79458
19241	-2	4	79462
19242	-2	4	79466
19243	-2	4	79470
19244	-2	4	79474
19245	-2	4	79478
19246	-2	4	79482
19247	-2	4	79486
19248	-2	4	79490
19249	-2	4	79494
19250	-2	4	79498
19251	-2	4	79502
19252	-2	4	79506
19253	-2	4	79510
19254	-2	4	79514
19255	-2	4	79518
19256	-2	4	79522
19257	-2	4	79526
19258	-2	4	79530
19259	-2	4	79534
19260	-2	4	79538
19261	-2	4	79542
19262	-2	4	79546
19263	-2	4	79550
19264	-2	4	79554
19265	-2	4	79558
19266	-2	4	79562
19267	-2	4	79566
19268	-2	4	79570
19269	-2	4	79574
19270	-2	4	79578
19271	-2	4	79582
19272	-2	4	79586
19273	-2	4	79590
19274	-2	4	79594
19275	-2	4	79598
19276	-2	4	79602
19277	-2	4	79606
19278	-2	4	79610
19279	-2	4	79614
19280	-2	4	79618
19281	-2	4	79622
19282	-2	4	79626
19283	-2	4	79630
19284	-2	4	79634
19285	-2	4	79638
19286	-2	4	79642
19287	-4	6	79648
19288	-2	4	79652
19289	-2	4	79656
19290	-2	4	79660
19291	-2	4	79664
19292	-2	4	79668
19293	-2	4	79672
19294	-2	4	79676
19295	-2	4	79680
19296	-2	4	79684
19297	-2	4	79688
19298	-2	4	79692
19299	-2	4	79696
19300	-2	4	79700
19301	-2	4	79704
19302	-2	4	79708
19303	-2	4	79712
19304	-3	5	79717
19305	-2	4	79721
19306	-2	4	79725
19307	-2	4	79729
19308	-2	4	79733
19309	-2	4	79737
19310	-2	4	79741
19311	-2	4	79745
19312	-2	4	79749
19313	-2	4	79753
19314	-2	4	79757
19315	-2	4	79761
19316	-2	4	79765
19317	-2	4	79769
19318	-2	4	79773
19319	-2	4	79777
19320	-3	5	79782
19321	-2	4	79786
19322	-2	4	79790
19323	-2	4	79794
19324	-2	4	79798
19325	-2	4	79802
19326	-2	4	79806
19327	-2	4	79810
19328	-2	4	79814
19329	-2	4	79818
19330	-2	4	79822
19331	-2	4	79826
19332	-2	4	79830
19333	-2	4	79834
19334	-2	4	79838
19335	-2	4	79842
19336	-2	4	79846
19337	-2	4	79850
19338	-2	4	79854
19339	-2	4	79858
19340	-2	4	79862
19341	-2	4	79866
19342	-2	4	79870
19343	-2	4	79874
19344	-2	4	79878
19345	-2	4	79882
19346	-2	4	79886
19347	-2	4	79890
19348	-2	4	79894
19349	-2	4	79898
19350	-2	4	79902
19351	-2	4	79906
19352	-2	4	79910
19353	-2	4	79914
19354	-2	4	79918
19355	-2	4	79922
19356	-2	4	79926
19357	-2	4	79930
19358	-2	4	79934
19359	-2	4	79938
19360	-2	4	79942
19361	-2	4	79946
19362	-2	4	79950
19363	-2	4	79954
19364	-2	4	79958
19365	-2	4	79962
19366	-2	4	79966
19367	-2	4	79970
19368	-2	4	79974
19369	-2	4	79978
19370	-2	4	79982
19371	-2	4	79986
19372	-2	4	79990
19373	-2	4	79994
19374	-2	4	79998
19375	-2	4	80002
19376	-2	4	80006
19377	-2	4	80010
19378	-2	4	80014
19379	-2	4	80018
19380	-2	4	80022
19381	-2	4	80026
19382	-2	4	80030
19383	-2	4	80034
19384	-2	4	80038
19385	-2	4	80042
19386	-2	4	80046
19387	-2	4	80050
19388	-2	4	80054
19389	-2	4	80058
19390	-2	4	80062
19391	-2	4	80066
19392	-2	4	80070
19393	-2	4	80074
19394	-2	4	80078
19395	-2	4	80082
19396	-2	4	80086
19397	-2	4	80090
19398	-2	4	80094
19399	-2	4	80098
19400	-2	4	80102
19401	-2	4	80106
19402	-2	4	80110
19403	-2	4	80114
19404	-2	4	80118
19405	-2	4	80122
19406	-2	4	80126
19407	-2	4	80130
19408	-2	4	80134
19409	-2	4	80138
19410	-2	4	80142
19411	-2	4	80146
19412	-2	4	80150
19413	-2	4	80154
19414	-2	4	80158
19415	-6	8	80166
19416	-2	4	80170
19417	-2	4	80174
19418	-2	4	80178
19419	-2	4	80182
19420	-2	4	80186
19421	-4	6	80192
19422	-2	4	80196
19423	-2	4	80200
19424	-2	4	80204
19425	-2	4	80208
19426	-2	4	80212
19427	-2	4	80216
19428	-2	4	80220
19429	-2	4	80224
19430	-2	4	80228
19431	-2	4	80232
19432	-2	4	80236
19433	-2	4	80240
19434	-2	4	80244
19435	-2	4	80248
19436	-2	4	80252
19437	-2	4	80256
19438	-4	6	80262
19439	-2	4	80266
19440	-2	4	80270
19441	-2	4	80274
19442	-2	4	80278
19443	-2	4	80282
19444	-2	4	80286
19445	-2	4	80290
19446	-2	4	80294
19447	-2	4	80298
19448	-2	4	80302
19449	-2	4	80306
19450	-2	4	80310
19451	-2	4	80314
19452	-2	4	80318
19453	-2	4	80322
19454	-2	4	80326
19455	-2	4	80330
19456	-2	4	80334
19457	-2	4	80338
19458	-2	4	80342
19459	-2	4	80346
19460	-2	4	80350
19461	-2	4	80354
19462	-2	4	80358
19463	-2	4	80362
19464	-4	6	80368
19465	-2	4	80372
19466	-2	4	80376
19467	-2	4	80380
19468	-2	4	80384
19469	-2	4	80388
19470	-2	4	80392
19471	-2	4	80396
19472	-2	4	80400
19473	-2	4	80404
19474	-2	4	80408
19475	-2	4	80412
19476	-2	4	80416
19477	-2	4	80420
19478	-2	4	80424
19479	-2	4	80428
19480	-2	4	80432
19481	-2	4	80436
19482	-4	6	80442
19483	-2	4	80446
19484	-2	4	80450
19485	-2	4	80454
19486	-2	4	80458
19487	-2	4	80462
19488	-2	4	80466
19489	-2	4	80470
19490	-2	4	80474
19491	-2	4	80478
19492	-4	6	80484
19493	-2	4	80488
19494	-2	4	80492
19495	-2	4	80496
19496	-2	4	80500
19497	-2	4	80504
19498	-2	4	80508
19499	-2	4	80512
19500	-2	4	80516
19501	-2	4	80520
19502	-4	6	80526
19503	-2	4	80530
19504	-2	4	80534
19505	-2	4	80538
19506	-2	4	80542
19507	-2	4	80546
19508	-2	4	80550
19509	-2	4	80554
19510	-2	4	80558
19511	-2	4	80562
19512	-2	4	80566
19513	-2	4	80570
19514	-2	4	80574
19515	-2	4	80578
19516	-2	4	80582
19517	-2	4	80586
19518	-2	4	80590
19519	-2	4	80594
19520	-2	4	80598
19521	-2	4	80602
19522	-2	4	80606
19523	-2	4	80610
19524	-4	6	80616
19525	-2	4	80620
19526	-2	4	80624
19527	-2	4	80628
19528	-3	5	80633
19529	-2	4	80637
19530	-2	4	80641
19531	-2	4	80645
19532	-2	4	80649
19533	-2	4	80653
19534	-2	4	80657
19535	-2	4	80661
19536	-2	4	80665
19537	-2	4	80669
19538	-4	6	80675
19539	-2	4	80679
19540	-2	4	80683
19541	-2	4	80687
19542	-2	4	80691
19543	-2	4	80695
19544	-2	4	80699
19545	-2	4	80703
19546	-2	4	80707
19547	-2	4	80711
19548	-2	4	80715
19549	-2	4	80719
19550	-2	4	80723
19551	-2	4	80727
19552	-4	6	80733
19553	-2	4	80737
19554	-2	4	80741
19555	-2	4	80745
19556	-2	4	80749
19557	-2	4	80753
19558	-2	4	80757
19559	-2	4	80761
19560	-2	4	80765
19561	-2	4	80769
19562	-2	4	80773
19563	-2	4	80777
19564	-2	4	80781
19565	-2	4	80785
19566	-2	4	80789
19567	-2	4	80793
19568	-2	4	80797
19569	-2	4	80801
19570	-2	4	80805
19571	-2	4	80809
19572	-2	4	80813
19573	-2	4	80817
19574	-2	4	80821
19575	-2	4	80825
19576	-2	4	80829
19577	-2	4	80833
19578	-2	4	80837
19579	-2	4	80841
19580	-2	4	80845
19581	-2	4	80849
19582	-2	4	80853
19583	-2	4	80857
19584	-2	4	80861
19585	-2	4	80865
19586	-2	4	80869
19587	-2	4	80873
19588	-2	4	80877
19589	-2	4	80881
19590	-2	4	80885
19591	-2	4	80889
19592	-2	4	80893
19593	-2	4	80897
19594	-2	4	80901
19595	-2	4	80905
19596	-2	4	80909
19597	-2	4	80913
19598	-2	4	80917
19599	-4	6	80923
19600	-4	6	80929
19601	-2	4	80933
19602	-2	4	80937
19603	-2	4	80941
19604	-2	4	80945
19605	-2	4	80949
19606	-2	4	80953
19607	-3	5	80958
19608	-2	4	80962
19609	-2	4	80966
19610	-3	5	80971
19611	-2	4	80975
19612	-2	4	80979
19613	-2	4	80983
19614	-2	4	80987
19615	-2	4	80991
19616	-2	4	80995
19617	-2	4	80999
19618	-2	4	81003
19619	-2	4	81007
19620	-2	4	81011
19621	-4	6	81017
19622	-2	4	81021
19623	-2	4	81025
19624	-2	4	81029
19625	-4	6	81035
19626	-2	4	81039
19627	-2	4	81043
19628	-2	4	81047
19629	-2	4	81051
19630	-2	4	81055
19631	-4	6	81061
19632	-2	4	81065
19633	-2	4	81069
19634	-4	6	81075
19635	-2	4	81079
19636	-3	5	81084
19637	-2	4	81088
19638	-2	4	81092
19639	-2	4	81096
19640	-2	4	81100
19641	-2	4	81104
19642	-2	4	81108
19643	-2	4	81112
19644	-2	4	81116
19645	-2	4	81120
19646	-2	4	81124
19647	-2	4	81128
19648	-2	4	81132
19649	-2	4	81136
19650	-2	4	81140
19651	-2	4	81144
19652	-2	4	81148
19653	-4	6	81154
19654	-2	4	81158
19655	-2	4	81162
19656	-2	4	81166
19657	-2	4	81170
19658	-2	4	81174
19659	-2	4	81178
19660	-4	6	81184
19661	-2	4	81188
19662	-2	4	81192
19663	-2	4	81196
19664	-2	4	81200
19665	-2	4	81204
19666	-2	4	81208
19667	-2	4	81212
19668	-2	4	81216
19669	-2	4	81220
19670	-2	4	81224
19671	-2	4	81228
19672	-2	4	81232
19673	-2	4	81236
19674	-2	4	81240
19675	-2	4	81244
19676	-2	4	81248
19677	-2	4	81252
19678	-2	4	81256
19679	-2	4	81260
19680	-4	6	81266
19681	-3	5	81271
19682	-2	4	81275
19683	-2	4	81279
19684	-2	4	81283
19685	-2	4	81287
19686	-2	4	81291
19687	-2	4	81295
19688	-2	4	81299
19689	-2	4	81303
19690	-2	4	81307
19691	-2	4	81311
19692	-2	4	81315
19693	-2	4	81319
19694	-2	4	81323
19695	-2	4	81327
19696	-2	4	81331
19697	-2	4	81335
19698	-2	4	81339
19699	-2	4	81343
19700	-2	4	81347
19701	-2	4	81351
19702	-2	4	81355
19703	-2	4	81359
19704	-2	4	81363
19705	-2	4	81367
19706	-2	4	81371
19707	-2	4	81375
19708	-2	4	81379
19709	-4	6	81385
19710	-2	4	81389
19711	-2	4	81393
19712	-2	4	81397
19713	-2	4	81401
19714	-2	4	81405
19715	-2	4	81409
19716	-6	8	81417
19717	-2	4	81421
19718	-2	4	81425
19719	-2	4	81429
19720	-2	4	81433
19721	-2	4	81437
19722	-2	4	81441
19723	-2	4	81445
19724	-2	4	81449
19725	-2	4	81453
19726	-4	6	81459
19727	-2	4	81463
19728	-2	4	81467
19729	-2	4	81471
19730	-2	4	81475
19731	-2	4	81479
19732	-2	4	81483
19733	-2	4	81487
19734	-2	4	81491
19735	-2	4	81495
19736	-2	4	81499
19737	-2	4	81503
19738	-2	4	81507
19739	-2	4	81511
19740	-2	4	81515
19741	-3	5	81520
19742	-2	4	81524
19743	-2	4	81528
19744	-2	4	81532
19745	-2	4	81536
19746	-2	4	81540
19747	-2	4	81544
19748	-2	4	81548
19749	-2	4	81552
19750	-2	4	81556
19751	-2	4	81560
19752	-2	4	81564
19753	-2	4	81568
19754	-2	4	81572
19755	-2	4	81576
19756	-2	4	81580
19757	-2	4	81584
19758	-2	4	81588
19759	-2	4	81592
19760	-2	4	81596
19761	-2	4	81600
19762	-2	4	81604
19763	-2	4	81608
19764	-2	4	81612
19765	-2	4	81616
19766	-2	4	81620
19767	-2	4	81624
19768	-2	4	81628
19769	-2	4	81632
19770	-2	4	81636
19771	-2	4	81640
19772	-2	4	81644
19773	-2	4	81648
19774	-2	4	81652
19775	-2	4	81656
19776	-2	4	81660
19777	-2	4	81664
19778	-2	4	81668
19779	-2	4	81672
19780	-4	6	81678
19781	-2	4	81682
19782	-2	4	81686
19783	-2	4	81690
19784	-2	4	81694
19785	-2	4	81698
19786	-2	4	81702
19787	-2	4	81706
19788	-2	4	81710
19789	-2	4	81714
19790	-2	4	81718
19791	-2	4	81722
19792	-2	4	81726
19793	-2	4	81730
19794	-2	4	81734
19795	-2	4	81738
19796	-2	4	81742
19797	-2	4	81746
19798	-2	4	81750
19799	-2	4	81754
19800	-2	4	81758
19801	-2	4	81762
19802	-2	4	81766
19803	-2	4	81770
19804	-4	6	81776
19805	-2	4	81780
19806	-2	4	81784
19807	-2	4	81788
19808	-2	4	81792
19809	-2	4	81796
19810	-2	4	81800
19811	-2	4	81804
19812	-2	4	81808
19813	-2	4	81812
19814	-2	4	81816
19815	-2	4	81820
19816	-2	4	81824
19817	-3	5	81829
19818	-2	4	81833
19819	-2	4	81837
19820	-4	6	81843
19821	-2	4	81847
19822	-2	4	81851
19823	-2	4	81855
19824	-2	4	81859
19825	-2	4	81863
19826	-2	4	81867
19827	-2	4	81871
19828	-2	4	81875
19829	-2	4	81879
19830	-2	4	81883
19831	-2	4	81887
19832	-2	4	81891
19833	-2	4	81895
19834	-2	4	81899
19835	-2	4	81903
19836	-2	4	81907
19837	-2	4	81911
19838	-2	4	81915
19839	-2	4	81919
19840	-4	6	81925
19841	-2	4	81929
19842	-2	4	81933
19843	-2	4	81937
19844	-2	4	81941
19845	-2	4	81945
19846	-2	4	81949
19847	-2	4	81953
19848	-2	4	81957
19849	-2	4	81961
19850	-2	4	81965
19851	-2	4	81969
19852	-2	4	81973
19853	-2	4	81977
19854	-2	4	81981
19855	-2	4	81985
19856	-2	4	81989
19857	-2	4	81993
19858	-2	4	81997
19859	-2	4	82001
19860	-2	4	82005
19861	-2	4	82009
19862	-2	4	82013
19863	-2	4	82017
19864	-2	4	82021
19865	-2	4	82025
19866	-2	4	82029
19867	-2	4	82033
19868	-2	4	82037
19869	-2	4	82041
19870	-2	4	82045
19871	-2	4	82049
19872	-2	4	82053
19873	-2	4	82057
19874	-2	4	82061
19875	-2	4	82065
19876	-2	4	82069
19877	-2	4	82073
19878	-2	4	82077
19879	-2	4	82081
19880	-2	4	82085
19881	-2	4	82089
19882	-2	4	82093
19883	-2	4	82097
19884	-2	4	82101
19885	-2	4	82105
19886	-2	4	82109
19887	-2	4	82113
19888	-4	6	82119
19889	-2	4	82123
19890	-2	4	82127
19891	-2	4	82131
19892	-2	4	82135
19893	-2	4	82139
19894	-2	4	82143
19895	-2	4	82147
19896	-2	4	82151
19897	-2	4	82155
19898	-4	6	82161
19899	-2	4	82165
19900	-2	4	82169
19901	-2	4	82173
19902	-2	4	82177
19903	-4	6	82183
19904	-2	4	82187
19905	-2	4	82191
19906	-2	4	82195
19907	-2	4	82199
19908	-2	4	82203
19909	-2	4	82207
19910	-2	4	82211
19911	-2	4	82215
19912	-2	4	82219
19913	-2	4	82223
19914	-2	4	82227
19915	-2	4	82231
19916	-2	4	82235
19917	-2	4	82239
19918	-2	4	82243
19919	-2	4	82247
19920	-2	4	82251
19921	-2	4	82255
19922	-2	4	82259
19923	-2	4	82263
19924	-2	4	82267
19925	-2	4	82271
19926	-2	4	82275
19927	-2	4	82279
19928	-2	4	82283
19929	-2	4	82287
19930	-2	4	82291
19931	-2	4	82295
19932	-2	4	82299
19933	-2	4	82303
19934	-2	4	82307
19935	-2	4	82311
19936	-2	4	82315
19937	-2	4	82319
19938	-2	4	82323
19939	-2	4	82327
19940	-2	4	82331
19941	-2	4	82335
19942	-2	4	82339
19943	-2	4	82343
19944	-2	4	82347
19945	-2	4	82351
19946	-2	4	82355
19947	-2	4	82359
19948	-2	4	82363
19949	-2	4	82367
19950	-2	4	82371
19951	-2	4	82375
19952	-2	4	82379
19953	-2	4	82383
19954	-2	4	82387
19955	-2	4	82391
19956	-2	4	82395
19957	-2	4	82399
19958	-2	4	82403
19959	-2	4	82407
19960	-2	4	82411
19961	-2	4	82415
19962	-2	4	82419
19963	-2	4	82423
19964	-2	4	82427
19965	-2	4	82431
19966	-4	6	82437
19967	-2	4	82441
19968	-2	4	82445
19969	-2	4	82449
19970	-2	4	82453
19971	-2	4	82457
19972	-2	4	82461
19973	-2	4	82465
19974	-2	4	82469
19975	-2	4	82473
19976	-2	4	82477
19977	-2	4	82481
19978	-2	4	82485
19979	-2	4	82489
19980	-2	4	82493
19981	-2	4	82497
19982	-2	4	82501
19983	-2	4	82505
19984	-2	4	82509
19985	-2	4	82513
19986	-2	4	82517
19987	-2	4	82521
19988	-2	4	82525
19989	-2	4	82529
19990	-2	4	82533
19991	-2	4	82537
19992	-2	4	82541
19993	-2	4	82545
19994	-2	4	82549
19995	-4	6	82555
19996	-2	4	82559
19997	-2	4	82563
19998	-2	4	82567
19999	-2	4	82571
